{
    "timestamp": "2022-04-28T23:14:27.191",
    "success": true,
    "code": null,
    "msg": null,
    "data": [
        {
            "rowIndex": 0,
            "success": false,
            "message": null,
            "pageSize": 100,
            "pageNum": 1,
            "lctreMthodNm": "\ub300\uba74",
            "lctrmInfo": "\ub18d\ub3003\ud638\uad00",
            "lctreLnggeSctcd": null,
            "crseNo": "CLTR0246-005",
            "estblUnivNm": "\ub18d\uc5c5\uc0dd\uba85\uacfc\ud559\ub300\ud559",
            "estblDprtnNm": "\ub18d\uc5c5\ud1a0\ubaa9.\uc0dd\ubb3c\uc0b0\uc5c5\uacf5\ud559\ubd80",
            "estblYear": "2022",
            "estblDprtnCd": "170T",
            "estblSmstrSctnm": "1\ud559\uae30",
            "estblSmstrSctcd": "CMBS001400001",
            "estblGrade": "1",
            "sbjetSctnm": "\uc804\uacf5\uae30\ubc18",
            "sbjetNm": "\uc77c\ubc18\uc0dd\uba85\uacfc\ud559\u2160",
            "sbjetDvnno": "005",
            "sbjetCd": "CLTR0246",
            "gubun": null,
            "pckgeRqstPssblYn": "N",
            "pckgeRqstCnt": "0",
            "name": null,
            "rmrk": null,
            "appcrCnt": "46",
            "attlcPrscpCnt": "65",
            "lssnsTimeInfo": "\uc218 8B,9A,9B<br/>\uae08 8B,9A,9B",
            "lssnsRealTimeInfo": "\uc218 16:30 ~ 18:00<br/>\uae08 16:30 ~ 18:00",
            "prctsTime": "0",
            "doPlan": "Kor",
            "thryTime": "3",
            "totalPrfssNm": "\uc720\uc815\uc544<br/>\uc815\uc7ac\ucc3d",
            "mngetEstblYn": "Y",
            "code": null,
            "crdit": "3",
            "expniSllbsYn": "Y",
            "bldngSn": null,
            "bldngCd": null,
            "bldngNm": null,
            "lssnsLcttmUntcd": null,
            "sbjetSctcd2": null,
            "rmnmCd": "522",
            "isApi": null,
            "paging": false,
            "rowStatus": "R",
            "pageSort": null
        },
        {
            "rowIndex": 0,
            "success": false,
            "message": null,
            "pageSize": 100,
            "pageNum": 1,
            "lctreMthodNm": "\ub300\uba74",
            "lctrmInfo": "\uc81c4\ud569\ub3d9\uac15\uc758\ub3d9",
            "lctreLnggeSctcd": null,
            "crseNo": "ENGR0311-003",
            "estblUnivNm": "\ub18d\uc5c5\uc0dd\uba85\uacfc\ud559\ub300\ud559",
            "estblDprtnNm": "\ub18d\uc5c5\ud1a0\ubaa9.\uc0dd\ubb3c\uc0b0\uc5c5\uacf5\ud559\ubd80",
            "estblYear": "2022",
            "estblDprtnCd": "170T",
            "estblSmstrSctnm": "1\ud559\uae30",
            "estblSmstrSctcd": "CMBS001400001",
            "estblGrade": "1",
            "sbjetSctnm": "\uc804\uacf5\uae30\ubc18",
            "sbjetNm": "\uacf5\ud559\ubb3c\ub9ac\uc2e4\ud5d8 I",
            "sbjetDvnno": "003",
            "sbjetCd": "ENGR0311",
            "gubun": null,
            "pckgeRqstPssblYn": "N",
            "pckgeRqstCnt": "0",
            "name": null,
            "rmrk": "2022\ud559\ub144\ub3c4 \uc2e0\uc784\uad50\uc6d0 \ub2f4\ub2f9",
            "appcrCnt": "15",
            "attlcPrscpCnt": "15",
            "lssnsTimeInfo": "\ubaa9 7A,7B<br/>\ubaa9 8A,8B",
            "lssnsRealTimeInfo": "\ubaa9 15:00 ~ 16:00<br/>\ubaa9 16:00 ~ 17:00",
            "prctsTime": "2",
            "doPlan": "Kor",
            "thryTime": "0",
            "totalPrfssNm": "\ubc15\uc815\uc2dd",
            "mngetEstblYn": "Y",
            "code": null,
            "crdit": "1",
            "expniSllbsYn": "Y",
            "bldngSn": null,
            "bldngCd": null,
            "bldngNm": null,
            "lssnsLcttmUntcd": null,
            "sbjetSctcd2": null,
            "rmnmCd": "310",
            "isApi": null,
            "paging": false,
            "rowStatus": "R",
            "pageSort": null
        },
        {
            "rowIndex": 0,
            "success": false,
            "message": null,
            "pageSize": 100,
            "pageNum": 1,
            "lctreMthodNm": "\ub300\uba74",
            "lctrmInfo": "\uc81c4\ud569\ub3d9\uac15\uc758\ub3d9",
            "lctreLnggeSctcd": null,
            "crseNo": "ENGR0311-001",
            "estblUnivNm": "\ub18d\uc5c5\uc0dd\uba85\uacfc\ud559\ub300\ud559",
            "estblDprtnNm": "\ub18d\uc5c5\ud1a0\ubaa9.\uc0dd\ubb3c\uc0b0\uc5c5\uacf5\ud559\ubd80",
            "estblYear": "2022",
            "estblDprtnCd": "170T",
            "estblSmstrSctnm": "1\ud559\uae30",
            "estblSmstrSctcd": "CMBS001400001",
            "estblGrade": "1",
            "sbjetSctnm": "\uc804\uacf5\uae30\ubc18",
            "sbjetNm": "\uacf5\ud559\ubb3c\ub9ac\uc2e4\ud5d8 I",
            "sbjetDvnno": "001",
            "sbjetCd": "ENGR0311",
            "gubun": null,
            "pckgeRqstPssblYn": "N",
            "pckgeRqstCnt": "0",
            "name": null,
            "rmrk": null,
            "appcrCnt": "17",
            "attlcPrscpCnt": "15",
            "lssnsTimeInfo": "\uae08 5A,5B<br/>\uae08 6A,6B",
            "lssnsRealTimeInfo": "\uae08 13:00 ~ 14:00<br/>\uae08 14:00 ~ 15:00",
            "prctsTime": "2",
            "doPlan": "Kor",
            "thryTime": "0",
            "totalPrfssNm": "\ub3c4\uc911\ud68c",
            "mngetEstblYn": "Y",
            "code": null,
            "crdit": "1",
            "expniSllbsYn": "Y",
            "bldngSn": null,
            "bldngCd": null,
            "bldngNm": null,
            "lssnsLcttmUntcd": null,
            "sbjetSctcd2": null,
            "rmnmCd": "310",
            "isApi": null,
            "paging": false,
            "rowStatus": "R",
            "pageSort": null
        },
        {
            "rowIndex": 0,
            "success": false,
            "message": null,
            "pageSize": 100,
            "pageNum": 1,
            "lctreMthodNm": "\ub300\uba74",
            "lctrmInfo": "\ub18d\ub3003\ud638\uad00",
            "lctreLnggeSctcd": null,
            "crseNo": "CLTR0215-022",
            "estblUnivNm": "\ub18d\uc5c5\uc0dd\uba85\uacfc\ud559\ub300\ud559",
            "estblDprtnNm": "\ub18d\uc5c5\ud1a0\ubaa9.\uc0dd\ubb3c\uc0b0\uc5c5\uacf5\ud559\ubd80",
            "estblYear": "2022",
            "estblDprtnCd": "170T",
            "estblSmstrSctnm": "1\ud559\uae30",
            "estblSmstrSctcd": "CMBS001400001",
            "estblGrade": "1",
            "sbjetSctnm": "\uc804\uacf5\uae30\ubc18",
            "sbjetNm": "\ud654\ud559 I",
            "sbjetDvnno": "022",
            "sbjetCd": "CLTR0215",
            "gubun": null,
            "pckgeRqstPssblYn": "N",
            "pckgeRqstCnt": "0",
            "name": null,
            "rmrk": null,
            "appcrCnt": "51",
            "attlcPrscpCnt": "65",
            "lssnsTimeInfo": "\uc6d4 2B,3A,3B<br/>\uae08 1A,1B,2A",
            "lssnsRealTimeInfo": "\uc6d4 10:30 ~ 12:00<br/>\uae08 09:00 ~ 10:30",
            "prctsTime": "0",
            "doPlan": "Kor",
            "thryTime": "3",
            "totalPrfssNm": "\ubbfc\uc740\uc120",
            "mngetEstblYn": "Y",
            "code": null,
            "crdit": "3",
            "expniSllbsYn": "Y",
            "bldngSn": null,
            "bldngCd": null,
            "bldngNm": null,
            "lssnsLcttmUntcd": null,
            "sbjetSctcd2": null,
            "rmnmCd": "521",
            "isApi": null,
            "paging": false,
            "rowStatus": "R",
            "pageSort": null
        },
        {
            "rowIndex": 0,
            "success": false,
            "message": null,
            "pageSize": 100,
            "pageNum": 1,
            "lctreMthodNm": "\ub300\uba74",
            "lctrmInfo": "\ub18d\ub3003\ud638\uad00",
            "lctreLnggeSctcd": null,
            "crseNo": "CLTR0041-015",
            "estblUnivNm": "\ub18d\uc5c5\uc0dd\uba85\uacfc\ud559\ub300\ud559",
            "estblDprtnNm": "\ub18d\uc5c5\ud1a0\ubaa9.\uc0dd\ubb3c\uc0b0\uc5c5\uacf5\ud559\ubd80",
            "estblYear": "2022",
            "estblDprtnCd": "170T",
            "estblSmstrSctnm": "1\ud559\uae30",
            "estblSmstrSctcd": "CMBS001400001",
            "estblGrade": "1",
            "sbjetSctnm": "\uae30\ubcf8\uc18c\uc591",
            "sbjetNm": "\ud55c\uad6d\uc0ac",
            "sbjetDvnno": "015",
            "sbjetCd": "CLTR0041",
            "gubun": null,
            "pckgeRqstPssblYn": "N",
            "pckgeRqstCnt": "0",
            "name": null,
            "rmrk": "<b>\uc778\ubb38\uad50\uc591</b><br>",
            "appcrCnt": "72",
            "attlcPrscpCnt": "70",
            "lssnsTimeInfo": "\uc6d4 7A,7B,8A<br/>\uae08 7A,7B,8A",
            "lssnsRealTimeInfo": "\uc6d4 15:00 ~ 16:30<br/>\uae08 15:00 ~ 16:30",
            "prctsTime": "0",
            "doPlan": "Kor",
            "thryTime": "3",
            "totalPrfssNm": "\uc774\uc815\ucca0",
            "mngetEstblYn": "Y",
            "code": null,
            "crdit": "3",
            "expniSllbsYn": "Y",
            "bldngSn": null,
            "bldngCd": null,
            "bldngNm": null,
            "lssnsLcttmUntcd": null,
            "sbjetSctcd2": null,
            "rmnmCd": "522",
            "isApi": null,
            "paging": false,
            "rowStatus": "R",
            "pageSort": null
        },
        {
            "rowIndex": 0,
            "success": false,
            "message": null,
            "pageSize": 100,
            "pageNum": 1,
            "lctreMthodNm": "\ube44\ub300\uba74",
            "lctrmInfo": "\ub18d\ub3002\ud638\uad00",
            "lctreLnggeSctcd": null,
            "crseNo": "CLTR0117-005",
            "estblUnivNm": "\ub18d\uc5c5\uc0dd\uba85\uacfc\ud559\ub300\ud559",
            "estblDprtnNm": "\ub18d\uc5c5\ud1a0\ubaa9.\uc0dd\ubb3c\uc0b0\uc5c5\uacf5\ud559\ubd80",
            "estblYear": "2022",
            "estblDprtnCd": "170T",
            "estblSmstrSctnm": "1\ud559\uae30",
            "estblSmstrSctcd": "CMBS001400001",
            "estblGrade": "1",
            "sbjetSctnm": "\uae30\ubcf8\uc18c\uc591",
            "sbjetNm": "\ub18d\uc5c5\uacfc\ud658\uacbd",
            "sbjetDvnno": "005",
            "sbjetCd": "CLTR0117",
            "gubun": null,
            "pckgeRqstPssblYn": "N",
            "pckgeRqstCnt": "0",
            "name": null,
            "rmrk": null,
            "appcrCnt": "100",
            "attlcPrscpCnt": "70",
            "lssnsTimeInfo": "\uc6d4 1A,1B,2A<br/>\uc218 2B,3A,3B",
            "lssnsRealTimeInfo": "\uc6d4 09:00 ~ 10:30<br/>\uc218 10:30 ~ 12:00",
            "prctsTime": "0",
            "doPlan": "Kor",
            "thryTime": "3",
            "totalPrfssNm": "\uac15\uc0c1\uc7ac<br/>\ubc15\uc7ac\ud615<br/>\uc2e0\ub3d9\ud604<br/>\uc774\uc2b9\uc5f4<br/>\uc774\uc9c4\uc601<br/>\ud5c8\ub4f1\uc6a9",
            "mngetEstblYn": "Y",
            "code": null,
            "crdit": "3",
            "expniSllbsYn": "Y",
            "bldngSn": null,
            "bldngCd": null,
            "bldngNm": null,
            "lssnsLcttmUntcd": null,
            "sbjetSctcd2": null,
            "rmnmCd": "401",
            "isApi": null,
            "paging": false,
            "rowStatus": "R",
            "pageSort": null
        },
        {
            "rowIndex": 0,
            "success": false,
            "message": null,
            "pageSize": 100,
            "pageNum": 1,
            "lctreMthodNm": "\ub300\uba74",
            "lctrmInfo": "\ub18d\ub3003\ud638\uad00",
            "lctreLnggeSctcd": null,
            "crseNo": "CLTR0213-020",
            "estblUnivNm": "\ub18d\uc5c5\uc0dd\uba85\uacfc\ud559\ub300\ud559",
            "estblDprtnNm": "\ub18d\uc5c5\ud1a0\ubaa9.\uc0dd\ubb3c\uc0b0\uc5c5\uacf5\ud559\ubd80",
            "estblYear": "2022",
            "estblDprtnCd": "170T",
            "estblSmstrSctnm": "1\ud559\uae30",
            "estblSmstrSctcd": "CMBS001400001",
            "estblGrade": "1",
            "sbjetSctnm": "\uc804\uacf5\uae30\ubc18",
            "sbjetNm": "\ubb3c\ub9ac\ud559 I",
            "sbjetDvnno": "020",
            "sbjetCd": "CLTR0213",
            "gubun": null,
            "pckgeRqstPssblYn": "N",
            "pckgeRqstCnt": "0",
            "name": null,
            "rmrk": null,
            "appcrCnt": "57",
            "attlcPrscpCnt": "65",
            "lssnsTimeInfo": "\uc218 1A,1B,2A<br/>\uae08 2B,3A,3B",
            "lssnsRealTimeInfo": "\uc218 09:00 ~ 10:30<br/>\uae08 10:30 ~ 12:00",
            "prctsTime": "0",
            "doPlan": "Kor",
            "thryTime": "3",
            "totalPrfssNm": "\ub3c4\uc911\ud68c",
            "mngetEstblYn": "Y",
            "code": null,
            "crdit": "3",
            "expniSllbsYn": "Y",
            "bldngSn": null,
            "bldngCd": null,
            "bldngNm": null,
            "lssnsLcttmUntcd": null,
            "sbjetSctcd2": null,
            "rmnmCd": "521",
            "isApi": null,
            "paging": false,
            "rowStatus": "R",
            "pageSort": null
        },
        {
            "rowIndex": 0,
            "success": false,
            "message": null,
            "pageSize": 100,
            "pageNum": 1,
            "lctreMthodNm": "\ub300\uba74",
            "lctrmInfo": "\ub18d\ub3001\ud638\uad00",
            "lctreLnggeSctcd": null,
            "crseNo": "CLTR0211-023",
            "estblUnivNm": "\ub18d\uc5c5\uc0dd\uba85\uacfc\ud559\ub300\ud559",
            "estblDprtnNm": "\ub18d\uc5c5\ud1a0\ubaa9.\uc0dd\ubb3c\uc0b0\uc5c5\uacf5\ud559\ubd80",
            "estblYear": "2022",
            "estblDprtnCd": "170T",
            "estblSmstrSctnm": "1\ud559\uae30",
            "estblSmstrSctcd": "CMBS001400001",
            "estblGrade": "1",
            "sbjetSctnm": "\uc804\uacf5\uae30\ubc18",
            "sbjetNm": "\uc218\ud559 I",
            "sbjetDvnno": "023",
            "sbjetCd": "CLTR0211",
            "gubun": null,
            "pckgeRqstPssblYn": "N",
            "pckgeRqstCnt": "0",
            "name": null,
            "rmrk": null,
            "appcrCnt": "38",
            "attlcPrscpCnt": "65",
            "lssnsTimeInfo": "\ud654 2B,3A,3B<br/>\ubaa9 1A,1B,2A",
            "lssnsRealTimeInfo": "\ud654 10:30 ~ 12:00<br/>\ubaa9 09:00 ~ 10:30",
            "prctsTime": "0",
            "doPlan": "Kor",
            "thryTime": "3",
            "totalPrfssNm": "\ucd5c\uc724\ud76c",
            "mngetEstblYn": "Y",
            "code": null,
            "crdit": "3",
            "expniSllbsYn": "Y",
            "bldngSn": null,
            "bldngCd": null,
            "bldngNm": null,
            "lssnsLcttmUntcd": null,
            "sbjetSctcd2": null,
            "rmnmCd": "323",
            "isApi": null,
            "paging": false,
            "rowStatus": "R",
            "pageSort": null
        },
        {
            "rowIndex": 0,
            "success": false,
            "message": null,
            "pageSize": 100,
            "pageNum": 1,
            "lctreMthodNm": "\ub300\uba74",
            "lctrmInfo": "\uc81c4\ud569\ub3d9\uac15\uc758\ub3d9",
            "lctreLnggeSctcd": null,
            "crseNo": "ENGR0311-002",
            "estblUnivNm": "\ub18d\uc5c5\uc0dd\uba85\uacfc\ud559\ub300\ud559",
            "estblDprtnNm": "\ub18d\uc5c5\ud1a0\ubaa9.\uc0dd\ubb3c\uc0b0\uc5c5\uacf5\ud559\ubd80",
            "estblYear": "2022",
            "estblDprtnCd": "170T",
            "estblSmstrSctnm": "1\ud559\uae30",
            "estblSmstrSctcd": "CMBS001400001",
            "estblGrade": "1",
            "sbjetSctnm": "\uc804\uacf5\uae30\ubc18",
            "sbjetNm": "\uacf5\ud559\ubb3c\ub9ac\uc2e4\ud5d8 I",
            "sbjetDvnno": "002",
            "sbjetCd": "ENGR0311",
            "gubun": null,
            "pckgeRqstPssblYn": "N",
            "pckgeRqstCnt": "0",
            "name": null,
            "rmrk": null,
            "appcrCnt": "17",
            "attlcPrscpCnt": "15",
            "lssnsTimeInfo": "\uae08 5A,5B<br/>\uae08 6A,6B",
            "lssnsRealTimeInfo": "\uae08 13:00 ~ 14:00<br/>\uae08 14:00 ~ 15:00",
            "prctsTime": "2",
            "doPlan": "Kor",
            "thryTime": "0",
            "totalPrfssNm": "\ub178\ucc3d\uc11d",
            "mngetEstblYn": "Y",
            "code": null,
            "crdit": "1",
            "expniSllbsYn": "Y",
            "bldngSn": null,
            "bldngCd": null,
            "bldngNm": null,
            "lssnsLcttmUntcd": null,
            "sbjetSctcd2": null,
            "rmnmCd": "311",
            "isApi": null,
            "paging": false,
            "rowStatus": "R",
            "pageSort": null
        }
    ],
    "statusCode": 200
}