{
    "timestamp": "2022-04-28T23:14:27.799",
    "success": true,
    "code": null,
    "msg": null,
    "data": [
        {
            "rowIndex": 0,
            "success": false,
            "message": null,
            "pageSize": 100,
            "pageNum": 1,
            "lctreMthodNm": "\ub300\uba74",
            "lctrmInfo": "\uc678\uad6d\uc5b4\uad50\uc721\uad00",
            "lctreLnggeSctcd": null,
            "crseNo": "CLTR0412-002",
            "estblUnivNm": "\ub18d\uc5c5\uc0dd\uba85\uacfc\ud559\ub300\ud559",
            "estblDprtnNm": "\ub18d\uc5c5\ud1a0\ubaa9.\uc0dd\ubb3c\uc0b0\uc5c5\uacf5\ud559\ubd80 \ub18d\uc5c5\ud1a0\ubaa9\uacf5\ud559\uc804\uacf5",
            "estblYear": "2022",
            "estblDprtnCd": "170T01",
            "estblSmstrSctnm": "1\ud559\uae30",
            "estblSmstrSctcd": "CMBS001400001",
            "estblGrade": "3",
            "sbjetSctnm": "\uae30\ubcf8\uc18c\uc591",
            "sbjetNm": "\uc2e4\uc6a9\uc601\uc5b42",
            "sbjetDvnno": "002",
            "sbjetCd": "CLTR0412",
            "gubun": null,
            "pckgeRqstPssblYn": "Y",
            "pckgeRqstCnt": "26",
            "name": null,
            "rmrk": "<b>\uc778\ubb38\uad50\uc591</b><br>",
            "appcrCnt": "20",
            "attlcPrscpCnt": "20",
            "lssnsTimeInfo": "\uc6d4 3A,3B<br/>\uae08 1A,1B",
            "lssnsRealTimeInfo": "\uc6d4 11:00 ~ 12:00<br/>\uae08 09:00 ~ 10:00",
            "prctsTime": "0",
            "doPlan": "Kor",
            "thryTime": "2",
            "totalPrfssNm": "\ucfe1,\ucf5c\ub9b0 \uc81c\uc784\uc2a4",
            "mngetEstblYn": "Y",
            "code": null,
            "crdit": "2",
            "expniSllbsYn": "Y",
            "bldngSn": null,
            "bldngCd": null,
            "bldngNm": null,
            "lssnsLcttmUntcd": null,
            "sbjetSctcd2": null,
            "rmnmCd": "413",
            "isApi": null,
            "paging": false,
            "rowStatus": "R",
            "pageSort": null
        },
        {
            "rowIndex": 0,
            "success": false,
            "message": null,
            "pageSize": 100,
            "pageNum": 1,
            "lctreMthodNm": "\ub300\uba74",
            "lctrmInfo": "\ub18d\ub3002\ud638\uad00",
            "lctreLnggeSctcd": null,
            "crseNo": "ACEN0262-001",
            "estblUnivNm": "\ub18d\uc5c5\uc0dd\uba85\uacfc\ud559\ub300\ud559",
            "estblDprtnNm": "\ub18d\uc5c5\ud1a0\ubaa9.\uc0dd\ubb3c\uc0b0\uc5c5\uacf5\ud559\ubd80 \ub18d\uc5c5\ud1a0\ubaa9\uacf5\ud559\uc804\uacf5",
            "estblYear": "2022",
            "estblDprtnCd": "170T01",
            "estblSmstrSctnm": "1\ud559\uae30",
            "estblSmstrSctcd": "CMBS001400001",
            "estblGrade": "3",
            "sbjetSctnm": "\uacf5\ud559\uc804\uacf5",
            "sbjetNm": "\uce21\ub7c9\uc815\ubcf4\uacf5\ud559 \ubc0f \uc2e4\uc2b5",
            "sbjetDvnno": "001",
            "sbjetCd": "ACEN0262",
            "gubun": null,
            "pckgeRqstPssblYn": "Y",
            "pckgeRqstCnt": "20",
            "name": null,
            "rmrk": null,
            "appcrCnt": "20",
            "attlcPrscpCnt": "40",
            "lssnsTimeInfo": "\uc6d4 7A,7B<br/>\uc6d4 8A,8B<br/>\ubaa9 7A,7B<br/>\ubaa9 8A,8B",
            "lssnsRealTimeInfo": "\uc6d4 15:00 ~ 16:00<br/>\uc6d4 16:00 ~ 17:00<br/>\ubaa9 15:00 ~ 16:00<br/>\ubaa9 16:00 ~ 17:00",
            "prctsTime": "2",
            "doPlan": "Kor",
            "thryTime": "2",
            "totalPrfssNm": "\uae40\ud604\uae30",
            "mngetEstblYn": "Y",
            "code": null,
            "crdit": "3",
            "expniSllbsYn": "Y",
            "bldngSn": null,
            "bldngCd": null,
            "bldngNm": null,
            "lssnsLcttmUntcd": null,
            "sbjetSctcd2": null,
            "rmnmCd": "120",
            "isApi": null,
            "paging": false,
            "rowStatus": "R",
            "pageSort": null
        },
        {
            "rowIndex": 0,
            "success": false,
            "message": null,
            "pageSize": 100,
            "pageNum": 1,
            "lctreMthodNm": "\ub300\uba74",
            "lctrmInfo": "\ub18d\ub3002\ud638\uad00",
            "lctreLnggeSctcd": null,
            "crseNo": "ACEN0211-001",
            "estblUnivNm": "\ub18d\uc5c5\uc0dd\uba85\uacfc\ud559\ub300\ud559",
            "estblDprtnNm": "\ub18d\uc5c5\ud1a0\ubaa9.\uc0dd\ubb3c\uc0b0\uc5c5\uacf5\ud559\ubd80 \ub18d\uc5c5\ud1a0\ubaa9\uacf5\ud559\uc804\uacf5",
            "estblYear": "2022",
            "estblDprtnCd": "170T01",
            "estblSmstrSctnm": "1\ud559\uae30",
            "estblSmstrSctcd": "CMBS001400001",
            "estblGrade": "2",
            "sbjetSctnm": "\uc804\uacf5\uae30\ubc18",
            "sbjetNm": "\uacf5\uc5c5\uc218\ud559",
            "sbjetDvnno": "001",
            "sbjetCd": "ACEN0211",
            "gubun": null,
            "pckgeRqstPssblYn": "Y",
            "pckgeRqstCnt": "21",
            "name": null,
            "rmrk": null,
            "appcrCnt": "25",
            "attlcPrscpCnt": "40",
            "lssnsTimeInfo": "\uc6d4 1A,1B,2A<br/>\uc218 1A,1B,2A",
            "lssnsRealTimeInfo": "\uc6d4 09:00 ~ 10:30<br/>\uc218 09:00 ~ 10:30",
            "prctsTime": "0",
            "doPlan": "Kor",
            "thryTime": "3",
            "totalPrfssNm": "\ucd5c\uc724\ud76c",
            "mngetEstblYn": "Y",
            "code": null,
            "crdit": "3",
            "expniSllbsYn": "Y",
            "bldngSn": null,
            "bldngCd": null,
            "bldngNm": null,
            "lssnsLcttmUntcd": null,
            "sbjetSctcd2": null,
            "rmnmCd": "402",
            "isApi": null,
            "paging": false,
            "rowStatus": "R",
            "pageSort": null
        },
        {
            "rowIndex": 0,
            "success": false,
            "message": null,
            "pageSize": 100,
            "pageNum": 1,
            "lctreMthodNm": "\ub300\uba74",
            "lctrmInfo": "\ub18d\ub3002\ud638\uad00",
            "lctreLnggeSctcd": null,
            "crseNo": "ACEN0375-001",
            "estblUnivNm": "\ub18d\uc5c5\uc0dd\uba85\uacfc\ud559\ub300\ud559",
            "estblDprtnNm": "\ub18d\uc5c5\ud1a0\ubaa9.\uc0dd\ubb3c\uc0b0\uc5c5\uacf5\ud559\ubd80 \ub18d\uc5c5\ud1a0\ubaa9\uacf5\ud559\uc804\uacf5",
            "estblYear": "2022",
            "estblDprtnCd": "170T01",
            "estblSmstrSctnm": "1\ud559\uae30",
            "estblSmstrSctcd": "CMBS001400001",
            "estblGrade": "4",
            "sbjetSctnm": "\uacf5\ud559\uc804\uacf5",
            "sbjetNm": "\ub18d\uc5c5\ud1a0\ubaa9\uc2dc\uc2a4\ud15c\uacf5\ud559\ubc0f\uc124\uacc4",
            "sbjetDvnno": "001",
            "sbjetCd": "ACEN0375",
            "gubun": null,
            "pckgeRqstPssblYn": "Y",
            "pckgeRqstCnt": "21",
            "name": null,
            "rmrk": "(\ud55c\uad6d\uc5b4+\uc601\uc5b4)<br>",
            "appcrCnt": "19",
            "attlcPrscpCnt": "40",
            "lssnsTimeInfo": "\ud654 5A,5B<br/>\ud654 6A,6B<br/>\uc218 5A,5B<br/>\uc218 6A,6B",
            "lssnsRealTimeInfo": "\ud654 13:00 ~ 14:00<br/>\ud654 14:00 ~ 15:00<br/>\uc218 13:00 ~ 14:00<br/>\uc218 14:00 ~ 15:00",
            "prctsTime": "2",
            "doPlan": "Kor",
            "thryTime": "2",
            "totalPrfssNm": "\uc774\ud604\uc6b0",
            "mngetEstblYn": "Y",
            "code": null,
            "crdit": "3",
            "expniSllbsYn": "Y",
            "bldngSn": null,
            "bldngCd": null,
            "bldngNm": null,
            "lssnsLcttmUntcd": null,
            "sbjetSctcd2": null,
            "rmnmCd": "112",
            "isApi": null,
            "paging": false,
            "rowStatus": "R",
            "pageSort": null
        },
        {
            "rowIndex": 0,
            "success": false,
            "message": null,
            "pageSize": 100,
            "pageNum": 1,
            "lctreMthodNm": "\ub300\uba74",
            "lctrmInfo": "\ub18d\ub3002\ud638\uad00",
            "lctreLnggeSctcd": null,
            "crseNo": "ACEN0347-001",
            "estblUnivNm": "\ub18d\uc5c5\uc0dd\uba85\uacfc\ud559\ub300\ud559",
            "estblDprtnNm": "\ub18d\uc5c5\ud1a0\ubaa9.\uc0dd\ubb3c\uc0b0\uc5c5\uacf5\ud559\ubd80 \ub18d\uc5c5\ud1a0\ubaa9\uacf5\ud559\uc804\uacf5",
            "estblYear": "2022",
            "estblDprtnCd": "170T01",
            "estblSmstrSctnm": "1\ud559\uae30",
            "estblSmstrSctcd": "CMBS001400001",
            "estblGrade": "4",
            "sbjetSctnm": "\uacf5\ud559\uc804\uacf5",
            "sbjetNm": "\uad00\uac1c\ubc30\uc218\uacf5\ud559\ubc0f\uc124\uacc4",
            "sbjetDvnno": "001",
            "sbjetCd": "ACEN0347",
            "gubun": null,
            "pckgeRqstPssblYn": "Y",
            "pckgeRqstCnt": "22",
            "name": null,
            "rmrk": "(\ud55c\uad6d\uc5b4+\uc601\uc5b4)<br>",
            "appcrCnt": "21",
            "attlcPrscpCnt": "40",
            "lssnsTimeInfo": "\ud654 2A,2B<br/>\ud654 3A,3B<br/>\ubaa9 2A,2B<br/>\ubaa9 3A,3B",
            "lssnsRealTimeInfo": "\ud654 10:00 ~ 11:00<br/>\ud654 11:00 ~ 12:00<br/>\ubaa9 10:00 ~ 11:00<br/>\ubaa9 11:00 ~ 12:00",
            "prctsTime": "2",
            "doPlan": "Kor",
            "thryTime": "2",
            "totalPrfssNm": "\uc2e0\uc6a9\ucca0",
            "mngetEstblYn": "Y",
            "code": null,
            "crdit": "3",
            "expniSllbsYn": "Y",
            "bldngSn": null,
            "bldngCd": null,
            "bldngNm": null,
            "lssnsLcttmUntcd": null,
            "sbjetSctcd2": null,
            "rmnmCd": "112",
            "isApi": null,
            "paging": false,
            "rowStatus": "R",
            "pageSort": null
        },
        {
            "rowIndex": 0,
            "success": false,
            "message": null,
            "pageSize": 100,
            "pageNum": 1,
            "lctreMthodNm": "\ub300\uba74",
            "lctrmInfo": "\ub18d\ub3002\ud638\uad00",
            "lctreLnggeSctcd": null,
            "crseNo": "AGRO0292-001",
            "estblUnivNm": "\ub18d\uc5c5\uc0dd\uba85\uacfc\ud559\ub300\ud559",
            "estblDprtnNm": "\ub18d\uc5c5\ud1a0\ubaa9.\uc0dd\ubb3c\uc0b0\uc5c5\uacf5\ud559\ubd80 \ub18d\uc5c5\ud1a0\ubaa9\uacf5\ud559\uc804\uacf5",
            "estblYear": "2022",
            "estblDprtnCd": "170T01",
            "estblSmstrSctnm": "1\ud559\uae30",
            "estblSmstrSctcd": "CMBS001400001",
            "estblGrade": "3",
            "sbjetSctnm": "\uacf5\ud559\uc804\uacf5",
            "sbjetNm": "\uc7ac\ubc30\ud559\uac1c\ub860",
            "sbjetDvnno": "001",
            "sbjetCd": "AGRO0292",
            "gubun": null,
            "pckgeRqstPssblYn": "Y",
            "pckgeRqstCnt": "21",
            "name": null,
            "rmrk": null,
            "appcrCnt": "17",
            "attlcPrscpCnt": "40",
            "lssnsTimeInfo": "\uc218 7A,7B,8A<br/>\uc218 8B,9A,9B",
            "lssnsRealTimeInfo": "\uc218 15:00 ~ 16:30<br/>\uc218 16:30 ~ 18:00",
            "prctsTime": "0",
            "doPlan": "Kor",
            "thryTime": "3",
            "totalPrfssNm": "\uae40\uc724\ud558",
            "mngetEstblYn": "Y",
            "code": null,
            "crdit": "3",
            "expniSllbsYn": "Y",
            "bldngSn": null,
            "bldngCd": null,
            "bldngNm": null,
            "lssnsLcttmUntcd": null,
            "sbjetSctcd2": null,
            "rmnmCd": "402",
            "isApi": null,
            "paging": false,
            "rowStatus": "R",
            "pageSort": null
        },
        {
            "rowIndex": 0,
            "success": false,
            "message": null,
            "pageSize": 100,
            "pageNum": 1,
            "lctreMthodNm": "\ub300\uba74",
            "lctrmInfo": "\ub18d\ub3002\ud638\uad00",
            "lctreLnggeSctcd": null,
            "crseNo": "ACEN0331-001",
            "estblUnivNm": "\ub18d\uc5c5\uc0dd\uba85\uacfc\ud559\ub300\ud559",
            "estblDprtnNm": "\ub18d\uc5c5\ud1a0\ubaa9.\uc0dd\ubb3c\uc0b0\uc5c5\uacf5\ud559\ubd80 \ub18d\uc5c5\ud1a0\ubaa9\uacf5\ud559\uc804\uacf5",
            "estblYear": "2022",
            "estblDprtnCd": "170T01",
            "estblSmstrSctnm": "1\ud559\uae30",
            "estblSmstrSctcd": "CMBS001400001",
            "estblGrade": "2",
            "sbjetSctnm": "\uacf5\ud559\uc804\uacf5",
            "sbjetNm": "\uc7ac\ub8cc\uc5ed\ud5591",
            "sbjetDvnno": "001",
            "sbjetCd": "ACEN0331",
            "gubun": null,
            "pckgeRqstPssblYn": "Y",
            "pckgeRqstCnt": "22",
            "name": null,
            "rmrk": "\ud50c\ub9bd\ub4dc\ub7ec\ub2dd\uac15\uc88c<br>",
            "appcrCnt": "26",
            "attlcPrscpCnt": "40",
            "lssnsTimeInfo": "\ud654 7A,7B,8A<br/>\ud654 8B,9A,9B",
            "lssnsRealTimeInfo": "\ud654 15:00 ~ 16:30<br/>\ud654 16:30 ~ 18:00",
            "prctsTime": "0",
            "doPlan": "Pre",
            "thryTime": "3",
            "totalPrfssNm": "\uc774\uc9c4\uc601",
            "mngetEstblYn": "Y",
            "code": null,
            "crdit": "3",
            "expniSllbsYn": "Y",
            "bldngSn": null,
            "bldngCd": null,
            "bldngNm": null,
            "lssnsLcttmUntcd": null,
            "sbjetSctcd2": null,
            "rmnmCd": "120",
            "isApi": null,
            "paging": false,
            "rowStatus": "R",
            "pageSort": null
        },
        {
            "rowIndex": 0,
            "success": false,
            "message": null,
            "pageSize": 100,
            "pageNum": 1,
            "lctreMthodNm": "\ub300\uba74",
            "lctrmInfo": "\ub18d\ub3002\ud638\uad00",
            "lctreLnggeSctcd": null,
            "crseNo": "ACEN0518-001",
            "estblUnivNm": "\ub18d\uc5c5\uc0dd\uba85\uacfc\ud559\ub300\ud559",
            "estblDprtnNm": "\ub18d\uc5c5\ud1a0\ubaa9.\uc0dd\ubb3c\uc0b0\uc5c5\uacf5\ud559\ubd80 \ub18d\uc5c5\ud1a0\ubaa9\uacf5\ud559\uc804\uacf5",
            "estblYear": "2022",
            "estblDprtnCd": "170T01",
            "estblSmstrSctnm": "1\ud559\uae30",
            "estblSmstrSctcd": "CMBS001400001",
            "estblGrade": "4",
            "sbjetSctnm": "\uacf5\ud559\uc804\uacf5",
            "sbjetNm": "\ub18d\uc9c0\uacf5\ud559 \ubc0f \uc124\uacc4",
            "sbjetDvnno": "001",
            "sbjetCd": "ACEN0518",
            "gubun": null,
            "pckgeRqstPssblYn": "Y",
            "pckgeRqstCnt": "22",
            "name": null,
            "rmrk": null,
            "appcrCnt": "21",
            "attlcPrscpCnt": "40",
            "lssnsTimeInfo": "\uc6d4 2A,2B<br/>\uc6d4 3A,3B<br/>\uc218 2A,2B<br/>\uc218 3A,3B",
            "lssnsRealTimeInfo": "\uc6d4 10:00 ~ 11:00<br/>\uc6d4 11:00 ~ 12:00<br/>\uc218 10:00 ~ 11:00<br/>\uc218 11:00 ~ 12:00",
            "prctsTime": "2",
            "doPlan": "Kor",
            "thryTime": "2",
            "totalPrfssNm": "\ucd5c\uacbd\uc219",
            "mngetEstblYn": "Y",
            "code": null,
            "crdit": "3",
            "expniSllbsYn": "Y",
            "bldngSn": null,
            "bldngCd": null,
            "bldngNm": null,
            "lssnsLcttmUntcd": null,
            "sbjetSctcd2": null,
            "rmnmCd": "109",
            "isApi": null,
            "paging": false,
            "rowStatus": "R",
            "pageSort": null
        },
        {
            "rowIndex": 0,
            "success": false,
            "message": null,
            "pageSize": 100,
            "pageNum": 1,
            "lctreMthodNm": "\ub300\uba74",
            "lctrmInfo": "\ub18d\ub3002\ud638\uad00",
            "lctreLnggeSctcd": null,
            "crseNo": "ACEN0338-001",
            "estblUnivNm": "\ub18d\uc5c5\uc0dd\uba85\uacfc\ud559\ub300\ud559",
            "estblDprtnNm": "\ub18d\uc5c5\ud1a0\ubaa9.\uc0dd\ubb3c\uc0b0\uc5c5\uacf5\ud559\ubd80 \ub18d\uc5c5\ud1a0\ubaa9\uacf5\ud559\uc804\uacf5",
            "estblYear": "2022",
            "estblDprtnCd": "170T01",
            "estblSmstrSctnm": "1\ud559\uae30",
            "estblSmstrSctcd": "CMBS001400001",
            "estblGrade": "4",
            "sbjetSctnm": "\uacf5\ud559\uc804\uacf5",
            "sbjetNm": "\uae30\ucd08\uacf5\ud559 \ubc0f \uc124\uacc4",
            "sbjetDvnno": "001",
            "sbjetCd": "ACEN0338",
            "gubun": null,
            "pckgeRqstPssblYn": "Y",
            "pckgeRqstCnt": "22",
            "name": null,
            "rmrk": null,
            "appcrCnt": "20",
            "attlcPrscpCnt": "40",
            "lssnsTimeInfo": "\uc6d4 5A,5B<br/>\uc6d4 6A,6B<br/>\ubaa9 5A,5B<br/>\ubaa9 6A,6B",
            "lssnsRealTimeInfo": "\uc6d4 13:00 ~ 14:00<br/>\uc6d4 14:00 ~ 15:00<br/>\ubaa9 13:00 ~ 14:00<br/>\ubaa9 14:00 ~ 15:00",
            "prctsTime": "2",
            "doPlan": "Kor",
            "thryTime": "2",
            "totalPrfssNm": "\ubcc0\uc6a9\ud6c8",
            "mngetEstblYn": "Y",
            "code": null,
            "crdit": "3",
            "expniSllbsYn": "Y",
            "bldngSn": null,
            "bldngCd": null,
            "bldngNm": null,
            "lssnsLcttmUntcd": null,
            "sbjetSctcd2": null,
            "rmnmCd": "112",
            "isApi": null,
            "paging": false,
            "rowStatus": "R",
            "pageSort": null
        },
        {
            "rowIndex": 0,
            "success": false,
            "message": null,
            "pageSize": 100,
            "pageNum": 1,
            "lctreMthodNm": "\ud63c\ud569",
            "lctrmInfo": "\uc885\ud569\uc815\ubcf4\uc13c\ud130",
            "lctreLnggeSctcd": null,
            "crseNo": "CLTR0270-001",
            "estblUnivNm": "\ub18d\uc5c5\uc0dd\uba85\uacfc\ud559\ub300\ud559",
            "estblDprtnNm": "\ub18d\uc5c5\ud1a0\ubaa9.\uc0dd\ubb3c\uc0b0\uc5c5\uacf5\ud559\ubd80 \ub18d\uc5c5\ud1a0\ubaa9\uacf5\ud559\uc804\uacf5",
            "estblYear": "2022",
            "estblDprtnCd": "170T01",
            "estblSmstrSctnm": "1\ud559\uae30",
            "estblSmstrSctcd": "CMBS001400001",
            "estblGrade": "2",
            "sbjetSctnm": "\uc804\uacf5\uae30\ubc18",
            "sbjetNm": "SW \ucee8\ud150\uce20 \uc81c\uc791",
            "sbjetDvnno": "001",
            "sbjetCd": "CLTR0270",
            "gubun": null,
            "pckgeRqstPssblYn": "Y",
            "pckgeRqstCnt": "36",
            "name": null,
            "rmrk": null,
            "appcrCnt": "39",
            "attlcPrscpCnt": "40",
            "lssnsTimeInfo": "\uc6d4 5A,5B<br/>\uc6d4 6A,6B<br/>\uc6d4 7A,7B<br/>\uc6d4 8A,8B",
            "lssnsRealTimeInfo": "\uc6d4 13:00 ~ 14:00<br/>\uc6d4 14:00 ~ 15:00<br/>\uc6d4 15:00 ~ 16:00<br/>\uc6d4 16:00 ~ 17:00",
            "prctsTime": "2",
            "doPlan": "Kor",
            "thryTime": "2",
            "totalPrfssNm": "\uc1a1\ubb34\ud76c",
            "mngetEstblYn": "Y",
            "code": null,
            "crdit": "3",
            "expniSllbsYn": "Y",
            "bldngSn": null,
            "bldngCd": null,
            "bldngNm": null,
            "lssnsLcttmUntcd": null,
            "sbjetSctcd2": null,
            "rmnmCd": "304",
            "isApi": null,
            "paging": false,
            "rowStatus": "R",
            "pageSort": null
        },
        {
            "rowIndex": 0,
            "success": false,
            "message": null,
            "pageSize": 100,
            "pageNum": 1,
            "lctreMthodNm": "\ub300\uba74",
            "lctrmInfo": "\uc678\uad6d\uc5b4\uad50\uc721\uad00",
            "lctreLnggeSctcd": null,
            "crseNo": "CLTR0412-001",
            "estblUnivNm": "\ub18d\uc5c5\uc0dd\uba85\uacfc\ud559\ub300\ud559",
            "estblDprtnNm": "\ub18d\uc5c5\ud1a0\ubaa9.\uc0dd\ubb3c\uc0b0\uc5c5\uacf5\ud559\ubd80 \ub18d\uc5c5\ud1a0\ubaa9\uacf5\ud559\uc804\uacf5",
            "estblYear": "2022",
            "estblDprtnCd": "170T01",
            "estblSmstrSctnm": "1\ud559\uae30",
            "estblSmstrSctcd": "CMBS001400001",
            "estblGrade": "3",
            "sbjetSctnm": "\uae30\ubcf8\uc18c\uc591",
            "sbjetNm": "\uc2e4\uc6a9\uc601\uc5b42",
            "sbjetDvnno": "001",
            "sbjetCd": "CLTR0412",
            "gubun": null,
            "pckgeRqstPssblYn": "Y",
            "pckgeRqstCnt": "21",
            "name": null,
            "rmrk": "<b>\uc778\ubb38\uad50\uc591</b><br>",
            "appcrCnt": "19",
            "attlcPrscpCnt": "20",
            "lssnsTimeInfo": "\uc6d4 3A,3B<br/>\uae08 1A,1B",
            "lssnsRealTimeInfo": "\uc6d4 11:00 ~ 12:00<br/>\uae08 09:00 ~ 10:00",
            "prctsTime": "0",
            "doPlan": "Kor",
            "thryTime": "2",
            "totalPrfssNm": "\uc874\uc2a8,\uc624\uc2a4\ud2f4",
            "mngetEstblYn": "Y",
            "code": null,
            "crdit": "2",
            "expniSllbsYn": "Y",
            "bldngSn": null,
            "bldngCd": null,
            "bldngNm": null,
            "lssnsLcttmUntcd": null,
            "sbjetSctcd2": null,
            "rmnmCd": "406",
            "isApi": null,
            "paging": false,
            "rowStatus": "R",
            "pageSort": null
        },
        {
            "rowIndex": 0,
            "success": false,
            "message": null,
            "pageSize": 100,
            "pageNum": 1,
            "lctreMthodNm": "\ub300\uba74",
            "lctrmInfo": "\ub18d\ub3004\ud638\uad00",
            "lctreLnggeSctcd": null,
            "crseNo": "CLTR0045-015",
            "estblUnivNm": "\ub18d\uc5c5\uc0dd\uba85\uacfc\ud559\ub300\ud559",
            "estblDprtnNm": "\ub18d\uc5c5\ud1a0\ubaa9.\uc0dd\ubb3c\uc0b0\uc5c5\uacf5\ud559\ubd80 \ub18d\uc5c5\ud1a0\ubaa9\uacf5\ud559\uc804\uacf5",
            "estblYear": "2022",
            "estblDprtnCd": "170T01",
            "estblSmstrSctnm": "1\ud559\uae30",
            "estblSmstrSctcd": "CMBS001400001",
            "estblGrade": "2",
            "sbjetSctnm": "\uae30\ubcf8\uc18c\uc591",
            "sbjetNm": "\ub17c\ub9ac\uc640 \ube44\ud310\uc801 \uc0ac\uace0",
            "sbjetDvnno": "015",
            "sbjetCd": "CLTR0045",
            "gubun": null,
            "pckgeRqstPssblYn": "Y",
            "pckgeRqstCnt": "85",
            "name": null,
            "rmrk": "<b>\uc778\ubb38\uad50\uc591</b><br>",
            "appcrCnt": "69",
            "attlcPrscpCnt": "70",
            "lssnsTimeInfo": "\ud654 1A,1B,2A<br/>\ubaa9 2B,3A,3B",
            "lssnsRealTimeInfo": "\ud654 09:00 ~ 10:30<br/>\ubaa9 10:30 ~ 12:00",
            "prctsTime": "0",
            "doPlan": "Kor",
            "thryTime": "3",
            "totalPrfssNm": "\uc774\uc740\uc815",
            "mngetEstblYn": "Y",
            "code": null,
            "crdit": "3",
            "expniSllbsYn": "Y",
            "bldngSn": null,
            "bldngCd": null,
            "bldngNm": null,
            "lssnsLcttmUntcd": null,
            "sbjetSctcd2": null,
            "rmnmCd": "301",
            "isApi": null,
            "paging": false,
            "rowStatus": "R",
            "pageSort": null
        },
        {
            "rowIndex": 0,
            "success": false,
            "message": null,
            "pageSize": 100,
            "pageNum": 1,
            "lctreMthodNm": "\ub300\uba74",
            "lctrmInfo": "\ub18d\ub3002\ud638\uad00",
            "lctreLnggeSctcd": null,
            "crseNo": "ACEN0422-001",
            "estblUnivNm": "\ub18d\uc5c5\uc0dd\uba85\uacfc\ud559\ub300\ud559",
            "estblDprtnNm": "\ub18d\uc5c5\ud1a0\ubaa9.\uc0dd\ubb3c\uc0b0\uc5c5\uacf5\ud559\ubd80 \ub18d\uc5c5\ud1a0\ubaa9\uacf5\ud559\uc804\uacf5",
            "estblYear": "2022",
            "estblDprtnCd": "170T01",
            "estblSmstrSctnm": "1\ud559\uae30",
            "estblSmstrSctcd": "CMBS001400001",
            "estblGrade": "3",
            "sbjetSctnm": "\uacf5\ud559\uc804\uacf5",
            "sbjetNm": "\uc751\uc6a9\uc218\ubb38\ud559 \ubc0f \uc124\uacc4",
            "sbjetDvnno": "001",
            "sbjetCd": "ACEN0422",
            "gubun": null,
            "pckgeRqstPssblYn": "Y",
            "pckgeRqstCnt": "21",
            "name": null,
            "rmrk": "(\ud55c\uad6d\uc5b4+\uc601\uc5b4)<br>",
            "appcrCnt": "23",
            "attlcPrscpCnt": "40",
            "lssnsTimeInfo": "\uc6d4 5A,5B<br/>\uc6d4 6A,6B<br/>\uc218 5A,5B<br/>\uc218 6A,6B",
            "lssnsRealTimeInfo": "\uc6d4 13:00 ~ 14:00<br/>\uc6d4 14:00 ~ 15:00<br/>\uc218 13:00 ~ 14:00<br/>\uc218 14:00 ~ 15:00",
            "prctsTime": "2",
            "doPlan": "Kor",
            "thryTime": "2",
            "totalPrfssNm": "\ucd5c\uacbd\uc219",
            "mngetEstblYn": "Y",
            "code": null,
            "crdit": "3",
            "expniSllbsYn": "Y",
            "bldngSn": null,
            "bldngCd": null,
            "bldngNm": null,
            "lssnsLcttmUntcd": null,
            "sbjetSctcd2": null,
            "rmnmCd": "109",
            "isApi": null,
            "paging": false,
            "rowStatus": "R",
            "pageSort": null
        },
        {
            "rowIndex": 0,
            "success": false,
            "message": null,
            "pageSize": 100,
            "pageNum": 1,
            "lctreMthodNm": "\ub300\uba74",
            "lctrmInfo": "\ub18d\ub3002\ud638\uad00",
            "lctreLnggeSctcd": null,
            "crseNo": "ACEN0423-001",
            "estblUnivNm": "\ub18d\uc5c5\uc0dd\uba85\uacfc\ud559\ub300\ud559",
            "estblDprtnNm": "\ub18d\uc5c5\ud1a0\ubaa9.\uc0dd\ubb3c\uc0b0\uc5c5\uacf5\ud559\ubd80 \ub18d\uc5c5\ud1a0\ubaa9\uacf5\ud559\uc804\uacf5",
            "estblYear": "2022",
            "estblDprtnCd": "170T01",
            "estblSmstrSctnm": "1\ud559\uae30",
            "estblSmstrSctcd": "CMBS001400001",
            "estblGrade": "3",
            "sbjetSctnm": "\uacf5\ud559\uc804\uacf5",
            "sbjetNm": "\uc9c0\ubc18\uacf5\ud559 \ubc0f \uc2e4\ud5d81",
            "sbjetDvnno": "001",
            "sbjetCd": "ACEN0423",
            "gubun": null,
            "pckgeRqstPssblYn": "Y",
            "pckgeRqstCnt": "19",
            "name": null,
            "rmrk": null,
            "appcrCnt": "19",
            "attlcPrscpCnt": "40",
            "lssnsTimeInfo": "\uc6d4 1A,1B<br/>\uc6d4 2A,2B<br/>\ubaa9 2A,2B<br/>\ubaa9 3A,3B",
            "lssnsRealTimeInfo": "\uc6d4 09:00 ~ 10:00<br/>\uc6d4 10:00 ~ 11:00<br/>\ubaa9 10:00 ~ 11:00<br/>\ubaa9 11:00 ~ 12:00",
            "prctsTime": "2",
            "doPlan": "Kor",
            "thryTime": "2",
            "totalPrfssNm": "\ubcc0\uc6a9\ud6c8",
            "mngetEstblYn": "Y",
            "code": null,
            "crdit": "3",
            "expniSllbsYn": "Y",
            "bldngSn": null,
            "bldngCd": null,
            "bldngNm": null,
            "lssnsLcttmUntcd": null,
            "sbjetSctcd2": null,
            "rmnmCd": "120",
            "isApi": null,
            "paging": false,
            "rowStatus": "R",
            "pageSort": null
        },
        {
            "rowIndex": 0,
            "success": false,
            "message": null,
            "pageSize": 100,
            "pageNum": 1,
            "lctreMthodNm": "\ub300\uba74",
            "lctrmInfo": "\ub18d\ub3002\ud638\uad00",
            "lctreLnggeSctcd": null,
            "crseNo": "ACEN0456-001",
            "estblUnivNm": "\ub18d\uc5c5\uc0dd\uba85\uacfc\ud559\ub300\ud559",
            "estblDprtnNm": "\ub18d\uc5c5\ud1a0\ubaa9.\uc0dd\ubb3c\uc0b0\uc5c5\uacf5\ud559\ubd80 \ub18d\uc5c5\ud1a0\ubaa9\uacf5\ud559\uc804\uacf5",
            "estblYear": "2022",
            "estblDprtnCd": "170T01",
            "estblSmstrSctnm": "1\ud559\uae30",
            "estblSmstrSctcd": "CMBS001400001",
            "estblGrade": "3",
            "sbjetSctnm": "\uacf5\ud559\uc804\uacf5",
            "sbjetNm": "\ubcf4\uac15\ucf58\ud06c\ub9ac\ud2b8\uacf5\ud559 \ubc0f \uc124\uacc4\u2160",
            "sbjetDvnno": "001",
            "sbjetCd": "ACEN0456",
            "gubun": null,
            "pckgeRqstPssblYn": "Y",
            "pckgeRqstCnt": "21",
            "name": null,
            "rmrk": null,
            "appcrCnt": "22",
            "attlcPrscpCnt": "40",
            "lssnsTimeInfo": "\ud654 5A,5B<br/>\ud654 6A,6B<br/>\ubaa9 5A,5B<br/>\ubaa9 6A,6B",
            "lssnsRealTimeInfo": "\ud654 13:00 ~ 14:00<br/>\ud654 14:00 ~ 15:00<br/>\ubaa9 13:00 ~ 14:00<br/>\ubaa9 14:00 ~ 15:00",
            "prctsTime": "2",
            "doPlan": "Kor",
            "thryTime": "2",
            "totalPrfssNm": "\uc774\uc9c4\uc601",
            "mngetEstblYn": "Y",
            "code": null,
            "crdit": "3",
            "expniSllbsYn": "Y",
            "bldngSn": null,
            "bldngCd": null,
            "bldngNm": null,
            "lssnsLcttmUntcd": null,
            "sbjetSctcd2": null,
            "rmnmCd": "402",
            "isApi": null,
            "paging": false,
            "rowStatus": "R",
            "pageSort": null
        },
        {
            "rowIndex": 0,
            "success": false,
            "message": null,
            "pageSize": 100,
            "pageNum": 1,
            "lctreMthodNm": "\ub300\uba74",
            "lctrmInfo": "\ub18d\ub3002\ud638\uad00",
            "lctreLnggeSctcd": null,
            "crseNo": "MECH0332-001",
            "estblUnivNm": "\ub18d\uc5c5\uc0dd\uba85\uacfc\ud559\ub300\ud559",
            "estblDprtnNm": "\ub18d\uc5c5\ud1a0\ubaa9.\uc0dd\ubb3c\uc0b0\uc5c5\uacf5\ud559\ubd80 \ub18d\uc5c5\ud1a0\ubaa9\uacf5\ud559\uc804\uacf5",
            "estblYear": "2022",
            "estblDprtnCd": "170T01",
            "estblSmstrSctnm": "1\ud559\uae30",
            "estblSmstrSctcd": "CMBS001400001",
            "estblGrade": "2",
            "sbjetSctnm": "\uacf5\ud559\uc804\uacf5",
            "sbjetNm": "\uc720\uccb4\uc5ed\ud559",
            "sbjetDvnno": "001",
            "sbjetCd": "MECH0332",
            "gubun": null,
            "pckgeRqstPssblYn": "Y",
            "pckgeRqstCnt": "20",
            "name": null,
            "rmrk": null,
            "appcrCnt": "24",
            "attlcPrscpCnt": "40",
            "lssnsTimeInfo": "\ud654 5B,6A,6B<br/>\ubaa9 5B,6A,6B",
            "lssnsRealTimeInfo": "\ud654 13:30 ~ 15:00<br/>\ubaa9 13:30 ~ 15:00",
            "prctsTime": "0",
            "doPlan": "Kor",
            "thryTime": "3",
            "totalPrfssNm": "\uc2e0\uc6a9\ucca0",
            "mngetEstblYn": "Y",
            "code": null,
            "crdit": "3",
            "expniSllbsYn": "Y",
            "bldngSn": null,
            "bldngCd": null,
            "bldngNm": null,
            "lssnsLcttmUntcd": null,
            "sbjetSctcd2": null,
            "rmnmCd": "120",
            "isApi": null,
            "paging": false,
            "rowStatus": "R",
            "pageSort": null
        },
        {
            "rowIndex": 0,
            "success": false,
            "message": null,
            "pageSize": 100,
            "pageNum": 1,
            "lctreMthodNm": "\ub300\uba74",
            "lctrmInfo": "\ub18d\ub3002\ud638\uad00",
            "lctreLnggeSctcd": null,
            "crseNo": "CLTR0210-017",
            "estblUnivNm": "\ub18d\uc5c5\uc0dd\uba85\uacfc\ud559\ub300\ud559",
            "estblDprtnNm": "\ub18d\uc5c5\ud1a0\ubaa9.\uc0dd\ubb3c\uc0b0\uc5c5\uacf5\ud559\ubd80 \ub18d\uc5c5\ud1a0\ubaa9\uacf5\ud559\uc804\uacf5",
            "estblYear": "2022",
            "estblDprtnCd": "170T01",
            "estblSmstrSctnm": "1\ud559\uae30",
            "estblSmstrSctcd": "CMBS001400001",
            "estblGrade": "4",
            "sbjetSctnm": "\uae30\ubcf8\uc18c\uc591",
            "sbjetNm": "\uba85\uc800\uc77d\uae30\uc640 \ud1a0\ub860",
            "sbjetDvnno": "017",
            "sbjetCd": "CLTR0210",
            "gubun": null,
            "pckgeRqstPssblYn": "Y",
            "pckgeRqstCnt": "9",
            "name": null,
            "rmrk": "<b>\uc778\ubb38\uad50\uc591</b><br>",
            "appcrCnt": "20",
            "attlcPrscpCnt": "30",
            "lssnsTimeInfo": "\uc218 7A,7B,8A<br/>\uc218 8B,9A,9B",
            "lssnsRealTimeInfo": "\uc218 15:00 ~ 16:30<br/>\uc218 16:30 ~ 18:00",
            "prctsTime": "0",
            "doPlan": "Kor",
            "thryTime": "3",
            "totalPrfssNm": "\uc774\uc9c4\uc601",
            "mngetEstblYn": "Y",
            "code": null,
            "crdit": "3",
            "expniSllbsYn": "Y",
            "bldngSn": null,
            "bldngCd": null,
            "bldngNm": null,
            "lssnsLcttmUntcd": null,
            "sbjetSctcd2": null,
            "rmnmCd": "120",
            "isApi": null,
            "paging": false,
            "rowStatus": "R",
            "pageSort": null
        },
        {
            "rowIndex": 0,
            "success": false,
            "message": null,
            "pageSize": 100,
            "pageNum": 1,
            "lctreMthodNm": "\ub300\uba74",
            "lctrmInfo": "\ub18d\ub3002\ud638\uad00",
            "lctreLnggeSctcd": null,
            "crseNo": "CVLE0403-001",
            "estblUnivNm": "\ub18d\uc5c5\uc0dd\uba85\uacfc\ud559\ub300\ud559",
            "estblDprtnNm": "\ub18d\uc5c5\ud1a0\ubaa9.\uc0dd\ubb3c\uc0b0\uc5c5\uacf5\ud559\ubd80 \ub18d\uc5c5\ud1a0\ubaa9\uacf5\ud559\uc804\uacf5",
            "estblYear": "2022",
            "estblDprtnCd": "170T01",
            "estblSmstrSctnm": "1\ud559\uae30",
            "estblSmstrSctcd": "CMBS001400001",
            "estblGrade": "3",
            "sbjetSctnm": "\uacf5\ud559\uc804\uacf5",
            "sbjetNm": "\uad6c\uc870\uc5ed\ud5591",
            "sbjetDvnno": "001",
            "sbjetCd": "CVLE0403",
            "gubun": null,
            "pckgeRqstPssblYn": "Y",
            "pckgeRqstCnt": "20",
            "name": null,
            "rmrk": null,
            "appcrCnt": "20",
            "attlcPrscpCnt": "40",
            "lssnsTimeInfo": "\ud654 2B,3A,3B<br/>\uc218 2B,3A,3B",
            "lssnsRealTimeInfo": "\ud654 10:30 ~ 12:00<br/>\uc218 10:30 ~ 12:00",
            "prctsTime": "0",
            "doPlan": "Kor",
            "thryTime": "3",
            "totalPrfssNm": "\uc774\ud604\uc6b0",
            "mngetEstblYn": "Y",
            "code": null,
            "crdit": "3",
            "expniSllbsYn": "Y",
            "bldngSn": null,
            "bldngCd": null,
            "bldngNm": null,
            "lssnsLcttmUntcd": null,
            "sbjetSctcd2": null,
            "rmnmCd": "120",
            "isApi": null,
            "paging": false,
            "rowStatus": "R",
            "pageSort": null
        },
        {
            "rowIndex": 0,
            "success": false,
            "message": null,
            "pageSize": 100,
            "pageNum": 1,
            "lctreMthodNm": "\ub300\uba74",
            "lctrmInfo": "\ub18d\ub3002\ud638\uad00",
            "lctreLnggeSctcd": null,
            "crseNo": "ACEN0527-001",
            "estblUnivNm": "\ub18d\uc5c5\uc0dd\uba85\uacfc\ud559\ub300\ud559",
            "estblDprtnNm": "\ub18d\uc5c5\ud1a0\ubaa9.\uc0dd\ubb3c\uc0b0\uc5c5\uacf5\ud559\ubd80 \ub18d\uc5c5\ud1a0\ubaa9\uacf5\ud559\uc804\uacf5",
            "estblYear": "2022",
            "estblDprtnCd": "170T01",
            "estblSmstrSctnm": "1\ud559\uae30",
            "estblSmstrSctcd": "CMBS001400001",
            "estblGrade": "4",
            "sbjetSctnm": "\uacf5\ud559\uc804\uacf5",
            "sbjetNm": "\ub3c4\ub85c\uad50\ud1b5\uacf5\ud559 \ubc0f \uc124\uacc4",
            "sbjetDvnno": "001",
            "sbjetCd": "ACEN0527",
            "gubun": null,
            "pckgeRqstPssblYn": "Y",
            "pckgeRqstCnt": "23",
            "name": null,
            "rmrk": null,
            "appcrCnt": "23",
            "attlcPrscpCnt": "40",
            "lssnsTimeInfo": "\uc6d4 7A,7B<br/>\uc6d4 8A,8B<br/>\ubaa9 7A,7B<br/>\ubaa9 8A,8B",
            "lssnsRealTimeInfo": "\uc6d4 15:00 ~ 16:00<br/>\uc6d4 16:00 ~ 17:00<br/>\ubaa9 15:00 ~ 16:00<br/>\ubaa9 16:00 ~ 17:00",
            "prctsTime": "2",
            "doPlan": "Kor",
            "thryTime": "2",
            "totalPrfssNm": "\uc774\uc9c4\uc601",
            "mngetEstblYn": "Y",
            "code": null,
            "crdit": "3",
            "expniSllbsYn": "Y",
            "bldngSn": null,
            "bldngCd": null,
            "bldngNm": null,
            "lssnsLcttmUntcd": null,
            "sbjetSctcd2": null,
            "rmnmCd": "112",
            "isApi": null,
            "paging": false,
            "rowStatus": "R",
            "pageSort": null
        }
    ],
    "statusCode": 200
}