{
    "timestamp": "2022-04-28T23:14:30.907",
    "success": true,
    "code": null,
    "msg": null,
    "data": [
        {
            "rowIndex": 0,
            "success": false,
            "message": null,
            "pageSize": 100,
            "pageNum": 1,
            "lctreMthodNm": "\ub300\uba74",
            "lctrmInfo": "\ub18d\ub3004\ud638\uad00",
            "lctreLnggeSctcd": null,
            "crseNo": "HORT0427-001",
            "estblUnivNm": "\ub18d\uc5c5\uc0dd\uba85\uacfc\ud559\ub300\ud559",
            "estblDprtnNm": "\uc6d0\uc608\uc2dd\ud488\uc735\ud569\uc804\uacf5",
            "estblYear": "2022",
            "estblDprtnCd": "170W",
            "estblSmstrSctnm": "1\ud559\uae30",
            "estblSmstrSctcd": "CMBS001400001",
            "estblGrade": "2",
            "sbjetSctnm": "\uc735\ud569\uc804\uacf5",
            "sbjetNm": "\uc77c\ubc18\uc2dd\ubb3c\ud559",
            "sbjetDvnno": "001",
            "sbjetCd": "HORT0427",
            "gubun": null,
            "pckgeRqstPssblYn": "N",
            "pckgeRqstCnt": "0",
            "name": null,
            "rmrk": "(\ud55c\uad6d\uc5b4+\uc601\uc5b4)<br>",
            "appcrCnt": "41",
            "attlcPrscpCnt": "40",
            "lssnsTimeInfo": "\ud654 5B,6A,6B<br/>\ubaa9 5B,6A,6B",
            "lssnsRealTimeInfo": "\ud654 13:30 ~ 15:00<br/>\ubaa9 13:30 ~ 15:00",
            "prctsTime": "0",
            "doPlan": "Kor",
            "thryTime": "3",
            "totalPrfssNm": "\ud55c\uc99d\uc220",
            "mngetEstblYn": "N",
            "code": null,
            "crdit": "3",
            "expniSllbsYn": "N",
            "bldngSn": null,
            "bldngCd": null,
            "bldngNm": null,
            "lssnsLcttmUntcd": null,
            "sbjetSctcd2": null,
            "rmnmCd": "404",
            "isApi": null,
            "paging": false,
            "rowStatus": "R",
            "pageSort": null
        },
        {
            "rowIndex": 0,
            "success": false,
            "message": null,
            "pageSize": 100,
            "pageNum": 1,
            "lctreMthodNm": "\ub300\uba74",
            "lctrmInfo": "\ub18d\ub3003\ud638\uad00\ub18d\ub3001\ud638\uad00",
            "lctreLnggeSctcd": null,
            "crseNo": "FOOD0325-001",
            "estblUnivNm": "\ub18d\uc5c5\uc0dd\uba85\uacfc\ud559\ub300\ud559",
            "estblDprtnNm": "\uc6d0\uc608\uc2dd\ud488\uc735\ud569\uc804\uacf5",
            "estblYear": "2022",
            "estblDprtnCd": "170W",
            "estblSmstrSctnm": "1\ud559\uae30",
            "estblSmstrSctcd": "CMBS001400001",
            "estblGrade": "2",
            "sbjetSctnm": "\uc804\uacf5",
            "sbjetNm": "\uc2dd\ud488\uc7ac\ub8cc\ud559",
            "sbjetDvnno": "001",
            "sbjetCd": "FOOD0325",
            "gubun": null,
            "pckgeRqstPssblYn": "Y",
            "pckgeRqstCnt": "39",
            "name": null,
            "rmrk": null,
            "appcrCnt": "42",
            "attlcPrscpCnt": "35",
            "lssnsTimeInfo": "\uc218 7A,7B,8A<br/>\ubaa9 1A,1B,2A",
            "lssnsRealTimeInfo": "\uc218 15:00 ~ 16:30<br/>\ubaa9 09:00 ~ 10:30",
            "prctsTime": "0",
            "doPlan": "Kor",
            "thryTime": "3",
            "totalPrfssNm": "\uc815\uc6b0\uc2dd",
            "mngetEstblYn": "N",
            "code": null,
            "crdit": "3",
            "expniSllbsYn": "N",
            "bldngSn": null,
            "bldngCd": null,
            "bldngNm": null,
            "lssnsLcttmUntcd": null,
            "sbjetSctcd2": null,
            "rmnmCd": "521401",
            "isApi": null,
            "paging": false,
            "rowStatus": "R",
            "pageSort": null
        },
        {
            "rowIndex": 0,
            "success": false,
            "message": null,
            "pageSize": 100,
            "pageNum": 1,
            "lctreMthodNm": "\ub300\uba74",
            "lctrmInfo": "\ub18d\ub3003\ud638\uad00",
            "lctreLnggeSctcd": null,
            "crseNo": "FOOD0211-002",
            "estblUnivNm": "\ub18d\uc5c5\uc0dd\uba85\uacfc\ud559\ub300\ud559",
            "estblDprtnNm": "\uc6d0\uc608\uc2dd\ud488\uc735\ud569\uc804\uacf5",
            "estblYear": "2022",
            "estblDprtnCd": "170W",
            "estblSmstrSctnm": "1\ud559\uae30",
            "estblSmstrSctcd": "CMBS001400001",
            "estblGrade": "1",
            "sbjetSctnm": "\uc804\uacf5",
            "sbjetNm": "\uc2dd\ud488\uacf5\ud559\uac1c\ub860",
            "sbjetDvnno": "002",
            "sbjetCd": "FOOD0211",
            "gubun": null,
            "pckgeRqstPssblYn": "N",
            "pckgeRqstCnt": "0",
            "name": null,
            "rmrk": null,
            "appcrCnt": "52",
            "attlcPrscpCnt": "70",
            "lssnsTimeInfo": "\ud654 8B,9A,9B<br/>\ubaa9 8B,9A,9B",
            "lssnsRealTimeInfo": "\ud654 16:30 ~ 18:00<br/>\ubaa9 16:30 ~ 18:00",
            "prctsTime": "0",
            "doPlan": "Kor",
            "thryTime": "3",
            "totalPrfssNm": "\uac15\ub0a8\uc8fc<br/>\uc815\uc131\uadfc<br/>\ucd5c\ub355\uc601",
            "mngetEstblYn": "N",
            "code": null,
            "crdit": "3",
            "expniSllbsYn": "N",
            "bldngSn": null,
            "bldngCd": null,
            "bldngNm": null,
            "lssnsLcttmUntcd": null,
            "sbjetSctcd2": null,
            "rmnmCd": "522",
            "isApi": null,
            "paging": false,
            "rowStatus": "R",
            "pageSort": null
        },
        {
            "rowIndex": 0,
            "success": false,
            "message": null,
            "pageSize": 100,
            "pageNum": 1,
            "lctreMthodNm": "\ub300\uba74",
            "lctrmInfo": "\ub18d\ub3004\ud638\uad00",
            "lctreLnggeSctcd": null,
            "crseNo": "HOFO0211-001",
            "estblUnivNm": "\ub18d\uc5c5\uc0dd\uba85\uacfc\ud559\ub300\ud559",
            "estblDprtnNm": "\uc6d0\uc608\uc2dd\ud488\uc735\ud569\uc804\uacf5",
            "estblYear": "2022",
            "estblDprtnCd": "170W",
            "estblSmstrSctnm": "1\ud559\uae30",
            "estblSmstrSctcd": "CMBS001400001",
            "estblGrade": "2",
            "sbjetSctnm": "\uc804\uacf5",
            "sbjetNm": "\uc6d0\uc608\uc791\ubb3c\uc758 \ub2e4\uc591\uc131",
            "sbjetDvnno": "001",
            "sbjetCd": "HOFO0211",
            "gubun": null,
            "pckgeRqstPssblYn": "Y",
            "pckgeRqstCnt": "5",
            "name": null,
            "rmrk": "(\ud55c\uad6d\uc5b4+\uc601\uc5b4)<br>",
            "appcrCnt": "3",
            "attlcPrscpCnt": "30",
            "lssnsTimeInfo": "\ud654 1A,1B,2A<br/>\ubaa9 2B,3A,3B",
            "lssnsRealTimeInfo": "\ud654 09:00 ~ 10:30<br/>\ubaa9 10:30 ~ 12:00",
            "prctsTime": "0",
            "doPlan": "Kor",
            "thryTime": "3",
            "totalPrfssNm": "\uc724\ud0dc\uba85<br/>\uc774\uc81c\ubbfc<br/>\uc784\uae30\ubcd1",
            "mngetEstblYn": "Y",
            "code": null,
            "crdit": "3",
            "expniSllbsYn": "N",
            "bldngSn": null,
            "bldngCd": null,
            "bldngNm": null,
            "lssnsLcttmUntcd": null,
            "sbjetSctcd2": null,
            "rmnmCd": "404",
            "isApi": null,
            "paging": false,
            "rowStatus": "R",
            "pageSort": null
        },
        {
            "rowIndex": 0,
            "success": false,
            "message": null,
            "pageSize": 100,
            "pageNum": 1,
            "lctreMthodNm": "\ub300\uba74",
            "lctrmInfo": "\ub18d\ub3003\ud638\uad00",
            "lctreLnggeSctcd": null,
            "crseNo": "FOOD0571-001",
            "estblUnivNm": "\ub18d\uc5c5\uc0dd\uba85\uacfc\ud559\ub300\ud559",
            "estblDprtnNm": "\uc6d0\uc608\uc2dd\ud488\uc735\ud569\uc804\uacf5",
            "estblYear": "2022",
            "estblDprtnCd": "170W",
            "estblSmstrSctnm": "1\ud559\uae30",
            "estblSmstrSctcd": "CMBS001400001",
            "estblGrade": "4",
            "sbjetSctnm": "\uc804\uacf5",
            "sbjetNm": "\uc2dd\ud488\uc704\uc0dd\ud559",
            "sbjetDvnno": "001",
            "sbjetCd": "FOOD0571",
            "gubun": null,
            "pckgeRqstPssblYn": "Y",
            "pckgeRqstCnt": "48",
            "name": null,
            "rmrk": "(\ud55c\uad6d\uc5b4+\uc601\uc5b4)<br>",
            "appcrCnt": "42",
            "attlcPrscpCnt": "40",
            "lssnsTimeInfo": "\uc6d4 1A,1B,2A<br/>\uc218 1A,1B,2A",
            "lssnsRealTimeInfo": "\uc6d4 09:00 ~ 10:30<br/>\uc218 09:00 ~ 10:30",
            "prctsTime": "0",
            "doPlan": "Kor",
            "thryTime": "3",
            "totalPrfssNm": "\uae40\uc218\ub9b0",
            "mngetEstblYn": "N",
            "code": null,
            "crdit": "3",
            "expniSllbsYn": "Y",
            "bldngSn": null,
            "bldngCd": null,
            "bldngNm": null,
            "lssnsLcttmUntcd": null,
            "sbjetSctcd2": null,
            "rmnmCd": "525",
            "isApi": null,
            "paging": false,
            "rowStatus": "R",
            "pageSort": null
        },
        {
            "rowIndex": 0,
            "success": false,
            "message": null,
            "pageSize": 100,
            "pageNum": 1,
            "lctreMthodNm": "\ub300\uba74",
            "lctrmInfo": "\ub18d\ub3002\ud638\uad00",
            "lctreLnggeSctcd": null,
            "crseNo": "FOOD0211-001",
            "estblUnivNm": "\ub18d\uc5c5\uc0dd\uba85\uacfc\ud559\ub300\ud559",
            "estblDprtnNm": "\uc6d0\uc608\uc2dd\ud488\uc735\ud569\uc804\uacf5",
            "estblYear": "2022",
            "estblDprtnCd": "170W",
            "estblSmstrSctnm": "1\ud559\uae30",
            "estblSmstrSctcd": "CMBS001400001",
            "estblGrade": "1",
            "sbjetSctnm": "\uc804\uacf5",
            "sbjetNm": "\uc2dd\ud488\uacf5\ud559\uac1c\ub860",
            "sbjetDvnno": "001",
            "sbjetCd": "FOOD0211",
            "gubun": null,
            "pckgeRqstPssblYn": "N",
            "pckgeRqstCnt": "0",
            "name": null,
            "rmrk": null,
            "appcrCnt": "64",
            "attlcPrscpCnt": "70",
            "lssnsTimeInfo": "\ud654 8B,9A,9B<br/>\ubaa9 8B,9A,9B",
            "lssnsRealTimeInfo": "\ud654 16:30 ~ 18:00<br/>\ubaa9 16:30 ~ 18:00",
            "prctsTime": "0",
            "doPlan": "Kor",
            "thryTime": "3",
            "totalPrfssNm": "\uac15\ub0a8\uc8fc<br/>\uc815\uc131\uadfc<br/>\ucd5c\ub355\uc601",
            "mngetEstblYn": "N",
            "code": null,
            "crdit": "3",
            "expniSllbsYn": "N",
            "bldngSn": null,
            "bldngCd": null,
            "bldngNm": null,
            "lssnsLcttmUntcd": null,
            "sbjetSctcd2": null,
            "rmnmCd": "401",
            "isApi": null,
            "paging": false,
            "rowStatus": "R",
            "pageSort": null
        },
        {
            "rowIndex": 0,
            "success": false,
            "message": null,
            "pageSize": 100,
            "pageNum": 1,
            "lctreMthodNm": "\ub300\uba74",
            "lctrmInfo": "\ub18d\ub3004\ud638\uad00",
            "lctreLnggeSctcd": null,
            "crseNo": "HORT0428-001",
            "estblUnivNm": "\ub18d\uc5c5\uc0dd\uba85\uacfc\ud559\ub300\ud559",
            "estblDprtnNm": "\uc6d0\uc608\uc2dd\ud488\uc735\ud569\uc804\uacf5",
            "estblYear": "2022",
            "estblDprtnCd": "170W",
            "estblSmstrSctnm": "1\ud559\uae30",
            "estblSmstrSctcd": "CMBS001400001",
            "estblGrade": "3",
            "sbjetSctnm": "\uc735\ud569\uc804\uacf5",
            "sbjetNm": "\uc6d0\uc608\uc791\ubb3c\uc218\ud655\ud6c4\uc0dd\ub9ac\ud559",
            "sbjetDvnno": "001",
            "sbjetCd": "HORT0428",
            "gubun": null,
            "pckgeRqstPssblYn": "Y",
            "pckgeRqstCnt": "15",
            "name": null,
            "rmrk": null,
            "appcrCnt": "14",
            "attlcPrscpCnt": "40",
            "lssnsTimeInfo": "\uc6d4 8B,9A,9B<br/>\uc218 7A,7B,8A",
            "lssnsRealTimeInfo": "\uc6d4 16:30 ~ 18:00<br/>\uc218 15:00 ~ 16:30",
            "prctsTime": "0",
            "doPlan": "Kor",
            "thryTime": "3",
            "totalPrfssNm": "\uac15\uc778\uaddc",
            "mngetEstblYn": "N",
            "code": null,
            "crdit": "3",
            "expniSllbsYn": "N",
            "bldngSn": null,
            "bldngCd": null,
            "bldngNm": null,
            "lssnsLcttmUntcd": null,
            "sbjetSctcd2": null,
            "rmnmCd": "301",
            "isApi": null,
            "paging": false,
            "rowStatus": "R",
            "pageSort": null
        },
        {
            "rowIndex": 0,
            "success": false,
            "message": null,
            "pageSize": 100,
            "pageNum": 1,
            "lctreMthodNm": "\ub300\uba74",
            "lctrmInfo": "\ub18d\ub3001\ud638\uad00",
            "lctreLnggeSctcd": null,
            "crseNo": "FOBI0453-001",
            "estblUnivNm": "\ub18d\uc5c5\uc0dd\uba85\uacfc\ud559\ub300\ud559",
            "estblDprtnNm": "\uc6d0\uc608\uc2dd\ud488\uc735\ud569\uc804\uacf5",
            "estblYear": "2022",
            "estblDprtnCd": "170W",
            "estblSmstrSctnm": "1\ud559\uae30",
            "estblSmstrSctcd": "CMBS001400001",
            "estblGrade": "4",
            "sbjetSctnm": "\uc804\uacf5",
            "sbjetNm": "\uc2dd\ud488\ud3ec\uc7a5\uc800\uc7a5\ud559",
            "sbjetDvnno": "001",
            "sbjetCd": "FOBI0453",
            "gubun": null,
            "pckgeRqstPssblYn": "Y",
            "pckgeRqstCnt": "33",
            "name": null,
            "rmrk": "(\ud55c\uad6d\uc5b4+\uc601\uc5b4)<br>",
            "appcrCnt": "32",
            "attlcPrscpCnt": "35",
            "lssnsTimeInfo": "\uc6d4 5B,6A,6B<br/>\uc218 5B,6A,6B",
            "lssnsRealTimeInfo": "\uc6d4 13:30 ~ 15:00<br/>\uc218 13:30 ~ 15:00",
            "prctsTime": "0",
            "doPlan": "Kor",
            "thryTime": "3",
            "totalPrfssNm": "\ubb38\uad11\ub355",
            "mngetEstblYn": "N",
            "code": null,
            "crdit": "3",
            "expniSllbsYn": "N",
            "bldngSn": null,
            "bldngCd": null,
            "bldngNm": null,
            "lssnsLcttmUntcd": null,
            "sbjetSctcd2": null,
            "rmnmCd": "401323",
            "isApi": null,
            "paging": false,
            "rowStatus": "R",
            "pageSort": null
        },
        {
            "rowIndex": 0,
            "success": false,
            "message": null,
            "pageSize": 100,
            "pageNum": 1,
            "lctreMthodNm": "\ud63c\ud569",
            "lctrmInfo": "\ub18d\ub3003\ud638\uad00",
            "lctreLnggeSctcd": null,
            "crseNo": "FOAT0225-001",
            "estblUnivNm": "\ub18d\uc5c5\uc0dd\uba85\uacfc\ud559\ub300\ud559",
            "estblDprtnNm": "\uc6d0\uc608\uc2dd\ud488\uc735\ud569\uc804\uacf5",
            "estblYear": "2022",
            "estblDprtnCd": "170W",
            "estblSmstrSctnm": "1\ud559\uae30",
            "estblSmstrSctcd": "CMBS001400001",
            "estblGrade": "3",
            "sbjetSctnm": "\uc804\uacf5",
            "sbjetNm": "\uc2dd\ud488\ubc14\uc774\uc624\uc751\uc6a9\uacf5\ud559",
            "sbjetDvnno": "001",
            "sbjetCd": "FOAT0225",
            "gubun": null,
            "pckgeRqstPssblYn": "Y",
            "pckgeRqstCnt": "77",
            "name": null,
            "rmrk": "(\ud55c\uad6d\uc5b4+\uc601\uc5b4)<br>",
            "appcrCnt": "79",
            "attlcPrscpCnt": "80",
            "lssnsTimeInfo": "\ud654 5B,6A,6B<br/>\ubaa9 5B,6A,6B",
            "lssnsRealTimeInfo": "\ud654 13:30 ~ 15:00<br/>\ubaa9 13:30 ~ 15:00",
            "prctsTime": "0",
            "doPlan": "Kor",
            "thryTime": "3",
            "totalPrfssNm": "\uae40\uc218\ub9b0",
            "mngetEstblYn": "N",
            "code": null,
            "crdit": "3",
            "expniSllbsYn": "N",
            "bldngSn": null,
            "bldngCd": null,
            "bldngNm": null,
            "lssnsLcttmUntcd": null,
            "sbjetSctcd2": null,
            "rmnmCd": "525",
            "isApi": null,
            "paging": false,
            "rowStatus": "R",
            "pageSort": null
        },
        {
            "rowIndex": 0,
            "success": false,
            "message": null,
            "pageSize": 100,
            "pageNum": 1,
            "lctreMthodNm": "\ub300\uba74",
            "lctrmInfo": "\ub18d\ub3003\ud638\uad00",
            "lctreLnggeSctcd": null,
            "crseNo": "FOBI0312-001",
            "estblUnivNm": "\ub18d\uc5c5\uc0dd\uba85\uacfc\ud559\ub300\ud559",
            "estblDprtnNm": "\uc6d0\uc608\uc2dd\ud488\uc735\ud569\uc804\uacf5",
            "estblYear": "2022",
            "estblDprtnCd": "170W",
            "estblSmstrSctnm": "1\ud559\uae30",
            "estblSmstrSctcd": "CMBS001400001",
            "estblGrade": "3",
            "sbjetSctnm": "\uc735\ud569\uc804\uacf5",
            "sbjetNm": "\uc2dd\ud488\uc0dd\uba85\ud654\ud559",
            "sbjetDvnno": "001",
            "sbjetCd": "FOBI0312",
            "gubun": null,
            "pckgeRqstPssblYn": "Y",
            "pckgeRqstCnt": "50",
            "name": null,
            "rmrk": "(\ud55c\uad6d\uc5b4+\uc601\uc5b4)<br>",
            "appcrCnt": "48",
            "attlcPrscpCnt": "50",
            "lssnsTimeInfo": "\uc6d4 7A,7B,8A<br/>\uc218 7A,7B,8A",
            "lssnsRealTimeInfo": "\uc6d4 15:00 ~ 16:30<br/>\uc218 15:00 ~ 16:30",
            "prctsTime": "0",
            "doPlan": "Kor",
            "thryTime": "3",
            "totalPrfssNm": "\uac15\ub0a8\uc8fc",
            "mngetEstblYn": "N",
            "code": null,
            "crdit": "3",
            "expniSllbsYn": "N",
            "bldngSn": null,
            "bldngCd": null,
            "bldngNm": null,
            "lssnsLcttmUntcd": null,
            "sbjetSctcd2": null,
            "rmnmCd": "325",
            "isApi": null,
            "paging": false,
            "rowStatus": "R",
            "pageSort": null
        }
    ],
    "statusCode": 200
}