{
    "timestamp": "2022-04-28T23:14:32.465",
    "success": true,
    "code": null,
    "msg": null,
    "data": [
        {
            "rowIndex": 0,
            "success": false,
            "message": null,
            "pageSize": 100,
            "pageNum": 1,
            "lctreMthodNm": "\ub300\uba74",
            "lctrmInfo": "\ub18d\ub3001\ud638\uad00",
            "lctreLnggeSctcd": null,
            "crseNo": "ACHE0405-001",
            "estblUnivNm": "\ub18d\uc5c5\uc0dd\uba85\uacfc\ud559\ub300\ud559",
            "estblDprtnNm": "\uc751\uc6a9\uc0dd\uba85\uacfc\ud559\ubd80 \ud658\uacbd\uc0dd\uba85\ud654\ud559\uc804\uacf5",
            "estblYear": "2022",
            "estblDprtnCd": "170B04",
            "estblSmstrSctnm": "1\ud559\uae30",
            "estblSmstrSctcd": "CMBS001400001",
            "estblGrade": "4",
            "sbjetSctnm": "\uc804\uacf5",
            "sbjetNm": "\ube44\ub8cc\uc790\uc7ac\ud559",
            "sbjetDvnno": "001",
            "sbjetCd": "ACHE0405",
            "gubun": null,
            "pckgeRqstPssblYn": "Y",
            "pckgeRqstCnt": "5",
            "name": null,
            "rmrk": "(\ud55c\uad6d\uc5b4+\uc601\uc5b4)<br>",
            "appcrCnt": "5",
            "attlcPrscpCnt": "40",
            "lssnsTimeInfo": "\ud654 8B,9A,9B<br/>\ubaa9 8B,9A,9B",
            "lssnsRealTimeInfo": "\ud654 16:30 ~ 18:00<br/>\ubaa9 16:30 ~ 18:00",
            "prctsTime": "0",
            "doPlan": "Kor",
            "thryTime": "3",
            "totalPrfssNm": "\uac15\uc0c1\uc7ac",
            "mngetEstblYn": "Y",
            "code": null,
            "crdit": "3",
            "expniSllbsYn": "N",
            "bldngSn": null,
            "bldngCd": null,
            "bldngNm": null,
            "lssnsLcttmUntcd": null,
            "sbjetSctcd2": null,
            "rmnmCd": "402",
            "isApi": null,
            "paging": false,
            "rowStatus": "R",
            "pageSort": null
        },
        {
            "rowIndex": 0,
            "success": false,
            "message": null,
            "pageSize": 100,
            "pageNum": 1,
            "lctreMthodNm": "\ub300\uba74",
            "lctrmInfo": "\ub18d\ub3001\ud638\uad00",
            "lctreLnggeSctcd": null,
            "crseNo": "ACHE0474-001",
            "estblUnivNm": "\ub18d\uc5c5\uc0dd\uba85\uacfc\ud559\ub300\ud559",
            "estblDprtnNm": "\uc751\uc6a9\uc0dd\uba85\uacfc\ud559\ubd80 \ud658\uacbd\uc0dd\uba85\ud654\ud559\uc804\uacf5",
            "estblYear": "2022",
            "estblDprtnCd": "170B04",
            "estblSmstrSctnm": "1\ud559\uae30",
            "estblSmstrSctcd": "CMBS001400001",
            "estblGrade": "4",
            "sbjetSctnm": "\uc804\uacf5",
            "sbjetNm": "\ub18d\uc2dd\ud488\ud488\uc9c8\ud559",
            "sbjetDvnno": "001",
            "sbjetCd": "ACHE0474",
            "gubun": null,
            "pckgeRqstPssblYn": "Y",
            "pckgeRqstCnt": "10",
            "name": null,
            "rmrk": "(\uc601\uc5b4)<br>",
            "appcrCnt": "12",
            "attlcPrscpCnt": "40",
            "lssnsTimeInfo": "\uc6d4 7A,7B,8A<br/>\uc218 7A,7B,8A",
            "lssnsRealTimeInfo": "\uc6d4 15:00 ~ 16:30<br/>\uc218 15:00 ~ 16:30",
            "prctsTime": "0",
            "doPlan": "Eng",
            "thryTime": "3",
            "totalPrfssNm": "\ubc88\uce58 \ud76c\uc5f0",
            "mngetEstblYn": "Y",
            "code": null,
            "crdit": "3",
            "expniSllbsYn": "N",
            "bldngSn": null,
            "bldngCd": null,
            "bldngNm": null,
            "lssnsLcttmUntcd": null,
            "sbjetSctcd2": null,
            "rmnmCd": "403",
            "isApi": null,
            "paging": false,
            "rowStatus": "R",
            "pageSort": null
        },
        {
            "rowIndex": 0,
            "success": false,
            "message": null,
            "pageSize": 100,
            "pageNum": 1,
            "lctreMthodNm": "\ub300\uba74",
            "lctrmInfo": "\ub18d\ub3001\ud638\uad00",
            "lctreLnggeSctcd": null,
            "crseNo": "ACHE0467-001",
            "estblUnivNm": "\ub18d\uc5c5\uc0dd\uba85\uacfc\ud559\ub300\ud559",
            "estblDprtnNm": "\uc751\uc6a9\uc0dd\uba85\uacfc\ud559\ubd80 \ud658\uacbd\uc0dd\uba85\ud654\ud559\uc804\uacf5",
            "estblYear": "2022",
            "estblDprtnCd": "170B04",
            "estblSmstrSctnm": "1\ud559\uae30",
            "estblSmstrSctcd": "CMBS001400001",
            "estblGrade": "4",
            "sbjetSctnm": "\uc804\uacf5",
            "sbjetNm": "\ub18d\uc2dd\ud488\ud654\ud559\uc2e4\ud5d8",
            "sbjetDvnno": "001",
            "sbjetCd": "ACHE0467",
            "gubun": null,
            "pckgeRqstPssblYn": "Y",
            "pckgeRqstCnt": "16",
            "name": null,
            "rmrk": "(\uc601\uc5b4)<br>",
            "appcrCnt": "17",
            "attlcPrscpCnt": "30",
            "lssnsTimeInfo": "\uc218 10A,10B<br/>\uc218 11A,11B<br/>\uc218 12A,12B<br/>\uc218 13A,13B<br/>\uc218 9A,9B",
            "lssnsRealTimeInfo": "\uc218 18:00 ~ 19:00<br/>\uc218 19:00 ~ 20:00<br/>\uc218 20:00 ~ 21:00<br/>\uc218 21:00 ~ 22:00<br/>\uc218 17:00 ~ 18:00",
            "prctsTime": "4",
            "doPlan": "Eng",
            "thryTime": "1",
            "totalPrfssNm": "\ubc88\uce58 \ud76c\uc5f0",
            "mngetEstblYn": "Y",
            "code": null,
            "crdit": "3",
            "expniSllbsYn": "N",
            "bldngSn": null,
            "bldngCd": null,
            "bldngNm": null,
            "lssnsLcttmUntcd": null,
            "sbjetSctcd2": null,
            "rmnmCd": "317-1",
            "isApi": null,
            "paging": false,
            "rowStatus": "R",
            "pageSort": null
        },
        {
            "rowIndex": 0,
            "success": false,
            "message": null,
            "pageSize": 100,
            "pageNum": 1,
            "lctreMthodNm": "\ub300\uba74",
            "lctrmInfo": "\ub18d\ub3001\ud638\uad00",
            "lctreLnggeSctcd": null,
            "crseNo": "INDC0411-003",
            "estblUnivNm": "\ub18d\uc5c5\uc0dd\uba85\uacfc\ud559\ub300\ud559",
            "estblDprtnNm": "\uc751\uc6a9\uc0dd\uba85\uacfc\ud559\ubd80 \ud658\uacbd\uc0dd\uba85\ud654\ud559\uc804\uacf5",
            "estblYear": "2022",
            "estblDprtnCd": "170B04",
            "estblSmstrSctnm": "1\ud559\uae30",
            "estblSmstrSctcd": "CMBS001400001",
            "estblGrade": "2",
            "sbjetSctnm": "\uc804\uacf5",
            "sbjetNm": "\ud658\uacbd\ud654\ud559",
            "sbjetDvnno": "003",
            "sbjetCd": "INDC0411",
            "gubun": null,
            "pckgeRqstPssblYn": "Y",
            "pckgeRqstCnt": "13",
            "name": null,
            "rmrk": null,
            "appcrCnt": "12",
            "attlcPrscpCnt": "40",
            "lssnsTimeInfo": "\ud654 2B,3A,3B<br/>\ubaa9 2B,3A,3B",
            "lssnsRealTimeInfo": "\ud654 10:30 ~ 12:00<br/>\ubaa9 10:30 ~ 12:00",
            "prctsTime": "0",
            "doPlan": "Kor",
            "thryTime": "3",
            "totalPrfssNm": "\uae40\uc7a5\uc5b5",
            "mngetEstblYn": "Y",
            "code": null,
            "crdit": "3",
            "expniSllbsYn": "N",
            "bldngSn": null,
            "bldngCd": null,
            "bldngNm": null,
            "lssnsLcttmUntcd": null,
            "sbjetSctcd2": null,
            "rmnmCd": "402",
            "isApi": null,
            "paging": false,
            "rowStatus": "R",
            "pageSort": null
        },
        {
            "rowIndex": 0,
            "success": false,
            "message": null,
            "pageSize": 100,
            "pageNum": 1,
            "lctreMthodNm": "\ub300\uba74",
            "lctrmInfo": "\ub18d\ub3001\ud638\uad00",
            "lctreLnggeSctcd": null,
            "crseNo": "ACHE0422-001",
            "estblUnivNm": "\ub18d\uc5c5\uc0dd\uba85\uacfc\ud559\ub300\ud559",
            "estblDprtnNm": "\uc751\uc6a9\uc0dd\uba85\uacfc\ud559\ubd80 \ud658\uacbd\uc0dd\uba85\ud654\ud559\uc804\uacf5",
            "estblYear": "2022",
            "estblDprtnCd": "170B04",
            "estblSmstrSctnm": "1\ud559\uae30",
            "estblSmstrSctcd": "CMBS001400001",
            "estblGrade": "2",
            "sbjetSctnm": "\uc804\uacf5",
            "sbjetNm": "\uc0dd\uba85\ubb3c\ub9ac\ud654\ud559",
            "sbjetDvnno": "001",
            "sbjetCd": "ACHE0422",
            "gubun": null,
            "pckgeRqstPssblYn": "Y",
            "pckgeRqstCnt": "49",
            "name": null,
            "rmrk": "(\ud55c\uad6d\uc5b4+\uc601\uc5b4)<br>",
            "appcrCnt": "53",
            "attlcPrscpCnt": "40",
            "lssnsTimeInfo": "\uc6d4 5B,6A,6B<br/>\uc218 5B,6A,6B",
            "lssnsRealTimeInfo": "\uc6d4 13:30 ~ 15:00<br/>\uc218 13:30 ~ 15:00",
            "prctsTime": "0",
            "doPlan": "Kor",
            "thryTime": "3",
            "totalPrfssNm": "\uae40\uc6d0\ucc2c",
            "mngetEstblYn": "Y",
            "code": null,
            "crdit": "3",
            "expniSllbsYn": "N",
            "bldngSn": null,
            "bldngCd": null,
            "bldngNm": null,
            "lssnsLcttmUntcd": null,
            "sbjetSctcd2": null,
            "rmnmCd": "402",
            "isApi": null,
            "paging": false,
            "rowStatus": "R",
            "pageSort": null
        },
        {
            "rowIndex": 0,
            "success": false,
            "message": null,
            "pageSize": 100,
            "pageNum": 1,
            "lctreMthodNm": "\ub300\uba74",
            "lctrmInfo": "\ub18d\ub3001\ud638\uad00",
            "lctreLnggeSctcd": null,
            "crseNo": "ACHE0451-001",
            "estblUnivNm": "\ub18d\uc5c5\uc0dd\uba85\uacfc\ud559\ub300\ud559",
            "estblDprtnNm": "\uc751\uc6a9\uc0dd\uba85\uacfc\ud559\ubd80 \ud658\uacbd\uc0dd\uba85\ud654\ud559\uc804\uacf5",
            "estblYear": "2022",
            "estblDprtnCd": "170B04",
            "estblSmstrSctnm": "1\ud559\uae30",
            "estblSmstrSctcd": "CMBS001400001",
            "estblGrade": "3",
            "sbjetSctnm": "\uc804\uacf5",
            "sbjetNm": "\ub18d\uc57d\ud559",
            "sbjetDvnno": "001",
            "sbjetCd": "ACHE0451",
            "gubun": null,
            "pckgeRqstPssblYn": "Y",
            "pckgeRqstCnt": "19",
            "name": null,
            "rmrk": null,
            "appcrCnt": "27",
            "attlcPrscpCnt": "40",
            "lssnsTimeInfo": "\ud654 1A,1B,2A<br/>\ubaa9 1A,1B,2A",
            "lssnsRealTimeInfo": "\ud654 09:00 ~ 10:30<br/>\ubaa9 09:00 ~ 10:30",
            "prctsTime": "0",
            "doPlan": "Kor",
            "thryTime": "3",
            "totalPrfssNm": "\uae40\uc7a5\uc5b5<br/>\uc774\uc0c1\ud611",
            "mngetEstblYn": "Y",
            "code": null,
            "crdit": "3",
            "expniSllbsYn": "N",
            "bldngSn": null,
            "bldngCd": null,
            "bldngNm": null,
            "lssnsLcttmUntcd": null,
            "sbjetSctcd2": null,
            "rmnmCd": "402",
            "isApi": null,
            "paging": false,
            "rowStatus": "R",
            "pageSort": null
        },
        {
            "rowIndex": 0,
            "success": false,
            "message": null,
            "pageSize": 100,
            "pageNum": 1,
            "lctreMthodNm": "\ub300\uba74",
            "lctrmInfo": "\ub18d\ub3001\ud638\uad00",
            "lctreLnggeSctcd": null,
            "crseNo": "ACHE0461-001",
            "estblUnivNm": "\ub18d\uc5c5\uc0dd\uba85\uacfc\ud559\ub300\ud559",
            "estblDprtnNm": "\uc751\uc6a9\uc0dd\uba85\uacfc\ud559\ubd80 \ud658\uacbd\uc0dd\uba85\ud654\ud559\uc804\uacf5",
            "estblYear": "2022",
            "estblDprtnCd": "170B04",
            "estblSmstrSctnm": "1\ud559\uae30",
            "estblSmstrSctcd": "CMBS001400001",
            "estblGrade": "3",
            "sbjetSctnm": "\uc804\uacf5",
            "sbjetNm": "\uc751\uc6a9\ud1a0\uc591\ud559",
            "sbjetDvnno": "001",
            "sbjetCd": "ACHE0461",
            "gubun": null,
            "pckgeRqstPssblYn": "Y",
            "pckgeRqstCnt": "4",
            "name": null,
            "rmrk": "(\ud55c\uad6d\uc5b4+\uc601\uc5b4)<br>",
            "appcrCnt": "10",
            "attlcPrscpCnt": "40",
            "lssnsTimeInfo": "\uc6d4 5B,6A,6B<br/>\uc218 5B,6A,6B",
            "lssnsRealTimeInfo": "\uc6d4 13:30 ~ 15:00<br/>\uc218 13:30 ~ 15:00",
            "prctsTime": "0",
            "doPlan": "Kor",
            "thryTime": "3",
            "totalPrfssNm": "\uae40\uc900\ud615",
            "mngetEstblYn": "Y",
            "code": null,
            "crdit": "3",
            "expniSllbsYn": "N",
            "bldngSn": null,
            "bldngCd": null,
            "bldngNm": null,
            "lssnsLcttmUntcd": null,
            "sbjetSctcd2": null,
            "rmnmCd": "403",
            "isApi": null,
            "paging": false,
            "rowStatus": "R",
            "pageSort": null
        },
        {
            "rowIndex": 0,
            "success": false,
            "message": null,
            "pageSize": 100,
            "pageNum": 1,
            "lctreMthodNm": "\ub300\uba74",
            "lctrmInfo": "\ub18d\ub3001\ud638\uad00",
            "lctreLnggeSctcd": null,
            "crseNo": "ACHE0463-001",
            "estblUnivNm": "\ub18d\uc5c5\uc0dd\uba85\uacfc\ud559\ub300\ud559",
            "estblDprtnNm": "\uc751\uc6a9\uc0dd\uba85\uacfc\ud559\ubd80 \ud658\uacbd\uc0dd\uba85\ud654\ud559\uc804\uacf5",
            "estblYear": "2022",
            "estblDprtnCd": "170B04",
            "estblSmstrSctnm": "1\ud559\uae30",
            "estblSmstrSctcd": "CMBS001400001",
            "estblGrade": "3",
            "sbjetSctnm": "\uc804\uacf5",
            "sbjetNm": "\uc2dd\ubb3c \u00b7 \ud1a0\uc591\ud654\ud559\uc2e4\ud5d8",
            "sbjetDvnno": "001",
            "sbjetCd": "ACHE0463",
            "gubun": null,
            "pckgeRqstPssblYn": "Y",
            "pckgeRqstCnt": "15",
            "name": null,
            "rmrk": null,
            "appcrCnt": "17",
            "attlcPrscpCnt": "30",
            "lssnsTimeInfo": "\ubaa9 10A,10B<br/>\ubaa9 11A,11B<br/>\ubaa9 12A,12B<br/>\ubaa9 13A,13B<br/>\ubaa9 9A,9B",
            "lssnsRealTimeInfo": "\ubaa9 18:00 ~ 19:00<br/>\ubaa9 19:00 ~ 20:00<br/>\ubaa9 20:00 ~ 21:00<br/>\ubaa9 21:00 ~ 22:00<br/>\ubaa9 17:00 ~ 18:00",
            "prctsTime": "4",
            "doPlan": "Kor",
            "thryTime": "1",
            "totalPrfssNm": "\uae40\uc900\ud615<br/>\uc774\uc0c1\ub9cc",
            "mngetEstblYn": "Y",
            "code": null,
            "crdit": "3",
            "expniSllbsYn": "N",
            "bldngSn": null,
            "bldngCd": null,
            "bldngNm": null,
            "lssnsLcttmUntcd": null,
            "sbjetSctcd2": null,
            "rmnmCd": "317-1",
            "isApi": null,
            "paging": false,
            "rowStatus": "R",
            "pageSort": null
        },
        {
            "rowIndex": 0,
            "success": false,
            "message": null,
            "pageSize": 100,
            "pageNum": 1,
            "lctreMthodNm": "\ub300\uba74",
            "lctrmInfo": "\ub18d\ub3001\ud638\uad00",
            "lctreLnggeSctcd": null,
            "crseNo": "ACHE0469-001",
            "estblUnivNm": "\ub18d\uc5c5\uc0dd\uba85\uacfc\ud559\ub300\ud559",
            "estblDprtnNm": "\uc751\uc6a9\uc0dd\uba85\uacfc\ud559\ubd80 \ud658\uacbd\uc0dd\uba85\ud654\ud559\uc804\uacf5",
            "estblYear": "2022",
            "estblDprtnCd": "170B04",
            "estblSmstrSctnm": "1\ud559\uae30",
            "estblSmstrSctcd": "CMBS001400001",
            "estblGrade": "2",
            "sbjetSctnm": "\uc804\uacf5",
            "sbjetNm": "\uae30\uae30 \u00b7 \ubd84\uc11d\ud654\ud559",
            "sbjetDvnno": "001",
            "sbjetCd": "ACHE0469",
            "gubun": null,
            "pckgeRqstPssblYn": "Y",
            "pckgeRqstCnt": "10",
            "name": null,
            "rmrk": "(\ud55c\uad6d\uc5b4+\uc601\uc5b4)<br>",
            "appcrCnt": "9",
            "attlcPrscpCnt": "40",
            "lssnsTimeInfo": "\uc6d4 8B,9A,9B<br/>\uc218 8B,9A,9B",
            "lssnsRealTimeInfo": "\uc6d4 16:30 ~ 18:00<br/>\uc218 16:30 ~ 18:00",
            "prctsTime": "0",
            "doPlan": "Kor",
            "thryTime": "3",
            "totalPrfssNm": "\uac15\uc0c1\uc7ac",
            "mngetEstblYn": "Y",
            "code": null,
            "crdit": "3",
            "expniSllbsYn": "N",
            "bldngSn": null,
            "bldngCd": null,
            "bldngNm": null,
            "lssnsLcttmUntcd": null,
            "sbjetSctcd2": null,
            "rmnmCd": "402",
            "isApi": null,
            "paging": false,
            "rowStatus": "R",
            "pageSort": null
        },
        {
            "rowIndex": 0,
            "success": false,
            "message": null,
            "pageSize": 100,
            "pageNum": 1,
            "lctreMthodNm": "\ub300\uba74",
            "lctrmInfo": "\ub18d\ub3001\ud638\uad00",
            "lctreLnggeSctcd": null,
            "crseNo": "BIIN0214-001",
            "estblUnivNm": "\ub18d\uc5c5\uc0dd\uba85\uacfc\ud559\ub300\ud559",
            "estblDprtnNm": "\uc751\uc6a9\uc0dd\uba85\uacfc\ud559\ubd80 \ud658\uacbd\uc0dd\uba85\ud654\ud559\uc804\uacf5",
            "estblYear": "2022",
            "estblDprtnCd": "170B04",
            "estblSmstrSctnm": "1\ud559\uae30",
            "estblSmstrSctcd": "CMBS001400001",
            "estblGrade": "4",
            "sbjetSctnm": "\uc804\uacf5",
            "sbjetNm": "\ub18d\uc2dd\ud488\uc720\ud574\ubb3c\uc9c8\uc815\ubcf4\ud559",
            "sbjetDvnno": "001",
            "sbjetCd": "BIIN0214",
            "gubun": null,
            "pckgeRqstPssblYn": "Y",
            "pckgeRqstCnt": "20",
            "name": null,
            "rmrk": "\uc2e0\uaddc\uac15\uc0ac 1.5\ud559\uc810 \ub2f4\ub2f9\uc608\uc815",
            "appcrCnt": "21",
            "attlcPrscpCnt": "40",
            "lssnsTimeInfo": "\ud654 7A,7B,8A<br/>\ubaa9 7A,7B,8A",
            "lssnsRealTimeInfo": "\ud654 15:00 ~ 16:30<br/>\ubaa9 15:00 ~ 16:30",
            "prctsTime": "0",
            "doPlan": "Kor",
            "thryTime": "3",
            "totalPrfssNm": "\uae40\uacbd\ub0a8<br/>\uc774\uc0c1\ud611",
            "mngetEstblYn": "Y",
            "code": null,
            "crdit": "3",
            "expniSllbsYn": "N",
            "bldngSn": null,
            "bldngCd": null,
            "bldngNm": null,
            "lssnsLcttmUntcd": null,
            "sbjetSctcd2": null,
            "rmnmCd": "401",
            "isApi": null,
            "paging": false,
            "rowStatus": "R",
            "pageSort": null
        },
        {
            "rowIndex": 0,
            "success": false,
            "message": null,
            "pageSize": 100,
            "pageNum": 1,
            "lctreMthodNm": "\ub300\uba74",
            "lctrmInfo": "\ub18d\ub3001\ud638\uad00",
            "lctreLnggeSctcd": null,
            "crseNo": "ACHE0391-002",
            "estblUnivNm": "\ub18d\uc5c5\uc0dd\uba85\uacfc\ud559\ub300\ud559",
            "estblDprtnNm": "\uc751\uc6a9\uc0dd\uba85\uacfc\ud559\ubd80 \ud658\uacbd\uc0dd\uba85\ud654\ud559\uc804\uacf5",
            "estblYear": "2022",
            "estblDprtnCd": "170B04",
            "estblSmstrSctnm": "1\ud559\uae30",
            "estblSmstrSctcd": "CMBS001400001",
            "estblGrade": "2",
            "sbjetSctnm": "\uc804\uacf5",
            "sbjetNm": "\uae30\ucd08\uc720\uae30\ud654\ud559",
            "sbjetDvnno": "002",
            "sbjetCd": "ACHE0391",
            "gubun": null,
            "pckgeRqstPssblYn": "Y",
            "pckgeRqstCnt": "55",
            "name": null,
            "rmrk": "(\uc601\uc5b4)<br>",
            "appcrCnt": "48",
            "attlcPrscpCnt": "40",
            "lssnsTimeInfo": "\ud654 5B,6A,6B<br/>\ubaa9 5B,6A,6B",
            "lssnsRealTimeInfo": "\ud654 13:30 ~ 15:00<br/>\ubaa9 13:30 ~ 15:00",
            "prctsTime": "0",
            "doPlan": "Eng",
            "thryTime": "3",
            "totalPrfssNm": "\uc774\uc131\uc740",
            "mngetEstblYn": "Y",
            "code": null,
            "crdit": "3",
            "expniSllbsYn": "N",
            "bldngSn": null,
            "bldngCd": null,
            "bldngNm": null,
            "lssnsLcttmUntcd": null,
            "sbjetSctcd2": null,
            "rmnmCd": "402",
            "isApi": null,
            "paging": false,
            "rowStatus": "R",
            "pageSort": null
        },
        {
            "rowIndex": 0,
            "success": false,
            "message": null,
            "pageSize": 100,
            "pageNum": 1,
            "lctreMthodNm": "\ub300\uba74",
            "lctrmInfo": "\ub18d\ub3001\ud638\uad00",
            "lctreLnggeSctcd": null,
            "crseNo": "BIIN0213-001",
            "estblUnivNm": "\ub18d\uc5c5\uc0dd\uba85\uacfc\ud559\ub300\ud559",
            "estblDprtnNm": "\uc751\uc6a9\uc0dd\uba85\uacfc\ud559\ubd80 \ud658\uacbd\uc0dd\uba85\ud654\ud559\uc804\uacf5",
            "estblYear": "2022",
            "estblDprtnCd": "170B04",
            "estblSmstrSctnm": "1\ud559\uae30",
            "estblSmstrSctcd": "CMBS001400001",
            "estblGrade": "4",
            "sbjetSctnm": "\uc804\uacf5",
            "sbjetNm": "\uc0dd\ubb3c\uc815\ubcf4\ud559\uc2e4\uc2b5",
            "sbjetDvnno": "001",
            "sbjetCd": "BIIN0213",
            "gubun": null,
            "pckgeRqstPssblYn": "Y",
            "pckgeRqstCnt": "19",
            "name": null,
            "rmrk": null,
            "appcrCnt": "23",
            "attlcPrscpCnt": "30",
            "lssnsTimeInfo": "\uc6d4 10A,10B<br/>\uc6d4 11A,11B<br/>\uc6d4 12A,12B<br/>\uc6d4 13A,13B<br/>\uc6d4 9A,9B",
            "lssnsRealTimeInfo": "\uc6d4 18:00 ~ 19:00<br/>\uc6d4 19:00 ~ 20:00<br/>\uc6d4 20:00 ~ 21:00<br/>\uc6d4 21:00 ~ 22:00<br/>\uc6d4 17:00 ~ 18:00",
            "prctsTime": "4",
            "doPlan": "Kor",
            "thryTime": "1",
            "totalPrfssNm": "\ubc15\uc601\uc900",
            "mngetEstblYn": "Y",
            "code": null,
            "crdit": "3",
            "expniSllbsYn": "N",
            "bldngSn": null,
            "bldngCd": null,
            "bldngNm": null,
            "lssnsLcttmUntcd": null,
            "sbjetSctcd2": null,
            "rmnmCd": "101",
            "isApi": null,
            "paging": false,
            "rowStatus": "R",
            "pageSort": null
        },
        {
            "rowIndex": 0,
            "success": false,
            "message": null,
            "pageSize": 100,
            "pageNum": 1,
            "lctreMthodNm": "\ub300\uba74",
            "lctrmInfo": "\ub18d\ub3001\ud638\uad00",
            "lctreLnggeSctcd": null,
            "crseNo": "ACHE0468-001",
            "estblUnivNm": "\ub18d\uc5c5\uc0dd\uba85\uacfc\ud559\ub300\ud559",
            "estblDprtnNm": "\uc751\uc6a9\uc0dd\uba85\uacfc\ud559\ubd80 \ud658\uacbd\uc0dd\uba85\ud654\ud559\uc804\uacf5",
            "estblYear": "2022",
            "estblDprtnCd": "170B04",
            "estblSmstrSctnm": "1\ud559\uae30",
            "estblSmstrSctcd": "CMBS001400001",
            "estblGrade": "2",
            "sbjetSctnm": "\uc804\uacf5",
            "sbjetNm": "\uc751\uc6a9\uc0dd\uba85\ud654\ud559",
            "sbjetDvnno": "001",
            "sbjetCd": "ACHE0468",
            "gubun": null,
            "pckgeRqstPssblYn": "Y",
            "pckgeRqstCnt": "31",
            "name": null,
            "rmrk": "(\ud55c\uad6d\uc5b4+\uc601\uc5b4)<br>",
            "appcrCnt": "42",
            "attlcPrscpCnt": "40",
            "lssnsTimeInfo": "\ud654 7A,7B,8A<br/>\ubaa9 7A,7B,8A",
            "lssnsRealTimeInfo": "\ud654 15:00 ~ 16:30<br/>\ubaa9 15:00 ~ 16:30",
            "prctsTime": "0",
            "doPlan": "Kor",
            "thryTime": "3",
            "totalPrfssNm": "\ubc88\uce58 \ud76c\uc5f0<br/>\uc774\uc0c1\ub9cc",
            "mngetEstblYn": "Y",
            "code": null,
            "crdit": "3",
            "expniSllbsYn": "N",
            "bldngSn": null,
            "bldngCd": null,
            "bldngNm": null,
            "lssnsLcttmUntcd": null,
            "sbjetSctcd2": null,
            "rmnmCd": "402",
            "isApi": null,
            "paging": false,
            "rowStatus": "R",
            "pageSort": null
        },
        {
            "rowIndex": 0,
            "success": false,
            "message": null,
            "pageSize": 100,
            "pageNum": 1,
            "lctreMthodNm": "\ub300\uba74",
            "lctrmInfo": "\ub18d\ub3001\ud638\uad00",
            "lctreLnggeSctcd": null,
            "crseNo": "ACHE0476-001",
            "estblUnivNm": "\ub18d\uc5c5\uc0dd\uba85\uacfc\ud559\ub300\ud559",
            "estblDprtnNm": "\uc751\uc6a9\uc0dd\uba85\uacfc\ud559\ubd80 \ud658\uacbd\uc0dd\uba85\ud654\ud559\uc804\uacf5",
            "estblYear": "2022",
            "estblDprtnCd": "170B04",
            "estblSmstrSctnm": "1\ud559\uae30",
            "estblSmstrSctcd": "CMBS001400001",
            "estblGrade": "3",
            "sbjetSctnm": "\uc804\uacf5",
            "sbjetNm": "\ucd5c\uc2e0\ubbf8\uc0dd\ubb3c\ud559",
            "sbjetDvnno": "001",
            "sbjetCd": "ACHE0476",
            "gubun": null,
            "pckgeRqstPssblYn": "Y",
            "pckgeRqstCnt": "41",
            "name": null,
            "rmrk": "(\ud55c\uad6d\uc5b4+\uc601\uc5b4)<br>",
            "appcrCnt": "56",
            "attlcPrscpCnt": "60",
            "lssnsTimeInfo": "\ud654 2B,3A,3B<br/>\ubaa9 2B,3A,3B",
            "lssnsRealTimeInfo": "\ud654 10:30 ~ 12:00<br/>\ubaa9 10:30 ~ 12:00",
            "prctsTime": "0",
            "doPlan": "Kor",
            "thryTime": "3",
            "totalPrfssNm": "\uc2e0\uc7ac\ud638",
            "mngetEstblYn": "Y",
            "code": null,
            "crdit": "3",
            "expniSllbsYn": "N",
            "bldngSn": null,
            "bldngCd": null,
            "bldngNm": null,
            "lssnsLcttmUntcd": null,
            "sbjetSctcd2": null,
            "rmnmCd": "403",
            "isApi": null,
            "paging": false,
            "rowStatus": "R",
            "pageSort": null
        },
        {
            "rowIndex": 0,
            "success": false,
            "message": null,
            "pageSize": 100,
            "pageNum": 1,
            "lctreMthodNm": "\ub300\uba74",
            "lctrmInfo": "\ub18d\ub3001\ud638\uad00",
            "lctreLnggeSctcd": null,
            "crseNo": "ACHE0470-001",
            "estblUnivNm": "\ub18d\uc5c5\uc0dd\uba85\uacfc\ud559\ub300\ud559",
            "estblDprtnNm": "\uc751\uc6a9\uc0dd\uba85\uacfc\ud559\ubd80 \ud658\uacbd\uc0dd\uba85\ud654\ud559\uc804\uacf5",
            "estblYear": "2022",
            "estblDprtnCd": "170B04",
            "estblSmstrSctnm": "1\ud559\uae30",
            "estblSmstrSctcd": "CMBS001400001",
            "estblGrade": "2",
            "sbjetSctnm": "\uc804\uacf5",
            "sbjetNm": "\ubd84\uc11d \u00b7 \uc720\uae30\ud654\ud559\uc2e4\ud5d8",
            "sbjetDvnno": "001",
            "sbjetCd": "ACHE0470",
            "gubun": null,
            "pckgeRqstPssblYn": "Y",
            "pckgeRqstCnt": "38",
            "name": null,
            "rmrk": "\uc2e0\uaddc\uac15\uc0ac \ub2f4\ub2f9 \uc608\uc815",
            "appcrCnt": "36",
            "attlcPrscpCnt": "30",
            "lssnsTimeInfo": "\ud654 10A,10B<br/>\ud654 11A,11B<br/>\ud654 12A,12B<br/>\ud654 13A,13B<br/>\ud654 9A,9B",
            "lssnsRealTimeInfo": "\ud654 18:00 ~ 19:00<br/>\ud654 19:00 ~ 20:00<br/>\ud654 20:00 ~ 21:00<br/>\ud654 21:00 ~ 22:00<br/>\ud654 17:00 ~ 18:00",
            "prctsTime": "4",
            "doPlan": "Kor",
            "thryTime": "1",
            "totalPrfssNm": "\uae40\uacbd\ub0a8",
            "mngetEstblYn": "Y",
            "code": null,
            "crdit": "3",
            "expniSllbsYn": "N",
            "bldngSn": null,
            "bldngCd": null,
            "bldngNm": null,
            "lssnsLcttmUntcd": null,
            "sbjetSctcd2": null,
            "rmnmCd": "317-1",
            "isApi": null,
            "paging": false,
            "rowStatus": "R",
            "pageSort": null
        },
        {
            "rowIndex": 0,
            "success": false,
            "message": null,
            "pageSize": 100,
            "pageNum": 1,
            "lctreMthodNm": "\ub300\uba74",
            "lctrmInfo": "\ub18d\ub3001\ud638\uad00",
            "lctreLnggeSctcd": null,
            "crseNo": "ACHE0631-001",
            "estblUnivNm": "\ub18d\uc5c5\uc0dd\uba85\uacfc\ud559\ub300\ud559",
            "estblDprtnNm": "\uc751\uc6a9\uc0dd\uba85\uacfc\ud559\ubd80 \ud658\uacbd\uc0dd\uba85\ud654\ud559\uc804\uacf5",
            "estblYear": "2022",
            "estblDprtnCd": "170B04",
            "estblSmstrSctnm": "1\ud559\uae30",
            "estblSmstrSctcd": "CMBS001400001",
            "estblGrade": "3",
            "sbjetSctnm": "\uc804\uacf5",
            "sbjetNm": "\ubd84\uc790\uc0dd\ubb3c\ud559",
            "sbjetDvnno": "001",
            "sbjetCd": "ACHE0631",
            "gubun": null,
            "pckgeRqstPssblYn": "Y",
            "pckgeRqstCnt": "36",
            "name": null,
            "rmrk": "(\ud55c\uad6d\uc5b4+\uc601\uc5b4)<br>",
            "appcrCnt": "44",
            "attlcPrscpCnt": "40",
            "lssnsTimeInfo": "\uc6d4 7A,7B,8A<br/>\uc218 7A,7B,8A",
            "lssnsRealTimeInfo": "\uc6d4 15:00 ~ 16:30<br/>\uc218 15:00 ~ 16:30",
            "prctsTime": "0",
            "doPlan": "Kor",
            "thryTime": "3",
            "totalPrfssNm": "\uc774\uc0c1\ub9cc",
            "mngetEstblYn": "Y",
            "code": null,
            "crdit": "3",
            "expniSllbsYn": "Y",
            "bldngSn": null,
            "bldngCd": null,
            "bldngNm": null,
            "lssnsLcttmUntcd": null,
            "sbjetSctcd2": null,
            "rmnmCd": "402",
            "isApi": null,
            "paging": false,
            "rowStatus": "R",
            "pageSort": null
        },
        {
            "rowIndex": 0,
            "success": false,
            "message": null,
            "pageSize": 100,
            "pageNum": 1,
            "lctreMthodNm": "\ub300\uba74",
            "lctrmInfo": "\ub18d\ub3004\ud638\uad00",
            "lctreLnggeSctcd": null,
            "crseNo": "BIIN0211-001",
            "estblUnivNm": "\ub18d\uc5c5\uc0dd\uba85\uacfc\ud559\ub300\ud559",
            "estblDprtnNm": "\uc751\uc6a9\uc0dd\uba85\uacfc\ud559\ubd80 \ud658\uacbd\uc0dd\uba85\ud654\ud559\uc804\uacf5",
            "estblYear": "2022",
            "estblDprtnCd": "170B04",
            "estblSmstrSctnm": "1\ud559\uae30",
            "estblSmstrSctcd": "CMBS001400001",
            "estblGrade": "3",
            "sbjetSctnm": "\uc804\uacf5",
            "sbjetNm": "\uc720\uc804\uacf5\ud559\uc758 \uae30\ucd08",
            "sbjetDvnno": "001",
            "sbjetCd": "BIIN0211",
            "gubun": null,
            "pckgeRqstPssblYn": "Y",
            "pckgeRqstCnt": "49",
            "name": null,
            "rmrk": "(\ud55c\uad6d\uc5b4+\uc601\uc5b4)<br>",
            "appcrCnt": "65",
            "attlcPrscpCnt": "60",
            "lssnsTimeInfo": "\uc6d4 2B,3A,3B<br/>\uc218 2B,3A,3B",
            "lssnsRealTimeInfo": "\uc6d4 10:30 ~ 12:00<br/>\uc218 10:30 ~ 12:00",
            "prctsTime": "0",
            "doPlan": "Kor",
            "thryTime": "3",
            "totalPrfssNm": "\uc2e0\uc7ac\ud638",
            "mngetEstblYn": "Y",
            "code": null,
            "crdit": "3",
            "expniSllbsYn": "N",
            "bldngSn": null,
            "bldngCd": null,
            "bldngNm": null,
            "lssnsLcttmUntcd": null,
            "sbjetSctcd2": null,
            "rmnmCd": "302",
            "isApi": null,
            "paging": false,
            "rowStatus": "R",
            "pageSort": null
        },
        {
            "rowIndex": 0,
            "success": false,
            "message": null,
            "pageSize": 100,
            "pageNum": 1,
            "lctreMthodNm": "\ub300\uba74",
            "lctrmInfo": "\ub18d\ub3001\ud638\uad00",
            "lctreLnggeSctcd": null,
            "crseNo": "ACHE0431-001",
            "estblUnivNm": "\ub18d\uc5c5\uc0dd\uba85\uacfc\ud559\ub300\ud559",
            "estblDprtnNm": "\uc751\uc6a9\uc0dd\uba85\uacfc\ud559\ubd80 \ud658\uacbd\uc0dd\uba85\ud654\ud559\uc804\uacf5",
            "estblYear": "2022",
            "estblDprtnCd": "170B04",
            "estblSmstrSctnm": "1\ud559\uae30",
            "estblSmstrSctcd": "CMBS001400001",
            "estblGrade": "3",
            "sbjetSctnm": "\uc804\uacf5",
            "sbjetNm": "\uc751\uc6a9\uc0dd\ud654\ud559",
            "sbjetDvnno": "001",
            "sbjetCd": "ACHE0431",
            "gubun": null,
            "pckgeRqstPssblYn": "Y",
            "pckgeRqstCnt": "14",
            "name": null,
            "rmrk": "(\ud55c\uad6d\uc5b4+\uc601\uc5b4)<br>",
            "appcrCnt": "18",
            "attlcPrscpCnt": "40",
            "lssnsTimeInfo": "\ud654 8B,9A,9B<br/>\ubaa9 8B,9A,9B",
            "lssnsRealTimeInfo": "\ud654 16:30 ~ 18:00<br/>\ubaa9 16:30 ~ 18:00",
            "prctsTime": "0",
            "doPlan": "Kor",
            "thryTime": "3",
            "totalPrfssNm": "\uae40\uc6d0\ucc2c",
            "mngetEstblYn": "Y",
            "code": null,
            "crdit": "3",
            "expniSllbsYn": "N",
            "bldngSn": null,
            "bldngCd": null,
            "bldngNm": null,
            "lssnsLcttmUntcd": null,
            "sbjetSctcd2": null,
            "rmnmCd": "403",
            "isApi": null,
            "paging": false,
            "rowStatus": "R",
            "pageSort": null
        },
        {
            "rowIndex": 0,
            "success": false,
            "message": null,
            "pageSize": 100,
            "pageNum": 1,
            "lctreMthodNm": "\ub300\uba74",
            "lctrmInfo": "\ub18d\ub3001\ud638\uad00",
            "lctreLnggeSctcd": null,
            "crseNo": "ACHE0406-001",
            "estblUnivNm": "\ub18d\uc5c5\uc0dd\uba85\uacfc\ud559\ub300\ud559",
            "estblDprtnNm": "\uc751\uc6a9\uc0dd\uba85\uacfc\ud559\ubd80 \ud658\uacbd\uc0dd\uba85\ud654\ud559\uc804\uacf5",
            "estblYear": "2022",
            "estblDprtnCd": "170B04",
            "estblSmstrSctnm": "1\ud559\uae30",
            "estblSmstrSctcd": "CMBS001400001",
            "estblGrade": "4",
            "sbjetSctnm": "\uc804\uacf5",
            "sbjetNm": "\ud658\uacbd\uc0dd\uba85\ud654\ud559\uc5f0\uc2b51",
            "sbjetDvnno": "001",
            "sbjetCd": "ACHE0406",
            "gubun": null,
            "pckgeRqstPssblYn": "Y",
            "pckgeRqstCnt": "7",
            "name": null,
            "rmrk": null,
            "appcrCnt": "7",
            "attlcPrscpCnt": "30",
            "lssnsTimeInfo": "\uae08 2A,2B<br/>\uae08 3A,3B",
            "lssnsRealTimeInfo": "\uae08 10:00 ~ 11:00<br/>\uae08 11:00 ~ 12:00",
            "prctsTime": "2",
            "doPlan": "Kor",
            "thryTime": "0",
            "totalPrfssNm": "\uc2e0\uc7ac\ud638",
            "mngetEstblYn": "Y",
            "code": null,
            "crdit": "1",
            "expniSllbsYn": "N",
            "bldngSn": null,
            "bldngCd": null,
            "bldngNm": null,
            "lssnsLcttmUntcd": null,
            "sbjetSctcd2": null,
            "rmnmCd": "402",
            "isApi": null,
            "paging": false,
            "rowStatus": "R",
            "pageSort": null
        }
    ],
    "statusCode": 200
}