{
    "timestamp": "2022-04-28T23:14:28.967",
    "success": true,
    "code": null,
    "msg": null,
    "data": [
        {
            "rowIndex": 0,
            "success": false,
            "message": null,
            "pageSize": 100,
            "pageNum": 1,
            "lctreMthodNm": "\ub300\uba74",
            "lctrmInfo": "\ub18d\ub3004\ud638\uad00",
            "lctreLnggeSctcd": null,
            "crseNo": "DPBS0409-001",
            "estblUnivNm": "\ub18d\uc5c5\uc0dd\uba85\uacfc\ud559\ub300\ud559",
            "estblDprtnNm": "\uc751\uc6a9\uc0dd\uba85\uacfc\ud559\ubd80 \uc2dd\ubb3c\uc0dd\uba85\uacfc\ud559\uc804\uacf5",
            "estblYear": "2022",
            "estblDprtnCd": "170B01",
            "estblSmstrSctnm": "1\ud559\uae30",
            "estblSmstrSctcd": "CMBS001400001",
            "estblGrade": "4",
            "sbjetSctnm": "\uc804\uacf5",
            "sbjetNm": "\uc0dd\uba85\uae30\uc220\uc0b0\uc5c5\ud559",
            "sbjetDvnno": "001",
            "sbjetCd": "DPBS0409",
            "gubun": null,
            "pckgeRqstPssblYn": "Y",
            "pckgeRqstCnt": "30",
            "name": null,
            "rmrk": "(\uc601\uc5b4)<br>",
            "appcrCnt": "29",
            "attlcPrscpCnt": "30",
            "lssnsTimeInfo": "\uc6d4 7A,7B,8A<br/>\uc218 7A,7B,8A",
            "lssnsRealTimeInfo": "\uc6d4 15:00 ~ 16:30<br/>\uc218 15:00 ~ 16:30",
            "prctsTime": "0",
            "doPlan": "Eng",
            "thryTime": "3",
            "totalPrfssNm": "\uc724\ubcd1\uc6b1",
            "mngetEstblYn": "Y",
            "code": null,
            "crdit": "3",
            "expniSllbsYn": "N",
            "bldngSn": null,
            "bldngCd": null,
            "bldngNm": null,
            "lssnsLcttmUntcd": null,
            "sbjetSctcd2": null,
            "rmnmCd": "302",
            "isApi": null,
            "paging": false,
            "rowStatus": "R",
            "pageSort": null
        },
        {
            "rowIndex": 0,
            "success": false,
            "message": null,
            "pageSize": 100,
            "pageNum": 1,
            "lctreMthodNm": "\ub300\uba74",
            "lctrmInfo": "\ub18d\ub3004\ud638\uad00",
            "lctreLnggeSctcd": null,
            "crseNo": "AGRO0435-001",
            "estblUnivNm": "\ub18d\uc5c5\uc0dd\uba85\uacfc\ud559\ub300\ud559",
            "estblDprtnNm": "\uc751\uc6a9\uc0dd\uba85\uacfc\ud559\ubd80 \uc2dd\ubb3c\uc0dd\uba85\uacfc\ud559\uc804\uacf5",
            "estblYear": "2022",
            "estblDprtnCd": "170B01",
            "estblSmstrSctnm": "1\ud559\uae30",
            "estblSmstrSctcd": "CMBS001400001",
            "estblGrade": "3",
            "sbjetSctnm": "\uc804\uacf5",
            "sbjetNm": "\uc7a1\ucd08\ubc29\uc81c\ud559\ubc0f\uc2e4\ud5d8",
            "sbjetDvnno": "001",
            "sbjetCd": "AGRO0435",
            "gubun": null,
            "pckgeRqstPssblYn": "Y",
            "pckgeRqstCnt": "12",
            "name": null,
            "rmrk": null,
            "appcrCnt": "16",
            "attlcPrscpCnt": "30",
            "lssnsTimeInfo": "\uae08 1A,1B<br/>\uae08 2A,2B<br/>\uae08 3A,3B<br/>\uae08 4A,4B",
            "lssnsRealTimeInfo": "\uae08 09:00 ~ 10:00<br/>\uae08 10:00 ~ 11:00<br/>\uae08 11:00 ~ 12:00<br/>\uae08 12:00 ~ 13:00",
            "prctsTime": "2",
            "doPlan": "Kor",
            "thryTime": "2",
            "totalPrfssNm": "\uac15\uc0c1\ubaa8",
            "mngetEstblYn": "Y",
            "code": null,
            "crdit": "3",
            "expniSllbsYn": "Y",
            "bldngSn": null,
            "bldngCd": null,
            "bldngNm": null,
            "lssnsLcttmUntcd": null,
            "sbjetSctcd2": null,
            "rmnmCd": "302",
            "isApi": null,
            "paging": false,
            "rowStatus": "R",
            "pageSort": null
        },
        {
            "rowIndex": 0,
            "success": false,
            "message": null,
            "pageSize": 100,
            "pageNum": 1,
            "lctreMthodNm": "\ub300\uba74",
            "lctrmInfo": "\ub18d\ub3004\ud638\uad00",
            "lctreLnggeSctcd": null,
            "crseNo": "FOOD0328-001",
            "estblUnivNm": "\ub18d\uc5c5\uc0dd\uba85\uacfc\ud559\ub300\ud559",
            "estblDprtnNm": "\uc751\uc6a9\uc0dd\uba85\uacfc\ud559\ubd80 \uc2dd\ubb3c\uc0dd\uba85\uacfc\ud559\uc804\uacf5",
            "estblYear": "2022",
            "estblDprtnCd": "170B01",
            "estblSmstrSctnm": "1\ud559\uae30",
            "estblSmstrSctcd": "CMBS001400001",
            "estblGrade": "3",
            "sbjetSctnm": "\uc804\uacf5",
            "sbjetNm": "\uc2dd\ud488\uac00\uacf5\ud559",
            "sbjetDvnno": "001",
            "sbjetCd": "FOOD0328",
            "gubun": null,
            "pckgeRqstPssblYn": "Y",
            "pckgeRqstCnt": "22",
            "name": null,
            "rmrk": null,
            "appcrCnt": "27",
            "attlcPrscpCnt": "30",
            "lssnsTimeInfo": "\ud654 2A,2B<br/>\ud654 3A,3B<br/>\ud654 4A,4B",
            "lssnsRealTimeInfo": "\ud654 10:00 ~ 11:00<br/>\ud654 11:00 ~ 12:00<br/>\ud654 12:00 ~ 13:00",
            "prctsTime": "0",
            "doPlan": "Kor",
            "thryTime": "3",
            "totalPrfssNm": "\ubb38\uad11\ub355",
            "mngetEstblYn": "Y",
            "code": null,
            "crdit": "3",
            "expniSllbsYn": "Y",
            "bldngSn": null,
            "bldngCd": null,
            "bldngNm": null,
            "lssnsLcttmUntcd": null,
            "sbjetSctcd2": null,
            "rmnmCd": "302",
            "isApi": null,
            "paging": false,
            "rowStatus": "R",
            "pageSort": null
        },
        {
            "rowIndex": 0,
            "success": false,
            "message": null,
            "pageSize": 100,
            "pageNum": 1,
            "lctreMthodNm": "\ub300\uba74",
            "lctrmInfo": "\ub18d\ub3004\ud638\uad00",
            "lctreLnggeSctcd": null,
            "crseNo": "DPBS0312-001",
            "estblUnivNm": "\ub18d\uc5c5\uc0dd\uba85\uacfc\ud559\ub300\ud559",
            "estblDprtnNm": "\uc751\uc6a9\uc0dd\uba85\uacfc\ud559\ubd80 \uc2dd\ubb3c\uc0dd\uba85\uacfc\ud559\uc804\uacf5",
            "estblYear": "2022",
            "estblDprtnCd": "170B01",
            "estblSmstrSctnm": "1\ud559\uae30",
            "estblSmstrSctcd": "CMBS001400001",
            "estblGrade": "2",
            "sbjetSctnm": "\uc804\uacf5",
            "sbjetNm": "\uc791\ubb3c\uc0dd\ub9ac\ud559\ubc0f\uc2e4\ud5d8",
            "sbjetDvnno": "001",
            "sbjetCd": "DPBS0312",
            "gubun": null,
            "pckgeRqstPssblYn": "Y",
            "pckgeRqstCnt": "36",
            "name": null,
            "rmrk": "(\uc601\uc5b4)<br>",
            "appcrCnt": "34",
            "attlcPrscpCnt": "36",
            "lssnsTimeInfo": "\ud654 2A,2B<br/>\ud654 3A,3B<br/>\ubaa9 2A,2B<br/>\ubaa9 3A,3B",
            "lssnsRealTimeInfo": "\ud654 10:00 ~ 11:00<br/>\ud654 11:00 ~ 12:00<br/>\ubaa9 10:00 ~ 11:00<br/>\ubaa9 11:00 ~ 12:00",
            "prctsTime": "2",
            "doPlan": "Eng",
            "thryTime": "2",
            "totalPrfssNm": "\uac15\uc0c1\ubaa8",
            "mngetEstblYn": "Y",
            "code": null,
            "crdit": "3",
            "expniSllbsYn": "Y",
            "bldngSn": null,
            "bldngCd": null,
            "bldngNm": null,
            "lssnsLcttmUntcd": null,
            "sbjetSctcd2": null,
            "rmnmCd": "214",
            "isApi": null,
            "paging": false,
            "rowStatus": "R",
            "pageSort": null
        },
        {
            "rowIndex": 0,
            "success": false,
            "message": null,
            "pageSize": 100,
            "pageNum": 1,
            "lctreMthodNm": "\ub300\uba74",
            "lctrmInfo": "\ub18d\ub3004\ud638\uad00",
            "lctreLnggeSctcd": null,
            "crseNo": "DPBS0426-001",
            "estblUnivNm": "\ub18d\uc5c5\uc0dd\uba85\uacfc\ud559\ub300\ud559",
            "estblDprtnNm": "\uc751\uc6a9\uc0dd\uba85\uacfc\ud559\ubd80 \uc2dd\ubb3c\uc0dd\uba85\uacfc\ud559\uc804\uacf5",
            "estblYear": "2022",
            "estblDprtnCd": "170B01",
            "estblSmstrSctnm": "1\ud559\uae30",
            "estblSmstrSctcd": "CMBS001400001",
            "estblGrade": "4",
            "sbjetSctnm": "\uc804\uacf5",
            "sbjetNm": "\uc2dd\ub7c9\uc548\ubcf4 \ubc0f \uc791\ubb3c\uc0dd\uc0b0\ud559",
            "sbjetDvnno": "001",
            "sbjetCd": "DPBS0426",
            "gubun": null,
            "pckgeRqstPssblYn": "Y",
            "pckgeRqstCnt": "13",
            "name": null,
            "rmrk": "(\uc601\uc5b4)<br>",
            "appcrCnt": "19",
            "attlcPrscpCnt": "30",
            "lssnsTimeInfo": "\uc6d4 5B,6A,6B<br/>\uc218 5B,6A,6B",
            "lssnsRealTimeInfo": "\uc6d4 13:30 ~ 15:00<br/>\uc218 13:30 ~ 15:00",
            "prctsTime": "0",
            "doPlan": "Eng",
            "thryTime": "3",
            "totalPrfssNm": "\uc2e0\ub3d9\ud604",
            "mngetEstblYn": "Y",
            "code": null,
            "crdit": "3",
            "expniSllbsYn": "N",
            "bldngSn": null,
            "bldngCd": null,
            "bldngNm": null,
            "lssnsLcttmUntcd": null,
            "sbjetSctcd2": null,
            "rmnmCd": "302",
            "isApi": null,
            "paging": false,
            "rowStatus": "R",
            "pageSort": null
        },
        {
            "rowIndex": 0,
            "success": false,
            "message": null,
            "pageSize": 100,
            "pageNum": 1,
            "lctreMthodNm": "\ub300\uba74",
            "lctrmInfo": "\ub18d\ub3001\ud638\uad00",
            "lctreLnggeSctcd": null,
            "crseNo": "DPBS0311-001",
            "estblUnivNm": "\ub18d\uc5c5\uc0dd\uba85\uacfc\ud559\ub300\ud559",
            "estblDprtnNm": "\uc751\uc6a9\uc0dd\uba85\uacfc\ud559\ubd80 \uc2dd\ubb3c\uc0dd\uba85\uacfc\ud559\uc804\uacf5",
            "estblYear": "2022",
            "estblDprtnCd": "170B01",
            "estblSmstrSctnm": "1\ud559\uae30",
            "estblSmstrSctcd": "CMBS001400001",
            "estblGrade": "2",
            "sbjetSctnm": "\uc804\uacf5",
            "sbjetNm": "\ud1a0\uc591\ube44\ub8cc\ud559",
            "sbjetDvnno": "001",
            "sbjetCd": "DPBS0311",
            "gubun": null,
            "pckgeRqstPssblYn": "Y",
            "pckgeRqstCnt": "10",
            "name": null,
            "rmrk": "(\ud55c\uad6d\uc5b4+\uc601\uc5b4)<br>",
            "appcrCnt": "23",
            "attlcPrscpCnt": "30",
            "lssnsTimeInfo": "\ud654 5B,6A,6B<br/>\ubaa9 5B,6A,6B",
            "lssnsRealTimeInfo": "\ud654 13:30 ~ 15:00<br/>\ubaa9 13:30 ~ 15:00",
            "prctsTime": "0",
            "doPlan": "Kor",
            "thryTime": "3",
            "totalPrfssNm": "\uac15\uc0c1\uc7ac<br/>\uae40\uc900\ud615",
            "mngetEstblYn": "Y",
            "code": null,
            "crdit": "3",
            "expniSllbsYn": "Y",
            "bldngSn": null,
            "bldngCd": null,
            "bldngNm": null,
            "lssnsLcttmUntcd": null,
            "sbjetSctcd2": null,
            "rmnmCd": "403",
            "isApi": null,
            "paging": false,
            "rowStatus": "R",
            "pageSort": null
        },
        {
            "rowIndex": 0,
            "success": false,
            "message": null,
            "pageSize": 100,
            "pageNum": 1,
            "lctreMthodNm": "\ub300\uba74",
            "lctrmInfo": "\ub18d\ub3004\ud638\uad00",
            "lctreLnggeSctcd": null,
            "crseNo": "DPBS0317-001",
            "estblUnivNm": "\ub18d\uc5c5\uc0dd\uba85\uacfc\ud559\ub300\ud559",
            "estblDprtnNm": "\uc751\uc6a9\uc0dd\uba85\uacfc\ud559\ubd80 \uc2dd\ubb3c\uc0dd\uba85\uacfc\ud559\uc804\uacf5",
            "estblYear": "2022",
            "estblDprtnCd": "170B01",
            "estblSmstrSctnm": "1\ud559\uae30",
            "estblSmstrSctcd": "CMBS001400001",
            "estblGrade": "3",
            "sbjetSctnm": "\uc804\uacf5",
            "sbjetNm": "\ud658\uacbd\uc0dd\ub9ac\uc0dd\ud0dc\ud559",
            "sbjetDvnno": "001",
            "sbjetCd": "DPBS0317",
            "gubun": null,
            "pckgeRqstPssblYn": "Y",
            "pckgeRqstCnt": "26",
            "name": null,
            "rmrk": "(\uc601\uc5b4)<br>",
            "appcrCnt": "29",
            "attlcPrscpCnt": "30",
            "lssnsTimeInfo": "\uc6d4 8B,9A,9B<br/>\uc218 8B,9A,9B",
            "lssnsRealTimeInfo": "\uc6d4 16:30 ~ 18:00<br/>\uc218 16:30 ~ 18:00",
            "prctsTime": "0",
            "doPlan": "Eng",
            "thryTime": "3",
            "totalPrfssNm": "\uc724\ubcd1\uc6b1",
            "mngetEstblYn": "Y",
            "code": null,
            "crdit": "3",
            "expniSllbsYn": "N",
            "bldngSn": null,
            "bldngCd": null,
            "bldngNm": null,
            "lssnsLcttmUntcd": null,
            "sbjetSctcd2": null,
            "rmnmCd": "302",
            "isApi": null,
            "paging": false,
            "rowStatus": "R",
            "pageSort": null
        },
        {
            "rowIndex": 0,
            "success": false,
            "message": null,
            "pageSize": 100,
            "pageNum": 1,
            "lctreMthodNm": "\ub300\uba74",
            "lctrmInfo": "\ub18d\ub3004\ud638\uad00",
            "lctreLnggeSctcd": null,
            "crseNo": "AGRO0361-001",
            "estblUnivNm": "\ub18d\uc5c5\uc0dd\uba85\uacfc\ud559\ub300\ud559",
            "estblDprtnNm": "\uc751\uc6a9\uc0dd\uba85\uacfc\ud559\ubd80 \uc2dd\ubb3c\uc0dd\uba85\uacfc\ud559\uc804\uacf5",
            "estblYear": "2022",
            "estblDprtnCd": "170B01",
            "estblSmstrSctnm": "1\ud559\uae30",
            "estblSmstrSctcd": "CMBS001400001",
            "estblGrade": "2",
            "sbjetSctnm": "\uc804\uacf5",
            "sbjetNm": "\uc2dd\ubb3c\uc720\uc804\ud559",
            "sbjetDvnno": "001",
            "sbjetCd": "AGRO0361",
            "gubun": null,
            "pckgeRqstPssblYn": "Y",
            "pckgeRqstCnt": "30",
            "name": null,
            "rmrk": null,
            "appcrCnt": "32",
            "attlcPrscpCnt": "30",
            "lssnsTimeInfo": "\uc6d4 7A,7B,8A<br/>\uc218 8B,9A,9B",
            "lssnsRealTimeInfo": "\uc6d4 15:00 ~ 16:30<br/>\uc218 16:30 ~ 18:00",
            "prctsTime": "0",
            "doPlan": "Kor",
            "thryTime": "3",
            "totalPrfssNm": "\uc870\ud604",
            "mngetEstblYn": "Y",
            "code": null,
            "crdit": "3",
            "expniSllbsYn": "N",
            "bldngSn": null,
            "bldngCd": null,
            "bldngNm": null,
            "lssnsLcttmUntcd": null,
            "sbjetSctcd2": null,
            "rmnmCd": "405",
            "isApi": null,
            "paging": false,
            "rowStatus": "R",
            "pageSort": null
        },
        {
            "rowIndex": 0,
            "success": false,
            "message": null,
            "pageSize": 100,
            "pageNum": 1,
            "lctreMthodNm": "\ub300\uba74",
            "lctrmInfo": "\ub18d\ub3004\ud638\uad00",
            "lctreLnggeSctcd": null,
            "crseNo": "DPBS0313-001",
            "estblUnivNm": "\ub18d\uc5c5\uc0dd\uba85\uacfc\ud559\ub300\ud559",
            "estblDprtnNm": "\uc751\uc6a9\uc0dd\uba85\uacfc\ud559\ubd80 \uc2dd\ubb3c\uc0dd\uba85\uacfc\ud559\uc804\uacf5",
            "estblYear": "2022",
            "estblDprtnCd": "170B01",
            "estblSmstrSctnm": "1\ud559\uae30",
            "estblSmstrSctcd": "CMBS001400001",
            "estblGrade": "2",
            "sbjetSctnm": "\uc804\uacf5",
            "sbjetNm": "\uc791\ubb3c\ud559\ubc0f\uc2e4\ud5d81",
            "sbjetDvnno": "001",
            "sbjetCd": "DPBS0313",
            "gubun": null,
            "pckgeRqstPssblYn": "Y",
            "pckgeRqstCnt": "35",
            "name": null,
            "rmrk": null,
            "appcrCnt": "37",
            "attlcPrscpCnt": "35",
            "lssnsTimeInfo": "\ud654 10A,10B<br/>\ud654 9A,9B<br/>\ubaa9 10A,10B<br/>\ubaa9 9A,9B",
            "lssnsRealTimeInfo": "\ud654 18:00 ~ 19:00<br/>\ud654 17:00 ~ 18:00<br/>\ubaa9 18:00 ~ 19:00<br/>\ubaa9 17:00 ~ 18:00",
            "prctsTime": "2",
            "doPlan": "Kor",
            "thryTime": "2",
            "totalPrfssNm": "\uae40\uc724\ud558",
            "mngetEstblYn": "Y",
            "code": null,
            "crdit": "3",
            "expniSllbsYn": "N",
            "bldngSn": null,
            "bldngCd": null,
            "bldngNm": null,
            "lssnsLcttmUntcd": null,
            "sbjetSctcd2": null,
            "rmnmCd": "214",
            "isApi": null,
            "paging": false,
            "rowStatus": "R",
            "pageSort": null
        },
        {
            "rowIndex": 0,
            "success": false,
            "message": null,
            "pageSize": 100,
            "pageNum": 1,
            "lctreMthodNm": "\ub300\uba74",
            "lctrmInfo": "\ub18d\ub3004\ud638\uad00",
            "lctreLnggeSctcd": null,
            "crseNo": "DPBS0422-001",
            "estblUnivNm": "\ub18d\uc5c5\uc0dd\uba85\uacfc\ud559\ub300\ud559",
            "estblDprtnNm": "\uc751\uc6a9\uc0dd\uba85\uacfc\ud559\ubd80 \uc2dd\ubb3c\uc0dd\uba85\uacfc\ud559\uc804\uacf5",
            "estblYear": "2022",
            "estblDprtnCd": "170B01",
            "estblSmstrSctnm": "1\ud559\uae30",
            "estblSmstrSctcd": "CMBS001400001",
            "estblGrade": "3",
            "sbjetSctnm": "\uc804\uacf5",
            "sbjetNm": "\uae30\ub2a5\uc131\uc791\ubb3c\ud559",
            "sbjetDvnno": "001",
            "sbjetCd": "DPBS0422",
            "gubun": null,
            "pckgeRqstPssblYn": "Y",
            "pckgeRqstCnt": "30",
            "name": null,
            "rmrk": "(\uc601\uc5b4)<br>",
            "appcrCnt": "28",
            "attlcPrscpCnt": "30",
            "lssnsTimeInfo": "\ud654 5B,6A,6B<br/>\ubaa9 5B,6A,6B",
            "lssnsRealTimeInfo": "\ud654 13:30 ~ 15:00<br/>\ubaa9 13:30 ~ 15:00",
            "prctsTime": "0",
            "doPlan": "Eng",
            "thryTime": "3",
            "totalPrfssNm": "\ubb38\ubd09\uaddc",
            "mngetEstblYn": "Y",
            "code": null,
            "crdit": "3",
            "expniSllbsYn": "N",
            "bldngSn": null,
            "bldngCd": null,
            "bldngNm": null,
            "lssnsLcttmUntcd": null,
            "sbjetSctcd2": null,
            "rmnmCd": "302",
            "isApi": null,
            "paging": false,
            "rowStatus": "R",
            "pageSort": null
        },
        {
            "rowIndex": 0,
            "success": false,
            "message": null,
            "pageSize": 100,
            "pageNum": 1,
            "lctreMthodNm": "\ub300\uba74",
            "lctrmInfo": "\ub18d\ub3001\ud638\uad00",
            "lctreLnggeSctcd": null,
            "crseNo": "TCHR0531-001",
            "estblUnivNm": "\ub18d\uc5c5\uc0dd\uba85\uacfc\ud559\ub300\ud559",
            "estblDprtnNm": "\uc751\uc6a9\uc0dd\uba85\uacfc\ud559\ubd80 \uc2dd\ubb3c\uc0dd\uba85\uacfc\ud559\uc804\uacf5",
            "estblYear": "2022",
            "estblDprtnCd": "170B01",
            "estblSmstrSctnm": "1\ud559\uae30",
            "estblSmstrSctcd": "CMBS001400001",
            "estblGrade": "3",
            "sbjetSctnm": "\uad50\uc9c1",
            "sbjetNm": "\uc2dd\ubb3c\uc790\uc6d0\u00b7\uc870\uacbd\uad50\uc721\ub860",
            "sbjetDvnno": "001",
            "sbjetCd": "TCHR0531",
            "gubun": null,
            "pckgeRqstPssblYn": "Y",
            "pckgeRqstCnt": "1",
            "name": null,
            "rmrk": null,
            "appcrCnt": "1",
            "attlcPrscpCnt": "30",
            "lssnsTimeInfo": "\ud654 7A,7B,8A<br/>\ud654 8B,9A,9B",
            "lssnsRealTimeInfo": "\ud654 15:00 ~ 16:30<br/>\ud654 16:30 ~ 18:00",
            "prctsTime": "0",
            "doPlan": "Kor",
            "thryTime": "3",
            "totalPrfssNm": "\uc2e0\ub3d9\ud604<br/>\uc5c4\uc815\ud76c",
            "mngetEstblYn": "N",
            "code": null,
            "crdit": "3",
            "expniSllbsYn": "N",
            "bldngSn": null,
            "bldngCd": null,
            "bldngNm": null,
            "lssnsLcttmUntcd": null,
            "sbjetSctcd2": null,
            "rmnmCd": "521",
            "isApi": null,
            "paging": false,
            "rowStatus": "R",
            "pageSort": null
        },
        {
            "rowIndex": 0,
            "success": false,
            "message": null,
            "pageSize": 100,
            "pageNum": 1,
            "lctreMthodNm": "\ub300\uba74",
            "lctrmInfo": "\ub18d\ub3004\ud638\uad00",
            "lctreLnggeSctcd": null,
            "crseNo": "DPBS0403-001",
            "estblUnivNm": "\ub18d\uc5c5\uc0dd\uba85\uacfc\ud559\ub300\ud559",
            "estblDprtnNm": "\uc751\uc6a9\uc0dd\uba85\uacfc\ud559\ubd80 \uc2dd\ubb3c\uc0dd\uba85\uacfc\ud559\uc804\uacf5",
            "estblYear": "2022",
            "estblDprtnCd": "170B01",
            "estblSmstrSctnm": "1\ud559\uae30",
            "estblSmstrSctcd": "CMBS001400001",
            "estblGrade": "4",
            "sbjetSctnm": "\uc804\uacf5",
            "sbjetNm": "\uc885\uc790\uc0dd\uc0b0 \ubc0f \uc870\uc9c1\ubc30\uc591",
            "sbjetDvnno": "001",
            "sbjetCd": "DPBS0403",
            "gubun": null,
            "pckgeRqstPssblYn": "Y",
            "pckgeRqstCnt": "7",
            "name": null,
            "rmrk": "(\uc601\uc5b4)<br>",
            "appcrCnt": "8",
            "attlcPrscpCnt": "30",
            "lssnsTimeInfo": "\uc6d4 1A,1B,2A<br/>\uc218 1A,1B,2A",
            "lssnsRealTimeInfo": "\uc6d4 09:00 ~ 10:30<br/>\uc218 09:00 ~ 10:30",
            "prctsTime": "0",
            "doPlan": "Eng",
            "thryTime": "3",
            "totalPrfssNm": "\uae40\uacbd\ubbfc",
            "mngetEstblYn": "Y",
            "code": null,
            "crdit": "3",
            "expniSllbsYn": "N",
            "bldngSn": null,
            "bldngCd": null,
            "bldngNm": null,
            "lssnsLcttmUntcd": null,
            "sbjetSctcd2": null,
            "rmnmCd": "302",
            "isApi": null,
            "paging": false,
            "rowStatus": "R",
            "pageSort": null
        },
        {
            "rowIndex": 0,
            "success": false,
            "message": null,
            "pageSize": 100,
            "pageNum": 1,
            "lctreMthodNm": "\ub300\uba74",
            "lctrmInfo": "\ub18d\ub3004\ud638\uad00",
            "lctreLnggeSctcd": null,
            "crseNo": "ACHE0391-001",
            "estblUnivNm": "\ub18d\uc5c5\uc0dd\uba85\uacfc\ud559\ub300\ud559",
            "estblDprtnNm": "\uc751\uc6a9\uc0dd\uba85\uacfc\ud559\ubd80 \uc2dd\ubb3c\uc0dd\uba85\uacfc\ud559\uc804\uacf5",
            "estblYear": "2022",
            "estblDprtnCd": "170B01",
            "estblSmstrSctnm": "1\ud559\uae30",
            "estblSmstrSctcd": "CMBS001400001",
            "estblGrade": "2",
            "sbjetSctnm": "\uc804\uacf5",
            "sbjetNm": "\uae30\ucd08\uc720\uae30\ud654\ud559",
            "sbjetDvnno": "001",
            "sbjetCd": "ACHE0391",
            "gubun": null,
            "pckgeRqstPssblYn": "Y",
            "pckgeRqstCnt": "11",
            "name": null,
            "rmrk": null,
            "appcrCnt": "13",
            "attlcPrscpCnt": "30",
            "lssnsTimeInfo": "\ud654 7A,7B,8A<br/>\ubaa9 7A,7B,8A",
            "lssnsRealTimeInfo": "\ud654 15:00 ~ 16:30<br/>\ubaa9 15:00 ~ 16:30",
            "prctsTime": "0",
            "doPlan": "Kor",
            "thryTime": "3",
            "totalPrfssNm": "\uc1a1\uc885\ud0dc",
            "mngetEstblYn": "Y",
            "code": null,
            "crdit": "3",
            "expniSllbsYn": "N",
            "bldngSn": null,
            "bldngCd": null,
            "bldngNm": null,
            "lssnsLcttmUntcd": null,
            "sbjetSctcd2": null,
            "rmnmCd": "302",
            "isApi": null,
            "paging": false,
            "rowStatus": "R",
            "pageSort": null
        },
        {
            "rowIndex": 0,
            "success": false,
            "message": null,
            "pageSize": 100,
            "pageNum": 1,
            "lctreMthodNm": "\ub300\uba74",
            "lctrmInfo": "\ub18d\ub3004\ud638\uad00",
            "lctreLnggeSctcd": null,
            "crseNo": "AGRO0491-001",
            "estblUnivNm": "\ub18d\uc5c5\uc0dd\uba85\uacfc\ud559\ub300\ud559",
            "estblDprtnNm": "\uc751\uc6a9\uc0dd\uba85\uacfc\ud559\ubd80 \uc2dd\ubb3c\uc0dd\uba85\uacfc\ud559\uc804\uacf5",
            "estblYear": "2022",
            "estblDprtnCd": "170B01",
            "estblSmstrSctnm": "1\ud559\uae30",
            "estblSmstrSctcd": "CMBS001400001",
            "estblGrade": "2",
            "sbjetSctnm": "\uc804\uacf5",
            "sbjetNm": "\uc2e4\ud5d8\ud1b5\uacc4\ud559",
            "sbjetDvnno": "001",
            "sbjetCd": "AGRO0491",
            "gubun": null,
            "pckgeRqstPssblYn": "Y",
            "pckgeRqstCnt": "8",
            "name": null,
            "rmrk": null,
            "appcrCnt": "6",
            "attlcPrscpCnt": "30",
            "lssnsTimeInfo": "\uc218 4A,4B,5A<br/>\uc218 5B,6A,6B",
            "lssnsRealTimeInfo": "\uc218 12:00 ~ 13:30<br/>\uc218 13:30 ~ 15:00",
            "prctsTime": "0",
            "doPlan": "Kor",
            "thryTime": "3",
            "totalPrfssNm": "\uae40\uacbd\ubbfc",
            "mngetEstblYn": "Y",
            "code": null,
            "crdit": "3",
            "expniSllbsYn": "N",
            "bldngSn": null,
            "bldngCd": null,
            "bldngNm": null,
            "lssnsLcttmUntcd": null,
            "sbjetSctcd2": null,
            "rmnmCd": "214",
            "isApi": null,
            "paging": false,
            "rowStatus": "R",
            "pageSort": null
        },
        {
            "rowIndex": 0,
            "success": false,
            "message": null,
            "pageSize": 100,
            "pageNum": 1,
            "lctreMthodNm": "\ub300\uba74",
            "lctrmInfo": "\ub18d\ub3004\ud638\uad00",
            "lctreLnggeSctcd": null,
            "crseNo": "DPBS0318-001",
            "estblUnivNm": "\ub18d\uc5c5\uc0dd\uba85\uacfc\ud559\ub300\ud559",
            "estblDprtnNm": "\uc751\uc6a9\uc0dd\uba85\uacfc\ud559\ubd80 \uc2dd\ubb3c\uc0dd\uba85\uacfc\ud559\uc804\uacf5",
            "estblYear": "2022",
            "estblDprtnCd": "170B01",
            "estblSmstrSctnm": "1\ud559\uae30",
            "estblSmstrSctcd": "CMBS001400001",
            "estblGrade": "3",
            "sbjetSctnm": "\uc804\uacf5",
            "sbjetNm": "\uc2dd\ubb3c\uc721\uc885\ud559\ubc0f\uc2e4\ud5d81",
            "sbjetDvnno": "001",
            "sbjetCd": "DPBS0318",
            "gubun": null,
            "pckgeRqstPssblYn": "Y",
            "pckgeRqstCnt": "18",
            "name": null,
            "rmrk": "(\uc601\uc5b4)<br>",
            "appcrCnt": "28",
            "attlcPrscpCnt": "30",
            "lssnsTimeInfo": "\uc6d4 2A,2B<br/>\uc6d4 3A,3B<br/>\uc218 2A,2B<br/>\uc218 3A,3B",
            "lssnsRealTimeInfo": "\uc6d4 10:00 ~ 11:00<br/>\uc6d4 11:00 ~ 12:00<br/>\uc218 10:00 ~ 11:00<br/>\uc218 11:00 ~ 12:00",
            "prctsTime": "2",
            "doPlan": "Eng",
            "thryTime": "2",
            "totalPrfssNm": "\uc870\ud604",
            "mngetEstblYn": "Y",
            "code": null,
            "crdit": "3",
            "expniSllbsYn": "N",
            "bldngSn": null,
            "bldngCd": null,
            "bldngNm": null,
            "lssnsLcttmUntcd": null,
            "sbjetSctcd2": null,
            "rmnmCd": "214",
            "isApi": null,
            "paging": false,
            "rowStatus": "R",
            "pageSort": null
        },
        {
            "rowIndex": 0,
            "success": false,
            "message": null,
            "pageSize": 100,
            "pageNum": 1,
            "lctreMthodNm": "\ub300\uba74",
            "lctrmInfo": "\ub18d\ub3004\ud638\uad00",
            "lctreLnggeSctcd": null,
            "crseNo": "HORT0419-001",
            "estblUnivNm": "\ub18d\uc5c5\uc0dd\uba85\uacfc\ud559\ub300\ud559",
            "estblDprtnNm": "\uc751\uc6a9\uc0dd\uba85\uacfc\ud559\ubd80 \uc2dd\ubb3c\uc0dd\uba85\uacfc\ud559\uc804\uacf5",
            "estblYear": "2022",
            "estblDprtnCd": "170B01",
            "estblSmstrSctnm": "1\ud559\uae30",
            "estblSmstrSctcd": "CMBS001400001",
            "estblGrade": "3",
            "sbjetSctnm": "\uc804\uacf5",
            "sbjetNm": "\uc2dd\ubb3c\uc0dd\uba85\uacf5\ud559",
            "sbjetDvnno": "001",
            "sbjetCd": "HORT0419",
            "gubun": null,
            "pckgeRqstPssblYn": "Y",
            "pckgeRqstCnt": "11",
            "name": null,
            "rmrk": null,
            "appcrCnt": "10",
            "attlcPrscpCnt": "30",
            "lssnsTimeInfo": "\ubaa9 1A,1B,2A<br/>\ubaa9 2B,3A,3B",
            "lssnsRealTimeInfo": "\ubaa9 09:00 ~ 10:30<br/>\ubaa9 10:30 ~ 12:00",
            "prctsTime": "0",
            "doPlan": "Kor",
            "thryTime": "3",
            "totalPrfssNm": "\ubc15\uc21c\uae30",
            "mngetEstblYn": "Y",
            "code": null,
            "crdit": "3",
            "expniSllbsYn": "Y",
            "bldngSn": null,
            "bldngCd": null,
            "bldngNm": null,
            "lssnsLcttmUntcd": null,
            "sbjetSctcd2": null,
            "rmnmCd": "302",
            "isApi": null,
            "paging": false,
            "rowStatus": "R",
            "pageSort": null
        },
        {
            "rowIndex": 0,
            "success": false,
            "message": null,
            "pageSize": 100,
            "pageNum": 1,
            "lctreMthodNm": "\ub300\uba74",
            "lctrmInfo": null,
            "lctreLnggeSctcd": null,
            "crseNo": "TCHR0522-003",
            "estblUnivNm": "\ub18d\uc5c5\uc0dd\uba85\uacfc\ud559\ub300\ud559",
            "estblDprtnNm": "\uc751\uc6a9\uc0dd\uba85\uacfc\ud559\ubd80 \uc2dd\ubb3c\uc0dd\uba85\uacfc\ud559\uc804\uacf5",
            "estblYear": "2022",
            "estblDprtnCd": "170B01",
            "estblSmstrSctnm": "1\ud559\uae30",
            "estblSmstrSctcd": "CMBS001400001",
            "estblGrade": "4",
            "sbjetSctnm": "\uad50\uc9c1",
            "sbjetNm": "\ud559\uad50\ud604\uc7a5\uc2e4\uc2b5",
            "sbjetDvnno": "003",
            "sbjetCd": "TCHR0522",
            "gubun": null,
            "pckgeRqstPssblYn": "Y",
            "pckgeRqstCnt": "12",
            "name": null,
            "rmrk": "\ud559\uad50\ud604\uc7a5\uc2e4\uc2b5 \ucf54\ub85c\ub098\ubc29\uc5ed\uc9c0\uce68\uc5d0 \ub530\ub77c \ubcc0\uacbd\uac00\ub2a5\ud568.",
            "appcrCnt": "10",
            "attlcPrscpCnt": "30",
            "lssnsTimeInfo": null,
            "lssnsRealTimeInfo": null,
            "prctsTime": "4",
            "doPlan": "Kor",
            "thryTime": "0",
            "totalPrfssNm": "\uae40\ucc3d\uae38",
            "mngetEstblYn": "N",
            "code": null,
            "crdit": "2",
            "expniSllbsYn": "N",
            "bldngSn": null,
            "bldngCd": null,
            "bldngNm": null,
            "lssnsLcttmUntcd": null,
            "sbjetSctcd2": null,
            "rmnmCd": null,
            "isApi": null,
            "paging": false,
            "rowStatus": "R",
            "pageSort": null
        }
    ],
    "statusCode": 200
}