{
    "timestamp": "2022-04-28T23:14:28.027",
    "success": true,
    "code": null,
    "msg": null,
    "data": [
        {
            "rowIndex": 0,
            "success": false,
            "message": null,
            "pageSize": 100,
            "pageNum": 1,
            "lctreMthodNm": "\ub300\uba74",
            "lctrmInfo": "\ub18d\ub3002\ud638\uad00",
            "lctreLnggeSctcd": null,
            "crseNo": "CLTR0221-010",
            "estblUnivNm": "\ub18d\uc5c5\uc0dd\uba85\uacfc\ud559\ub300\ud559",
            "estblDprtnNm": "\ubc14\uc774\uc624\uc12c\uc720\uc18c\uc7ac\ud559\uacfc",
            "estblYear": "2022",
            "estblDprtnCd": "170Q",
            "estblSmstrSctnm": "1\ud559\uae30",
            "estblSmstrSctcd": "CMBS001400001",
            "estblGrade": "3",
            "sbjetSctnm": "\uad50\uc591",
            "sbjetNm": "\ud1b5\uacc4\ud559",
            "sbjetDvnno": "010",
            "sbjetCd": "CLTR0221",
            "gubun": null,
            "pckgeRqstPssblYn": "Y",
            "pckgeRqstCnt": "25",
            "name": null,
            "rmrk": null,
            "appcrCnt": "30",
            "attlcPrscpCnt": "65",
            "lssnsTimeInfo": "\ud654 2B,3A,3B<br/>\ubaa9 1A,1B,2A",
            "lssnsRealTimeInfo": "\ud654 10:30 ~ 12:00<br/>\ubaa9 09:00 ~ 10:30",
            "prctsTime": "0",
            "doPlan": "Kor",
            "thryTime": "3",
            "totalPrfssNm": "\ucc28\uc0c1\ud6c8",
            "mngetEstblYn": "N",
            "code": null,
            "crdit": "3",
            "expniSllbsYn": "N",
            "bldngSn": null,
            "bldngCd": null,
            "bldngNm": null,
            "lssnsLcttmUntcd": null,
            "sbjetSctcd2": null,
            "rmnmCd": "401",
            "isApi": null,
            "paging": false,
            "rowStatus": "R",
            "pageSort": null
        },
        {
            "rowIndex": 0,
            "success": false,
            "message": null,
            "pageSize": 100,
            "pageNum": 1,
            "lctreMthodNm": "\ub300\uba74",
            "lctrmInfo": "\ub18d\ub3002\ud638\uad00",
            "lctreLnggeSctcd": null,
            "crseNo": "CHEM0502-002",
            "estblUnivNm": "\ub18d\uc5c5\uc0dd\uba85\uacfc\ud559\ub300\ud559",
            "estblDprtnNm": "\ubc14\uc774\uc624\uc12c\uc720\uc18c\uc7ac\ud559\uacfc",
            "estblYear": "2022",
            "estblDprtnCd": "170Q",
            "estblSmstrSctnm": "1\ud559\uae30",
            "estblSmstrSctcd": "CMBS001400001",
            "estblGrade": "2",
            "sbjetSctnm": "\uc804\uacf5",
            "sbjetNm": "\ubb3c\ub9ac\ud654\ud559",
            "sbjetDvnno": "002",
            "sbjetCd": "CHEM0502",
            "gubun": null,
            "pckgeRqstPssblYn": "Y",
            "pckgeRqstCnt": "28",
            "name": null,
            "rmrk": null,
            "appcrCnt": "30",
            "attlcPrscpCnt": "50",
            "lssnsTimeInfo": "\ud654 7A,7B,8A<br/>\ubaa9 7A,7B,8A",
            "lssnsRealTimeInfo": "\ud654 15:00 ~ 16:30<br/>\ubaa9 15:00 ~ 16:30",
            "prctsTime": "0",
            "doPlan": "Kor",
            "thryTime": "3",
            "totalPrfssNm": "\ubc15\uc7ac\ud615",
            "mngetEstblYn": "Y",
            "code": null,
            "crdit": "3",
            "expniSllbsYn": "N",
            "bldngSn": null,
            "bldngCd": null,
            "bldngNm": null,
            "lssnsLcttmUntcd": null,
            "sbjetSctcd2": null,
            "rmnmCd": "301-1",
            "isApi": null,
            "paging": false,
            "rowStatus": "R",
            "pageSort": null
        },
        {
            "rowIndex": 0,
            "success": false,
            "message": null,
            "pageSize": 100,
            "pageNum": 1,
            "lctreMthodNm": "\ub300\uba74",
            "lctrmInfo": "\ub18d\ub3002\ud638\uad00",
            "lctreLnggeSctcd": null,
            "crseNo": "FIER0241-001",
            "estblUnivNm": "\ub18d\uc5c5\uc0dd\uba85\uacfc\ud559\ub300\ud559",
            "estblDprtnNm": "\ubc14\uc774\uc624\uc12c\uc720\uc18c\uc7ac\ud559\uacfc",
            "estblYear": "2022",
            "estblDprtnCd": "170Q",
            "estblSmstrSctnm": "1\ud559\uae30",
            "estblSmstrSctcd": "CMBS001400001",
            "estblGrade": "3",
            "sbjetSctnm": "\uc804\uacf5",
            "sbjetNm": "\uc5fc\uc0c9\uac00\uacf5\uc2e4\ud5d8",
            "sbjetDvnno": "001",
            "sbjetCd": "FIER0241",
            "gubun": null,
            "pckgeRqstPssblYn": "Y",
            "pckgeRqstCnt": "7",
            "name": null,
            "rmrk": null,
            "appcrCnt": "4",
            "attlcPrscpCnt": "20",
            "lssnsTimeInfo": "\uae08 10A,10B<br/>\uae08 5A,5B<br/>\uae08 6A,6B<br/>\uae08 7A,7B<br/>\uae08 8A,8B<br/>\uae08 9A,9B",
            "lssnsRealTimeInfo": "\uae08 18:00 ~ 19:00<br/>\uae08 13:00 ~ 14:00<br/>\uae08 14:00 ~ 15:00<br/>\uae08 15:00 ~ 16:00<br/>\uae08 16:00 ~ 17:00<br/>\uae08 17:00 ~ 18:00",
            "prctsTime": "6",
            "doPlan": "Kor",
            "thryTime": "0",
            "totalPrfssNm": "\ubc30\ub3c4\uaddc",
            "mngetEstblYn": "Y",
            "code": null,
            "crdit": "3",
            "expniSllbsYn": "N",
            "bldngSn": null,
            "bldngCd": null,
            "bldngNm": null,
            "lssnsLcttmUntcd": null,
            "sbjetSctcd2": null,
            "rmnmCd": "301-4",
            "isApi": null,
            "paging": false,
            "rowStatus": "R",
            "pageSort": null
        },
        {
            "rowIndex": 0,
            "success": false,
            "message": null,
            "pageSize": 100,
            "pageNum": 1,
            "lctreMthodNm": "\ube44\ub300\uba74",
            "lctrmInfo": "\ub18d\ub3002\ud638\uad00",
            "lctreLnggeSctcd": null,
            "crseNo": "BIOC0431-002",
            "estblUnivNm": "\ub18d\uc5c5\uc0dd\uba85\uacfc\ud559\ub300\ud559",
            "estblDprtnNm": "\ubc14\uc774\uc624\uc12c\uc720\uc18c\uc7ac\ud559\uacfc",
            "estblYear": "2022",
            "estblDprtnCd": "170Q",
            "estblSmstrSctnm": "1\ud559\uae30",
            "estblSmstrSctcd": "CMBS001400001",
            "estblGrade": "2",
            "sbjetSctnm": "\uc804\uacf5",
            "sbjetNm": "\uc0dd\ud654\ud5591",
            "sbjetDvnno": "002",
            "sbjetCd": "BIOC0431",
            "gubun": null,
            "pckgeRqstPssblYn": "Y",
            "pckgeRqstCnt": "15",
            "name": null,
            "rmrk": "(\uc601\uc5b4)<br>",
            "appcrCnt": "34",
            "attlcPrscpCnt": "50",
            "lssnsTimeInfo": "\ud654 5B,6A,6B<br/>\ubaa9 5B,6A,6B",
            "lssnsRealTimeInfo": "\ud654 13:30 ~ 15:00<br/>\ubaa9 13:30 ~ 15:00",
            "prctsTime": "0",
            "doPlan": "Eng",
            "thryTime": "3",
            "totalPrfssNm": "\ubc88\uce58 \ud76c\uc5f0",
            "mngetEstblYn": "Y",
            "code": null,
            "crdit": "3",
            "expniSllbsYn": "Y",
            "bldngSn": null,
            "bldngCd": null,
            "bldngNm": null,
            "lssnsLcttmUntcd": null,
            "sbjetSctcd2": null,
            "rmnmCd": "412",
            "isApi": null,
            "paging": false,
            "rowStatus": "R",
            "pageSort": null
        },
        {
            "rowIndex": 0,
            "success": false,
            "message": null,
            "pageSize": 100,
            "pageNum": 1,
            "lctreMthodNm": "\ub300\uba74",
            "lctrmInfo": "\ub18d\ub3002\ud638\uad00",
            "lctreLnggeSctcd": null,
            "crseNo": "CHEM0203-009",
            "estblUnivNm": "\ub18d\uc5c5\uc0dd\uba85\uacfc\ud559\ub300\ud559",
            "estblDprtnNm": "\ubc14\uc774\uc624\uc12c\uc720\uc18c\uc7ac\ud559\uacfc",
            "estblYear": "2022",
            "estblDprtnCd": "170Q",
            "estblSmstrSctnm": "1\ud559\uae30",
            "estblSmstrSctcd": "CMBS001400001",
            "estblGrade": "2",
            "sbjetSctnm": "\uc804\uacf5",
            "sbjetNm": "\uc720\uae30\ud654\ud5591",
            "sbjetDvnno": "009",
            "sbjetCd": "CHEM0203",
            "gubun": null,
            "pckgeRqstPssblYn": "Y",
            "pckgeRqstCnt": "18",
            "name": null,
            "rmrk": null,
            "appcrCnt": "25",
            "attlcPrscpCnt": "50",
            "lssnsTimeInfo": "\uc6d4 7A,7B,8A<br/>\uc218 7A,7B,8A",
            "lssnsRealTimeInfo": "\uc6d4 15:00 ~ 16:30<br/>\uc218 15:00 ~ 16:30",
            "prctsTime": "0",
            "doPlan": "Kor",
            "thryTime": "3",
            "totalPrfssNm": "\ucd5c\uc9c4\ud604",
            "mngetEstblYn": "Y",
            "code": null,
            "crdit": "3",
            "expniSllbsYn": "Y",
            "bldngSn": null,
            "bldngCd": null,
            "bldngNm": null,
            "lssnsLcttmUntcd": null,
            "sbjetSctcd2": null,
            "rmnmCd": "301-1",
            "isApi": null,
            "paging": false,
            "rowStatus": "R",
            "pageSort": null
        },
        {
            "rowIndex": 0,
            "success": false,
            "message": null,
            "pageSize": 100,
            "pageNum": 1,
            "lctreMthodNm": "\ub300\uba74",
            "lctrmInfo": "\ub18d\ub3002\ud638\uad00",
            "lctreLnggeSctcd": null,
            "crseNo": "CHEM0355-002",
            "estblUnivNm": "\ub18d\uc5c5\uc0dd\uba85\uacfc\ud559\ub300\ud559",
            "estblDprtnNm": "\ubc14\uc774\uc624\uc12c\uc720\uc18c\uc7ac\ud559\uacfc",
            "estblYear": "2022",
            "estblDprtnCd": "170Q",
            "estblSmstrSctnm": "1\ud559\uae30",
            "estblSmstrSctcd": "CMBS001400001",
            "estblGrade": "3",
            "sbjetSctnm": "\uc804\uacf5",
            "sbjetNm": "\uace0\ubd84\uc790\ud654\ud559",
            "sbjetDvnno": "002",
            "sbjetCd": "CHEM0355",
            "gubun": null,
            "pckgeRqstPssblYn": "Y",
            "pckgeRqstCnt": "15",
            "name": null,
            "rmrk": null,
            "appcrCnt": "22",
            "attlcPrscpCnt": "50",
            "lssnsTimeInfo": "\uc6d4 5B,6A,6B<br/>\uc218 5B,6A,6B",
            "lssnsRealTimeInfo": "\uc6d4 13:30 ~ 15:00<br/>\uc218 13:30 ~ 15:00",
            "prctsTime": "0",
            "doPlan": "Kor",
            "thryTime": "3",
            "totalPrfssNm": "\ucd5c\uc9c4\ud604",
            "mngetEstblYn": "Y",
            "code": null,
            "crdit": "3",
            "expniSllbsYn": "Y",
            "bldngSn": null,
            "bldngCd": null,
            "bldngNm": null,
            "lssnsLcttmUntcd": null,
            "sbjetSctcd2": null,
            "rmnmCd": "301-1",
            "isApi": null,
            "paging": false,
            "rowStatus": "R",
            "pageSort": null
        },
        {
            "rowIndex": 0,
            "success": false,
            "message": null,
            "pageSize": 100,
            "pageNum": 1,
            "lctreMthodNm": "\ub300\uba74",
            "lctrmInfo": "\ub18d\ub3002\ud638\uad00",
            "lctreLnggeSctcd": null,
            "crseNo": "FIER0501-001",
            "estblUnivNm": "\ub18d\uc5c5\uc0dd\uba85\uacfc\ud559\ub300\ud559",
            "estblDprtnNm": "\ubc14\uc774\uc624\uc12c\uc720\uc18c\uc7ac\ud559\uacfc",
            "estblYear": "2022",
            "estblDprtnCd": "170Q",
            "estblSmstrSctnm": "1\ud559\uae30",
            "estblSmstrSctcd": "CMBS001400001",
            "estblGrade": "4",
            "sbjetSctnm": "\uc804\uacf5",
            "sbjetNm": "\ub2e8\ubc31\uc9c8\uc12c\uc720\uc18c\uc7ac\uacf5\ud559",
            "sbjetDvnno": "001",
            "sbjetCd": "FIER0501",
            "gubun": null,
            "pckgeRqstPssblYn": "Y",
            "pckgeRqstCnt": "6",
            "name": null,
            "rmrk": "(\uc601\uc5b4)<br>",
            "appcrCnt": "8",
            "attlcPrscpCnt": "20",
            "lssnsTimeInfo": "\uae08 2A,2B<br/>\uae08 3A,3B<br/>\uae08 4A,4B",
            "lssnsRealTimeInfo": "\uae08 10:00 ~ 11:00<br/>\uae08 11:00 ~ 12:00<br/>\uae08 12:00 ~ 13:00",
            "prctsTime": "0",
            "doPlan": "Eng",
            "thryTime": "3",
            "totalPrfssNm": "\uc5c4\uc778\ucca0",
            "mngetEstblYn": "Y",
            "code": null,
            "crdit": "3",
            "expniSllbsYn": "N",
            "bldngSn": null,
            "bldngCd": null,
            "bldngNm": null,
            "lssnsLcttmUntcd": null,
            "sbjetSctcd2": null,
            "rmnmCd": "301-1",
            "isApi": null,
            "paging": false,
            "rowStatus": "R",
            "pageSort": null
        },
        {
            "rowIndex": 0,
            "success": false,
            "message": null,
            "pageSize": 100,
            "pageNum": 1,
            "lctreMthodNm": "\ub300\uba74",
            "lctrmInfo": "\ub18d\ub3002\ud638\uad00",
            "lctreLnggeSctcd": null,
            "crseNo": "FIER0211-001",
            "estblUnivNm": "\ub18d\uc5c5\uc0dd\uba85\uacfc\ud559\ub300\ud559",
            "estblDprtnNm": "\ubc14\uc774\uc624\uc12c\uc720\uc18c\uc7ac\ud559\uacfc",
            "estblYear": "2022",
            "estblDprtnCd": "170Q",
            "estblSmstrSctnm": "1\ud559\uae30",
            "estblSmstrSctcd": "CMBS001400001",
            "estblGrade": "1",
            "sbjetSctnm": "\uc804\uacf5",
            "sbjetNm": "\uc12c\uc720\ud559",
            "sbjetDvnno": "001",
            "sbjetCd": "FIER0211",
            "gubun": null,
            "pckgeRqstPssblYn": "N",
            "pckgeRqstCnt": "0",
            "name": null,
            "rmrk": null,
            "appcrCnt": "31",
            "attlcPrscpCnt": "40",
            "lssnsTimeInfo": "\ud654 5B,6A,6B<br/>\ubaa9 5B,6A,6B",
            "lssnsRealTimeInfo": "\ud654 13:30 ~ 15:00<br/>\ubaa9 13:30 ~ 15:00",
            "prctsTime": "0",
            "doPlan": "Kor",
            "thryTime": "3",
            "totalPrfssNm": "\ubc30\ub3c4\uaddc",
            "mngetEstblYn": "Y",
            "code": null,
            "crdit": "3",
            "expniSllbsYn": "N",
            "bldngSn": null,
            "bldngCd": null,
            "bldngNm": null,
            "lssnsLcttmUntcd": null,
            "sbjetSctcd2": null,
            "rmnmCd": "301-1",
            "isApi": null,
            "paging": false,
            "rowStatus": "R",
            "pageSort": null
        },
        {
            "rowIndex": 0,
            "success": false,
            "message": null,
            "pageSize": 100,
            "pageNum": 1,
            "lctreMthodNm": "\ub300\uba74",
            "lctrmInfo": "\ub18d\ub3003\ud638\uad00",
            "lctreLnggeSctcd": null,
            "crseNo": "CLTR0215-021",
            "estblUnivNm": "\ub18d\uc5c5\uc0dd\uba85\uacfc\ud559\ub300\ud559",
            "estblDprtnNm": "\ubc14\uc774\uc624\uc12c\uc720\uc18c\uc7ac\ud559\uacfc",
            "estblYear": "2022",
            "estblDprtnCd": "170Q",
            "estblSmstrSctnm": "1\ud559\uae30",
            "estblSmstrSctcd": "CMBS001400001",
            "estblGrade": "1",
            "sbjetSctnm": "\uad50\uc591",
            "sbjetNm": "\ud654\ud559 I",
            "sbjetDvnno": "021",
            "sbjetCd": "CLTR0215",
            "gubun": null,
            "pckgeRqstPssblYn": "N",
            "pckgeRqstCnt": "0",
            "name": null,
            "rmrk": null,
            "appcrCnt": "23",
            "attlcPrscpCnt": "65",
            "lssnsTimeInfo": "\ud654 8B,9A,9B<br/>\ubaa9 8B,9A,9B",
            "lssnsRealTimeInfo": "\ud654 16:30 ~ 18:00<br/>\ubaa9 16:30 ~ 18:00",
            "prctsTime": "0",
            "doPlan": "Kor",
            "thryTime": "3",
            "totalPrfssNm": "\uc11c\uc5f0\uc219",
            "mngetEstblYn": "Y",
            "code": null,
            "crdit": "3",
            "expniSllbsYn": "N",
            "bldngSn": null,
            "bldngCd": null,
            "bldngNm": null,
            "lssnsLcttmUntcd": null,
            "sbjetSctcd2": null,
            "rmnmCd": "521",
            "isApi": null,
            "paging": false,
            "rowStatus": "R",
            "pageSort": null
        },
        {
            "rowIndex": 0,
            "success": false,
            "message": null,
            "pageSize": 100,
            "pageNum": 1,
            "lctreMthodNm": "\ube44\ub300\uba74",
            "lctrmInfo": "\ub18d\ub3002\ud638\uad00",
            "lctreLnggeSctcd": null,
            "crseNo": "CLTR0117-005",
            "estblUnivNm": "\ub18d\uc5c5\uc0dd\uba85\uacfc\ud559\ub300\ud559",
            "estblDprtnNm": "\ubc14\uc774\uc624\uc12c\uc720\uc18c\uc7ac\ud559\uacfc",
            "estblYear": "2022",
            "estblDprtnCd": "170Q",
            "estblSmstrSctnm": "1\ud559\uae30",
            "estblSmstrSctcd": "CMBS001400001",
            "estblGrade": "1",
            "sbjetSctnm": "\uad50\uc591",
            "sbjetNm": "\ub18d\uc5c5\uacfc\ud658\uacbd",
            "sbjetDvnno": "005",
            "sbjetCd": "CLTR0117",
            "gubun": null,
            "pckgeRqstPssblYn": "N",
            "pckgeRqstCnt": "0",
            "name": null,
            "rmrk": null,
            "appcrCnt": "100",
            "attlcPrscpCnt": "70",
            "lssnsTimeInfo": "\uc6d4 1A,1B,2A<br/>\uc218 2B,3A,3B",
            "lssnsRealTimeInfo": "\uc6d4 09:00 ~ 10:30<br/>\uc218 10:30 ~ 12:00",
            "prctsTime": "0",
            "doPlan": "Kor",
            "thryTime": "3",
            "totalPrfssNm": "\uac15\uc0c1\uc7ac<br/>\ubc15\uc7ac\ud615<br/>\uc2e0\ub3d9\ud604<br/>\uc774\uc2b9\uc5f4<br/>\uc774\uc9c4\uc601<br/>\ud5c8\ub4f1\uc6a9",
            "mngetEstblYn": "N",
            "code": null,
            "crdit": "3",
            "expniSllbsYn": "N",
            "bldngSn": null,
            "bldngCd": null,
            "bldngNm": null,
            "lssnsLcttmUntcd": null,
            "sbjetSctcd2": null,
            "rmnmCd": "401",
            "isApi": null,
            "paging": false,
            "rowStatus": "R",
            "pageSort": null
        },
        {
            "rowIndex": 0,
            "success": false,
            "message": null,
            "pageSize": 100,
            "pageNum": 1,
            "lctreMthodNm": "\ube44\ub300\uba74",
            "lctrmInfo": "\ub18d\ub3002\ud638\uad00",
            "lctreLnggeSctcd": null,
            "crseNo": "FIER0475-001",
            "estblUnivNm": "\ub18d\uc5c5\uc0dd\uba85\uacfc\ud559\ub300\ud559",
            "estblDprtnNm": "\ubc14\uc774\uc624\uc12c\uc720\uc18c\uc7ac\ud559\uacfc",
            "estblYear": "2022",
            "estblDprtnCd": "170Q",
            "estblSmstrSctnm": "1\ud559\uae30",
            "estblSmstrSctcd": "CMBS001400001",
            "estblGrade": "2",
            "sbjetSctnm": "\uc804\uacf5",
            "sbjetNm": "\ubc14\uc774\uc624\uc12c\uc720\uc18c\uc7ac\ud654\ud559",
            "sbjetDvnno": "001",
            "sbjetCd": "FIER0475",
            "gubun": null,
            "pckgeRqstPssblYn": "Y",
            "pckgeRqstCnt": "71",
            "name": null,
            "rmrk": "\uc6d0\uaca9\uac15\uc88c<br>",
            "appcrCnt": "146",
            "attlcPrscpCnt": "150",
            "lssnsTimeInfo": "\uc6d4 10A,10B,11A<br/>\uc6d4 11B,12A,12B",
            "lssnsRealTimeInfo": "\uc6d4 18:00 ~ 19:30<br/>\uc6d4 19:30 ~ 21:00",
            "prctsTime": "0",
            "doPlan": "Kor",
            "thryTime": "3",
            "totalPrfssNm": "\uc5c4\uc778\ucca0",
            "mngetEstblYn": "Y",
            "code": null,
            "crdit": "3",
            "expniSllbsYn": "Y",
            "bldngSn": null,
            "bldngCd": null,
            "bldngNm": null,
            "lssnsLcttmUntcd": null,
            "sbjetSctcd2": null,
            "rmnmCd": "301-1",
            "isApi": null,
            "paging": false,
            "rowStatus": "R",
            "pageSort": null
        },
        {
            "rowIndex": 0,
            "success": false,
            "message": null,
            "pageSize": 100,
            "pageNum": 1,
            "lctreMthodNm": "\ub300\uba74",
            "lctrmInfo": "\ub18d\ub3002\ud638\uad00",
            "lctreLnggeSctcd": null,
            "crseNo": "FIER0477-001",
            "estblUnivNm": "\ub18d\uc5c5\uc0dd\uba85\uacfc\ud559\ub300\ud559",
            "estblDprtnNm": "\ubc14\uc774\uc624\uc12c\uc720\uc18c\uc7ac\ud559\uacfc",
            "estblYear": "2022",
            "estblDprtnCd": "170Q",
            "estblSmstrSctnm": "1\ud559\uae30",
            "estblSmstrSctcd": "CMBS001400001",
            "estblGrade": "3",
            "sbjetSctnm": "\uc804\uacf5",
            "sbjetNm": "\ubc14\uc774\uc624\uc751\uc6a9\uc18c\uc7ac\ud559",
            "sbjetDvnno": "001",
            "sbjetCd": "FIER0477",
            "gubun": null,
            "pckgeRqstPssblYn": "N",
            "pckgeRqstCnt": "0",
            "name": null,
            "rmrk": null,
            "appcrCnt": "16",
            "attlcPrscpCnt": "50",
            "lssnsTimeInfo": "\uc6d4 2B,3A,3B<br/>\uc218 2B,3A,3B",
            "lssnsRealTimeInfo": "\uc6d4 10:30 ~ 12:00<br/>\uc218 10:30 ~ 12:00",
            "prctsTime": "0",
            "doPlan": "Kor",
            "thryTime": "3",
            "totalPrfssNm": "\uc815\uacbd\uc6b4",
            "mngetEstblYn": "Y",
            "code": null,
            "crdit": "3",
            "expniSllbsYn": "N",
            "bldngSn": null,
            "bldngCd": null,
            "bldngNm": null,
            "lssnsLcttmUntcd": null,
            "sbjetSctcd2": null,
            "rmnmCd": "301-1",
            "isApi": null,
            "paging": false,
            "rowStatus": "R",
            "pageSort": null
        },
        {
            "rowIndex": 0,
            "success": false,
            "message": null,
            "pageSize": 100,
            "pageNum": 1,
            "lctreMthodNm": "\ub300\uba74",
            "lctrmInfo": "\ub18d\ub3003\ud638\uad00",
            "lctreLnggeSctcd": null,
            "crseNo": "CLTR0211-022",
            "estblUnivNm": "\ub18d\uc5c5\uc0dd\uba85\uacfc\ud559\ub300\ud559",
            "estblDprtnNm": "\ubc14\uc774\uc624\uc12c\uc720\uc18c\uc7ac\ud559\uacfc",
            "estblYear": "2022",
            "estblDprtnCd": "170Q",
            "estblSmstrSctnm": "1\ud559\uae30",
            "estblSmstrSctcd": "CMBS001400001",
            "estblGrade": "1",
            "sbjetSctnm": "\uad50\uc591",
            "sbjetNm": "\uc218\ud559 I",
            "sbjetDvnno": "022",
            "sbjetCd": "CLTR0211",
            "gubun": null,
            "pckgeRqstPssblYn": "N",
            "pckgeRqstCnt": "0",
            "name": null,
            "rmrk": null,
            "appcrCnt": "35",
            "attlcPrscpCnt": "65",
            "lssnsTimeInfo": "\ud654 2B,3A,3B<br/>\ubaa9 1A,1B,2A",
            "lssnsRealTimeInfo": "\ud654 10:30 ~ 12:00<br/>\ubaa9 09:00 ~ 10:30",
            "prctsTime": "0",
            "doPlan": "Kor",
            "thryTime": "3",
            "totalPrfssNm": "\ubc15\uc740\ubbf8",
            "mngetEstblYn": "Y",
            "code": null,
            "crdit": "3",
            "expniSllbsYn": "N",
            "bldngSn": null,
            "bldngCd": null,
            "bldngNm": null,
            "lssnsLcttmUntcd": null,
            "sbjetSctcd2": null,
            "rmnmCd": "521",
            "isApi": null,
            "paging": false,
            "rowStatus": "R",
            "pageSort": null
        },
        {
            "rowIndex": 0,
            "success": false,
            "message": null,
            "pageSize": 100,
            "pageNum": 1,
            "lctreMthodNm": "\ub300\uba74",
            "lctrmInfo": "\ub18d\ub3002\ud638\uad00",
            "lctreLnggeSctcd": null,
            "crseNo": "FIER0483-001",
            "estblUnivNm": "\ub18d\uc5c5\uc0dd\uba85\uacfc\ud559\ub300\ud559",
            "estblDprtnNm": "\ubc14\uc774\uc624\uc12c\uc720\uc18c\uc7ac\ud559\uacfc",
            "estblYear": "2022",
            "estblDprtnCd": "170Q",
            "estblSmstrSctnm": "1\ud559\uae30",
            "estblSmstrSctcd": "CMBS001400001",
            "estblGrade": "4",
            "sbjetSctnm": "\uc804\uacf5",
            "sbjetNm": "\ubc14\uc774\uc624\uc12c\uc720\uc18c\uc7ac \ubc0f \uc81c\ud488\uad00\ub9ac 2",
            "sbjetDvnno": "001",
            "sbjetCd": "FIER0483",
            "gubun": null,
            "pckgeRqstPssblYn": "N",
            "pckgeRqstCnt": null,
            "name": null,
            "rmrk": null,
            "appcrCnt": "12",
            "attlcPrscpCnt": "50",
            "lssnsTimeInfo": "\ud654 2B,3A,3B<br/>\ubaa9 2B,3A,3B",
            "lssnsRealTimeInfo": "\ud654 10:30 ~ 12:00<br/>\ubaa9 10:30 ~ 12:00",
            "prctsTime": "0",
            "doPlan": "Kor",
            "thryTime": "3",
            "totalPrfssNm": "\uc815\uacbd\uc6b4",
            "mngetEstblYn": "Y",
            "code": null,
            "crdit": "3",
            "expniSllbsYn": "N",
            "bldngSn": null,
            "bldngCd": null,
            "bldngNm": null,
            "lssnsLcttmUntcd": null,
            "sbjetSctcd2": null,
            "rmnmCd": "301-1",
            "isApi": null,
            "paging": false,
            "rowStatus": "R",
            "pageSort": null
        },
        {
            "rowIndex": 0,
            "success": false,
            "message": null,
            "pageSize": 100,
            "pageNum": 1,
            "lctreMthodNm": "\ud63c\ud569",
            "lctrmInfo": "\ub18d\ub3002\ud638\uad00",
            "lctreLnggeSctcd": null,
            "crseNo": "FIER0508-001",
            "estblUnivNm": "\ub18d\uc5c5\uc0dd\uba85\uacfc\ud559\ub300\ud559",
            "estblDprtnNm": "\ubc14\uc774\uc624\uc12c\uc720\uc18c\uc7ac\ud559\uacfc",
            "estblYear": "2022",
            "estblDprtnCd": "170Q",
            "estblSmstrSctnm": "1\ud559\uae30",
            "estblSmstrSctcd": "CMBS001400001",
            "estblGrade": "3",
            "sbjetSctnm": "\uc804\uacf5",
            "sbjetNm": "\ubc14\uc774\uc624 \ubd80\uc9c1\ud3ec\uacf5\ud559 \ucc3d\uc758\uc801 \uc885\ud569\uc124\uacc4",
            "sbjetDvnno": "001",
            "sbjetCd": "FIER0508",
            "gubun": null,
            "pckgeRqstPssblYn": "Y",
            "pckgeRqstCnt": "13",
            "name": null,
            "rmrk": "\ud50c\ub9bd\ub4dc\ub7ec\ub2dd\uac15\uc88c<br>",
            "appcrCnt": "16",
            "attlcPrscpCnt": "20",
            "lssnsTimeInfo": "\uae08 6A,6B<br/>\uae08 7A,7B<br/>\uae08 8A,8B<br/>\uae08 9A,9B",
            "lssnsRealTimeInfo": "\uae08 14:00 ~ 15:00<br/>\uae08 15:00 ~ 16:00<br/>\uae08 16:00 ~ 17:00<br/>\uae08 17:00 ~ 18:00",
            "prctsTime": "2",
            "doPlan": "Pre",
            "thryTime": "2",
            "totalPrfssNm": "\uc5c4\uc778\ucca0",
            "mngetEstblYn": "Y",
            "code": null,
            "crdit": "3",
            "expniSllbsYn": "N",
            "bldngSn": null,
            "bldngCd": null,
            "bldngNm": null,
            "lssnsLcttmUntcd": null,
            "sbjetSctcd2": null,
            "rmnmCd": "301-1",
            "isApi": null,
            "paging": false,
            "rowStatus": "R",
            "pageSort": null
        },
        {
            "rowIndex": 0,
            "success": false,
            "message": null,
            "pageSize": 100,
            "pageNum": 1,
            "lctreMthodNm": "\ub300\uba74",
            "lctrmInfo": "\ub18d\ub3002\ud638\uad00",
            "lctreLnggeSctcd": null,
            "crseNo": "FIER0221-001",
            "estblUnivNm": "\ub18d\uc5c5\uc0dd\uba85\uacfc\ud559\ub300\ud559",
            "estblDprtnNm": "\ubc14\uc774\uc624\uc12c\uc720\uc18c\uc7ac\ud559\uacfc",
            "estblYear": "2022",
            "estblDprtnCd": "170Q",
            "estblSmstrSctnm": "1\ud559\uae30",
            "estblSmstrSctcd": "CMBS001400001",
            "estblGrade": "2",
            "sbjetSctnm": "\uc804\uacf5",
            "sbjetNm": "\ud569\uc131\uc12c\uc720\uacf5\ud559",
            "sbjetDvnno": "001",
            "sbjetCd": "FIER0221",
            "gubun": null,
            "pckgeRqstPssblYn": "Y",
            "pckgeRqstCnt": "30",
            "name": null,
            "rmrk": null,
            "appcrCnt": "34",
            "attlcPrscpCnt": "50",
            "lssnsTimeInfo": "\uc6d4 8B,9A,9B<br/>\uc218 8B,9A,9B",
            "lssnsRealTimeInfo": "\uc6d4 16:30 ~ 18:00<br/>\uc218 16:30 ~ 18:00",
            "prctsTime": "0",
            "doPlan": "Kor",
            "thryTime": "3",
            "totalPrfssNm": "\uc5fc\uc815\ud604",
            "mngetEstblYn": "Y",
            "code": null,
            "crdit": "3",
            "expniSllbsYn": "N",
            "bldngSn": null,
            "bldngCd": null,
            "bldngNm": null,
            "lssnsLcttmUntcd": null,
            "sbjetSctcd2": null,
            "rmnmCd": "412",
            "isApi": null,
            "paging": false,
            "rowStatus": "R",
            "pageSort": null
        },
        {
            "rowIndex": 0,
            "success": false,
            "message": null,
            "pageSize": 100,
            "pageNum": 1,
            "lctreMthodNm": "\ub300\uba74",
            "lctrmInfo": "\ub18d\ub3002\ud638\uad00",
            "lctreLnggeSctcd": null,
            "crseNo": "CHEM0506-001",
            "estblUnivNm": "\ub18d\uc5c5\uc0dd\uba85\uacfc\ud559\ub300\ud559",
            "estblDprtnNm": "\ubc14\uc774\uc624\uc12c\uc720\uc18c\uc7ac\ud559\uacfc",
            "estblYear": "2022",
            "estblDprtnCd": "170Q",
            "estblSmstrSctnm": "1\ud559\uae30",
            "estblSmstrSctcd": "CMBS001400001",
            "estblGrade": "1",
            "sbjetSctnm": "\uc804\uacf5",
            "sbjetNm": "\uc77c\ubc18\ud654\ud559\uc2e4\ud5d8",
            "sbjetDvnno": "001",
            "sbjetCd": "CHEM0506",
            "gubun": null,
            "pckgeRqstPssblYn": "N",
            "pckgeRqstCnt": "0",
            "name": null,
            "rmrk": null,
            "appcrCnt": "27",
            "attlcPrscpCnt": "30",
            "lssnsTimeInfo": "\uae08 1A,1B<br/>\uae08 2A,2B<br/>\uae08 3A,3B<br/>\uae08 4A,4B",
            "lssnsRealTimeInfo": "\uae08 09:00 ~ 10:00<br/>\uae08 10:00 ~ 11:00<br/>\uae08 11:00 ~ 12:00<br/>\uae08 12:00 ~ 13:00",
            "prctsTime": "4",
            "doPlan": "Kor",
            "thryTime": "0",
            "totalPrfssNm": "\uc5fc\uc815\ud604",
            "mngetEstblYn": "Y",
            "code": null,
            "crdit": "2",
            "expniSllbsYn": "N",
            "bldngSn": null,
            "bldngCd": null,
            "bldngNm": null,
            "lssnsLcttmUntcd": null,
            "sbjetSctcd2": null,
            "rmnmCd": "301-4",
            "isApi": null,
            "paging": false,
            "rowStatus": "R",
            "pageSort": null
        }
    ],
    "statusCode": 200
}