{
    "timestamp": "2022-04-28T23:14:49.469",
    "success": true,
    "code": null,
    "msg": null,
    "data": [
        {
            "rowIndex": 0,
            "success": false,
            "message": null,
            "pageSize": 100,
            "pageNum": 1,
            "lctreMthodNm": "\ube44\ub300\uba74",
            "lctrmInfo": "KNU\uae00\ub85c\ubc8c\ud504\ub77c\uc790",
            "lctreLnggeSctcd": null,
            "crseNo": "CLTR0045-018",
            "estblUnivNm": "\uc790\uc728\uc804\uacf5\ubd80",
            "estblDprtnNm": "\uc778\ubb38\uc0ac\ud68c\uc790\uc728\uc804\uacf5",
            "estblYear": "2022",
            "estblDprtnCd": "1E01",
            "estblSmstrSctnm": "1\ud559\uae30",
            "estblSmstrSctcd": "CMBS001400001",
            "estblGrade": "1",
            "sbjetSctnm": "\uad50\uc591",
            "sbjetNm": "\ub17c\ub9ac\uc640 \ube44\ud310\uc801 \uc0ac\uace0",
            "sbjetDvnno": "018",
            "sbjetCd": "CLTR0045",
            "gubun": null,
            "pckgeRqstPssblYn": "N",
            "pckgeRqstCnt": "0",
            "name": null,
            "rmrk": "<b>\uc778\ubb38\uad50\uc591</b><br>",
            "appcrCnt": "74",
            "attlcPrscpCnt": "70",
            "lssnsTimeInfo": "\ud654 8B,9A,9B<br/>\ubaa9 8B,9A,9B",
            "lssnsRealTimeInfo": "\ud654 16:30 ~ 18:00<br/>\ubaa9 16:30 ~ 18:00",
            "prctsTime": "0",
            "doPlan": "Kor",
            "thryTime": "3",
            "totalPrfssNm": "\uc815\uc11d\ud604",
            "mngetEstblYn": "Y",
            "code": null,
            "crdit": "3",
            "expniSllbsYn": "N",
            "bldngSn": null,
            "bldngCd": null,
            "bldngNm": null,
            "lssnsLcttmUntcd": null,
            "sbjetSctcd2": null,
            "rmnmCd": "510",
            "isApi": null,
            "paging": false,
            "rowStatus": "R",
            "pageSort": null
        },
        {
            "rowIndex": 0,
            "success": false,
            "message": null,
            "pageSize": 100,
            "pageNum": 1,
            "lctreMthodNm": "\ub300\uba74",
            "lctrmInfo": "KNU\uae00\ub85c\ubc8c\ud504\ub77c\uc790",
            "lctreLnggeSctcd": null,
            "crseNo": "CLTR0042-003",
            "estblUnivNm": "\uc790\uc728\uc804\uacf5\ubd80",
            "estblDprtnNm": "\uc778\ubb38\uc0ac\ud68c\uc790\uc728\uc804\uacf5",
            "estblYear": "2022",
            "estblDprtnCd": "1E01",
            "estblSmstrSctnm": "1\ud559\uae30",
            "estblSmstrSctcd": "CMBS001400001",
            "estblGrade": "1",
            "sbjetSctnm": "\uad50\uc591",
            "sbjetNm": "\ub3d9\uc591\uc758\uc5ed\uc0ac\uc640\ubb38\ud654",
            "sbjetDvnno": "003",
            "sbjetCd": "CLTR0042",
            "gubun": null,
            "pckgeRqstPssblYn": "N",
            "pckgeRqstCnt": "0",
            "name": null,
            "rmrk": "<b>\uc778\ubb38\uad50\uc591</b><br>",
            "appcrCnt": "57",
            "attlcPrscpCnt": "70",
            "lssnsTimeInfo": "\ud654 8B,9A,9B<br/>\ubaa9 8B,9A,9B",
            "lssnsRealTimeInfo": "\ud654 16:30 ~ 18:00<br/>\ubaa9 16:30 ~ 18:00",
            "prctsTime": "0",
            "doPlan": "Kor",
            "thryTime": "3",
            "totalPrfssNm": "\uc774\ud559\ub85c",
            "mngetEstblYn": "Y",
            "code": null,
            "crdit": "3",
            "expniSllbsYn": "N",
            "bldngSn": null,
            "bldngCd": null,
            "bldngNm": null,
            "lssnsLcttmUntcd": null,
            "sbjetSctcd2": null,
            "rmnmCd": "502",
            "isApi": null,
            "paging": false,
            "rowStatus": "R",
            "pageSort": null
        },
        {
            "rowIndex": 0,
            "success": false,
            "message": null,
            "pageSize": 100,
            "pageNum": 1,
            "lctreMthodNm": "\ub300\uba74",
            "lctrmInfo": "KNU\uae00\ub85c\ubc8c\ud504\ub77c\uc790",
            "lctreLnggeSctcd": null,
            "crseNo": "CLTR0508-004",
            "estblUnivNm": "\uc790\uc728\uc804\uacf5\ubd80",
            "estblDprtnNm": "\uc778\ubb38\uc0ac\ud68c\uc790\uc728\uc804\uacf5",
            "estblYear": "2022",
            "estblDprtnCd": "1E01",
            "estblSmstrSctnm": "1\ud559\uae30",
            "estblSmstrSctcd": "CMBS001400001",
            "estblGrade": "1",
            "sbjetSctnm": "\uad50\uc591",
            "sbjetNm": "\uc778\uac04\uacfc \uc5b8\uc5b4",
            "sbjetDvnno": "004",
            "sbjetCd": "CLTR0508",
            "gubun": null,
            "pckgeRqstPssblYn": "N",
            "pckgeRqstCnt": "0",
            "name": null,
            "rmrk": "<b>\uc778\ubb38\uad50\uc591</b><br>",
            "appcrCnt": "69",
            "attlcPrscpCnt": "70",
            "lssnsTimeInfo": "\ud654 2B,3A,3B<br/>\ubaa9 1A,1B,2A",
            "lssnsRealTimeInfo": "\ud654 10:30 ~ 12:00<br/>\ubaa9 09:00 ~ 10:30",
            "prctsTime": "0",
            "doPlan": "Kor",
            "thryTime": "3",
            "totalPrfssNm": "\uae38\uc724\ubbf8",
            "mngetEstblYn": "Y",
            "code": null,
            "crdit": "3",
            "expniSllbsYn": "N",
            "bldngSn": null,
            "bldngCd": null,
            "bldngNm": null,
            "lssnsLcttmUntcd": null,
            "sbjetSctcd2": null,
            "rmnmCd": "510",
            "isApi": null,
            "paging": false,
            "rowStatus": "R",
            "pageSort": null
        },
        {
            "rowIndex": 0,
            "success": false,
            "message": null,
            "pageSize": 100,
            "pageNum": 1,
            "lctreMthodNm": "\ub300\uba74",
            "lctrmInfo": "KNU\uae00\ub85c\ubc8c\ud504\ub77c\uc790",
            "lctreLnggeSctcd": null,
            "crseNo": "CLTR0022-003",
            "estblUnivNm": "\uc790\uc728\uc804\uacf5\ubd80",
            "estblDprtnNm": "\uc778\ubb38\uc0ac\ud68c\uc790\uc728\uc804\uacf5",
            "estblYear": "2022",
            "estblDprtnCd": "1E01",
            "estblSmstrSctnm": "1\ud559\uae30",
            "estblSmstrSctcd": "CMBS001400001",
            "estblGrade": "1",
            "sbjetSctnm": "\uad50\uc591",
            "sbjetNm": "\ud504\ub791\uc2a4\uc5b41",
            "sbjetDvnno": "003",
            "sbjetCd": "CLTR0022",
            "gubun": null,
            "pckgeRqstPssblYn": "N",
            "pckgeRqstCnt": "0",
            "name": null,
            "rmrk": "<b>\uc778\ubb38\uad50\uc591</b><br>",
            "appcrCnt": "40",
            "attlcPrscpCnt": "50",
            "lssnsTimeInfo": "\uc6d4 2B,3A,3B<br/>\uae08 1A,1B,2A",
            "lssnsRealTimeInfo": "\uc6d4 10:30 ~ 12:00<br/>\uae08 09:00 ~ 10:30",
            "prctsTime": "0",
            "doPlan": "Kor",
            "thryTime": "3",
            "totalPrfssNm": "\uae40\ud76c\uacbd",
            "mngetEstblYn": "Y",
            "code": null,
            "crdit": "3",
            "expniSllbsYn": "N",
            "bldngSn": null,
            "bldngCd": null,
            "bldngNm": null,
            "lssnsLcttmUntcd": null,
            "sbjetSctcd2": null,
            "rmnmCd": "402",
            "isApi": null,
            "paging": false,
            "rowStatus": "R",
            "pageSort": null
        },
        {
            "rowIndex": 0,
            "success": false,
            "message": null,
            "pageSize": 100,
            "pageNum": 1,
            "lctreMthodNm": "\ube44\ub300\uba74",
            "lctrmInfo": "\uc81c4\ud569\ub3d9\uac15\uc758\ub3d9",
            "lctreLnggeSctcd": null,
            "crseNo": "CLTR0078-002",
            "estblUnivNm": "\uc790\uc728\uc804\uacf5\ubd80",
            "estblDprtnNm": "\uc778\ubb38\uc0ac\ud68c\uc790\uc728\uc804\uacf5",
            "estblYear": "2022",
            "estblDprtnCd": "1E01",
            "estblSmstrSctnm": "1\ud559\uae30",
            "estblSmstrSctcd": "CMBS001400001",
            "estblGrade": "1",
            "sbjetSctnm": "\uad50\uc591",
            "sbjetNm": "\uc2ec\ub9ac\ud559\uc758\uc774\ud574",
            "sbjetDvnno": "002",
            "sbjetCd": "CLTR0078",
            "gubun": null,
            "pckgeRqstPssblYn": "N",
            "pckgeRqstCnt": "0",
            "name": null,
            "rmrk": "\uc6d0\uaca9\uac15\uc88c<br>",
            "appcrCnt": "240",
            "attlcPrscpCnt": "100",
            "lssnsTimeInfo": "\uc6d4 2B,3A,3B<br/>\uc6d4 4A,4B,5A",
            "lssnsRealTimeInfo": "\uc6d4 10:30 ~ 12:00<br/>\uc6d4 12:00 ~ 13:30",
            "prctsTime": "0",
            "doPlan": "Kor",
            "thryTime": "3",
            "totalPrfssNm": "\ud5c8\uc7ac\ud64d",
            "mngetEstblYn": "N",
            "code": null,
            "crdit": "3",
            "expniSllbsYn": "Y",
            "bldngSn": null,
            "bldngCd": null,
            "bldngNm": null,
            "lssnsLcttmUntcd": null,
            "sbjetSctcd2": null,
            "rmnmCd": "307",
            "isApi": null,
            "paging": false,
            "rowStatus": "R",
            "pageSort": null
        },
        {
            "rowIndex": 0,
            "success": false,
            "message": null,
            "pageSize": 100,
            "pageNum": 1,
            "lctreMthodNm": "\ube44\ub300\uba74",
            "lctrmInfo": "KNU\uae00\ub85c\ubc8c\ud504\ub77c\uc790",
            "lctreLnggeSctcd": null,
            "crseNo": "CLTR0101-007",
            "estblUnivNm": "\uc790\uc728\uc804\uacf5\ubd80",
            "estblDprtnNm": "\uc778\ubb38\uc0ac\ud68c\uc790\uc728\uc804\uacf5",
            "estblYear": "2022",
            "estblDprtnCd": "1E01",
            "estblSmstrSctnm": "1\ud559\uae30",
            "estblSmstrSctcd": "CMBS001400001",
            "estblGrade": "1",
            "sbjetSctnm": "\uad50\uc591",
            "sbjetNm": "\uc778\uac04\uacfc\uc790\uc5f0",
            "sbjetDvnno": "007",
            "sbjetCd": "CLTR0101",
            "gubun": null,
            "pckgeRqstPssblYn": "N",
            "pckgeRqstCnt": "0",
            "name": null,
            "rmrk": null,
            "appcrCnt": "77",
            "attlcPrscpCnt": "70",
            "lssnsTimeInfo": "\uc218 8B,9A,9B<br/>\uae08 8B,9A,9B",
            "lssnsRealTimeInfo": "\uc218 16:30 ~ 18:00<br/>\uae08 16:30 ~ 18:00",
            "prctsTime": "0",
            "doPlan": "Kor",
            "thryTime": "3",
            "totalPrfssNm": "\uc9c4\uc6d0\ud615",
            "mngetEstblYn": "Y",
            "code": null,
            "crdit": "3",
            "expniSllbsYn": "N",
            "bldngSn": null,
            "bldngCd": null,
            "bldngNm": null,
            "lssnsLcttmUntcd": null,
            "sbjetSctcd2": null,
            "rmnmCd": "510",
            "isApi": null,
            "paging": false,
            "rowStatus": "R",
            "pageSort": null
        },
        {
            "rowIndex": 0,
            "success": false,
            "message": null,
            "pageSize": 100,
            "pageNum": 1,
            "lctreMthodNm": "\ub300\uba74",
            "lctrmInfo": "KNU\uae00\ub85c\ubc8c\ud504\ub77c\uc790",
            "lctreLnggeSctcd": null,
            "crseNo": "CLTR0044-007",
            "estblUnivNm": "\uc790\uc728\uc804\uacf5\ubd80",
            "estblDprtnNm": "\uc778\ubb38\uc0ac\ud68c\uc790\uc728\uc804\uacf5",
            "estblYear": "2022",
            "estblDprtnCd": "1E01",
            "estblSmstrSctnm": "1\ud559\uae30",
            "estblSmstrSctcd": "CMBS001400001",
            "estblGrade": "1",
            "sbjetSctnm": "\uad50\uc591",
            "sbjetNm": "\ucca0\ud559\uc758\uc774\ud574",
            "sbjetDvnno": "007",
            "sbjetCd": "CLTR0044",
            "gubun": null,
            "pckgeRqstPssblYn": "N",
            "pckgeRqstCnt": "0",
            "name": null,
            "rmrk": "<b>\uc778\ubb38\uad50\uc591</b><br>",
            "appcrCnt": "61",
            "attlcPrscpCnt": "70",
            "lssnsTimeInfo": "\ud654 1A,1B,2A<br/>\ubaa9 2B,3A,3B",
            "lssnsRealTimeInfo": "\ud654 09:00 ~ 10:30<br/>\ubaa9 10:30 ~ 12:00",
            "prctsTime": "0",
            "doPlan": "Kor",
            "thryTime": "3",
            "totalPrfssNm": "\uc131\ud68c\uacbd",
            "mngetEstblYn": "Y",
            "code": null,
            "crdit": "3",
            "expniSllbsYn": "N",
            "bldngSn": null,
            "bldngCd": null,
            "bldngNm": null,
            "lssnsLcttmUntcd": null,
            "sbjetSctcd2": null,
            "rmnmCd": "510",
            "isApi": null,
            "paging": false,
            "rowStatus": "R",
            "pageSort": null
        },
        {
            "rowIndex": 0,
            "success": false,
            "message": null,
            "pageSize": 100,
            "pageNum": 1,
            "lctreMthodNm": "\ub300\uba74",
            "lctrmInfo": "KNU\uae00\ub85c\ubc8c\ud504\ub77c\uc790",
            "lctreLnggeSctcd": null,
            "crseNo": "CLTR0024-003",
            "estblUnivNm": "\uc790\uc728\uc804\uacf5\ubd80",
            "estblDprtnNm": "\uc778\ubb38\uc0ac\ud68c\uc790\uc728\uc804\uacf5",
            "estblYear": "2022",
            "estblDprtnCd": "1E01",
            "estblSmstrSctnm": "1\ud559\uae30",
            "estblSmstrSctcd": "CMBS001400001",
            "estblGrade": "1",
            "sbjetSctnm": "\uad50\uc591",
            "sbjetNm": "\ub3c5\uc77c\uc5b41",
            "sbjetDvnno": "003",
            "sbjetCd": "CLTR0024",
            "gubun": null,
            "pckgeRqstPssblYn": "N",
            "pckgeRqstCnt": "0",
            "name": null,
            "rmrk": "<b>\uc778\ubb38\uad50\uc591</b><br>",
            "appcrCnt": "50",
            "attlcPrscpCnt": "50",
            "lssnsTimeInfo": "\ud654 7A,7B,8A<br/>\ubaa9 7A,7B,8A",
            "lssnsRealTimeInfo": "\ud654 15:00 ~ 16:30<br/>\ubaa9 15:00 ~ 16:30",
            "prctsTime": "0",
            "doPlan": "Kor",
            "thryTime": "3",
            "totalPrfssNm": "\ubc15\uc138\uc9c4",
            "mngetEstblYn": "Y",
            "code": null,
            "crdit": "3",
            "expniSllbsYn": "N",
            "bldngSn": null,
            "bldngCd": null,
            "bldngNm": null,
            "lssnsLcttmUntcd": null,
            "sbjetSctcd2": null,
            "rmnmCd": "402",
            "isApi": null,
            "paging": false,
            "rowStatus": "R",
            "pageSort": null
        },
        {
            "rowIndex": 0,
            "success": false,
            "message": null,
            "pageSize": 100,
            "pageNum": 1,
            "lctreMthodNm": "\ub300\uba74",
            "lctrmInfo": "KNU\uae00\ub85c\ubc8c\ud504\ub77c\uc790",
            "lctreLnggeSctcd": null,
            "crseNo": "CLTR0073-005",
            "estblUnivNm": "\uc790\uc728\uc804\uacf5\ubd80",
            "estblDprtnNm": "\uc778\ubb38\uc0ac\ud68c\uc790\uc728\uc804\uacf5",
            "estblYear": "2022",
            "estblDprtnCd": "1E01",
            "estblSmstrSctnm": "1\ud559\uae30",
            "estblSmstrSctcd": "CMBS001400001",
            "estblGrade": "1",
            "sbjetSctnm": "\uad50\uc591",
            "sbjetNm": "\ud604\ub300\uc0ac\ud68c\uc640 \uc724\ub9ac",
            "sbjetDvnno": "005",
            "sbjetCd": "CLTR0073",
            "gubun": null,
            "pckgeRqstPssblYn": "N",
            "pckgeRqstCnt": "0",
            "name": null,
            "rmrk": "<b>\uc778\ubb38\uad50\uc591</b><br>",
            "appcrCnt": "27",
            "attlcPrscpCnt": "70",
            "lssnsTimeInfo": "\uae08 1A,1B,2A<br/>\uae08 2B,3A,3B",
            "lssnsRealTimeInfo": "\uae08 09:00 ~ 10:30<br/>\uae08 10:30 ~ 12:00",
            "prctsTime": "0",
            "doPlan": "Kor",
            "thryTime": "3",
            "totalPrfssNm": "\uc870\ubc30\uc900",
            "mngetEstblYn": "Y",
            "code": null,
            "crdit": "3",
            "expniSllbsYn": "N",
            "bldngSn": null,
            "bldngCd": null,
            "bldngNm": null,
            "lssnsLcttmUntcd": null,
            "sbjetSctcd2": null,
            "rmnmCd": "502",
            "isApi": null,
            "paging": false,
            "rowStatus": "R",
            "pageSort": null
        },
        {
            "rowIndex": 0,
            "success": false,
            "message": null,
            "pageSize": 100,
            "pageNum": 1,
            "lctreMthodNm": "\ub300\uba74",
            "lctrmInfo": "KNU\uae00\ub85c\ubc8c\ud504\ub77c\uc790",
            "lctreLnggeSctcd": null,
            "crseNo": "CLTR0011-003",
            "estblUnivNm": "\uc790\uc728\uc804\uacf5\ubd80",
            "estblDprtnNm": "\uc778\ubb38\uc0ac\ud68c\uc790\uc728\uc804\uacf5",
            "estblYear": "2022",
            "estblDprtnCd": "1E01",
            "estblSmstrSctnm": "1\ud559\uae30",
            "estblSmstrSctcd": "CMBS001400001",
            "estblGrade": "1",
            "sbjetSctnm": "\uad50\uc591",
            "sbjetNm": "\uc911\uad6d\uc5b41",
            "sbjetDvnno": "003",
            "sbjetCd": "CLTR0011",
            "gubun": null,
            "pckgeRqstPssblYn": "N",
            "pckgeRqstCnt": "0",
            "name": null,
            "rmrk": "<b>\uc778\ubb38\uad50\uc591</b><br>",
            "appcrCnt": "49",
            "attlcPrscpCnt": "50",
            "lssnsTimeInfo": "\uc6d4 7A,7B,8A<br/>\uae08 7A,7B,8A",
            "lssnsRealTimeInfo": "\uc6d4 15:00 ~ 16:30<br/>\uae08 15:00 ~ 16:30",
            "prctsTime": "0",
            "doPlan": "Kor",
            "thryTime": "3",
            "totalPrfssNm": "\ubc15\uc138\uc6b1",
            "mngetEstblYn": "Y",
            "code": null,
            "crdit": "3",
            "expniSllbsYn": "N",
            "bldngSn": null,
            "bldngCd": null,
            "bldngNm": null,
            "lssnsLcttmUntcd": null,
            "sbjetSctcd2": null,
            "rmnmCd": "402",
            "isApi": null,
            "paging": false,
            "rowStatus": "R",
            "pageSort": null
        },
        {
            "rowIndex": 0,
            "success": false,
            "message": null,
            "pageSize": 100,
            "pageNum": 1,
            "lctreMthodNm": "\ub300\uba74",
            "lctrmInfo": "KNU\uae00\ub85c\ubc8c\ud504\ub77c\uc790",
            "lctreLnggeSctcd": null,
            "crseNo": "CLTR0042-004",
            "estblUnivNm": "\uc790\uc728\uc804\uacf5\ubd80",
            "estblDprtnNm": "\uc778\ubb38\uc0ac\ud68c\uc790\uc728\uc804\uacf5",
            "estblYear": "2022",
            "estblDprtnCd": "1E01",
            "estblSmstrSctnm": "1\ud559\uae30",
            "estblSmstrSctcd": "CMBS001400001",
            "estblGrade": "1",
            "sbjetSctnm": "\uad50\uc591",
            "sbjetNm": "\ub3d9\uc591\uc758\uc5ed\uc0ac\uc640\ubb38\ud654",
            "sbjetDvnno": "004",
            "sbjetCd": "CLTR0042",
            "gubun": null,
            "pckgeRqstPssblYn": "N",
            "pckgeRqstCnt": "0",
            "name": null,
            "rmrk": "<b>\uc778\ubb38\uad50\uc591</b><br>",
            "appcrCnt": "55",
            "attlcPrscpCnt": "70",
            "lssnsTimeInfo": "\ud654 5B,6A,6B<br/>\ubaa9 5B,6A,6B",
            "lssnsRealTimeInfo": "\ud654 13:30 ~ 15:00<br/>\ubaa9 13:30 ~ 15:00",
            "prctsTime": "0",
            "doPlan": "Kor",
            "thryTime": "3",
            "totalPrfssNm": "\uc774\ud559\ub85c",
            "mngetEstblYn": "Y",
            "code": null,
            "crdit": "3",
            "expniSllbsYn": "N",
            "bldngSn": null,
            "bldngCd": null,
            "bldngNm": null,
            "lssnsLcttmUntcd": null,
            "sbjetSctcd2": null,
            "rmnmCd": "502",
            "isApi": null,
            "paging": false,
            "rowStatus": "R",
            "pageSort": null
        },
        {
            "rowIndex": 0,
            "success": false,
            "message": null,
            "pageSize": 100,
            "pageNum": 1,
            "lctreMthodNm": "\ub300\uba74",
            "lctrmInfo": "KNU\uae00\ub85c\ubc8c\ud504\ub77c\uc790",
            "lctreLnggeSctcd": null,
            "crseNo": "CLTR0083-006",
            "estblUnivNm": "\uc790\uc728\uc804\uacf5\ubd80",
            "estblDprtnNm": "\uc778\ubb38\uc0ac\ud68c\uc790\uc728\uc804\uacf5",
            "estblYear": "2022",
            "estblDprtnCd": "1E01",
            "estblSmstrSctnm": "1\ud559\uae30",
            "estblSmstrSctcd": "CMBS001400001",
            "estblGrade": "1",
            "sbjetSctnm": "\uad50\uc591",
            "sbjetNm": "\uacbd\uc81c\uc758\uc774\ud574",
            "sbjetDvnno": "006",
            "sbjetCd": "CLTR0083",
            "gubun": null,
            "pckgeRqstPssblYn": "N",
            "pckgeRqstCnt": "0",
            "name": null,
            "rmrk": null,
            "appcrCnt": "67",
            "attlcPrscpCnt": "70",
            "lssnsTimeInfo": "\uc6d4 5B,6A,6B<br/>\uae08 5B,6A,6B",
            "lssnsRealTimeInfo": "\uc6d4 13:30 ~ 15:00<br/>\uae08 13:30 ~ 15:00",
            "prctsTime": "0",
            "doPlan": "Kor",
            "thryTime": "3",
            "totalPrfssNm": "\uae40\uc131\ubbfc",
            "mngetEstblYn": "Y",
            "code": null,
            "crdit": "3",
            "expniSllbsYn": "N",
            "bldngSn": null,
            "bldngCd": null,
            "bldngNm": null,
            "lssnsLcttmUntcd": null,
            "sbjetSctcd2": null,
            "rmnmCd": "502",
            "isApi": null,
            "paging": false,
            "rowStatus": "R",
            "pageSort": null
        },
        {
            "rowIndex": 0,
            "success": false,
            "message": null,
            "pageSize": 100,
            "pageNum": 1,
            "lctreMthodNm": "\ub300\uba74",
            "lctrmInfo": "KNU\uae00\ub85c\ubc8c\ud504\ub77c\uc790",
            "lctreLnggeSctcd": null,
            "crseNo": "CLTR0726-001",
            "estblUnivNm": "\uc790\uc728\uc804\uacf5\ubd80",
            "estblDprtnNm": "\uc778\ubb38\uc0ac\ud68c\uc790\uc728\uc804\uacf5",
            "estblYear": "2022",
            "estblDprtnCd": "1E01",
            "estblSmstrSctnm": "1\ud559\uae30",
            "estblSmstrSctcd": "CMBS001400001",
            "estblGrade": "1",
            "sbjetSctnm": "\uad50\uc591",
            "sbjetNm": "\uc804\uacf5\ud0d0\uc0c9",
            "sbjetDvnno": "001",
            "sbjetCd": "CLTR0726",
            "gubun": null,
            "pckgeRqstPssblYn": "N",
            "pckgeRqstCnt": "0",
            "name": null,
            "rmrk": null,
            "appcrCnt": "132",
            "attlcPrscpCnt": "70",
            "lssnsTimeInfo": "\uc218 4A,4B",
            "lssnsRealTimeInfo": "\uc218 12:00 ~ 13:00",
            "prctsTime": "0",
            "doPlan": "Kor",
            "thryTime": "1",
            "totalPrfssNm": "\uc774\uc704\ud658",
            "mngetEstblYn": "Y",
            "code": null,
            "crdit": "1",
            "expniSllbsYn": "N",
            "bldngSn": null,
            "bldngCd": null,
            "bldngNm": null,
            "lssnsLcttmUntcd": null,
            "sbjetSctcd2": null,
            "rmnmCd": "502",
            "isApi": null,
            "paging": false,
            "rowStatus": "R",
            "pageSort": null
        },
        {
            "rowIndex": 0,
            "success": false,
            "message": null,
            "pageSize": 100,
            "pageNum": 1,
            "lctreMthodNm": "\ub300\uba74",
            "lctrmInfo": "KNU\uae00\ub85c\ubc8c\ud504\ub77c\uc790",
            "lctreLnggeSctcd": null,
            "crseNo": "CLTR0045-019",
            "estblUnivNm": "\uc790\uc728\uc804\uacf5\ubd80",
            "estblDprtnNm": "\uc778\ubb38\uc0ac\ud68c\uc790\uc728\uc804\uacf5",
            "estblYear": "2022",
            "estblDprtnCd": "1E01",
            "estblSmstrSctnm": "1\ud559\uae30",
            "estblSmstrSctcd": "CMBS001400001",
            "estblGrade": "1",
            "sbjetSctnm": "\uad50\uc591",
            "sbjetNm": "\ub17c\ub9ac\uc640 \ube44\ud310\uc801 \uc0ac\uace0",
            "sbjetDvnno": "019",
            "sbjetCd": "CLTR0045",
            "gubun": null,
            "pckgeRqstPssblYn": "N",
            "pckgeRqstCnt": "0",
            "name": null,
            "rmrk": "<b>\uc778\ubb38\uad50\uc591</b><br>",
            "appcrCnt": "69",
            "attlcPrscpCnt": "70",
            "lssnsTimeInfo": "\ud654 5B,6A,6B<br/>\ubaa9 5B,6A,6B",
            "lssnsRealTimeInfo": "\ud654 13:30 ~ 15:00<br/>\ubaa9 13:30 ~ 15:00",
            "prctsTime": "0",
            "doPlan": "Kor",
            "thryTime": "3",
            "totalPrfssNm": "\uac15\ub3d9\uc218",
            "mngetEstblYn": "Y",
            "code": null,
            "crdit": "3",
            "expniSllbsYn": "N",
            "bldngSn": null,
            "bldngCd": null,
            "bldngNm": null,
            "lssnsLcttmUntcd": null,
            "sbjetSctcd2": null,
            "rmnmCd": "501",
            "isApi": null,
            "paging": false,
            "rowStatus": "R",
            "pageSort": null
        }
    ],
    "statusCode": 200
}