{
    "timestamp": "2022-04-28T23:14:49.235",
    "success": true,
    "code": null,
    "msg": null,
    "data": [
        {
            "rowIndex": 0,
            "success": false,
            "message": null,
            "pageSize": 100,
            "pageNum": 1,
            "lctreMthodNm": "\ube44\ub300\uba74",
            "lctrmInfo": "\uc81c4\ud569\ub3d9\uac15\uc758\ub3d9",
            "lctreLnggeSctcd": null,
            "crseNo": "PRED0201-001",
            "estblUnivNm": "\uce58\uacfc\ub300\ud559",
            "estblDprtnNm": "\uce58\uc758\uc608\uacfc",
            "estblYear": "2022",
            "estblDprtnCd": "1G02",
            "estblSmstrSctnm": "1\ud559\uae30",
            "estblSmstrSctcd": "CMBS001400001",
            "estblGrade": "1",
            "sbjetSctnm": "\uc804\uacf5",
            "sbjetNm": "\uc0dd\uba85\ud604\uc0c1\uc758 \uc774\ud574\u2160",
            "sbjetDvnno": "001",
            "sbjetCd": "PRED0201",
            "gubun": null,
            "pckgeRqstPssblYn": "N",
            "pckgeRqstCnt": "0",
            "name": null,
            "rmrk": null,
            "appcrCnt": "53",
            "attlcPrscpCnt": "70",
            "lssnsTimeInfo": "\uc6d4 2B,3A,3B<br/>\uae08 1A,1B,2A",
            "lssnsRealTimeInfo": "\uc6d4 10:30 ~ 12:00<br/>\uae08 09:00 ~ 10:30",
            "prctsTime": "0",
            "doPlan": "Kor",
            "thryTime": "3",
            "totalPrfssNm": "\uae40\ub3c4\uc5f0<br/>\uae40\uc7ac\uc601<br/>\ubc15\uc758\uade0<br/>\uc774\ud5cc\uc9c4",
            "mngetEstblYn": "Y",
            "code": null,
            "crdit": "3",
            "expniSllbsYn": "N",
            "bldngSn": null,
            "bldngCd": null,
            "bldngNm": null,
            "lssnsLcttmUntcd": null,
            "sbjetSctcd2": null,
            "rmnmCd": "402",
            "isApi": null,
            "paging": false,
            "rowStatus": "R",
            "pageSort": null
        },
        {
            "rowIndex": 0,
            "success": false,
            "message": null,
            "pageSize": 100,
            "pageNum": 1,
            "lctreMthodNm": "\ube44\ub300\uba74",
            "lctrmInfo": "\uc0ac\ud68c\uacfc\ud559\ub300\ud559",
            "lctreLnggeSctcd": null,
            "crseNo": "CLTR0078-007",
            "estblUnivNm": "\uce58\uacfc\ub300\ud559",
            "estblDprtnNm": "\uce58\uc758\uc608\uacfc",
            "estblYear": "2022",
            "estblDprtnCd": "1G02",
            "estblSmstrSctnm": "1\ud559\uae30",
            "estblSmstrSctcd": "CMBS001400001",
            "estblGrade": "2",
            "sbjetSctnm": "\uad50\uc591",
            "sbjetNm": "\uc2ec\ub9ac\ud559\uc758\uc774\ud574",
            "sbjetDvnno": "007",
            "sbjetCd": "CLTR0078",
            "gubun": null,
            "pckgeRqstPssblYn": "N",
            "pckgeRqstCnt": null,
            "name": null,
            "rmrk": "\uc2e0\uc784\uad50\uc6d0 \ub2f4\ub2f9 \uc608\uc815",
            "appcrCnt": "67",
            "attlcPrscpCnt": "70",
            "lssnsTimeInfo": "\uae08 2B,3A,3B<br/>\uae08 4A,4B,5A",
            "lssnsRealTimeInfo": "\uae08 10:30 ~ 12:00<br/>\uae08 12:00 ~ 13:30",
            "prctsTime": "0",
            "doPlan": "Kor",
            "thryTime": "3",
            "totalPrfssNm": "\uae40\uc9c0\uadfc",
            "mngetEstblYn": "Y",
            "code": null,
            "crdit": "3",
            "expniSllbsYn": "N",
            "bldngSn": null,
            "bldngCd": null,
            "bldngNm": null,
            "lssnsLcttmUntcd": null,
            "sbjetSctcd2": null,
            "rmnmCd": "151",
            "isApi": null,
            "paging": false,
            "rowStatus": "R",
            "pageSort": null
        },
        {
            "rowIndex": 0,
            "success": false,
            "message": null,
            "pageSize": 100,
            "pageNum": 1,
            "lctreMthodNm": "\ube44\ub300\uba74",
            "lctrmInfo": "\uc81c4\ud569\ub3d9\uac15\uc758\ub3d9",
            "lctreLnggeSctcd": null,
            "crseNo": "CLTR0045-021",
            "estblUnivNm": "\uce58\uacfc\ub300\ud559",
            "estblDprtnNm": "\uce58\uc758\uc608\uacfc",
            "estblYear": "2022",
            "estblDprtnCd": "1G02",
            "estblSmstrSctnm": "1\ud559\uae30",
            "estblSmstrSctcd": "CMBS001400001",
            "estblGrade": "1",
            "sbjetSctnm": "\uad50\uc591",
            "sbjetNm": "\ub17c\ub9ac\uc640 \ube44\ud310\uc801 \uc0ac\uace0",
            "sbjetDvnno": "021",
            "sbjetCd": "CLTR0045",
            "gubun": null,
            "pckgeRqstPssblYn": "N",
            "pckgeRqstCnt": "0",
            "name": null,
            "rmrk": "<b>\uc778\ubb38\uad50\uc591</b><br>",
            "appcrCnt": "66",
            "attlcPrscpCnt": "70",
            "lssnsTimeInfo": "\uc218 8B,9A,9B<br/>\uae08 8B,9A,9B",
            "lssnsRealTimeInfo": "\uc218 16:30 ~ 18:00<br/>\uae08 16:30 ~ 18:00",
            "prctsTime": "0",
            "doPlan": "Kor",
            "thryTime": "3",
            "totalPrfssNm": "\uc6b0\uc815\ubbfc",
            "mngetEstblYn": "Y",
            "code": null,
            "crdit": "3",
            "expniSllbsYn": "N",
            "bldngSn": null,
            "bldngCd": null,
            "bldngNm": null,
            "lssnsLcttmUntcd": null,
            "sbjetSctcd2": null,
            "rmnmCd": "402",
            "isApi": null,
            "paging": false,
            "rowStatus": "R",
            "pageSort": null
        },
        {
            "rowIndex": 0,
            "success": false,
            "message": null,
            "pageSize": 100,
            "pageNum": 1,
            "lctreMthodNm": "\ube44\ub300\uba74",
            "lctrmInfo": "\uce58\uc758\ud559\uc784\uc0c1\uc5f0\uad6c\ub3d9(\uce58\ub300\uad50\uc0ac)",
            "lctreLnggeSctcd": null,
            "crseNo": "PRED0206-001",
            "estblUnivNm": "\uce58\uacfc\ub300\ud559",
            "estblDprtnNm": "\uce58\uc758\uc608\uacfc",
            "estblYear": "2022",
            "estblDprtnCd": "1G02",
            "estblSmstrSctnm": "1\ud559\uae30",
            "estblSmstrSctcd": "CMBS001400001",
            "estblGrade": "2",
            "sbjetSctnm": "\uc804\uacf5",
            "sbjetNm": "\uae30\ucd08\uad6c\uac15\uc0dd\ubb3c\ud559 \uc2e4\uc2b5",
            "sbjetDvnno": "001",
            "sbjetCd": "PRED0206",
            "gubun": null,
            "pckgeRqstPssblYn": "Y",
            "pckgeRqstCnt": "48",
            "name": null,
            "rmrk": null,
            "appcrCnt": "58",
            "attlcPrscpCnt": "70",
            "lssnsTimeInfo": "\ud654 6A,6B<br/>\ud654 7A,7B<br/>\ud654 8A,8B<br/>\ud654 9A,9B",
            "lssnsRealTimeInfo": "\ud654 14:00 ~ 15:00<br/>\ud654 15:00 ~ 16:00<br/>\ud654 16:00 ~ 17:00<br/>\ud654 17:00 ~ 18:00",
            "prctsTime": "4",
            "doPlan": "Kor",
            "thryTime": "0",
            "totalPrfssNm": "\uace0\ud615\uace4<br/>\uae40\ub3c4\uc5f0<br/>\uae40\uc7ac\uc601<br/>\ubc15\uc758\uade0<br/>\ubc30\uc6a9\ucca0<br/>\uc774\ud5cc\uc9c4<br/>\uc7a5\uc77c\uc131<br/>\ucd5c\uc5f0\ud76c<br/>\ud64d\uc218\ud615",
            "mngetEstblYn": "Y",
            "code": null,
            "crdit": "2",
            "expniSllbsYn": "N",
            "bldngSn": null,
            "bldngCd": null,
            "bldngNm": null,
            "lssnsLcttmUntcd": null,
            "sbjetSctcd2": null,
            "rmnmCd": "206",
            "isApi": null,
            "paging": false,
            "rowStatus": "R",
            "pageSort": null
        },
        {
            "rowIndex": 0,
            "success": false,
            "message": null,
            "pageSize": 100,
            "pageNum": 1,
            "lctreMthodNm": "\ube44\ub300\uba74",
            "lctrmInfo": "\uc758\ub300\uc2e0\uad00\ubc0f\uac15\uc758\ub3d9",
            "lctreLnggeSctcd": null,
            "crseNo": "PRED0205-001",
            "estblUnivNm": "\uce58\uacfc\ub300\ud559",
            "estblDprtnNm": "\uce58\uc758\uc608\uacfc",
            "estblYear": "2022",
            "estblDprtnCd": "1G02",
            "estblSmstrSctnm": "1\ud559\uae30",
            "estblSmstrSctcd": "CMBS001400001",
            "estblGrade": "2",
            "sbjetSctnm": "\uc804\uacf5",
            "sbjetNm": "\uc778\uccb4 \ubc1c\uc0dd \ubc0f \uc720\uc804\ud559",
            "sbjetDvnno": "001",
            "sbjetCd": "PRED0205",
            "gubun": null,
            "pckgeRqstPssblYn": "Y",
            "pckgeRqstCnt": "49",
            "name": null,
            "rmrk": null,
            "appcrCnt": "59",
            "attlcPrscpCnt": "70",
            "lssnsTimeInfo": "\ud654 1A,1B,2A<br/>\ubaa9 2B,3A,3B",
            "lssnsRealTimeInfo": "\ud654 09:00 ~ 10:30<br/>\ubaa9 10:30 ~ 12:00",
            "prctsTime": "0",
            "doPlan": "Kor",
            "thryTime": "3",
            "totalPrfssNm": "\uace0\ud615\uace4<br/>\uad8c\ub300\uadfc<br/>\uae40\ud604\uc815<br/>\ubc30\uc6a9\ucca0<br/>\ud64d\uc218\ud615",
            "mngetEstblYn": "Y",
            "code": null,
            "crdit": "3",
            "expniSllbsYn": "N",
            "bldngSn": null,
            "bldngCd": null,
            "bldngNm": null,
            "lssnsLcttmUntcd": null,
            "sbjetSctcd2": null,
            "rmnmCd": "N209",
            "isApi": null,
            "paging": false,
            "rowStatus": "R",
            "pageSort": null
        },
        {
            "rowIndex": 0,
            "success": false,
            "message": null,
            "pageSize": 100,
            "pageNum": 1,
            "lctreMthodNm": "\ube44\ub300\uba74",
            "lctrmInfo": "\uc81c4\ud569\ub3d9\uac15\uc758\ub3d9",
            "lctreLnggeSctcd": null,
            "crseNo": "CLTR0215-028",
            "estblUnivNm": "\uce58\uacfc\ub300\ud559",
            "estblDprtnNm": "\uce58\uc758\uc608\uacfc",
            "estblYear": "2022",
            "estblDprtnCd": "1G02",
            "estblSmstrSctnm": "1\ud559\uae30",
            "estblSmstrSctcd": "CMBS001400001",
            "estblGrade": "1",
            "sbjetSctnm": "\uad50\uc591",
            "sbjetNm": "\ud654\ud559 I",
            "sbjetDvnno": "028",
            "sbjetCd": "CLTR0215",
            "gubun": null,
            "pckgeRqstPssblYn": "N",
            "pckgeRqstCnt": "0",
            "name": null,
            "rmrk": null,
            "appcrCnt": "52",
            "attlcPrscpCnt": "70",
            "lssnsTimeInfo": "\uc218 1A,1B,2A<br/>\uae08 2B,3A,3B",
            "lssnsRealTimeInfo": "\uc218 09:00 ~ 10:30<br/>\uae08 10:30 ~ 12:00",
            "prctsTime": "0",
            "doPlan": "Kor",
            "thryTime": "3",
            "totalPrfssNm": "\uc815\ud61c\uc601",
            "mngetEstblYn": "Y",
            "code": null,
            "crdit": "3",
            "expniSllbsYn": "N",
            "bldngSn": null,
            "bldngCd": null,
            "bldngNm": null,
            "lssnsLcttmUntcd": null,
            "sbjetSctcd2": null,
            "rmnmCd": "402",
            "isApi": null,
            "paging": false,
            "rowStatus": "R",
            "pageSort": null
        },
        {
            "rowIndex": 0,
            "success": false,
            "message": null,
            "pageSize": 100,
            "pageNum": 1,
            "lctreMthodNm": "\ube44\ub300\uba74",
            "lctrmInfo": "\uc758\ub300\uc2e0\uad00\ubc0f\uac15\uc758\ub3d9",
            "lctreLnggeSctcd": null,
            "crseNo": "PRED0207-001",
            "estblUnivNm": "\uce58\uacfc\ub300\ud559",
            "estblDprtnNm": "\uce58\uc758\uc608\uacfc",
            "estblYear": "2022",
            "estblDprtnCd": "1G02",
            "estblSmstrSctnm": "1\ud559\uae30",
            "estblSmstrSctcd": "CMBS001400001",
            "estblGrade": "2",
            "sbjetSctnm": "\uc804\uacf5",
            "sbjetNm": "\uae30\ucd08\ubbf8\uc0dd\ubb3c \ubc0f \uba74\uc5ed\ud559",
            "sbjetDvnno": "001",
            "sbjetCd": "PRED0207",
            "gubun": null,
            "pckgeRqstPssblYn": "Y",
            "pckgeRqstCnt": "48",
            "name": null,
            "rmrk": null,
            "appcrCnt": "59",
            "attlcPrscpCnt": "70",
            "lssnsTimeInfo": "\ud654 2B,3A,3B<br/>\ubaa9 1A,1B,2A",
            "lssnsRealTimeInfo": "\ud654 10:30 ~ 12:00<br/>\ubaa9 09:00 ~ 10:30",
            "prctsTime": "0",
            "doPlan": "Kor",
            "thryTime": "3",
            "totalPrfssNm": "\uc774\ud5cc\uc9c4<br/>\ud64d\uc218\ud615",
            "mngetEstblYn": "Y",
            "code": null,
            "crdit": "3",
            "expniSllbsYn": "N",
            "bldngSn": null,
            "bldngCd": null,
            "bldngNm": null,
            "lssnsLcttmUntcd": null,
            "sbjetSctcd2": null,
            "rmnmCd": "N209",
            "isApi": null,
            "paging": false,
            "rowStatus": "R",
            "pageSort": null
        },
        {
            "rowIndex": 0,
            "success": false,
            "message": null,
            "pageSize": 100,
            "pageNum": 1,
            "lctreMthodNm": "\ub300\uba74",
            "lctrmInfo": "\ud654\ud559\uad00",
            "lctreLnggeSctcd": null,
            "crseNo": "CLTR0226-027",
            "estblUnivNm": "\uce58\uacfc\ub300\ud559",
            "estblDprtnNm": "\uce58\uc758\uc608\uacfc",
            "estblYear": "2022",
            "estblDprtnCd": "1G02",
            "estblSmstrSctnm": "1\ud559\uae30",
            "estblSmstrSctcd": "CMBS001400001",
            "estblGrade": "1",
            "sbjetSctnm": "\uad50\uc591",
            "sbjetNm": "\ud654\ud559\uc2e4\ud5d8 I",
            "sbjetDvnno": "027",
            "sbjetCd": "CLTR0226",
            "gubun": null,
            "pckgeRqstPssblYn": "N",
            "pckgeRqstCnt": "0",
            "name": null,
            "rmrk": null,
            "appcrCnt": "20",
            "attlcPrscpCnt": "24",
            "lssnsTimeInfo": "\ubaa9 3A,3B<br/>\ubaa9 4A,4B",
            "lssnsRealTimeInfo": "\ubaa9 11:00 ~ 12:00<br/>\ubaa9 12:00 ~ 13:00",
            "prctsTime": "2",
            "doPlan": "Kor",
            "thryTime": "0",
            "totalPrfssNm": "\uc724\ubbfc\uc601",
            "mngetEstblYn": "Y",
            "code": null,
            "crdit": "1",
            "expniSllbsYn": "N",
            "bldngSn": null,
            "bldngCd": null,
            "bldngNm": null,
            "lssnsLcttmUntcd": null,
            "sbjetSctcd2": null,
            "rmnmCd": "119",
            "isApi": null,
            "paging": false,
            "rowStatus": "R",
            "pageSort": null
        },
        {
            "rowIndex": 0,
            "success": false,
            "message": null,
            "pageSize": 100,
            "pageNum": 1,
            "lctreMthodNm": "\ube44\ub300\uba74",
            "lctrmInfo": "\uc0dd\uba85\uacf5\ud559\uad00(\uad50\uc591\uacfc\uc815\ub3d9)",
            "lctreLnggeSctcd": null,
            "crseNo": "PRED0204-001",
            "estblUnivNm": "\uce58\uacfc\ub300\ud559",
            "estblDprtnNm": "\uce58\uc758\uc608\uacfc",
            "estblYear": "2022",
            "estblDprtnCd": "1G02",
            "estblSmstrSctnm": "1\ud559\uae30",
            "estblSmstrSctcd": "CMBS001400001",
            "estblGrade": "2",
            "sbjetSctnm": "\uc804\uacf5",
            "sbjetNm": "\uc720\uae30\ud654\ud559\u2160",
            "sbjetDvnno": "001",
            "sbjetCd": "PRED0204",
            "gubun": null,
            "pckgeRqstPssblYn": "Y",
            "pckgeRqstCnt": "48",
            "name": null,
            "rmrk": null,
            "appcrCnt": "58",
            "attlcPrscpCnt": "70",
            "lssnsTimeInfo": "\uc6d4 8B,9A,9B<br/>\uae08 8B,9A,9B",
            "lssnsRealTimeInfo": "\uc6d4 16:30 ~ 18:00<br/>\uae08 16:30 ~ 18:00",
            "prctsTime": "0",
            "doPlan": "Kor",
            "thryTime": "3",
            "totalPrfssNm": "\uc774\ub3d9\uc11d",
            "mngetEstblYn": "Y",
            "code": null,
            "crdit": "3",
            "expniSllbsYn": "N",
            "bldngSn": null,
            "bldngCd": null,
            "bldngNm": null,
            "lssnsLcttmUntcd": null,
            "sbjetSctcd2": null,
            "rmnmCd": "319",
            "isApi": null,
            "paging": false,
            "rowStatus": "R",
            "pageSort": null
        },
        {
            "rowIndex": 0,
            "success": false,
            "message": null,
            "pageSize": 100,
            "pageNum": 1,
            "lctreMthodNm": "\ub300\uba74",
            "lctrmInfo": "\ud654\ud559\uad00",
            "lctreLnggeSctcd": null,
            "crseNo": "CLTR0226-026",
            "estblUnivNm": "\uce58\uacfc\ub300\ud559",
            "estblDprtnNm": "\uce58\uc758\uc608\uacfc",
            "estblYear": "2022",
            "estblDprtnCd": "1G02",
            "estblSmstrSctnm": "1\ud559\uae30",
            "estblSmstrSctcd": "CMBS001400001",
            "estblGrade": "1",
            "sbjetSctnm": "\uad50\uc591",
            "sbjetNm": "\ud654\ud559\uc2e4\ud5d8 I",
            "sbjetDvnno": "026",
            "sbjetCd": "CLTR0226",
            "gubun": null,
            "pckgeRqstPssblYn": "N",
            "pckgeRqstCnt": "0",
            "name": null,
            "rmrk": null,
            "appcrCnt": "20",
            "attlcPrscpCnt": "24",
            "lssnsTimeInfo": "\ubaa9 3A,3B<br/>\ubaa9 4A,4B",
            "lssnsRealTimeInfo": "\ubaa9 11:00 ~ 12:00<br/>\ubaa9 12:00 ~ 13:00",
            "prctsTime": "2",
            "doPlan": "Kor",
            "thryTime": "0",
            "totalPrfssNm": "\uc774\uaddc\uc758",
            "mngetEstblYn": "Y",
            "code": null,
            "crdit": "1",
            "expniSllbsYn": "N",
            "bldngSn": null,
            "bldngCd": null,
            "bldngNm": null,
            "lssnsLcttmUntcd": null,
            "sbjetSctcd2": null,
            "rmnmCd": "118",
            "isApi": null,
            "paging": false,
            "rowStatus": "R",
            "pageSort": null
        },
        {
            "rowIndex": 0,
            "success": false,
            "message": null,
            "pageSize": 100,
            "pageNum": 1,
            "lctreMthodNm": "\ube44\ub300\uba74",
            "lctrmInfo": "\uc81c4\ud569\ub3d9\uac15\uc758\ub3d9",
            "lctreLnggeSctcd": null,
            "crseNo": "CLTR0213-022",
            "estblUnivNm": "\uce58\uacfc\ub300\ud559",
            "estblDprtnNm": "\uce58\uc758\uc608\uacfc",
            "estblYear": "2022",
            "estblDprtnCd": "1G02",
            "estblSmstrSctnm": "1\ud559\uae30",
            "estblSmstrSctcd": "CMBS001400001",
            "estblGrade": "1",
            "sbjetSctnm": "\uad50\uc591",
            "sbjetNm": "\ubb3c\ub9ac\ud559 I",
            "sbjetDvnno": "022",
            "sbjetCd": "CLTR0213",
            "gubun": null,
            "pckgeRqstPssblYn": "N",
            "pckgeRqstCnt": "0",
            "name": null,
            "rmrk": null,
            "appcrCnt": "54",
            "attlcPrscpCnt": "70",
            "lssnsTimeInfo": "\uc6d4 7A,7B,8A<br/>\uae08 7A,7B,8A",
            "lssnsRealTimeInfo": "\uc6d4 15:00 ~ 16:30<br/>\uae08 15:00 ~ 16:30",
            "prctsTime": "0",
            "doPlan": "Kor",
            "thryTime": "3",
            "totalPrfssNm": "\ub958\ubbfc\uc0c1",
            "mngetEstblYn": "Y",
            "code": null,
            "crdit": "3",
            "expniSllbsYn": "N",
            "bldngSn": null,
            "bldngCd": null,
            "bldngNm": null,
            "lssnsLcttmUntcd": null,
            "sbjetSctcd2": null,
            "rmnmCd": "402",
            "isApi": null,
            "paging": false,
            "rowStatus": "R",
            "pageSort": null
        },
        {
            "rowIndex": 0,
            "success": false,
            "message": null,
            "pageSize": 100,
            "pageNum": 1,
            "lctreMthodNm": "\ub300\uba74",
            "lctrmInfo": "\ud654\ud559\uad00",
            "lctreLnggeSctcd": null,
            "crseNo": "CLTR0226-028",
            "estblUnivNm": "\uce58\uacfc\ub300\ud559",
            "estblDprtnNm": "\uce58\uc758\uc608\uacfc",
            "estblYear": "2022",
            "estblDprtnCd": "1G02",
            "estblSmstrSctnm": "1\ud559\uae30",
            "estblSmstrSctcd": "CMBS001400001",
            "estblGrade": "1",
            "sbjetSctnm": "\uad50\uc591",
            "sbjetNm": "\ud654\ud559\uc2e4\ud5d8 I",
            "sbjetDvnno": "028",
            "sbjetCd": "CLTR0226",
            "gubun": null,
            "pckgeRqstPssblYn": "N",
            "pckgeRqstCnt": "0",
            "name": null,
            "rmrk": null,
            "appcrCnt": "16",
            "attlcPrscpCnt": "24",
            "lssnsTimeInfo": "\ubaa9 5A,5B<br/>\ubaa9 6A,6B",
            "lssnsRealTimeInfo": "\ubaa9 13:00 ~ 14:00<br/>\ubaa9 14:00 ~ 15:00",
            "prctsTime": "2",
            "doPlan": "Kor",
            "thryTime": "0",
            "totalPrfssNm": "\uc870\ub300\ud760",
            "mngetEstblYn": "Y",
            "code": null,
            "crdit": "1",
            "expniSllbsYn": "N",
            "bldngSn": null,
            "bldngCd": null,
            "bldngNm": null,
            "lssnsLcttmUntcd": null,
            "sbjetSctcd2": null,
            "rmnmCd": "118",
            "isApi": null,
            "paging": false,
            "rowStatus": "R",
            "pageSort": null
        }
    ],
    "statusCode": 200
}