{
    "timestamp": "2022-04-28T23:14:16.553",
    "success": true,
    "code": null,
    "msg": null,
    "data": [
        {
            "rowIndex": 0,
            "success": false,
            "message": null,
            "pageSize": 100,
            "pageNum": 1,
            "lctreMthodNm": "\ub300\uba74",
            "lctrmInfo": "\uc81c3\ud638\uad00",
            "lctreLnggeSctcd": null,
            "crseNo": "DEHY0283-001",
            "estblUnivNm": "\uacfc\ud559\uae30\uc220\ub300\ud559",
            "estblDprtnNm": "\uce58\uc704\uc0dd\ud559\uacfc",
            "estblYear": "2022",
            "estblDprtnCd": "1U0J",
            "estblSmstrSctnm": "1\ud559\uae30",
            "estblSmstrSctcd": "CMBS001400001",
            "estblGrade": "2",
            "sbjetSctnm": "\uc804\uacf5",
            "sbjetNm": "\uce58\uacfc\uc7ac\ub8cc\ud559 \ubc0f \uc2e4\uc2b5",
            "sbjetDvnno": "001",
            "sbjetCd": "DEHY0283",
            "gubun": null,
            "pckgeRqstPssblYn": "Y",
            "pckgeRqstCnt": "15",
            "name": null,
            "rmrk": "\uc0c1\uc8fc\ucea0\ud37c\uc2a4<br>",
            "appcrCnt": "19",
            "attlcPrscpCnt": "30",
            "lssnsTimeInfo": "\uc6d4 4A,4B<br/>\uc6d4 5A,5B<br/>\uc6d4 6A,6B<br/>\uc6d4 7A,7B",
            "lssnsRealTimeInfo": "\uc6d4 12:00 ~ 13:00<br/>\uc6d4 13:00 ~ 14:00<br/>\uc6d4 14:00 ~ 15:00<br/>\uc6d4 15:00 ~ 16:00",
            "prctsTime": "2",
            "doPlan": "Kor",
            "thryTime": "2",
            "totalPrfssNm": "\uc870\ubbfc\uc815",
            "mngetEstblYn": "Y",
            "code": null,
            "crdit": "3",
            "expniSllbsYn": "N",
            "bldngSn": null,
            "bldngCd": null,
            "bldngNm": null,
            "lssnsLcttmUntcd": null,
            "sbjetSctcd2": null,
            "rmnmCd": "102",
            "isApi": null,
            "paging": false,
            "rowStatus": "R",
            "pageSort": null
        },
        {
            "rowIndex": 0,
            "success": false,
            "message": null,
            "pageSize": 100,
            "pageNum": 1,
            "lctreMthodNm": "\ub300\uba74",
            "lctrmInfo": "\uc81c3\ud638\uad00",
            "lctreLnggeSctcd": null,
            "crseNo": "DEHY0301-001",
            "estblUnivNm": "\uacfc\ud559\uae30\uc220\ub300\ud559",
            "estblDprtnNm": "\uce58\uc704\uc0dd\ud559\uacfc",
            "estblYear": "2022",
            "estblDprtnCd": "1U0J",
            "estblSmstrSctnm": "1\ud559\uae30",
            "estblSmstrSctcd": "CMBS001400001",
            "estblGrade": "3",
            "sbjetSctnm": "\uc804\uacf5\ud544\uc218",
            "sbjetNm": "\uce58\uc704\uc0dd \ud589\ub3d9\uacfc\ud559",
            "sbjetDvnno": "001",
            "sbjetCd": "DEHY0301",
            "gubun": null,
            "pckgeRqstPssblYn": "Y",
            "pckgeRqstCnt": "22",
            "name": null,
            "rmrk": "\uc0c1\uc8fc\ucea0\ud37c\uc2a4<br>",
            "appcrCnt": "24",
            "attlcPrscpCnt": "30",
            "lssnsTimeInfo": "\uc218 5A,5B<br/>\uc218 6A,6B",
            "lssnsRealTimeInfo": "\uc218 13:00 ~ 14:00<br/>\uc218 14:00 ~ 15:00",
            "prctsTime": "0",
            "doPlan": "Kor",
            "thryTime": "2",
            "totalPrfssNm": "\uae40\uc601\uc11d",
            "mngetEstblYn": "Y",
            "code": null,
            "crdit": "2",
            "expniSllbsYn": "N",
            "bldngSn": null,
            "bldngCd": null,
            "bldngNm": null,
            "lssnsLcttmUntcd": null,
            "sbjetSctcd2": null,
            "rmnmCd": "204",
            "isApi": null,
            "paging": false,
            "rowStatus": "R",
            "pageSort": null
        },
        {
            "rowIndex": 0,
            "success": false,
            "message": null,
            "pageSize": 100,
            "pageNum": 1,
            "lctreMthodNm": "\ub300\uba74",
            "lctrmInfo": "\uc81c9\ud638\uad00",
            "lctreLnggeSctcd": null,
            "crseNo": "CLTR0045-032",
            "estblUnivNm": "\uacfc\ud559\uae30\uc220\ub300\ud559",
            "estblDprtnNm": "\uce58\uc704\uc0dd\ud559\uacfc",
            "estblYear": "2022",
            "estblDprtnCd": "1U0J",
            "estblSmstrSctnm": "1\ud559\uae30",
            "estblSmstrSctcd": "CMBS001400001",
            "estblGrade": "1",
            "sbjetSctnm": "\uad50\uc591",
            "sbjetNm": "\ub17c\ub9ac\uc640 \ube44\ud310\uc801 \uc0ac\uace0",
            "sbjetDvnno": "032",
            "sbjetCd": "CLTR0045",
            "gubun": null,
            "pckgeRqstPssblYn": "N",
            "pckgeRqstCnt": "0",
            "name": null,
            "rmrk": "\uc0c1\uc8fc\ucea0\ud37c\uc2a4<br><b>\uc778\ubb38\uad50\uc591</b><br>",
            "appcrCnt": "57",
            "attlcPrscpCnt": "60",
            "lssnsTimeInfo": "\uc6d4 5B,6A,6B<br/>\uae08 5B,6A,6B",
            "lssnsRealTimeInfo": "\uc6d4 13:30 ~ 15:00<br/>\uae08 13:30 ~ 15:00",
            "prctsTime": "0",
            "doPlan": "Kor",
            "thryTime": "3",
            "totalPrfssNm": "\uc131\ud68c\uacbd",
            "mngetEstblYn": "Y",
            "code": null,
            "crdit": "3",
            "expniSllbsYn": "N",
            "bldngSn": null,
            "bldngCd": null,
            "bldngNm": null,
            "lssnsLcttmUntcd": null,
            "sbjetSctcd2": null,
            "rmnmCd": "115",
            "isApi": null,
            "paging": false,
            "rowStatus": "R",
            "pageSort": null
        },
        {
            "rowIndex": 0,
            "success": false,
            "message": null,
            "pageSize": 100,
            "pageNum": 1,
            "lctreMthodNm": "\ub300\uba74",
            "lctrmInfo": "\uc81c3\ud638\uad00",
            "lctreLnggeSctcd": null,
            "crseNo": "DEHY0279-001",
            "estblUnivNm": "\uacfc\ud559\uae30\uc220\ub300\ud559",
            "estblDprtnNm": "\uce58\uc704\uc0dd\ud559\uacfc",
            "estblYear": "2022",
            "estblDprtnCd": "1U0J",
            "estblSmstrSctnm": "1\ud559\uae30",
            "estblSmstrSctcd": "CMBS001400001",
            "estblGrade": "2",
            "sbjetSctnm": "\uc804\uacf5",
            "sbjetNm": "\uc784\uc0c1\uce58\uc704\uc0dd\ud559 \ubc0f \uc2e4\uc2b5 1",
            "sbjetDvnno": "001",
            "sbjetCd": "DEHY0279",
            "gubun": null,
            "pckgeRqstPssblYn": "Y",
            "pckgeRqstCnt": "15",
            "name": null,
            "rmrk": "\uc0c1\uc8fc\ucea0\ud37c\uc2a4<br>",
            "appcrCnt": "19",
            "attlcPrscpCnt": "30",
            "lssnsTimeInfo": "\ubaa9 1A,1B<br/>\ubaa9 2A,2B<br/>\ubaa9 3A,3B<br/>\ubaa9 4A,4B",
            "lssnsRealTimeInfo": "\ubaa9 09:00 ~ 10:00<br/>\ubaa9 10:00 ~ 11:00<br/>\ubaa9 11:00 ~ 12:00<br/>\ubaa9 12:00 ~ 13:00",
            "prctsTime": "2",
            "doPlan": "Kor",
            "thryTime": "2",
            "totalPrfssNm": "\uc815\uc724\uc219",
            "mngetEstblYn": "Y",
            "code": null,
            "crdit": "3",
            "expniSllbsYn": "N",
            "bldngSn": null,
            "bldngCd": null,
            "bldngNm": null,
            "lssnsLcttmUntcd": null,
            "sbjetSctcd2": null,
            "rmnmCd": "204",
            "isApi": null,
            "paging": false,
            "rowStatus": "R",
            "pageSort": null
        },
        {
            "rowIndex": 0,
            "success": false,
            "message": null,
            "pageSize": 100,
            "pageNum": 1,
            "lctreMthodNm": "\ub300\uba74",
            "lctrmInfo": "\uc81c3\ud638\uad00",
            "lctreLnggeSctcd": null,
            "crseNo": "DEHY0281-001",
            "estblUnivNm": "\uacfc\ud559\uae30\uc220\ub300\ud559",
            "estblDprtnNm": "\uce58\uc704\uc0dd\ud559\uacfc",
            "estblYear": "2022",
            "estblDprtnCd": "1U0J",
            "estblSmstrSctnm": "1\ud559\uae30",
            "estblSmstrSctcd": "CMBS001400001",
            "estblGrade": "2",
            "sbjetSctnm": "\uc804\uacf5",
            "sbjetNm": "\uc608\ubc29\uce58\uacfc\ud559 \ubc0f \uc2e4\uc2b5",
            "sbjetDvnno": "001",
            "sbjetCd": "DEHY0281",
            "gubun": null,
            "pckgeRqstPssblYn": "Y",
            "pckgeRqstCnt": "15",
            "name": null,
            "rmrk": "\uc0c1\uc8fc\ucea0\ud37c\uc2a4<br>",
            "appcrCnt": "19",
            "attlcPrscpCnt": "30",
            "lssnsTimeInfo": "\uc218 5A,5B<br/>\uc218 6A,6B<br/>\uc218 7A,7B<br/>\uc218 8A,8B",
            "lssnsRealTimeInfo": "\uc218 13:00 ~ 14:00<br/>\uc218 14:00 ~ 15:00<br/>\uc218 15:00 ~ 16:00<br/>\uc218 16:00 ~ 17:00",
            "prctsTime": "2",
            "doPlan": "Kor",
            "thryTime": "2",
            "totalPrfssNm": "\uae40\uc740\uacbd<br/>\uc815\uc724\uc219",
            "mngetEstblYn": "Y",
            "code": null,
            "crdit": "3",
            "expniSllbsYn": "N",
            "bldngSn": null,
            "bldngCd": null,
            "bldngNm": null,
            "lssnsLcttmUntcd": null,
            "sbjetSctcd2": null,
            "rmnmCd": "305",
            "isApi": null,
            "paging": false,
            "rowStatus": "R",
            "pageSort": null
        },
        {
            "rowIndex": 0,
            "success": false,
            "message": null,
            "pageSize": 100,
            "pageNum": 1,
            "lctreMthodNm": "\ub300\uba74",
            "lctrmInfo": "\uc81c3\ud638\uad00",
            "lctreLnggeSctcd": null,
            "crseNo": "DEHY0308-001",
            "estblUnivNm": "\uacfc\ud559\uae30\uc220\ub300\ud559",
            "estblDprtnNm": "\uce58\uc704\uc0dd\ud559\uacfc",
            "estblYear": "2022",
            "estblDprtnCd": "1U0J",
            "estblSmstrSctnm": "1\ud559\uae30",
            "estblSmstrSctcd": "CMBS001400001",
            "estblGrade": "4",
            "sbjetSctnm": "\uc804\uacf5",
            "sbjetNm": "\uc784\uc0c1\uce58\uc704\uc0dd\ud559 \ubc0f \uc2e4\uc2b5 5",
            "sbjetDvnno": "001",
            "sbjetCd": "DEHY0308",
            "gubun": null,
            "pckgeRqstPssblYn": "Y",
            "pckgeRqstCnt": "12",
            "name": null,
            "rmrk": "\uc0c1\uc8fc\ucea0\ud37c\uc2a4<br>",
            "appcrCnt": "15",
            "attlcPrscpCnt": "30",
            "lssnsTimeInfo": "\ubaa9 5A,5B<br/>\ubaa9 6A,6B<br/>\ubaa9 7A,7B<br/>\ubaa9 8A,8B",
            "lssnsRealTimeInfo": "\ubaa9 13:00 ~ 14:00<br/>\ubaa9 14:00 ~ 15:00<br/>\ubaa9 15:00 ~ 16:00<br/>\ubaa9 16:00 ~ 17:00",
            "prctsTime": "2",
            "doPlan": "Kor",
            "thryTime": "2",
            "totalPrfssNm": "\uae40\uc601\uc11d",
            "mngetEstblYn": "Y",
            "code": null,
            "crdit": "3",
            "expniSllbsYn": "N",
            "bldngSn": null,
            "bldngCd": null,
            "bldngNm": null,
            "lssnsLcttmUntcd": null,
            "sbjetSctcd2": null,
            "rmnmCd": "106",
            "isApi": null,
            "paging": false,
            "rowStatus": "R",
            "pageSort": null
        },
        {
            "rowIndex": 0,
            "success": false,
            "message": null,
            "pageSize": 100,
            "pageNum": 1,
            "lctreMthodNm": "\ub300\uba74",
            "lctrmInfo": "\uc81c3\ud638\uad00",
            "lctreLnggeSctcd": null,
            "crseNo": "DEHY0325-001",
            "estblUnivNm": "\uacfc\ud559\uae30\uc220\ub300\ud559",
            "estblDprtnNm": "\uce58\uc704\uc0dd\ud559\uacfc",
            "estblYear": "2022",
            "estblDprtnCd": "1U0J",
            "estblSmstrSctnm": "1\ud559\uae30",
            "estblSmstrSctcd": "CMBS001400001",
            "estblGrade": "3",
            "sbjetSctnm": "\uc804\uacf5",
            "sbjetNm": "\uce58\uc704\uc0dd\uad50\uc721\ud559 \ubc0f \uc2e4\uc2b5",
            "sbjetDvnno": "001",
            "sbjetCd": "DEHY0325",
            "gubun": null,
            "pckgeRqstPssblYn": "Y",
            "pckgeRqstCnt": "22",
            "name": null,
            "rmrk": "\uc0c1\uc8fc\ucea0\ud37c\uc2a4<br>",
            "appcrCnt": "23",
            "attlcPrscpCnt": "30",
            "lssnsTimeInfo": "\uc6d4 4A,4B<br/>\uc6d4 5A,5B<br/>\uc6d4 6A,6B<br/>\uc6d4 7A,7B",
            "lssnsRealTimeInfo": "\uc6d4 12:00 ~ 13:00<br/>\uc6d4 13:00 ~ 14:00<br/>\uc6d4 14:00 ~ 15:00<br/>\uc6d4 15:00 ~ 16:00",
            "prctsTime": "2",
            "doPlan": "Kor",
            "thryTime": "2",
            "totalPrfssNm": "\uae40\uc601\uc11d",
            "mngetEstblYn": "Y",
            "code": null,
            "crdit": "3",
            "expniSllbsYn": "N",
            "bldngSn": null,
            "bldngCd": null,
            "bldngNm": null,
            "lssnsLcttmUntcd": null,
            "sbjetSctcd2": null,
            "rmnmCd": "303",
            "isApi": null,
            "paging": false,
            "rowStatus": "R",
            "pageSort": null
        },
        {
            "rowIndex": 0,
            "success": false,
            "message": null,
            "pageSize": 100,
            "pageNum": 1,
            "lctreMthodNm": "\ub300\uba74",
            "lctrmInfo": "\ub3c4\uc11c\uad00 \ubc0f 10\ud638\uad00",
            "lctreLnggeSctcd": null,
            "crseNo": "DEHY0327-001",
            "estblUnivNm": "\uacfc\ud559\uae30\uc220\ub300\ud559",
            "estblDprtnNm": "\uce58\uc704\uc0dd\ud559\uacfc",
            "estblYear": "2022",
            "estblDprtnCd": "1U0J",
            "estblSmstrSctnm": "1\ud559\uae30",
            "estblSmstrSctcd": "CMBS001400001",
            "estblGrade": "4",
            "sbjetSctnm": "\uc804\uacf5",
            "sbjetNm": "\uad6c\uac15\ubcf4\uac74\ud1b5\uacc4\ud559 \ubc0f \uc2e4\uc2b5",
            "sbjetDvnno": "001",
            "sbjetCd": "DEHY0327",
            "gubun": null,
            "pckgeRqstPssblYn": "Y",
            "pckgeRqstCnt": "12",
            "name": null,
            "rmrk": "\uc0c1\uc8fc\ucea0\ud37c\uc2a4<br>",
            "appcrCnt": "15",
            "attlcPrscpCnt": "30",
            "lssnsTimeInfo": "\uc218 2A,2B<br/>\uc218 3A,3B<br/>\uc218 4A,4B",
            "lssnsRealTimeInfo": "\uc218 10:00 ~ 11:00<br/>\uc218 11:00 ~ 12:00<br/>\uc218 12:00 ~ 13:00",
            "prctsTime": "2",
            "doPlan": "Kor",
            "thryTime": "1",
            "totalPrfssNm": "\uc815\uc724\uc219",
            "mngetEstblYn": "Y",
            "code": null,
            "crdit": "2",
            "expniSllbsYn": "N",
            "bldngSn": null,
            "bldngCd": null,
            "bldngNm": null,
            "lssnsLcttmUntcd": null,
            "sbjetSctcd2": null,
            "rmnmCd": "401",
            "isApi": null,
            "paging": false,
            "rowStatus": "R",
            "pageSort": null
        },
        {
            "rowIndex": 0,
            "success": false,
            "message": null,
            "pageSize": 100,
            "pageNum": 1,
            "lctreMthodNm": "\ub300\uba74",
            "lctrmInfo": "\uc81c9\ud638\uad00",
            "lctreLnggeSctcd": null,
            "crseNo": "CLTR0515-004",
            "estblUnivNm": "\uacfc\ud559\uae30\uc220\ub300\ud559",
            "estblDprtnNm": "\uce58\uc704\uc0dd\ud559\uacfc",
            "estblYear": "2022",
            "estblDprtnCd": "1U0J",
            "estblSmstrSctnm": "1\ud559\uae30",
            "estblSmstrSctcd": "CMBS001400001",
            "estblGrade": "1",
            "sbjetSctnm": "\uad50\uc591",
            "sbjetNm": "\uacfc\ud559\uae30\uc220\uacfc \uc724\ub9ac",
            "sbjetDvnno": "004",
            "sbjetCd": "CLTR0515",
            "gubun": null,
            "pckgeRqstPssblYn": "N",
            "pckgeRqstCnt": "0",
            "name": null,
            "rmrk": "\uc0c1\uc8fc\ucea0\ud37c\uc2a4<br><b>\uc778\ubb38\uad50\uc591</b><br>",
            "appcrCnt": "47",
            "attlcPrscpCnt": "60",
            "lssnsTimeInfo": "\uc6d4 7A,7B,8A<br/>\uae08 7A,7B,8A",
            "lssnsRealTimeInfo": "\uc6d4 15:00 ~ 16:30<br/>\uae08 15:00 ~ 16:30",
            "prctsTime": "0",
            "doPlan": "Kor",
            "thryTime": "3",
            "totalPrfssNm": "\ubc30\uc131\ubbfc",
            "mngetEstblYn": "N",
            "code": null,
            "crdit": "3",
            "expniSllbsYn": "N",
            "bldngSn": null,
            "bldngCd": null,
            "bldngNm": null,
            "lssnsLcttmUntcd": null,
            "sbjetSctcd2": null,
            "rmnmCd": "101",
            "isApi": null,
            "paging": false,
            "rowStatus": "R",
            "pageSort": null
        },
        {
            "rowIndex": 0,
            "success": false,
            "message": null,
            "pageSize": 100,
            "pageNum": 1,
            "lctreMthodNm": "\ub300\uba74",
            "lctrmInfo": "\uc81c3\ud638\uad00",
            "lctreLnggeSctcd": null,
            "crseNo": "DEHY0277-001",
            "estblUnivNm": "\uacfc\ud559\uae30\uc220\ub300\ud559",
            "estblDprtnNm": "\uce58\uc704\uc0dd\ud559\uacfc",
            "estblYear": "2022",
            "estblDprtnCd": "1U0J",
            "estblSmstrSctnm": "1\ud559\uae30",
            "estblSmstrSctcd": "CMBS001400001",
            "estblGrade": "4",
            "sbjetSctnm": "\uc804\uacf5",
            "sbjetNm": "\uae30\ucd08\uce58\uc704\uc0dd\ud559(\uad6c\uac15\ubcd1\ub9ac)",
            "sbjetDvnno": "001",
            "sbjetCd": "DEHY0277",
            "gubun": null,
            "pckgeRqstPssblYn": "Y",
            "pckgeRqstCnt": "12",
            "name": null,
            "rmrk": "\uc0c1\uc8fc\ucea0\ud37c\uc2a4<br>",
            "appcrCnt": "15",
            "attlcPrscpCnt": "30",
            "lssnsTimeInfo": "\ud654 5A,5B<br/>\ud654 6A,6B",
            "lssnsRealTimeInfo": "\ud654 13:00 ~ 14:00<br/>\ud654 14:00 ~ 15:00",
            "prctsTime": "0",
            "doPlan": "Kor",
            "thryTime": "2",
            "totalPrfssNm": "\uc2e0\ud64d\uc778",
            "mngetEstblYn": "Y",
            "code": null,
            "crdit": "2",
            "expniSllbsYn": "N",
            "bldngSn": null,
            "bldngCd": null,
            "bldngNm": null,
            "lssnsLcttmUntcd": null,
            "sbjetSctcd2": null,
            "rmnmCd": "303",
            "isApi": null,
            "paging": false,
            "rowStatus": "R",
            "pageSort": null
        },
        {
            "rowIndex": 0,
            "success": false,
            "message": null,
            "pageSize": 100,
            "pageNum": 1,
            "lctreMthodNm": "\ub300\uba74",
            "lctrmInfo": "\uc81c3\ud638\uad00",
            "lctreLnggeSctcd": null,
            "crseNo": "DEHY0287-001",
            "estblUnivNm": "\uacfc\ud559\uae30\uc220\ub300\ud559",
            "estblDprtnNm": "\uce58\uc704\uc0dd\ud559\uacfc",
            "estblYear": "2022",
            "estblDprtnCd": "1U0J",
            "estblSmstrSctnm": "1\ud559\uae30",
            "estblSmstrSctcd": "CMBS001400001",
            "estblGrade": "3",
            "sbjetSctnm": "\uc804\uacf5",
            "sbjetNm": "\uc784\uc0c1\uce58\uc704\uc0dd\ud559 \ubc0f \uc2e4\uc2b5 3",
            "sbjetDvnno": "001",
            "sbjetCd": "DEHY0287",
            "gubun": null,
            "pckgeRqstPssblYn": "Y",
            "pckgeRqstCnt": "22",
            "name": null,
            "rmrk": "\uc0c1\uc8fc\ucea0\ud37c\uc2a4<br>\ud50c\ub9bd\ub4dc\ub7ec\ub2dd\uac15\uc88c<br>",
            "appcrCnt": "24",
            "attlcPrscpCnt": "30",
            "lssnsTimeInfo": "\ud654 5A,5B<br/>\ud654 6A,6B<br/>\ud654 7A,7B<br/>\ud654 8A,8B",
            "lssnsRealTimeInfo": "\ud654 13:00 ~ 14:00<br/>\ud654 14:00 ~ 15:00<br/>\ud654 15:00 ~ 16:00<br/>\ud654 16:00 ~ 17:00",
            "prctsTime": "2",
            "doPlan": "Pre",
            "thryTime": "2",
            "totalPrfssNm": "\uc815\uc724\uc219",
            "mngetEstblYn": "Y",
            "code": null,
            "crdit": "3",
            "expniSllbsYn": "N",
            "bldngSn": null,
            "bldngCd": null,
            "bldngNm": null,
            "lssnsLcttmUntcd": null,
            "sbjetSctcd2": null,
            "rmnmCd": "106",
            "isApi": null,
            "paging": false,
            "rowStatus": "R",
            "pageSort": null
        },
        {
            "rowIndex": 0,
            "success": false,
            "message": null,
            "pageSize": 100,
            "pageNum": 1,
            "lctreMthodNm": "\ub300\uba74",
            "lctrmInfo": "\uc81c3\ud638\uad00",
            "lctreLnggeSctcd": null,
            "crseNo": "DEHY0339-001",
            "estblUnivNm": "\uacfc\ud559\uae30\uc220\ub300\ud559",
            "estblDprtnNm": "\uce58\uc704\uc0dd\ud559\uacfc",
            "estblYear": "2022",
            "estblDprtnCd": "1U0J",
            "estblSmstrSctnm": "1\ud559\uae30",
            "estblSmstrSctcd": "CMBS001400001",
            "estblGrade": "4",
            "sbjetSctnm": "\uc804\uacf5",
            "sbjetNm": "\uc784\uc0c1\uce58\uacfc\ud559(\uc784\ud50c\ub780\ud2b8)",
            "sbjetDvnno": "001",
            "sbjetCd": "DEHY0339",
            "gubun": null,
            "pckgeRqstPssblYn": "Y",
            "pckgeRqstCnt": "12",
            "name": null,
            "rmrk": "\uc0c1\uc8fc\ucea0\ud37c\uc2a4<br>",
            "appcrCnt": "10",
            "attlcPrscpCnt": "30",
            "lssnsTimeInfo": "\uc6d4 3A,3B",
            "lssnsRealTimeInfo": "\uc6d4 11:00 ~ 12:00",
            "prctsTime": "0",
            "doPlan": "Kor",
            "thryTime": "1",
            "totalPrfssNm": "\uc870\ubbfc\uc815",
            "mngetEstblYn": "Y",
            "code": null,
            "crdit": "1",
            "expniSllbsYn": "N",
            "bldngSn": null,
            "bldngCd": null,
            "bldngNm": null,
            "lssnsLcttmUntcd": null,
            "sbjetSctcd2": null,
            "rmnmCd": "305",
            "isApi": null,
            "paging": false,
            "rowStatus": "R",
            "pageSort": null
        },
        {
            "rowIndex": 0,
            "success": false,
            "message": null,
            "pageSize": 100,
            "pageNum": 1,
            "lctreMthodNm": "\ub300\uba74",
            "lctrmInfo": "\uc81c3\ud638\uad00",
            "lctreLnggeSctcd": null,
            "crseNo": "DEHY0328-001",
            "estblUnivNm": "\uacfc\ud559\uae30\uc220\ub300\ud559",
            "estblDprtnNm": "\uce58\uc704\uc0dd\ud559\uacfc",
            "estblYear": "2022",
            "estblDprtnCd": "1U0J",
            "estblSmstrSctnm": "1\ud559\uae30",
            "estblSmstrSctcd": "CMBS001400001",
            "estblGrade": "4",
            "sbjetSctnm": "\uc804\uacf5\ud544\uc218",
            "sbjetNm": "\uce58\uc704\uc0dd \uc5f0\uad6c\uc870\uc0ac\ubc29\ubc95\ub860",
            "sbjetDvnno": "001",
            "sbjetCd": "DEHY0328",
            "gubun": null,
            "pckgeRqstPssblYn": "Y",
            "pckgeRqstCnt": "12",
            "name": null,
            "rmrk": "\uc0c1\uc8fc\ucea0\ud37c\uc2a4<br>",
            "appcrCnt": "15",
            "attlcPrscpCnt": "30",
            "lssnsTimeInfo": "\uc6d4 8A,8B<br/>\uc6d4 9A,9B",
            "lssnsRealTimeInfo": "\uc6d4 16:00 ~ 17:00<br/>\uc6d4 17:00 ~ 18:00",
            "prctsTime": "0",
            "doPlan": "Kor",
            "thryTime": "2",
            "totalPrfssNm": "\uae40\uae30\ub9bc<br/>\uae40\uc601\uc11d<br/>\uae40\uc740\uacbd<br/>\uc815\uc724\uc219",
            "mngetEstblYn": "Y",
            "code": null,
            "crdit": "2",
            "expniSllbsYn": "N",
            "bldngSn": null,
            "bldngCd": null,
            "bldngNm": null,
            "lssnsLcttmUntcd": null,
            "sbjetSctcd2": null,
            "rmnmCd": "303",
            "isApi": null,
            "paging": false,
            "rowStatus": "R",
            "pageSort": null
        },
        {
            "rowIndex": 0,
            "success": false,
            "message": null,
            "pageSize": 100,
            "pageNum": 1,
            "lctreMthodNm": "\ub300\uba74",
            "lctrmInfo": "\ub3c4\uc11c\uad00 \ubc0f 10\ud638\uad00",
            "lctreLnggeSctcd": null,
            "crseNo": "CLTR0246-018",
            "estblUnivNm": "\uacfc\ud559\uae30\uc220\ub300\ud559",
            "estblDprtnNm": "\uce58\uc704\uc0dd\ud559\uacfc",
            "estblYear": "2022",
            "estblDprtnCd": "1U0J",
            "estblSmstrSctnm": "1\ud559\uae30",
            "estblSmstrSctcd": "CMBS001400001",
            "estblGrade": "1",
            "sbjetSctnm": "\uad50\uc591",
            "sbjetNm": "\uc77c\ubc18\uc0dd\uba85\uacfc\ud559\u2160",
            "sbjetDvnno": "018",
            "sbjetCd": "CLTR0246",
            "gubun": null,
            "pckgeRqstPssblYn": "N",
            "pckgeRqstCnt": "0",
            "name": null,
            "rmrk": "\uc0c1\uc8fc\ucea0\ud37c\uc2a4<br>",
            "appcrCnt": "62",
            "attlcPrscpCnt": "60",
            "lssnsTimeInfo": "\ud654 1A,1B,2A<br/>\ubaa9 2B,3A,3B",
            "lssnsRealTimeInfo": "\ud654 09:00 ~ 10:30<br/>\ubaa9 10:30 ~ 12:00",
            "prctsTime": "0",
            "doPlan": "Kor",
            "thryTime": "3",
            "totalPrfssNm": "\ucd5c\uc7ac\uc2e0",
            "mngetEstblYn": "N",
            "code": null,
            "crdit": "3",
            "expniSllbsYn": "N",
            "bldngSn": null,
            "bldngCd": null,
            "bldngNm": null,
            "lssnsLcttmUntcd": null,
            "sbjetSctcd2": null,
            "rmnmCd": "301",
            "isApi": null,
            "paging": false,
            "rowStatus": "R",
            "pageSort": null
        },
        {
            "rowIndex": 0,
            "success": false,
            "message": null,
            "pageSize": 100,
            "pageNum": 1,
            "lctreMthodNm": "\ub300\uba74",
            "lctrmInfo": "\uc81c3\ud638\uad00",
            "lctreLnggeSctcd": null,
            "crseNo": "DEHY0276-001",
            "estblUnivNm": "\uacfc\ud559\uae30\uc220\ub300\ud559",
            "estblDprtnNm": "\uce58\uc704\uc0dd\ud559\uacfc",
            "estblYear": "2022",
            "estblDprtnCd": "1U0J",
            "estblSmstrSctnm": "1\ud559\uae30",
            "estblSmstrSctcd": "CMBS001400001",
            "estblGrade": "2",
            "sbjetSctnm": "\uc804\uacf5",
            "sbjetNm": "\uae30\ucd08\uce58\uc704\uc0dd\ud559(\uad6c\uac15\uc0dd\ub9ac)",
            "sbjetDvnno": "001",
            "sbjetCd": "DEHY0276",
            "gubun": null,
            "pckgeRqstPssblYn": "Y",
            "pckgeRqstCnt": "15",
            "name": null,
            "rmrk": "\uc0c1\uc8fc\ucea0\ud37c\uc2a4<br>",
            "appcrCnt": "19",
            "attlcPrscpCnt": "30",
            "lssnsTimeInfo": "\ud654 6A,6B<br/>\ud654 7A,7B",
            "lssnsRealTimeInfo": "\ud654 14:00 ~ 15:00<br/>\ud654 15:00 ~ 16:00",
            "prctsTime": "0",
            "doPlan": "Kor",
            "thryTime": "2",
            "totalPrfssNm": "\uae40\uae30\ub9bc",
            "mngetEstblYn": "Y",
            "code": null,
            "crdit": "2",
            "expniSllbsYn": "N",
            "bldngSn": null,
            "bldngCd": null,
            "bldngNm": null,
            "lssnsLcttmUntcd": null,
            "sbjetSctcd2": null,
            "rmnmCd": "305",
            "isApi": null,
            "paging": false,
            "rowStatus": "R",
            "pageSort": null
        },
        {
            "rowIndex": 0,
            "success": false,
            "message": null,
            "pageSize": 100,
            "pageNum": 1,
            "lctreMthodNm": "\ub300\uba74",
            "lctrmInfo": "\uc81c3\ud638\uad00",
            "lctreLnggeSctcd": null,
            "crseNo": "DEHY0290-001",
            "estblUnivNm": "\uacfc\ud559\uae30\uc220\ub300\ud559",
            "estblDprtnNm": "\uce58\uc704\uc0dd\ud559\uacfc",
            "estblYear": "2022",
            "estblDprtnCd": "1U0J",
            "estblSmstrSctnm": "1\ud559\uae30",
            "estblSmstrSctcd": "CMBS001400001",
            "estblGrade": "3",
            "sbjetSctnm": "\uc804\uacf5",
            "sbjetNm": "\uc784\uc0c1\uce58\uacfc\ud559(\uce58\uacfc\uad50\uc815)",
            "sbjetDvnno": "001",
            "sbjetCd": "DEHY0290",
            "gubun": null,
            "pckgeRqstPssblYn": "Y",
            "pckgeRqstCnt": "22",
            "name": null,
            "rmrk": "\uc0c1\uc8fc\ucea0\ud37c\uc2a4<br>",
            "appcrCnt": "23",
            "attlcPrscpCnt": "30",
            "lssnsTimeInfo": "\ud654 2A,2B<br/>\ud654 3A,3B",
            "lssnsRealTimeInfo": "\ud654 10:00 ~ 11:00<br/>\ud654 11:00 ~ 12:00",
            "prctsTime": "0",
            "doPlan": "Kor",
            "thryTime": "2",
            "totalPrfssNm": "\uae40\uc740\uacbd",
            "mngetEstblYn": "Y",
            "code": null,
            "crdit": "2",
            "expniSllbsYn": "N",
            "bldngSn": null,
            "bldngCd": null,
            "bldngNm": null,
            "lssnsLcttmUntcd": null,
            "sbjetSctcd2": null,
            "rmnmCd": "305",
            "isApi": null,
            "paging": false,
            "rowStatus": "R",
            "pageSort": null
        },
        {
            "rowIndex": 0,
            "success": false,
            "message": null,
            "pageSize": 100,
            "pageNum": 1,
            "lctreMthodNm": "\ud63c\ud569",
            "lctrmInfo": "\ub3c4\uc11c\uad00 \ubc0f 10\ud638\uad00",
            "lctreLnggeSctcd": null,
            "crseNo": "CLTR0134-003",
            "estblUnivNm": "\uacfc\ud559\uae30\uc220\ub300\ud559",
            "estblDprtnNm": "\uce58\uc704\uc0dd\ud559\uacfc",
            "estblYear": "2022",
            "estblDprtnCd": "1U0J",
            "estblSmstrSctnm": "1\ud559\uae30",
            "estblSmstrSctcd": "CMBS001400001",
            "estblGrade": "*",
            "sbjetSctnm": "\uad50\uc591",
            "sbjetNm": "\uc74c\uc545\uc758 \uc774\ud574",
            "sbjetDvnno": "003",
            "sbjetCd": "CLTR0134",
            "gubun": null,
            "pckgeRqstPssblYn": "Y",
            "pckgeRqstCnt": "38",
            "name": null,
            "rmrk": "\uc804\ud559\ub144\uc120\ud0dd<br>\uc0c1\uc8fc\ucea0\ud37c\uc2a4<br>",
            "appcrCnt": "57",
            "attlcPrscpCnt": "60",
            "lssnsTimeInfo": "\uc218 1A,1B,2A<br/>\uae08 2B,3A,3B",
            "lssnsRealTimeInfo": "\uc218 09:00 ~ 10:30<br/>\uae08 10:30 ~ 12:00",
            "prctsTime": "0",
            "doPlan": "Kor",
            "thryTime": "3",
            "totalPrfssNm": "\uc8fc\uc740\uc544",
            "mngetEstblYn": "Y",
            "code": null,
            "crdit": "3",
            "expniSllbsYn": "N",
            "bldngSn": null,
            "bldngCd": null,
            "bldngNm": null,
            "lssnsLcttmUntcd": null,
            "sbjetSctcd2": null,
            "rmnmCd": "301",
            "isApi": null,
            "paging": false,
            "rowStatus": "R",
            "pageSort": null
        },
        {
            "rowIndex": 0,
            "success": false,
            "message": null,
            "pageSize": 100,
            "pageNum": 1,
            "lctreMthodNm": "\ub300\uba74",
            "lctrmInfo": "\uc81c3\ud638\uad00",
            "lctreLnggeSctcd": null,
            "crseNo": "DEHY0251-001",
            "estblUnivNm": "\uacfc\ud559\uae30\uc220\ub300\ud559",
            "estblDprtnNm": "\uce58\uc704\uc0dd\ud559\uacfc",
            "estblYear": "2022",
            "estblDprtnCd": "1U0J",
            "estblSmstrSctnm": "1\ud559\uae30",
            "estblSmstrSctcd": "CMBS001400001",
            "estblGrade": "1",
            "sbjetSctnm": "\uc804\uacf5",
            "sbjetNm": "\uce58\uc758\ud559\uc6a9\uc5b4",
            "sbjetDvnno": "001",
            "sbjetCd": "DEHY0251",
            "gubun": null,
            "pckgeRqstPssblYn": "N",
            "pckgeRqstCnt": "0",
            "name": null,
            "rmrk": "\uc0c1\uc8fc\ucea0\ud37c\uc2a4<br>",
            "appcrCnt": "28",
            "attlcPrscpCnt": "30",
            "lssnsTimeInfo": "\ubaa9 6A,6B<br/>\ubaa9 7A,7B",
            "lssnsRealTimeInfo": "\ubaa9 14:00 ~ 15:00<br/>\ubaa9 15:00 ~ 16:00",
            "prctsTime": "0",
            "doPlan": "Kor",
            "thryTime": "2",
            "totalPrfssNm": "\uc815\uc724\uc219",
            "mngetEstblYn": "Y",
            "code": null,
            "crdit": "2",
            "expniSllbsYn": "N",
            "bldngSn": null,
            "bldngCd": null,
            "bldngNm": null,
            "lssnsLcttmUntcd": null,
            "sbjetSctcd2": null,
            "rmnmCd": "303",
            "isApi": null,
            "paging": false,
            "rowStatus": "R",
            "pageSort": null
        },
        {
            "rowIndex": 0,
            "success": false,
            "message": null,
            "pageSize": 100,
            "pageNum": 1,
            "lctreMthodNm": "\ub300\uba74",
            "lctrmInfo": "\uc81c3\ud638\uad00",
            "lctreLnggeSctcd": null,
            "crseNo": "DEHY0266-001",
            "estblUnivNm": "\uacfc\ud559\uae30\uc220\ub300\ud559",
            "estblDprtnNm": "\uce58\uc704\uc0dd\ud559\uacfc",
            "estblYear": "2022",
            "estblDprtnCd": "1U0J",
            "estblSmstrSctnm": "1\ud559\uae30",
            "estblSmstrSctcd": "CMBS001400001",
            "estblGrade": "4",
            "sbjetSctnm": "\uc804\uacf5",
            "sbjetNm": "\ubcf4\uac74\ud504\ub85c\uadf8\ub7a8\uac1c\ubc1c \ubc0f \ud3c9\uac00",
            "sbjetDvnno": "001",
            "sbjetCd": "DEHY0266",
            "gubun": null,
            "pckgeRqstPssblYn": "Y",
            "pckgeRqstCnt": "11",
            "name": null,
            "rmrk": "\uc0c1\uc8fc\ucea0\ud37c\uc2a4<br>",
            "appcrCnt": "10",
            "attlcPrscpCnt": "30",
            "lssnsTimeInfo": "\ud654 2A,2B<br/>\ud654 3A,3B",
            "lssnsRealTimeInfo": "\ud654 10:00 ~ 11:00<br/>\ud654 11:00 ~ 12:00",
            "prctsTime": "0",
            "doPlan": "Kor",
            "thryTime": "2",
            "totalPrfssNm": "\uc815\uc724\uc219",
            "mngetEstblYn": "Y",
            "code": null,
            "crdit": "2",
            "expniSllbsYn": "N",
            "bldngSn": null,
            "bldngCd": null,
            "bldngNm": null,
            "lssnsLcttmUntcd": null,
            "sbjetSctcd2": null,
            "rmnmCd": "204",
            "isApi": null,
            "paging": false,
            "rowStatus": "R",
            "pageSort": null
        },
        {
            "rowIndex": 0,
            "success": false,
            "message": null,
            "pageSize": 100,
            "pageNum": 1,
            "lctreMthodNm": "\ub300\uba74",
            "lctrmInfo": "\uc81c3\ud638\uad00",
            "lctreLnggeSctcd": null,
            "crseNo": "DEHY0285-001",
            "estblUnivNm": "\uacfc\ud559\uae30\uc220\ub300\ud559",
            "estblDprtnNm": "\uce58\uc704\uc0dd\ud559\uacfc",
            "estblYear": "2022",
            "estblDprtnCd": "1U0J",
            "estblSmstrSctnm": "1\ud559\uae30",
            "estblSmstrSctcd": "CMBS001400001",
            "estblGrade": "2",
            "sbjetSctnm": "\uc804\uacf5\ud544\uc218",
            "sbjetNm": "\uce58\uc704\uc0dd \uc0ac\ud68c\ubd09\uc0ac",
            "sbjetDvnno": "001",
            "sbjetCd": "DEHY0285",
            "gubun": null,
            "pckgeRqstPssblYn": "Y",
            "pckgeRqstCnt": "15",
            "name": null,
            "rmrk": "\uc0c1\uc8fc\ucea0\ud37c\uc2a4<br>",
            "appcrCnt": "20",
            "attlcPrscpCnt": "30",
            "lssnsTimeInfo": "\uae08 1A,1B<br/>\uae08 2A,2B",
            "lssnsRealTimeInfo": "\uae08 09:00 ~ 10:00<br/>\uae08 10:00 ~ 11:00",
            "prctsTime": "2",
            "doPlan": "Kor",
            "thryTime": "0",
            "totalPrfssNm": "\uae40\uae30\ub9bc",
            "mngetEstblYn": "Y",
            "code": null,
            "crdit": "1",
            "expniSllbsYn": "N",
            "bldngSn": null,
            "bldngCd": null,
            "bldngNm": null,
            "lssnsLcttmUntcd": null,
            "sbjetSctcd2": null,
            "rmnmCd": "305",
            "isApi": null,
            "paging": false,
            "rowStatus": "R",
            "pageSort": null
        },
        {
            "rowIndex": 0,
            "success": false,
            "message": null,
            "pageSize": 100,
            "pageNum": 1,
            "lctreMthodNm": "\ub300\uba74",
            "lctrmInfo": "\uc81c3\ud638\uad00",
            "lctreLnggeSctcd": null,
            "crseNo": "DEHY0297-001",
            "estblUnivNm": "\uacfc\ud559\uae30\uc220\ub300\ud559",
            "estblDprtnNm": "\uce58\uc704\uc0dd\ud559\uacfc",
            "estblYear": "2022",
            "estblDprtnCd": "1U0J",
            "estblSmstrSctnm": "1\ud559\uae30",
            "estblSmstrSctcd": "CMBS001400001",
            "estblGrade": "3",
            "sbjetSctnm": "\uc804\uacf5",
            "sbjetNm": "\uc784\uc0c1\uce58\uacfc\ud559(\uad6c\uac15\ub0b4\uacfc)",
            "sbjetDvnno": "001",
            "sbjetCd": "DEHY0297",
            "gubun": null,
            "pckgeRqstPssblYn": "Y",
            "pckgeRqstCnt": "22",
            "name": null,
            "rmrk": "\uc0c1\uc8fc\ucea0\ud37c\uc2a4<br>",
            "appcrCnt": "23",
            "attlcPrscpCnt": "30",
            "lssnsTimeInfo": "\ubaa9 2A,2B<br/>\ubaa9 3A,3B",
            "lssnsRealTimeInfo": "\ubaa9 10:00 ~ 11:00<br/>\ubaa9 11:00 ~ 12:00",
            "prctsTime": "0",
            "doPlan": "Kor",
            "thryTime": "2",
            "totalPrfssNm": "\uae40\uc740\uacbd",
            "mngetEstblYn": "Y",
            "code": null,
            "crdit": "2",
            "expniSllbsYn": "N",
            "bldngSn": null,
            "bldngCd": null,
            "bldngNm": null,
            "lssnsLcttmUntcd": null,
            "sbjetSctcd2": null,
            "rmnmCd": "305",
            "isApi": null,
            "paging": false,
            "rowStatus": "R",
            "pageSort": null
        },
        {
            "rowIndex": 0,
            "success": false,
            "message": null,
            "pageSize": 100,
            "pageNum": 1,
            "lctreMthodNm": "\ub300\uba74",
            "lctrmInfo": "\uc81c3\ud638\uad00",
            "lctreLnggeSctcd": null,
            "crseNo": "DEHY0336-001",
            "estblUnivNm": "\uacfc\ud559\uae30\uc220\ub300\ud559",
            "estblDprtnNm": "\uce58\uc704\uc0dd\ud559\uacfc",
            "estblYear": "2022",
            "estblDprtnCd": "1U0J",
            "estblSmstrSctnm": "1\ud559\uae30",
            "estblSmstrSctcd": "CMBS001400001",
            "estblGrade": "2",
            "sbjetSctnm": "\uc804\uacf5",
            "sbjetNm": "\uad6c\uac15\uc545\uc548\uba74\uc601\uc0c1\ud559",
            "sbjetDvnno": "001",
            "sbjetCd": "DEHY0336",
            "gubun": null,
            "pckgeRqstPssblYn": "Y",
            "pckgeRqstCnt": "15",
            "name": null,
            "rmrk": "\uc0c1\uc8fc\ucea0\ud37c\uc2a4<br>",
            "appcrCnt": "19",
            "attlcPrscpCnt": "30",
            "lssnsTimeInfo": "\uc218 1A,1B<br/>\uc218 2A,2B<br/>\uc218 3A,3B",
            "lssnsRealTimeInfo": "\uc218 09:00 ~ 10:00<br/>\uc218 10:00 ~ 11:00<br/>\uc218 11:00 ~ 12:00",
            "prctsTime": "0",
            "doPlan": "Kor",
            "thryTime": "3",
            "totalPrfssNm": "\uae40\uc740\uacbd",
            "mngetEstblYn": "Y",
            "code": null,
            "crdit": "3",
            "expniSllbsYn": "N",
            "bldngSn": null,
            "bldngCd": null,
            "bldngNm": null,
            "lssnsLcttmUntcd": null,
            "sbjetSctcd2": null,
            "rmnmCd": "305",
            "isApi": null,
            "paging": false,
            "rowStatus": "R",
            "pageSort": null
        },
        {
            "rowIndex": 0,
            "success": false,
            "message": null,
            "pageSize": 100,
            "pageNum": 1,
            "lctreMthodNm": "\ub300\uba74",
            "lctrmInfo": "\uc81c3\ud638\uad00",
            "lctreLnggeSctcd": null,
            "crseNo": "MEDI0220-002",
            "estblUnivNm": "\uacfc\ud559\uae30\uc220\ub300\ud559",
            "estblDprtnNm": "\uce58\uc704\uc0dd\ud559\uacfc",
            "estblYear": "2022",
            "estblDprtnCd": "1U0J",
            "estblSmstrSctnm": "1\ud559\uae30",
            "estblSmstrSctcd": "CMBS001400001",
            "estblGrade": "1",
            "sbjetSctnm": "\uc804\uacf5",
            "sbjetNm": "\uacf5\uc911\ubcf4\uac74\ud559",
            "sbjetDvnno": "002",
            "sbjetCd": "MEDI0220",
            "gubun": null,
            "pckgeRqstPssblYn": "N",
            "pckgeRqstCnt": "0",
            "name": null,
            "rmrk": "\uc0c1\uc8fc\ucea0\ud37c\uc2a4<br>",
            "appcrCnt": "29",
            "attlcPrscpCnt": "30",
            "lssnsTimeInfo": "\uc6d4 1A,1B<br/>\uc6d4 2A,2B",
            "lssnsRealTimeInfo": "\uc6d4 09:00 ~ 10:00<br/>\uc6d4 10:00 ~ 11:00",
            "prctsTime": "0",
            "doPlan": "Kor",
            "thryTime": "2",
            "totalPrfssNm": "\uc870\ubbfc\uc815",
            "mngetEstblYn": "Y",
            "code": null,
            "crdit": "2",
            "expniSllbsYn": "N",
            "bldngSn": null,
            "bldngCd": null,
            "bldngNm": null,
            "lssnsLcttmUntcd": null,
            "sbjetSctcd2": null,
            "rmnmCd": "102",
            "isApi": null,
            "paging": false,
            "rowStatus": "R",
            "pageSort": null
        },
        {
            "rowIndex": 0,
            "success": false,
            "message": null,
            "pageSize": 100,
            "pageNum": 1,
            "lctreMthodNm": "\ub300\uba74",
            "lctrmInfo": "\uc81c3\ud638\uad00",
            "lctreLnggeSctcd": null,
            "crseNo": "DEHY0252-001",
            "estblUnivNm": "\uacfc\ud559\uae30\uc220\ub300\ud559",
            "estblDprtnNm": "\uce58\uc704\uc0dd\ud559\uacfc",
            "estblYear": "2022",
            "estblDprtnCd": "1U0J",
            "estblSmstrSctnm": "1\ud559\uae30",
            "estblSmstrSctcd": "CMBS001400001",
            "estblGrade": "1",
            "sbjetSctnm": "\uc804\uacf5",
            "sbjetNm": "\uce58\uc704\uc0dd\ud559\uc785\ubb38\u2160(\uce58\uc544\uc9c8\ud658)",
            "sbjetDvnno": "001",
            "sbjetCd": "DEHY0252",
            "gubun": null,
            "pckgeRqstPssblYn": "N",
            "pckgeRqstCnt": "0",
            "name": null,
            "rmrk": "\uc0c1\uc8fc\ucea0\ud37c\uc2a4<br>",
            "appcrCnt": "26",
            "attlcPrscpCnt": "30",
            "lssnsTimeInfo": "\ud654 5A,5B<br/>\ud654 6A,6B<br/>\ud654 7A,7B",
            "lssnsRealTimeInfo": "\ud654 13:00 ~ 14:00<br/>\ud654 14:00 ~ 15:00<br/>\ud654 15:00 ~ 16:00",
            "prctsTime": "0",
            "doPlan": "Kor",
            "thryTime": "3",
            "totalPrfssNm": "\uc1a1\uadfc\ubc30",
            "mngetEstblYn": "Y",
            "code": null,
            "crdit": "3",
            "expniSllbsYn": "N",
            "bldngSn": null,
            "bldngCd": null,
            "bldngNm": null,
            "lssnsLcttmUntcd": null,
            "sbjetSctcd2": null,
            "rmnmCd": "204",
            "isApi": null,
            "paging": false,
            "rowStatus": "R",
            "pageSort": null
        },
        {
            "rowIndex": 0,
            "success": false,
            "message": null,
            "pageSize": 100,
            "pageNum": 1,
            "lctreMthodNm": "\ub300\uba74",
            "lctrmInfo": "\uc81c3\ud638\uad00",
            "lctreLnggeSctcd": null,
            "crseNo": "DEHY0272-001",
            "estblUnivNm": "\uacfc\ud559\uae30\uc220\ub300\ud559",
            "estblDprtnNm": "\uce58\uc704\uc0dd\ud559\uacfc",
            "estblYear": "2022",
            "estblDprtnCd": "1U0J",
            "estblSmstrSctnm": "1\ud559\uae30",
            "estblSmstrSctcd": "CMBS001400001",
            "estblGrade": "2",
            "sbjetSctnm": "\uc804\uacf5",
            "sbjetNm": "\uae30\ucd08\uce58\uc704\uc0dd\ud559(\uad6c\uac15\ubbf8\uc0dd\ubb3c \ubc0f \uba74\uc5ed)",
            "sbjetDvnno": "001",
            "sbjetCd": "DEHY0272",
            "gubun": null,
            "pckgeRqstPssblYn": "Y",
            "pckgeRqstCnt": "15",
            "name": null,
            "rmrk": "\uc0c1\uc8fc\ucea0\ud37c\uc2a4<br>",
            "appcrCnt": "19",
            "attlcPrscpCnt": "30",
            "lssnsTimeInfo": "\ud654 1A,1B<br/>\ud654 2A,2B<br/>\ud654 3A,3B",
            "lssnsRealTimeInfo": "\ud654 09:00 ~ 10:00<br/>\ud654 10:00 ~ 11:00<br/>\ud654 11:00 ~ 12:00",
            "prctsTime": "0",
            "doPlan": "Kor",
            "thryTime": "3",
            "totalPrfssNm": "\uae40\uae30\ub9bc",
            "mngetEstblYn": "Y",
            "code": null,
            "crdit": "3",
            "expniSllbsYn": "N",
            "bldngSn": null,
            "bldngCd": null,
            "bldngNm": null,
            "lssnsLcttmUntcd": null,
            "sbjetSctcd2": null,
            "rmnmCd": "303",
            "isApi": null,
            "paging": false,
            "rowStatus": "R",
            "pageSort": null
        },
        {
            "rowIndex": 0,
            "success": false,
            "message": null,
            "pageSize": 100,
            "pageNum": 1,
            "lctreMthodNm": "\ub300\uba74",
            "lctrmInfo": "\uc81c3\ud638\uad00",
            "lctreLnggeSctcd": null,
            "crseNo": "DEHY0273-001",
            "estblUnivNm": "\uacfc\ud559\uae30\uc220\ub300\ud559",
            "estblDprtnNm": "\uce58\uc704\uc0dd\ud559\uacfc",
            "estblYear": "2022",
            "estblDprtnCd": "1U0J",
            "estblSmstrSctnm": "1\ud559\uae30",
            "estblSmstrSctcd": "CMBS001400001",
            "estblGrade": "1",
            "sbjetSctnm": "\uc804\uacf5",
            "sbjetNm": "\uae30\ucd08\uce58\uc704\uc0dd\ud559(\uad6c\uac15\uc870\uc9c1\ubc1c\uc0dd)",
            "sbjetDvnno": "001",
            "sbjetCd": "DEHY0273",
            "gubun": null,
            "pckgeRqstPssblYn": "N",
            "pckgeRqstCnt": "0",
            "name": null,
            "rmrk": "\uc0c1\uc8fc\ucea0\ud37c\uc2a4<br>",
            "appcrCnt": "26",
            "attlcPrscpCnt": "30",
            "lssnsTimeInfo": "\uc218 5A,5B<br/>\uc218 6A,6B",
            "lssnsRealTimeInfo": "\uc218 13:00 ~ 14:00<br/>\uc218 14:00 ~ 15:00",
            "prctsTime": "0",
            "doPlan": "Kor",
            "thryTime": "2",
            "totalPrfssNm": "\uae40\uae30\ub9bc",
            "mngetEstblYn": "Y",
            "code": null,
            "crdit": "2",
            "expniSllbsYn": "N",
            "bldngSn": null,
            "bldngCd": null,
            "bldngNm": null,
            "lssnsLcttmUntcd": null,
            "sbjetSctcd2": null,
            "rmnmCd": "303",
            "isApi": null,
            "paging": false,
            "rowStatus": "R",
            "pageSort": null
        },
        {
            "rowIndex": 0,
            "success": false,
            "message": null,
            "pageSize": 100,
            "pageNum": 1,
            "lctreMthodNm": "\ub300\uba74",
            "lctrmInfo": "\uc81c3\ud638\uad00",
            "lctreLnggeSctcd": null,
            "crseNo": "DEHY0296-001",
            "estblUnivNm": "\uacfc\ud559\uae30\uc220\ub300\ud559",
            "estblDprtnNm": "\uce58\uc704\uc0dd\ud559\uacfc",
            "estblYear": "2022",
            "estblDprtnCd": "1U0J",
            "estblSmstrSctnm": "1\ud559\uae30",
            "estblSmstrSctcd": "CMBS001400001",
            "estblGrade": "3",
            "sbjetSctnm": "\uc804\uacf5",
            "sbjetNm": "\uae30\ucd08\uce58\uc704\uc0dd\ud559(\uad6c\uac15\uc0dd\ud654\ud559)",
            "sbjetDvnno": "001",
            "sbjetCd": "DEHY0296",
            "gubun": null,
            "pckgeRqstPssblYn": "Y",
            "pckgeRqstCnt": "22",
            "name": null,
            "rmrk": "\uc0c1\uc8fc\ucea0\ud37c\uc2a4<br>",
            "appcrCnt": "25",
            "attlcPrscpCnt": "30",
            "lssnsTimeInfo": "\uc218 2A,2B<br/>\uc218 3A,3B",
            "lssnsRealTimeInfo": "\uc218 10:00 ~ 11:00<br/>\uc218 11:00 ~ 12:00",
            "prctsTime": "0",
            "doPlan": "Kor",
            "thryTime": "2",
            "totalPrfssNm": "\uae40\uae30\ub9bc",
            "mngetEstblYn": "Y",
            "code": null,
            "crdit": "2",
            "expniSllbsYn": "N",
            "bldngSn": null,
            "bldngCd": null,
            "bldngNm": null,
            "lssnsLcttmUntcd": null,
            "sbjetSctcd2": null,
            "rmnmCd": "303",
            "isApi": null,
            "paging": false,
            "rowStatus": "R",
            "pageSort": null
        },
        {
            "rowIndex": 0,
            "success": false,
            "message": null,
            "pageSize": 100,
            "pageNum": 1,
            "lctreMthodNm": "\ub300\uba74",
            "lctrmInfo": "\uc81c3\ud638\uad00",
            "lctreLnggeSctcd": null,
            "crseNo": "DEHY0326-001",
            "estblUnivNm": "\uacfc\ud559\uae30\uc220\ub300\ud559",
            "estblDprtnNm": "\uce58\uc704\uc0dd\ud559\uacfc",
            "estblYear": "2022",
            "estblDprtnCd": "1U0J",
            "estblSmstrSctnm": "1\ud559\uae30",
            "estblSmstrSctcd": "CMBS001400001",
            "estblGrade": "4",
            "sbjetSctnm": "\uc804\uacf5\ud544\uc218",
            "sbjetNm": "\uc9c0\uc5ed\uc0ac\ud68c\uce58\uc704\uc0dd \uc2e4\uc2b5",
            "sbjetDvnno": "001",
            "sbjetCd": "DEHY0326",
            "gubun": null,
            "pckgeRqstPssblYn": "Y",
            "pckgeRqstCnt": "12",
            "name": null,
            "rmrk": "\uc0c1\uc8fc\ucea0\ud37c\uc2a4<br>",
            "appcrCnt": "15",
            "attlcPrscpCnt": "30",
            "lssnsTimeInfo": "\uc6d4 1A,1B<br/>\uc6d4 2A,2B<br/>\uae08 1A,1B<br/>\uae08 2A,2B",
            "lssnsRealTimeInfo": "\uc6d4 09:00 ~ 10:00<br/>\uc6d4 10:00 ~ 11:00<br/>\uae08 09:00 ~ 10:00<br/>\uae08 10:00 ~ 11:00",
            "prctsTime": "4",
            "doPlan": "Kor",
            "thryTime": "0",
            "totalPrfssNm": "\uae40\uc601\uc11d",
            "mngetEstblYn": "Y",
            "code": null,
            "crdit": "2",
            "expniSllbsYn": "N",
            "bldngSn": null,
            "bldngCd": null,
            "bldngNm": null,
            "lssnsLcttmUntcd": null,
            "sbjetSctcd2": null,
            "rmnmCd": "303",
            "isApi": null,
            "paging": false,
            "rowStatus": "R",
            "pageSort": null
        },
        {
            "rowIndex": 0,
            "success": false,
            "message": null,
            "pageSize": 100,
            "pageNum": 1,
            "lctreMthodNm": "\ub300\uba74",
            "lctrmInfo": null,
            "lctreLnggeSctcd": null,
            "crseNo": "DEHY0232-001",
            "estblUnivNm": "\uacfc\ud559\uae30\uc220\ub300\ud559",
            "estblDprtnNm": "\uce58\uc704\uc0dd\ud559\uacfc",
            "estblYear": "2022",
            "estblDprtnCd": "1U0J",
            "estblSmstrSctnm": "1\ud559\uae30",
            "estblSmstrSctcd": "CMBS001400001",
            "estblGrade": "3",
            "sbjetSctnm": "\uc804\uacf5\ud544\uc218",
            "sbjetNm": "\ud604\uc7a5\uc784\uc0c1\uc2e4\uc2b5 \u2160",
            "sbjetDvnno": "001",
            "sbjetCd": "DEHY0232",
            "gubun": null,
            "pckgeRqstPssblYn": "Y",
            "pckgeRqstCnt": "16",
            "name": null,
            "rmrk": "\uc0c1\uc8fc\ucea0\ud37c\uc2a4<br>",
            "appcrCnt": "20",
            "attlcPrscpCnt": "30",
            "lssnsTimeInfo": null,
            "lssnsRealTimeInfo": null,
            "prctsTime": "10",
            "doPlan": "Kor",
            "thryTime": "0",
            "totalPrfssNm": "\uae40\uc740\uacbd",
            "mngetEstblYn": "Y",
            "code": null,
            "crdit": "5",
            "expniSllbsYn": "N",
            "bldngSn": null,
            "bldngCd": null,
            "bldngNm": null,
            "lssnsLcttmUntcd": null,
            "sbjetSctcd2": null,
            "rmnmCd": null,
            "isApi": null,
            "paging": false,
            "rowStatus": "R",
            "pageSort": null
        },
        {
            "rowIndex": 0,
            "success": false,
            "message": null,
            "pageSize": 100,
            "pageNum": 1,
            "lctreMthodNm": "\ub300\uba74",
            "lctrmInfo": null,
            "lctreLnggeSctcd": null,
            "crseNo": "DEHY0238-001",
            "estblUnivNm": "\uacfc\ud559\uae30\uc220\ub300\ud559",
            "estblDprtnNm": "\uce58\uc704\uc0dd\ud559\uacfc",
            "estblYear": "2022",
            "estblDprtnCd": "1U0J",
            "estblSmstrSctnm": "1\ud559\uae30",
            "estblSmstrSctcd": "CMBS001400001",
            "estblGrade": "4",
            "sbjetSctnm": "\uc804\uacf5\ud544\uc218",
            "sbjetNm": "\ud604\uc7a5\uc784\uc0c1\uc2e4\uc2b5 \u2161",
            "sbjetDvnno": "001",
            "sbjetCd": "DEHY0238",
            "gubun": null,
            "pckgeRqstPssblYn": "Y",
            "pckgeRqstCnt": "10",
            "name": null,
            "rmrk": "\uc0c1\uc8fc\ucea0\ud37c\uc2a4<br>",
            "appcrCnt": "12",
            "attlcPrscpCnt": "30",
            "lssnsTimeInfo": null,
            "lssnsRealTimeInfo": null,
            "prctsTime": "10",
            "doPlan": "Kor",
            "thryTime": "0",
            "totalPrfssNm": "\uae40\uc601\uc11d",
            "mngetEstblYn": "Y",
            "code": null,
            "crdit": "5",
            "expniSllbsYn": "N",
            "bldngSn": null,
            "bldngCd": null,
            "bldngNm": null,
            "lssnsLcttmUntcd": null,
            "sbjetSctcd2": null,
            "rmnmCd": null,
            "isApi": null,
            "paging": false,
            "rowStatus": "R",
            "pageSort": null
        }
    ],
    "statusCode": 200
}