{
    "timestamp": "2022-04-28T23:14:15.502",
    "success": true,
    "code": null,
    "msg": null,
    "data": [
        {
            "rowIndex": 0,
            "success": false,
            "message": null,
            "pageSize": 100,
            "pageNum": 1,
            "lctreMthodNm": "\ub300\uba74",
            "lctrmInfo": "\uc81c3\ud638\uad00",
            "lctreLnggeSctcd": null,
            "crseNo": "AMSE0211-001",
            "estblUnivNm": "\uacfc\ud559\uae30\uc220\ub300\ud559",
            "estblDprtnNm": "\ub098\ub178\uc18c\uc7ac\uacf5\ud559\ubd80 \uc2e0\uc18c\uc7ac\uacf5\ud559\uc804\uacf5",
            "estblYear": "2022",
            "estblDprtnCd": "1U0701",
            "estblSmstrSctnm": "1\ud559\uae30",
            "estblSmstrSctcd": "CMBS001400001",
            "estblGrade": "2",
            "sbjetSctnm": "\uc804\uacf5\ud544\uc218",
            "sbjetNm": "\uc138\ub77c\ubbf9\uc7ac\ub8cc",
            "sbjetDvnno": "001",
            "sbjetCd": "AMSE0211",
            "gubun": null,
            "pckgeRqstPssblYn": "Y",
            "pckgeRqstCnt": "18",
            "name": null,
            "rmrk": "\uc0c1\uc8fc\ucea0\ud37c\uc2a4<br>",
            "appcrCnt": "29",
            "attlcPrscpCnt": "45",
            "lssnsTimeInfo": "\ud654 7A,7B,8A<br/>\uc218 5B,6A,6B",
            "lssnsRealTimeInfo": "\ud654 15:00 ~ 16:30<br/>\uc218 13:30 ~ 15:00",
            "prctsTime": "0",
            "doPlan": "Kor",
            "thryTime": "3",
            "totalPrfssNm": "\ubc15\uba85\uc2dd",
            "mngetEstblYn": "Y",
            "code": null,
            "crdit": "3",
            "expniSllbsYn": "N",
            "bldngSn": null,
            "bldngCd": null,
            "bldngNm": null,
            "lssnsLcttmUntcd": null,
            "sbjetSctcd2": null,
            "rmnmCd": "304",
            "isApi": null,
            "paging": false,
            "rowStatus": "R",
            "pageSort": null
        },
        {
            "rowIndex": 0,
            "success": false,
            "message": null,
            "pageSize": 100,
            "pageNum": 1,
            "lctreMthodNm": "\ub300\uba74",
            "lctrmInfo": "\uc81c2\ud638\uad00",
            "lctreLnggeSctcd": null,
            "crseNo": "AMSE0433-001",
            "estblUnivNm": "\uacfc\ud559\uae30\uc220\ub300\ud559",
            "estblDprtnNm": "\ub098\ub178\uc18c\uc7ac\uacf5\ud559\ubd80 \uc2e0\uc18c\uc7ac\uacf5\ud559\uc804\uacf5",
            "estblYear": "2022",
            "estblDprtnCd": "1U0701",
            "estblSmstrSctnm": "1\ud559\uae30",
            "estblSmstrSctcd": "CMBS001400001",
            "estblGrade": "3",
            "sbjetSctnm": "\uc804\uacf5",
            "sbjetNm": "\uc790\uc131\uc7ac\ub8cc\uae30\ucd08 \ubc0f \uc2e4\ud5d8",
            "sbjetDvnno": "001",
            "sbjetCd": "AMSE0433",
            "gubun": null,
            "pckgeRqstPssblYn": "Y",
            "pckgeRqstCnt": "15",
            "name": null,
            "rmrk": "\uc0c1\uc8fc\ucea0\ud37c\uc2a4<br>(\ud55c\uad6d\uc5b4+\uc601\uc5b4)<br>",
            "appcrCnt": "20",
            "attlcPrscpCnt": "45",
            "lssnsTimeInfo": "\ud654 1A,1B<br/>\ud654 2A,2B<br/>\ud654 3A,3B<br/>\ud654 4A,4B",
            "lssnsRealTimeInfo": "\ud654 09:00 ~ 10:00<br/>\ud654 10:00 ~ 11:00<br/>\ud654 11:00 ~ 12:00<br/>\ud654 12:00 ~ 13:00",
            "prctsTime": "2",
            "doPlan": "Kor",
            "thryTime": "2",
            "totalPrfssNm": "\uc870\ud0dc\uc2dd",
            "mngetEstblYn": "Y",
            "code": null,
            "crdit": "3",
            "expniSllbsYn": "N",
            "bldngSn": null,
            "bldngCd": null,
            "bldngNm": null,
            "lssnsLcttmUntcd": null,
            "sbjetSctcd2": null,
            "rmnmCd": "201",
            "isApi": null,
            "paging": false,
            "rowStatus": "R",
            "pageSort": null
        },
        {
            "rowIndex": 0,
            "success": false,
            "message": null,
            "pageSize": 100,
            "pageNum": 1,
            "lctreMthodNm": "\ub300\uba74",
            "lctrmInfo": "\uc81c3\ud638\uad00",
            "lctreLnggeSctcd": null,
            "crseNo": "AMSE0421-001",
            "estblUnivNm": "\uacfc\ud559\uae30\uc220\ub300\ud559",
            "estblDprtnNm": "\ub098\ub178\uc18c\uc7ac\uacf5\ud559\ubd80 \uc2e0\uc18c\uc7ac\uacf5\ud559\uc804\uacf5",
            "estblYear": "2022",
            "estblDprtnCd": "1U0701",
            "estblSmstrSctnm": "1\ud559\uae30",
            "estblSmstrSctcd": "CMBS001400001",
            "estblGrade": "4",
            "sbjetSctnm": "\uc804\uacf5",
            "sbjetNm": "\uc804\uae30\uc804\uc790\uc7ac\ub8cc",
            "sbjetDvnno": "001",
            "sbjetCd": "AMSE0421",
            "gubun": null,
            "pckgeRqstPssblYn": "Y",
            "pckgeRqstCnt": "25",
            "name": null,
            "rmrk": "\uc0c1\uc8fc\ucea0\ud37c\uc2a4<br>",
            "appcrCnt": "30",
            "attlcPrscpCnt": "40",
            "lssnsTimeInfo": "\uae08 2A,2B<br/>\uae08 3A,3B<br/>\uae08 4A,4B",
            "lssnsRealTimeInfo": "\uae08 10:00 ~ 11:00<br/>\uae08 11:00 ~ 12:00<br/>\uae08 12:00 ~ 13:00",
            "prctsTime": "0",
            "doPlan": "Kor",
            "thryTime": "3",
            "totalPrfssNm": "\uae40\uc9c0\uc218",
            "mngetEstblYn": "Y",
            "code": null,
            "crdit": "3",
            "expniSllbsYn": "N",
            "bldngSn": null,
            "bldngCd": null,
            "bldngNm": null,
            "lssnsLcttmUntcd": null,
            "sbjetSctcd2": null,
            "rmnmCd": "304",
            "isApi": null,
            "paging": false,
            "rowStatus": "R",
            "pageSort": null
        },
        {
            "rowIndex": 0,
            "success": false,
            "message": null,
            "pageSize": 100,
            "pageNum": 1,
            "lctreMthodNm": "\ub300\uba74",
            "lctrmInfo": "\uc81c3\ud638\uad00",
            "lctreLnggeSctcd": null,
            "crseNo": "AMSE0424-001",
            "estblUnivNm": "\uacfc\ud559\uae30\uc220\ub300\ud559",
            "estblDprtnNm": "\ub098\ub178\uc18c\uc7ac\uacf5\ud559\ubd80 \uc2e0\uc18c\uc7ac\uacf5\ud559\uc804\uacf5",
            "estblYear": "2022",
            "estblDprtnCd": "1U0701",
            "estblSmstrSctnm": "1\ud559\uae30",
            "estblSmstrSctcd": "CMBS001400001",
            "estblGrade": "4",
            "sbjetSctnm": "\uc804\uacf5",
            "sbjetNm": "\uc815\ubcf4\ub514\uc2a4\ud50c\ub808\uc774\uacf5\ud559",
            "sbjetDvnno": "001",
            "sbjetCd": "AMSE0424",
            "gubun": null,
            "pckgeRqstPssblYn": "Y",
            "pckgeRqstCnt": "20",
            "name": null,
            "rmrk": "\uc0c1\uc8fc\ucea0\ud37c\uc2a4<br>",
            "appcrCnt": "25",
            "attlcPrscpCnt": "40",
            "lssnsTimeInfo": "\uc6d4 5B,6A,6B<br/>\ud654 2B,3A,3B",
            "lssnsRealTimeInfo": "\uc6d4 13:30 ~ 15:00<br/>\ud654 10:30 ~ 12:00",
            "prctsTime": "0",
            "doPlan": "Kor",
            "thryTime": "3",
            "totalPrfssNm": "\ucd5c\uba85\uc2dd",
            "mngetEstblYn": "Y",
            "code": null,
            "crdit": "3",
            "expniSllbsYn": "N",
            "bldngSn": null,
            "bldngCd": null,
            "bldngNm": null,
            "lssnsLcttmUntcd": null,
            "sbjetSctcd2": null,
            "rmnmCd": "304",
            "isApi": null,
            "paging": false,
            "rowStatus": "R",
            "pageSort": null
        },
        {
            "rowIndex": 0,
            "success": false,
            "message": null,
            "pageSize": 100,
            "pageNum": 1,
            "lctreMthodNm": "\ub300\uba74",
            "lctrmInfo": "\uc81c2\ud638\uad00",
            "lctreLnggeSctcd": null,
            "crseNo": "AMSE0434-001",
            "estblUnivNm": "\uacfc\ud559\uae30\uc220\ub300\ud559",
            "estblDprtnNm": "\ub098\ub178\uc18c\uc7ac\uacf5\ud559\ubd80 \uc2e0\uc18c\uc7ac\uacf5\ud559\uc804\uacf5",
            "estblYear": "2022",
            "estblDprtnCd": "1U0701",
            "estblSmstrSctnm": "1\ud559\uae30",
            "estblSmstrSctcd": "CMBS001400001",
            "estblGrade": "4",
            "sbjetSctnm": "\uc804\uacf5",
            "sbjetNm": "\ud0dc\uc591\uc804\uc9c0\uc7ac\ub8cc(\ucea1\uc2a4\ud1a4\ub514\uc790\uc778)",
            "sbjetDvnno": "001",
            "sbjetCd": "AMSE0434",
            "gubun": null,
            "pckgeRqstPssblYn": "Y",
            "pckgeRqstCnt": "14",
            "name": null,
            "rmrk": "\uc0c1\uc8fc\ucea0\ud37c\uc2a4<br>(\ud55c\uad6d\uc5b4+\uc601\uc5b4)<br>",
            "appcrCnt": "18",
            "attlcPrscpCnt": "40",
            "lssnsTimeInfo": "\ud654 6A,6B<br/>\ud654 7A,7B<br/>\ud654 8A,8B<br/>\ud654 9A,9B",
            "lssnsRealTimeInfo": "\ud654 14:00 ~ 15:00<br/>\ud654 15:00 ~ 16:00<br/>\ud654 16:00 ~ 17:00<br/>\ud654 17:00 ~ 18:00",
            "prctsTime": "2",
            "doPlan": "Kor",
            "thryTime": "2",
            "totalPrfssNm": "\uc870\ud0dc\uc2dd",
            "mngetEstblYn": "Y",
            "code": null,
            "crdit": "3",
            "expniSllbsYn": "Y",
            "bldngSn": null,
            "bldngCd": null,
            "bldngNm": null,
            "lssnsLcttmUntcd": null,
            "sbjetSctcd2": null,
            "rmnmCd": "201",
            "isApi": null,
            "paging": false,
            "rowStatus": "R",
            "pageSort": null
        },
        {
            "rowIndex": 0,
            "success": false,
            "message": null,
            "pageSize": 100,
            "pageNum": 1,
            "lctreMthodNm": "\ub300\uba74",
            "lctrmInfo": "\uc81c2\ud638\uad00",
            "lctreLnggeSctcd": null,
            "crseNo": "AMSE0242-001",
            "estblUnivNm": "\uacfc\ud559\uae30\uc220\ub300\ud559",
            "estblDprtnNm": "\ub098\ub178\uc18c\uc7ac\uacf5\ud559\ubd80 \uc2e0\uc18c\uc7ac\uacf5\ud559\uc804\uacf5",
            "estblYear": "2022",
            "estblDprtnCd": "1U0701",
            "estblSmstrSctnm": "1\ud559\uae30",
            "estblSmstrSctcd": "CMBS001400001",
            "estblGrade": "2",
            "sbjetSctnm": "\uc804\uacf5",
            "sbjetNm": "\uc138\ub77c\ubbf9\ubb3c\ub9ac\ud654\ud559",
            "sbjetDvnno": "001",
            "sbjetCd": "AMSE0242",
            "gubun": null,
            "pckgeRqstPssblYn": "Y",
            "pckgeRqstCnt": "12",
            "name": null,
            "rmrk": "\uc0c1\uc8fc\ucea0\ud37c\uc2a4<br>",
            "appcrCnt": "20",
            "attlcPrscpCnt": "45",
            "lssnsTimeInfo": "\ubaa9 8B,9A,9B<br/>\uae08 2B,3A,3B",
            "lssnsRealTimeInfo": "\ubaa9 16:30 ~ 18:00<br/>\uae08 10:30 ~ 12:00",
            "prctsTime": "0",
            "doPlan": "Kor",
            "thryTime": "3",
            "totalPrfssNm": "\ub178\uc885\uc6b1",
            "mngetEstblYn": "Y",
            "code": null,
            "crdit": "3",
            "expniSllbsYn": "N",
            "bldngSn": null,
            "bldngCd": null,
            "bldngNm": null,
            "lssnsLcttmUntcd": null,
            "sbjetSctcd2": null,
            "rmnmCd": "110",
            "isApi": null,
            "paging": false,
            "rowStatus": "R",
            "pageSort": null
        },
        {
            "rowIndex": 0,
            "success": false,
            "message": null,
            "pageSize": 100,
            "pageNum": 1,
            "lctreMthodNm": "\ub300\uba74",
            "lctrmInfo": "\uc81c2\ud638\uad00",
            "lctreLnggeSctcd": null,
            "crseNo": "AMSE0344-001",
            "estblUnivNm": "\uacfc\ud559\uae30\uc220\ub300\ud559",
            "estblDprtnNm": "\ub098\ub178\uc18c\uc7ac\uacf5\ud559\ubd80 \uc2e0\uc18c\uc7ac\uacf5\ud559\uc804\uacf5",
            "estblYear": "2022",
            "estblDprtnCd": "1U0701",
            "estblSmstrSctnm": "1\ud559\uae30",
            "estblSmstrSctcd": "CMBS001400001",
            "estblGrade": "3",
            "sbjetSctnm": "\uc804\uacf5",
            "sbjetNm": "\uc7ac\ub8cc\uac15\ub3c4\ubc29\ubc95\ub860",
            "sbjetDvnno": "001",
            "sbjetCd": "AMSE0344",
            "gubun": null,
            "pckgeRqstPssblYn": "Y",
            "pckgeRqstCnt": "25",
            "name": null,
            "rmrk": "\uc0c1\uc8fc\ucea0\ud37c\uc2a4<br>(\ud55c\uad6d\uc5b4+\uc601\uc5b4)<br>",
            "appcrCnt": "31",
            "attlcPrscpCnt": "45",
            "lssnsTimeInfo": "\ud654 7A,7B,8A<br/>\uc218 7A,7B,8A",
            "lssnsRealTimeInfo": "\ud654 15:00 ~ 16:30<br/>\uc218 15:00 ~ 16:30",
            "prctsTime": "0",
            "doPlan": "Kor",
            "thryTime": "3",
            "totalPrfssNm": "\uae40\uc9c0\uc2dd",
            "mngetEstblYn": "Y",
            "code": null,
            "crdit": "3",
            "expniSllbsYn": "N",
            "bldngSn": null,
            "bldngCd": null,
            "bldngNm": null,
            "lssnsLcttmUntcd": null,
            "sbjetSctcd2": null,
            "rmnmCd": "110",
            "isApi": null,
            "paging": false,
            "rowStatus": "R",
            "pageSort": null
        },
        {
            "rowIndex": 0,
            "success": false,
            "message": null,
            "pageSize": 100,
            "pageNum": 1,
            "lctreMthodNm": "\ub300\uba74",
            "lctrmInfo": "\uc81c2\ud638\uad00",
            "lctreLnggeSctcd": null,
            "crseNo": "AMSE0221-001",
            "estblUnivNm": "\uacfc\ud559\uae30\uc220\ub300\ud559",
            "estblDprtnNm": "\ub098\ub178\uc18c\uc7ac\uacf5\ud559\ubd80 \uc2e0\uc18c\uc7ac\uacf5\ud559\uc804\uacf5",
            "estblYear": "2022",
            "estblDprtnCd": "1U0701",
            "estblSmstrSctnm": "1\ud559\uae30",
            "estblSmstrSctcd": "CMBS001400001",
            "estblGrade": "2",
            "sbjetSctnm": "\uc804\uacf5",
            "sbjetNm": "\uae08\uc18d\uc7ac\ub8cc",
            "sbjetDvnno": "001",
            "sbjetCd": "AMSE0221",
            "gubun": null,
            "pckgeRqstPssblYn": "Y",
            "pckgeRqstCnt": "22",
            "name": null,
            "rmrk": "\uc0c1\uc8fc\ucea0\ud37c\uc2a4<br>",
            "appcrCnt": "34",
            "attlcPrscpCnt": "45",
            "lssnsTimeInfo": "\ud654 2B,3A,3B<br/>\uc218 2B,3A,3B",
            "lssnsRealTimeInfo": "\ud654 10:30 ~ 12:00<br/>\uc218 10:30 ~ 12:00",
            "prctsTime": "0",
            "doPlan": "Kor",
            "thryTime": "3",
            "totalPrfssNm": "\uae40\uc9c0\uc2dd",
            "mngetEstblYn": "Y",
            "code": null,
            "crdit": "3",
            "expniSllbsYn": "N",
            "bldngSn": null,
            "bldngCd": null,
            "bldngNm": null,
            "lssnsLcttmUntcd": null,
            "sbjetSctcd2": null,
            "rmnmCd": "110",
            "isApi": null,
            "paging": false,
            "rowStatus": "R",
            "pageSort": null
        },
        {
            "rowIndex": 0,
            "success": false,
            "message": null,
            "pageSize": 100,
            "pageNum": 1,
            "lctreMthodNm": "\ub300\uba74",
            "lctrmInfo": "\uc81c2\ud638\uad00",
            "lctreLnggeSctcd": null,
            "crseNo": "AMSE0333-001",
            "estblUnivNm": "\uacfc\ud559\uae30\uc220\ub300\ud559",
            "estblDprtnNm": "\ub098\ub178\uc18c\uc7ac\uacf5\ud559\ubd80 \uc2e0\uc18c\uc7ac\uacf5\ud559\uc804\uacf5",
            "estblYear": "2022",
            "estblDprtnCd": "1U0701",
            "estblSmstrSctnm": "1\ud559\uae30",
            "estblSmstrSctcd": "CMBS001400001",
            "estblGrade": "3",
            "sbjetSctnm": "\uc804\uacf5",
            "sbjetNm": "\uc7ac\ub8cc\ubd84\uc11d\uae30\uae30 \ubc0f \uc2e4\ud5d8",
            "sbjetDvnno": "001",
            "sbjetCd": "AMSE0333",
            "gubun": null,
            "pckgeRqstPssblYn": "Y",
            "pckgeRqstCnt": "20",
            "name": null,
            "rmrk": "\uc0c1\uc8fc\ucea0\ud37c\uc2a4<br>",
            "appcrCnt": "26",
            "attlcPrscpCnt": "45",
            "lssnsTimeInfo": "\ubaa9 1A,1B<br/>\ubaa9 2A,2B<br/>\ubaa9 3A,3B<br/>\ubaa9 4A,4B",
            "lssnsRealTimeInfo": "\ubaa9 09:00 ~ 10:00<br/>\ubaa9 10:00 ~ 11:00<br/>\ubaa9 11:00 ~ 12:00<br/>\ubaa9 12:00 ~ 13:00",
            "prctsTime": "2",
            "doPlan": "Kor",
            "thryTime": "2",
            "totalPrfssNm": "\ub178\uc885\uc6b1",
            "mngetEstblYn": "Y",
            "code": null,
            "crdit": "3",
            "expniSllbsYn": "N",
            "bldngSn": null,
            "bldngCd": null,
            "bldngNm": null,
            "lssnsLcttmUntcd": null,
            "sbjetSctcd2": null,
            "rmnmCd": "110",
            "isApi": null,
            "paging": false,
            "rowStatus": "R",
            "pageSort": null
        },
        {
            "rowIndex": 0,
            "success": false,
            "message": null,
            "pageSize": 100,
            "pageNum": 1,
            "lctreMthodNm": "\ub300\uba74",
            "lctrmInfo": "\uc81c3\ud638\uad00",
            "lctreLnggeSctcd": null,
            "crseNo": "CHEN0610-001",
            "estblUnivNm": "\uacfc\ud559\uae30\uc220\ub300\ud559",
            "estblDprtnNm": "\ub098\ub178\uc18c\uc7ac\uacf5\ud559\ubd80 \uc2e0\uc18c\uc7ac\uacf5\ud559\uc804\uacf5",
            "estblYear": "2022",
            "estblDprtnCd": "1U0701",
            "estblSmstrSctnm": "1\ud559\uae30",
            "estblSmstrSctcd": "CMBS001400001",
            "estblGrade": "3",
            "sbjetSctnm": "\uc804\uacf5",
            "sbjetNm": "\ubc18\ub3c4\uccb4\uacf5\uc815",
            "sbjetDvnno": "001",
            "sbjetCd": "CHEN0610",
            "gubun": null,
            "pckgeRqstPssblYn": "Y",
            "pckgeRqstCnt": "23",
            "name": null,
            "rmrk": "\uc0c1\uc8fc\ucea0\ud37c\uc2a4<br>",
            "appcrCnt": "32",
            "attlcPrscpCnt": "45",
            "lssnsTimeInfo": "\ubaa9 6A,6B<br/>\ubaa9 7A,7B<br/>\ubaa9 8A,8B",
            "lssnsRealTimeInfo": "\ubaa9 14:00 ~ 15:00<br/>\ubaa9 15:00 ~ 16:00<br/>\ubaa9 16:00 ~ 17:00",
            "prctsTime": "0",
            "doPlan": "Kor",
            "thryTime": "3",
            "totalPrfssNm": "\uae40\ud601\uc885",
            "mngetEstblYn": "Y",
            "code": null,
            "crdit": "3",
            "expniSllbsYn": "Y",
            "bldngSn": null,
            "bldngCd": null,
            "bldngNm": null,
            "lssnsLcttmUntcd": null,
            "sbjetSctcd2": null,
            "rmnmCd": "304",
            "isApi": null,
            "paging": false,
            "rowStatus": "R",
            "pageSort": null
        },
        {
            "rowIndex": 0,
            "success": false,
            "message": null,
            "pageSize": 100,
            "pageNum": 1,
            "lctreMthodNm": "\ub300\uba74",
            "lctrmInfo": "\uc81c2\ud638\uad00",
            "lctreLnggeSctcd": null,
            "crseNo": "AMSE0341-001",
            "estblUnivNm": "\uacfc\ud559\uae30\uc220\ub300\ud559",
            "estblDprtnNm": "\ub098\ub178\uc18c\uc7ac\uacf5\ud559\ubd80 \uc2e0\uc18c\uc7ac\uacf5\ud559\uc804\uacf5",
            "estblYear": "2022",
            "estblDprtnCd": "1U0701",
            "estblSmstrSctnm": "1\ud559\uae30",
            "estblSmstrSctcd": "CMBS001400001",
            "estblGrade": "3",
            "sbjetSctnm": "\uc804\uacf5",
            "sbjetNm": "\uc138\ub77c\ubbf9\uacf5\uc815 \ubc0f \uc2e4\ud5d8",
            "sbjetDvnno": "001",
            "sbjetCd": "AMSE0341",
            "gubun": null,
            "pckgeRqstPssblYn": "Y",
            "pckgeRqstCnt": "18",
            "name": null,
            "rmrk": "\uc0c1\uc8fc\ucea0\ud37c\uc2a4<br>(\ud55c\uad6d\uc5b4+\uc601\uc5b4)<br>",
            "appcrCnt": "24",
            "attlcPrscpCnt": "45",
            "lssnsTimeInfo": "\uc6d4 6A,6B<br/>\uc6d4 7A,7B<br/>\uc6d4 8A,8B<br/>\uc6d4 9A,9B",
            "lssnsRealTimeInfo": "\uc6d4 14:00 ~ 15:00<br/>\uc6d4 15:00 ~ 16:00<br/>\uc6d4 16:00 ~ 17:00<br/>\uc6d4 17:00 ~ 18:00",
            "prctsTime": "2",
            "doPlan": "Kor",
            "thryTime": "2",
            "totalPrfssNm": "\ubc15\uc0c1\uc2dd",
            "mngetEstblYn": "Y",
            "code": null,
            "crdit": "3",
            "expniSllbsYn": "N",
            "bldngSn": null,
            "bldngCd": null,
            "bldngNm": null,
            "lssnsLcttmUntcd": null,
            "sbjetSctcd2": null,
            "rmnmCd": "110",
            "isApi": null,
            "paging": false,
            "rowStatus": "R",
            "pageSort": null
        },
        {
            "rowIndex": 0,
            "success": false,
            "message": null,
            "pageSize": 100,
            "pageNum": 1,
            "lctreMthodNm": "\ub300\uba74",
            "lctrmInfo": "\uc81c2\ud638\uad00",
            "lctreLnggeSctcd": null,
            "crseNo": "AMSE0214-001",
            "estblUnivNm": "\uacfc\ud559\uae30\uc220\ub300\ud559",
            "estblDprtnNm": "\ub098\ub178\uc18c\uc7ac\uacf5\ud559\ubd80 \uc2e0\uc18c\uc7ac\uacf5\ud559\uc804\uacf5",
            "estblYear": "2022",
            "estblDprtnCd": "1U0701",
            "estblSmstrSctnm": "1\ud559\uae30",
            "estblSmstrSctcd": "CMBS001400001",
            "estblGrade": "2",
            "sbjetSctnm": "\uc804\uacf5\ud544\uc218",
            "sbjetNm": "\uacb0\uc815\ud559\uac1c\ub860 \ubc0f \uc2e4\ud5d8",
            "sbjetDvnno": "001",
            "sbjetCd": "AMSE0214",
            "gubun": null,
            "pckgeRqstPssblYn": "Y",
            "pckgeRqstCnt": "17",
            "name": null,
            "rmrk": "\uc0c1\uc8fc\ucea0\ud37c\uc2a4<br>",
            "appcrCnt": "29",
            "attlcPrscpCnt": "45",
            "lssnsTimeInfo": "\uc6d4 6A,6B<br/>\uc6d4 7A,7B<br/>\uc6d4 8A,8B<br/>\uc6d4 9A,9B",
            "lssnsRealTimeInfo": "\uc6d4 14:00 ~ 15:00<br/>\uc6d4 15:00 ~ 16:00<br/>\uc6d4 16:00 ~ 17:00<br/>\uc6d4 17:00 ~ 18:00",
            "prctsTime": "2",
            "doPlan": "Kor",
            "thryTime": "2",
            "totalPrfssNm": "\uc870\ud0dc\uc2dd",
            "mngetEstblYn": "Y",
            "code": null,
            "crdit": "3",
            "expniSllbsYn": "N",
            "bldngSn": null,
            "bldngCd": null,
            "bldngNm": null,
            "lssnsLcttmUntcd": null,
            "sbjetSctcd2": null,
            "rmnmCd": "201",
            "isApi": null,
            "paging": false,
            "rowStatus": "R",
            "pageSort": null
        },
        {
            "rowIndex": 0,
            "success": false,
            "message": null,
            "pageSize": 100,
            "pageNum": 1,
            "lctreMthodNm": "\ub300\uba74",
            "lctrmInfo": "\uc81c2\ud638\uad00",
            "lctreLnggeSctcd": null,
            "crseNo": "AMSE0213-001",
            "estblUnivNm": "\uacfc\ud559\uae30\uc220\ub300\ud559",
            "estblDprtnNm": "\ub098\ub178\uc18c\uc7ac\uacf5\ud559\ubd80 \uc2e0\uc18c\uc7ac\uacf5\ud559\uc804\uacf5",
            "estblYear": "2022",
            "estblDprtnCd": "1U0701",
            "estblSmstrSctnm": "1\ud559\uae30",
            "estblSmstrSctcd": "CMBS001400001",
            "estblGrade": "2",
            "sbjetSctnm": "\uc804\uacf5\ud544\uc218",
            "sbjetNm": "\uc7ac\ub8cc\uacf5\ud559\u2160",
            "sbjetDvnno": "001",
            "sbjetCd": "AMSE0213",
            "gubun": null,
            "pckgeRqstPssblYn": "Y",
            "pckgeRqstCnt": "15",
            "name": null,
            "rmrk": "\uc0c1\uc8fc\ucea0\ud37c\uc2a4<br>",
            "appcrCnt": "23",
            "attlcPrscpCnt": "45",
            "lssnsTimeInfo": "\ubaa9 7A,7B,8A<br/>\uae08 5B,6A,6B",
            "lssnsRealTimeInfo": "\ubaa9 15:00 ~ 16:30<br/>\uae08 13:30 ~ 15:00",
            "prctsTime": "0",
            "doPlan": "Kor",
            "thryTime": "3",
            "totalPrfssNm": "\ub178\uc885\uc6b1",
            "mngetEstblYn": "Y",
            "code": null,
            "crdit": "3",
            "expniSllbsYn": "N",
            "bldngSn": null,
            "bldngCd": null,
            "bldngNm": null,
            "lssnsLcttmUntcd": null,
            "sbjetSctcd2": null,
            "rmnmCd": "110",
            "isApi": null,
            "paging": false,
            "rowStatus": "R",
            "pageSort": null
        },
        {
            "rowIndex": 0,
            "success": false,
            "message": null,
            "pageSize": 100,
            "pageNum": 1,
            "lctreMthodNm": "\ub300\uba74",
            "lctrmInfo": "\uc81c3\ud638\uad00",
            "lctreLnggeSctcd": null,
            "crseNo": "AMSE0226-001",
            "estblUnivNm": "\uacfc\ud559\uae30\uc220\ub300\ud559",
            "estblDprtnNm": "\ub098\ub178\uc18c\uc7ac\uacf5\ud559\ubd80 \uc2e0\uc18c\uc7ac\uacf5\ud559\uc804\uacf5",
            "estblYear": "2022",
            "estblDprtnCd": "1U0701",
            "estblSmstrSctnm": "1\ud559\uae30",
            "estblSmstrSctcd": "CMBS001400001",
            "estblGrade": "3",
            "sbjetSctnm": "\uc804\uacf5",
            "sbjetNm": "\uc7ac\ub8cc\uac00\uacf5\ud559",
            "sbjetDvnno": "001",
            "sbjetCd": "AMSE0226",
            "gubun": null,
            "pckgeRqstPssblYn": "Y",
            "pckgeRqstCnt": "19",
            "name": null,
            "rmrk": "\uc0c1\uc8fc\ucea0\ud37c\uc2a4<br>",
            "appcrCnt": "28",
            "attlcPrscpCnt": "45",
            "lssnsTimeInfo": "\uae08 6A,6B<br/>\uae08 7A,7B<br/>\uae08 8A,8B",
            "lssnsRealTimeInfo": "\uae08 14:00 ~ 15:00<br/>\uae08 15:00 ~ 16:00<br/>\uae08 16:00 ~ 17:00",
            "prctsTime": "0",
            "doPlan": "Kor",
            "thryTime": "3",
            "totalPrfssNm": "\uae40\uc9c0\uc218",
            "mngetEstblYn": "Y",
            "code": null,
            "crdit": "3",
            "expniSllbsYn": "N",
            "bldngSn": null,
            "bldngCd": null,
            "bldngNm": null,
            "lssnsLcttmUntcd": null,
            "sbjetSctcd2": null,
            "rmnmCd": "304",
            "isApi": null,
            "paging": false,
            "rowStatus": "R",
            "pageSort": null
        },
        {
            "rowIndex": 0,
            "success": false,
            "message": null,
            "pageSize": 100,
            "pageNum": 1,
            "lctreMthodNm": "\ub300\uba74",
            "lctrmInfo": "\uc81c3\ud638\uad00",
            "lctreLnggeSctcd": null,
            "crseNo": "AMSE0231-001",
            "estblUnivNm": "\uacfc\ud559\uae30\uc220\ub300\ud559",
            "estblDprtnNm": "\ub098\ub178\uc18c\uc7ac\uacf5\ud559\ubd80 \uc2e0\uc18c\uc7ac\uacf5\ud559\uc804\uacf5",
            "estblYear": "2022",
            "estblDprtnCd": "1U0701",
            "estblSmstrSctnm": "1\ud559\uae30",
            "estblSmstrSctcd": "CMBS001400001",
            "estblGrade": "2",
            "sbjetSctnm": "\uc804\uacf5",
            "sbjetNm": "\uc804\uae30\ud654\ud559\uac1c\ub860",
            "sbjetDvnno": "001",
            "sbjetCd": "AMSE0231",
            "gubun": null,
            "pckgeRqstPssblYn": "Y",
            "pckgeRqstCnt": "13",
            "name": null,
            "rmrk": "\uc0c1\uc8fc\ucea0\ud37c\uc2a4<br>",
            "appcrCnt": "27",
            "attlcPrscpCnt": "45",
            "lssnsTimeInfo": "\uc6d4 2B,3A,3B<br/>\ud654 5B,6A,6B",
            "lssnsRealTimeInfo": "\uc6d4 10:30 ~ 12:00<br/>\ud654 13:30 ~ 15:00",
            "prctsTime": "0",
            "doPlan": "Kor",
            "thryTime": "3",
            "totalPrfssNm": "\ucd5c\uba85\uc2dd",
            "mngetEstblYn": "Y",
            "code": null,
            "crdit": "3",
            "expniSllbsYn": "N",
            "bldngSn": null,
            "bldngCd": null,
            "bldngNm": null,
            "lssnsLcttmUntcd": null,
            "sbjetSctcd2": null,
            "rmnmCd": "304",
            "isApi": null,
            "paging": false,
            "rowStatus": "R",
            "pageSort": null
        },
        {
            "rowIndex": 0,
            "success": false,
            "message": null,
            "pageSize": 100,
            "pageNum": 1,
            "lctreMthodNm": "\ub300\uba74",
            "lctrmInfo": "\uc81c3\ud638\uad00",
            "lctreLnggeSctcd": null,
            "crseNo": "AMSE0423-001",
            "estblUnivNm": "\uacfc\ud559\uae30\uc220\ub300\ud559",
            "estblDprtnNm": "\ub098\ub178\uc18c\uc7ac\uacf5\ud559\ubd80 \uc2e0\uc18c\uc7ac\uacf5\ud559\uc804\uacf5",
            "estblYear": "2022",
            "estblDprtnCd": "1U0701",
            "estblSmstrSctnm": "1\ud559\uae30",
            "estblSmstrSctcd": "CMBS001400001",
            "estblGrade": "4",
            "sbjetSctnm": "\uc804\uacf5",
            "sbjetNm": "\ucca0\uac15\uc2e0\uc18c\uc7ac",
            "sbjetDvnno": "001",
            "sbjetCd": "AMSE0423",
            "gubun": null,
            "pckgeRqstPssblYn": "Y",
            "pckgeRqstCnt": "23",
            "name": null,
            "rmrk": "\uc0c1\uc8fc\ucea0\ud37c\uc2a4<br>",
            "appcrCnt": "27",
            "attlcPrscpCnt": "40",
            "lssnsTimeInfo": "\ubaa9 2A,2B<br/>\ubaa9 3A,3B<br/>\ubaa9 4A,4B",
            "lssnsRealTimeInfo": "\ubaa9 10:00 ~ 11:00<br/>\ubaa9 11:00 ~ 12:00<br/>\ubaa9 12:00 ~ 13:00",
            "prctsTime": "0",
            "doPlan": "Kor",
            "thryTime": "3",
            "totalPrfssNm": "\uae40\ud601\uc885",
            "mngetEstblYn": "Y",
            "code": null,
            "crdit": "3",
            "expniSllbsYn": "N",
            "bldngSn": null,
            "bldngCd": null,
            "bldngNm": null,
            "lssnsLcttmUntcd": null,
            "sbjetSctcd2": null,
            "rmnmCd": "304",
            "isApi": null,
            "paging": false,
            "rowStatus": "R",
            "pageSort": null
        }
    ],
    "statusCode": 200
}