{
    "timestamp": "2022-04-28T23:14:14.618",
    "success": true,
    "code": null,
    "msg": null,
    "data": [
        {
            "rowIndex": 0,
            "success": false,
            "message": null,
            "pageSize": 100,
            "pageNum": 1,
            "lctreMthodNm": "\ub300\uba74",
            "lctrmInfo": "\uc81c9\ud638\uad00",
            "lctreLnggeSctcd": null,
            "crseNo": "FOOD0585-001",
            "estblUnivNm": "\uacfc\ud559\uae30\uc220\ub300\ud559",
            "estblDprtnNm": "\uc2dd\ud488\uc678\uc2dd\uc0b0\uc5c5\ud559\uacfc",
            "estblYear": "2022",
            "estblDprtnCd": "1U08",
            "estblSmstrSctnm": "1\ud559\uae30",
            "estblSmstrSctcd": "CMBS001400001",
            "estblGrade": "3",
            "sbjetSctnm": "\uc804\uacf5",
            "sbjetNm": "\uc2dd\ud488\uc0dd\ubb3c\uacf5\ud559",
            "sbjetDvnno": "001",
            "sbjetCd": "FOOD0585",
            "gubun": null,
            "pckgeRqstPssblYn": "Y",
            "pckgeRqstCnt": "39",
            "name": null,
            "rmrk": "\uc0c1\uc8fc\ucea0\ud37c\uc2a4<br>(\uc601\uc5b4)<br>",
            "appcrCnt": "39",
            "attlcPrscpCnt": "50",
            "lssnsTimeInfo": "\ud654 1A,1B,2A<br/>\ubaa9 2B,3A,3B",
            "lssnsRealTimeInfo": "\ud654 09:00 ~ 10:30<br/>\ubaa9 10:30 ~ 12:00",
            "prctsTime": "0",
            "doPlan": "Eng",
            "thryTime": "3",
            "totalPrfssNm": "\ucd5c\ucc2c\uc775",
            "mngetEstblYn": "Y",
            "code": null,
            "crdit": "3",
            "expniSllbsYn": "N",
            "bldngSn": null,
            "bldngCd": null,
            "bldngNm": null,
            "lssnsLcttmUntcd": null,
            "sbjetSctcd2": null,
            "rmnmCd": "106",
            "isApi": null,
            "paging": false,
            "rowStatus": "R",
            "pageSort": null
        },
        {
            "rowIndex": 0,
            "success": false,
            "message": null,
            "pageSize": 100,
            "pageNum": 1,
            "lctreMthodNm": "\ub300\uba74",
            "lctrmInfo": "\uc81c9\ud638\uad00",
            "lctreLnggeSctcd": null,
            "crseNo": "TCHR0447-001",
            "estblUnivNm": "\uacfc\ud559\uae30\uc220\ub300\ud559",
            "estblDprtnNm": "\uc2dd\ud488\uc678\uc2dd\uc0b0\uc5c5\ud559\uacfc",
            "estblYear": "2022",
            "estblDprtnCd": "1U08",
            "estblSmstrSctnm": "1\ud559\uae30",
            "estblSmstrSctcd": "CMBS001400001",
            "estblGrade": "3",
            "sbjetSctnm": "\uad50\uc9c1",
            "sbjetNm": "\uc870\ub9ac\uad50\uc721\ub860",
            "sbjetDvnno": "001",
            "sbjetCd": "TCHR0447",
            "gubun": null,
            "pckgeRqstPssblYn": "Y",
            "pckgeRqstCnt": "5",
            "name": null,
            "rmrk": "\uc0c1\uc8fc\ucea0\ud37c\uc2a4<br>",
            "appcrCnt": "5",
            "attlcPrscpCnt": "10",
            "lssnsTimeInfo": "\uc6d4 7A,7B<br/>\uc6d4 8A,8B<br/>\uc6d4 9A,9B",
            "lssnsRealTimeInfo": "\uc6d4 15:00 ~ 16:00<br/>\uc6d4 16:00 ~ 17:00<br/>\uc6d4 17:00 ~ 18:00",
            "prctsTime": "0",
            "doPlan": "Kor",
            "thryTime": "3",
            "totalPrfssNm": "\uc774\uc9c0\uc740",
            "mngetEstblYn": "Y",
            "code": null,
            "crdit": "3",
            "expniSllbsYn": "N",
            "bldngSn": null,
            "bldngCd": null,
            "bldngNm": null,
            "lssnsLcttmUntcd": null,
            "sbjetSctcd2": null,
            "rmnmCd": "110",
            "isApi": null,
            "paging": false,
            "rowStatus": "R",
            "pageSort": null
        },
        {
            "rowIndex": 0,
            "success": false,
            "message": null,
            "pageSize": 100,
            "pageNum": 1,
            "lctreMthodNm": "\ub300\uba74",
            "lctrmInfo": "\uc81c9\ud638\uad00",
            "lctreLnggeSctcd": null,
            "crseNo": "CLTR0094-004",
            "estblUnivNm": "\uacfc\ud559\uae30\uc220\ub300\ud559",
            "estblDprtnNm": "\uc2dd\ud488\uc678\uc2dd\uc0b0\uc5c5\ud559\uacfc",
            "estblYear": "2022",
            "estblDprtnCd": "1U08",
            "estblSmstrSctnm": "1\ud559\uae30",
            "estblSmstrSctcd": "CMBS001400001",
            "estblGrade": "1",
            "sbjetSctnm": "\uad50\uc591",
            "sbjetNm": "\ubb38\ud654\uc778\ub958\ud559\uc758\uc774\ud574",
            "sbjetDvnno": "004",
            "sbjetCd": "CLTR0094",
            "gubun": null,
            "pckgeRqstPssblYn": "N",
            "pckgeRqstCnt": "0",
            "name": null,
            "rmrk": "\uc0c1\uc8fc\ucea0\ud37c\uc2a4<br><b>\uc778\ubb38\uad50\uc591</b><br>",
            "appcrCnt": "60",
            "attlcPrscpCnt": "60",
            "lssnsTimeInfo": "\uc6d4 1A,1B,2A<br/>\uc218 2B,3A,3B",
            "lssnsRealTimeInfo": "\uc6d4 09:00 ~ 10:30<br/>\uc218 10:30 ~ 12:00",
            "prctsTime": "0",
            "doPlan": "Kor",
            "thryTime": "3",
            "totalPrfssNm": "\uc815\uc720\uc9c4",
            "mngetEstblYn": "Y",
            "code": null,
            "crdit": "3",
            "expniSllbsYn": "N",
            "bldngSn": null,
            "bldngCd": null,
            "bldngNm": null,
            "lssnsLcttmUntcd": null,
            "sbjetSctcd2": null,
            "rmnmCd": "106",
            "isApi": null,
            "paging": false,
            "rowStatus": "R",
            "pageSort": null
        },
        {
            "rowIndex": 0,
            "success": false,
            "message": null,
            "pageSize": 100,
            "pageNum": 1,
            "lctreMthodNm": "\ub300\uba74",
            "lctrmInfo": "\uc81c9\ud638\uad00",
            "lctreLnggeSctcd": null,
            "crseNo": "FOOD0328-002",
            "estblUnivNm": "\uacfc\ud559\uae30\uc220\ub300\ud559",
            "estblDprtnNm": "\uc2dd\ud488\uc678\uc2dd\uc0b0\uc5c5\ud559\uacfc",
            "estblYear": "2022",
            "estblDprtnCd": "1U08",
            "estblSmstrSctnm": "1\ud559\uae30",
            "estblSmstrSctcd": "CMBS001400001",
            "estblGrade": "2",
            "sbjetSctnm": "\uc804\uacf5",
            "sbjetNm": "\uc2dd\ud488\uac00\uacf5\ud559",
            "sbjetDvnno": "002",
            "sbjetCd": "FOOD0328",
            "gubun": null,
            "pckgeRqstPssblYn": "Y",
            "pckgeRqstCnt": "33",
            "name": null,
            "rmrk": "\uc0c1\uc8fc\ucea0\ud37c\uc2a4<br>",
            "appcrCnt": "43",
            "attlcPrscpCnt": "50",
            "lssnsTimeInfo": "\ud654 1A,1B,2A<br/>\ubaa9 2B,3A,3B",
            "lssnsRealTimeInfo": "\ud654 09:00 ~ 10:30<br/>\ubaa9 10:30 ~ 12:00",
            "prctsTime": "0",
            "doPlan": "Kor",
            "thryTime": "3",
            "totalPrfssNm": "\uae40\uc885\uad6d",
            "mngetEstblYn": "Y",
            "code": null,
            "crdit": "3",
            "expniSllbsYn": "Y",
            "bldngSn": null,
            "bldngCd": null,
            "bldngNm": null,
            "lssnsLcttmUntcd": null,
            "sbjetSctcd2": null,
            "rmnmCd": "102",
            "isApi": null,
            "paging": false,
            "rowStatus": "R",
            "pageSort": null
        },
        {
            "rowIndex": 0,
            "success": false,
            "message": null,
            "pageSize": 100,
            "pageNum": 1,
            "lctreMthodNm": "\ub300\uba74",
            "lctrmInfo": "\ub3c4\uc11c\uad00 \ubc0f 10\ud638\uad00",
            "lctreLnggeSctcd": null,
            "crseNo": "CLTR0024-004",
            "estblUnivNm": "\uacfc\ud559\uae30\uc220\ub300\ud559",
            "estblDprtnNm": "\uc2dd\ud488\uc678\uc2dd\uc0b0\uc5c5\ud559\uacfc",
            "estblYear": "2022",
            "estblDprtnCd": "1U08",
            "estblSmstrSctnm": "1\ud559\uae30",
            "estblSmstrSctcd": "CMBS001400001",
            "estblGrade": "*",
            "sbjetSctnm": "\uad50\uc591",
            "sbjetNm": "\ub3c5\uc77c\uc5b41",
            "sbjetDvnno": "004",
            "sbjetCd": "CLTR0024",
            "gubun": null,
            "pckgeRqstPssblYn": "Y",
            "pckgeRqstCnt": "27",
            "name": null,
            "rmrk": "\uc804\ud559\ub144\uc120\ud0dd<br>\uc0c1\uc8fc\ucea0\ud37c\uc2a4<br><b>\uc778\ubb38\uad50\uc591</b><br>",
            "appcrCnt": "49",
            "attlcPrscpCnt": "50",
            "lssnsTimeInfo": "\ud654 5B,6A,6B<br/>\ubaa9 5B,6A,6B",
            "lssnsRealTimeInfo": "\ud654 13:30 ~ 15:00<br/>\ubaa9 13:30 ~ 15:00",
            "prctsTime": "0",
            "doPlan": "Kor",
            "thryTime": "3",
            "totalPrfssNm": "\uae40\uc131\ud76c",
            "mngetEstblYn": "Y",
            "code": null,
            "crdit": "3",
            "expniSllbsYn": "N",
            "bldngSn": null,
            "bldngCd": null,
            "bldngNm": null,
            "lssnsLcttmUntcd": null,
            "sbjetSctcd2": null,
            "rmnmCd": "308",
            "isApi": null,
            "paging": false,
            "rowStatus": "R",
            "pageSort": null
        },
        {
            "rowIndex": 0,
            "success": false,
            "message": null,
            "pageSize": 100,
            "pageNum": 1,
            "lctreMthodNm": "\ub300\uba74",
            "lctrmInfo": "\uc81c9\ud638\uad00",
            "lctreLnggeSctcd": null,
            "crseNo": "CLTR0085-011",
            "estblUnivNm": "\uacfc\ud559\uae30\uc220\ub300\ud559",
            "estblDprtnNm": "\uc2dd\ud488\uc678\uc2dd\uc0b0\uc5c5\ud559\uacfc",
            "estblYear": "2022",
            "estblDprtnCd": "1U08",
            "estblSmstrSctnm": "1\ud559\uae30",
            "estblSmstrSctcd": "CMBS001400001",
            "estblGrade": "*",
            "sbjetSctnm": "\uad50\uc591",
            "sbjetNm": "\uacbd\uc601\uc758\uc774\ud574",
            "sbjetDvnno": "011",
            "sbjetCd": "CLTR0085",
            "gubun": null,
            "pckgeRqstPssblYn": "Y",
            "pckgeRqstCnt": "32",
            "name": null,
            "rmrk": "\uc804\ud559\ub144\uc120\ud0dd<br>\uc0c1\uc8fc\ucea0\ud37c\uc2a4<br>",
            "appcrCnt": "56",
            "attlcPrscpCnt": "60",
            "lssnsTimeInfo": "\ud654 5B,6A,6B<br/>\ubaa9 5B,6A,6B",
            "lssnsRealTimeInfo": "\ud654 13:30 ~ 15:00<br/>\ubaa9 13:30 ~ 15:00",
            "prctsTime": "0",
            "doPlan": "Kor",
            "thryTime": "3",
            "totalPrfssNm": "\ub0a8\uc7a5\ud604",
            "mngetEstblYn": "Y",
            "code": null,
            "crdit": "3",
            "expniSllbsYn": "N",
            "bldngSn": null,
            "bldngCd": null,
            "bldngNm": null,
            "lssnsLcttmUntcd": null,
            "sbjetSctcd2": null,
            "rmnmCd": "103",
            "isApi": null,
            "paging": false,
            "rowStatus": "R",
            "pageSort": null
        },
        {
            "rowIndex": 0,
            "success": false,
            "message": null,
            "pageSize": 100,
            "pageNum": 1,
            "lctreMthodNm": "\ub300\uba74",
            "lctrmInfo": "\uc81c9\ud638\uad00",
            "lctreLnggeSctcd": null,
            "crseNo": "CLTR0622-001",
            "estblUnivNm": "\uacfc\ud559\uae30\uc220\ub300\ud559",
            "estblDprtnNm": "\uc2dd\ud488\uc678\uc2dd\uc0b0\uc5c5\ud559\uacfc",
            "estblYear": "2022",
            "estblDprtnCd": "1U08",
            "estblSmstrSctnm": "1\ud559\uae30",
            "estblSmstrSctcd": "CMBS001400001",
            "estblGrade": "*",
            "sbjetSctnm": "\uad50\uc591",
            "sbjetNm": "\uc74c\uc2dd\ubb38\ud654\uc640 \uac74\uac15",
            "sbjetDvnno": "001",
            "sbjetCd": "CLTR0622",
            "gubun": null,
            "pckgeRqstPssblYn": "Y",
            "pckgeRqstCnt": "14",
            "name": null,
            "rmrk": "\uc804\ud559\ub144\uc120\ud0dd<br>\uc0c1\uc8fc\ucea0\ud37c\uc2a4<br>",
            "appcrCnt": "28",
            "attlcPrscpCnt": "60",
            "lssnsTimeInfo": "\ud654 8B,9A,9B<br/>\ubaa9 8B,9A,9B",
            "lssnsRealTimeInfo": "\ud654 16:30 ~ 18:00<br/>\ubaa9 16:30 ~ 18:00",
            "prctsTime": "0",
            "doPlan": "Kor",
            "thryTime": "3",
            "totalPrfssNm": "\ubc15\ubaa8\ub77c",
            "mngetEstblYn": "Y",
            "code": null,
            "crdit": "3",
            "expniSllbsYn": "N",
            "bldngSn": null,
            "bldngCd": null,
            "bldngNm": null,
            "lssnsLcttmUntcd": null,
            "sbjetSctcd2": null,
            "rmnmCd": "101",
            "isApi": null,
            "paging": false,
            "rowStatus": "R",
            "pageSort": null
        },
        {
            "rowIndex": 0,
            "success": false,
            "message": null,
            "pageSize": 100,
            "pageNum": 1,
            "lctreMthodNm": "\ub300\uba74",
            "lctrmInfo": "\uc81c9\ud638\uad00",
            "lctreLnggeSctcd": null,
            "crseNo": "CLTR0246-021",
            "estblUnivNm": "\uacfc\ud559\uae30\uc220\ub300\ud559",
            "estblDprtnNm": "\uc2dd\ud488\uc678\uc2dd\uc0b0\uc5c5\ud559\uacfc",
            "estblYear": "2022",
            "estblDprtnCd": "1U08",
            "estblSmstrSctnm": "1\ud559\uae30",
            "estblSmstrSctcd": "CMBS001400001",
            "estblGrade": "1",
            "sbjetSctnm": "\uad50\uc591",
            "sbjetNm": "\uc77c\ubc18\uc0dd\uba85\uacfc\ud559\u2160",
            "sbjetDvnno": "021",
            "sbjetCd": "CLTR0246",
            "gubun": null,
            "pckgeRqstPssblYn": "N",
            "pckgeRqstCnt": "0",
            "name": null,
            "rmrk": "\uc0c1\uc8fc\ucea0\ud37c\uc2a4<br>",
            "appcrCnt": "53",
            "attlcPrscpCnt": "60",
            "lssnsTimeInfo": "\uc6d4 8B,9A,9B<br/>\uc218 7A,7B,8A",
            "lssnsRealTimeInfo": "\uc6d4 16:30 ~ 18:00<br/>\uc218 15:00 ~ 16:30",
            "prctsTime": "0",
            "doPlan": "Kor",
            "thryTime": "3",
            "totalPrfssNm": "\ucd5c\ucc2c\uc775",
            "mngetEstblYn": "Y",
            "code": null,
            "crdit": "3",
            "expniSllbsYn": "N",
            "bldngSn": null,
            "bldngCd": null,
            "bldngNm": null,
            "lssnsLcttmUntcd": null,
            "sbjetSctcd2": null,
            "rmnmCd": "101",
            "isApi": null,
            "paging": false,
            "rowStatus": "R",
            "pageSort": null
        },
        {
            "rowIndex": 0,
            "success": false,
            "message": null,
            "pageSize": 100,
            "pageNum": 1,
            "lctreMthodNm": "\ub300\uba74",
            "lctrmInfo": "\uc81c9\ud638\uad00",
            "lctreLnggeSctcd": null,
            "crseNo": "FOSE0323-001",
            "estblUnivNm": "\uacfc\ud559\uae30\uc220\ub300\ud559",
            "estblDprtnNm": "\uc2dd\ud488\uc678\uc2dd\uc0b0\uc5c5\ud559\uacfc",
            "estblYear": "2022",
            "estblDprtnCd": "1U08",
            "estblSmstrSctnm": "1\ud559\uae30",
            "estblSmstrSctcd": "CMBS001400001",
            "estblGrade": "2",
            "sbjetSctnm": "\uc804\uacf5",
            "sbjetNm": "\uc2dd\uc74c\ub8cc\uad00\ub9ac \ubc0f \uc2e4\uc2b5",
            "sbjetDvnno": "001",
            "sbjetCd": "FOSE0323",
            "gubun": null,
            "pckgeRqstPssblYn": "Y",
            "pckgeRqstCnt": "26",
            "name": null,
            "rmrk": "\uc0c1\uc8fc\ucea0\ud37c\uc2a4<br>",
            "appcrCnt": "25",
            "attlcPrscpCnt": "26",
            "lssnsTimeInfo": "\uc218 1A,1B<br/>\uc218 2A,2B<br/>\uc218 3A,3B<br/>\uc218 4A,4B",
            "lssnsRealTimeInfo": "\uc218 09:00 ~ 10:00<br/>\uc218 10:00 ~ 11:00<br/>\uc218 11:00 ~ 12:00<br/>\uc218 12:00 ~ 13:00",
            "prctsTime": "2",
            "doPlan": "Kor",
            "thryTime": "2",
            "totalPrfssNm": "\uc784\uc0c1\ud6a8",
            "mngetEstblYn": "Y",
            "code": null,
            "crdit": "3",
            "expniSllbsYn": "N",
            "bldngSn": null,
            "bldngCd": null,
            "bldngNm": null,
            "lssnsLcttmUntcd": null,
            "sbjetSctcd2": null,
            "rmnmCd": "218",
            "isApi": null,
            "paging": false,
            "rowStatus": "R",
            "pageSort": null
        },
        {
            "rowIndex": 0,
            "success": false,
            "message": null,
            "pageSize": 100,
            "pageNum": 1,
            "lctreMthodNm": "\ub300\uba74",
            "lctrmInfo": "\uc81c9\ud638\uad00",
            "lctreLnggeSctcd": null,
            "crseNo": "FSNU0428-002",
            "estblUnivNm": "\uacfc\ud559\uae30\uc220\ub300\ud559",
            "estblDprtnNm": "\uc2dd\ud488\uc678\uc2dd\uc0b0\uc5c5\ud559\uacfc",
            "estblYear": "2022",
            "estblDprtnCd": "1U08",
            "estblSmstrSctnm": "1\ud559\uae30",
            "estblSmstrSctcd": "CMBS001400001",
            "estblGrade": "1",
            "sbjetSctnm": "\uc804\uacf5",
            "sbjetNm": "\uc870\ub9ac\uc6d0\ub9ac",
            "sbjetDvnno": "002",
            "sbjetCd": "FSNU0428",
            "gubun": null,
            "pckgeRqstPssblYn": "N",
            "pckgeRqstCnt": "0",
            "name": null,
            "rmrk": "\uc0c1\uc8fc\ucea0\ud37c\uc2a4<br>",
            "appcrCnt": "66",
            "attlcPrscpCnt": "70",
            "lssnsTimeInfo": "\ud654 7A,7B,8A<br/>\ubaa9 7A,7B,8A",
            "lssnsRealTimeInfo": "\ud654 15:00 ~ 16:30<br/>\ubaa9 15:00 ~ 16:30",
            "prctsTime": "0",
            "doPlan": "Kor",
            "thryTime": "3",
            "totalPrfssNm": "\uc774\uc9c0\uc740",
            "mngetEstblYn": "Y",
            "code": null,
            "crdit": "3",
            "expniSllbsYn": "N",
            "bldngSn": null,
            "bldngCd": null,
            "bldngNm": null,
            "lssnsLcttmUntcd": null,
            "sbjetSctcd2": null,
            "rmnmCd": "101",
            "isApi": null,
            "paging": false,
            "rowStatus": "R",
            "pageSort": null
        },
        {
            "rowIndex": 0,
            "success": false,
            "message": null,
            "pageSize": 100,
            "pageNum": 1,
            "lctreMthodNm": "\ub300\uba74",
            "lctrmInfo": "\uc81c9\ud638\uad00",
            "lctreLnggeSctcd": null,
            "crseNo": "BIOF0303-002",
            "estblUnivNm": "\uacfc\ud559\uae30\uc220\ub300\ud559",
            "estblDprtnNm": "\uc2dd\ud488\uc678\uc2dd\uc0b0\uc5c5\ud559\uacfc",
            "estblYear": "2022",
            "estblDprtnCd": "1U08",
            "estblSmstrSctnm": "1\ud559\uae30",
            "estblSmstrSctcd": "CMBS001400001",
            "estblGrade": "2",
            "sbjetSctnm": "\uc804\uacf5",
            "sbjetNm": "\uc2dd\ud488\ubbf8\uc0dd\ubb3c\ud559 \ubc0f \uc2e4\ud5d8",
            "sbjetDvnno": "002",
            "sbjetCd": "BIOF0303",
            "gubun": null,
            "pckgeRqstPssblYn": "Y",
            "pckgeRqstCnt": "27",
            "name": null,
            "rmrk": "\uc0c1\uc8fc\ucea0\ud37c\uc2a4<br>(\uc601\uc5b4)<br>",
            "appcrCnt": "20",
            "attlcPrscpCnt": "20",
            "lssnsTimeInfo": "\ud654 6A,6B<br/>\ud654 7A,7B<br/>\ud654 8A,8B<br/>\ud654 9A,9B",
            "lssnsRealTimeInfo": "\ud654 14:00 ~ 15:00<br/>\ud654 15:00 ~ 16:00<br/>\ud654 16:00 ~ 17:00<br/>\ud654 17:00 ~ 18:00",
            "prctsTime": "2",
            "doPlan": "Eng",
            "thryTime": "2",
            "totalPrfssNm": "\ucd5c\ucc2c\uc775",
            "mngetEstblYn": "Y",
            "code": null,
            "crdit": "3",
            "expniSllbsYn": "N",
            "bldngSn": null,
            "bldngCd": null,
            "bldngNm": null,
            "lssnsLcttmUntcd": null,
            "sbjetSctcd2": null,
            "rmnmCd": "105214",
            "isApi": null,
            "paging": false,
            "rowStatus": "R",
            "pageSort": null
        },
        {
            "rowIndex": 0,
            "success": false,
            "message": null,
            "pageSize": 100,
            "pageNum": 1,
            "lctreMthodNm": "\ub300\uba74",
            "lctrmInfo": "\uc81c9\ud638\uad00",
            "lctreLnggeSctcd": null,
            "crseNo": "FOSE0220-001",
            "estblUnivNm": "\uacfc\ud559\uae30\uc220\ub300\ud559",
            "estblDprtnNm": "\uc2dd\ud488\uc678\uc2dd\uc0b0\uc5c5\ud559\uacfc",
            "estblYear": "2022",
            "estblDprtnCd": "1U08",
            "estblSmstrSctnm": "1\ud559\uae30",
            "estblSmstrSctcd": "CMBS001400001",
            "estblGrade": "1",
            "sbjetSctnm": "\uc804\uacf5",
            "sbjetNm": "\uc2dd\ud488\uae30\ucd08\ud654\ud559",
            "sbjetDvnno": "001",
            "sbjetCd": "FOSE0220",
            "gubun": null,
            "pckgeRqstPssblYn": "N",
            "pckgeRqstCnt": "0",
            "name": null,
            "rmrk": "\uc0c1\uc8fc\ucea0\ud37c\uc2a4<br>",
            "appcrCnt": "64",
            "attlcPrscpCnt": "70",
            "lssnsTimeInfo": "\ud654 1A,1B,2A<br/>\ubaa9 2B,3A,3B",
            "lssnsRealTimeInfo": "\ud654 09:00 ~ 10:30<br/>\ubaa9 10:30 ~ 12:00",
            "prctsTime": "0",
            "doPlan": "Kor",
            "thryTime": "3",
            "totalPrfssNm": "\uc815\ub450\uc5f0",
            "mngetEstblYn": "Y",
            "code": null,
            "crdit": "3",
            "expniSllbsYn": "N",
            "bldngSn": null,
            "bldngCd": null,
            "bldngNm": null,
            "lssnsLcttmUntcd": null,
            "sbjetSctcd2": null,
            "rmnmCd": "101",
            "isApi": null,
            "paging": false,
            "rowStatus": "R",
            "pageSort": null
        },
        {
            "rowIndex": 0,
            "success": false,
            "message": null,
            "pageSize": 100,
            "pageNum": 1,
            "lctreMthodNm": "\ub300\uba74",
            "lctrmInfo": "\uc81c9\ud638\uad00",
            "lctreLnggeSctcd": null,
            "crseNo": "FOSE0316-001",
            "estblUnivNm": "\uacfc\ud559\uae30\uc220\ub300\ud559",
            "estblDprtnNm": "\uc2dd\ud488\uc678\uc2dd\uc0b0\uc5c5\ud559\uacfc",
            "estblYear": "2022",
            "estblDprtnCd": "1U08",
            "estblSmstrSctnm": "1\ud559\uae30",
            "estblSmstrSctcd": "CMBS001400001",
            "estblGrade": "3",
            "sbjetSctnm": "\uc804\uacf5",
            "sbjetNm": "\uac74\uac15\uae30\ub2a5\uc131\uc2dd\ud488\ud559",
            "sbjetDvnno": "001",
            "sbjetCd": "FOSE0316",
            "gubun": null,
            "pckgeRqstPssblYn": "Y",
            "pckgeRqstCnt": "34",
            "name": null,
            "rmrk": "\uc0c1\uc8fc\ucea0\ud37c\uc2a4<br>",
            "appcrCnt": "36",
            "attlcPrscpCnt": "50",
            "lssnsTimeInfo": "\ud654 7A,7B,8A<br/>\ubaa9 7A,7B,8A",
            "lssnsRealTimeInfo": "\ud654 15:00 ~ 16:30<br/>\ubaa9 15:00 ~ 16:30",
            "prctsTime": "0",
            "doPlan": "Kor",
            "thryTime": "3",
            "totalPrfssNm": "\uae40\uc885\uad6d",
            "mngetEstblYn": "Y",
            "code": null,
            "crdit": "3",
            "expniSllbsYn": "N",
            "bldngSn": null,
            "bldngCd": null,
            "bldngNm": null,
            "lssnsLcttmUntcd": null,
            "sbjetSctcd2": null,
            "rmnmCd": "109",
            "isApi": null,
            "paging": false,
            "rowStatus": "R",
            "pageSort": null
        },
        {
            "rowIndex": 0,
            "success": false,
            "message": null,
            "pageSize": 100,
            "pageNum": 1,
            "lctreMthodNm": "\ub300\uba74",
            "lctrmInfo": "\uc81c9\ud638\uad00",
            "lctreLnggeSctcd": null,
            "crseNo": "FOSE0323-002",
            "estblUnivNm": "\uacfc\ud559\uae30\uc220\ub300\ud559",
            "estblDprtnNm": "\uc2dd\ud488\uc678\uc2dd\uc0b0\uc5c5\ud559\uacfc",
            "estblYear": "2022",
            "estblDprtnCd": "1U08",
            "estblSmstrSctnm": "1\ud559\uae30",
            "estblSmstrSctcd": "CMBS001400001",
            "estblGrade": "2",
            "sbjetSctnm": "\uc804\uacf5",
            "sbjetNm": "\uc2dd\uc74c\ub8cc\uad00\ub9ac \ubc0f \uc2e4\uc2b5",
            "sbjetDvnno": "002",
            "sbjetCd": "FOSE0323",
            "gubun": null,
            "pckgeRqstPssblYn": "Y",
            "pckgeRqstCnt": "29",
            "name": null,
            "rmrk": "\uc0c1\uc8fc\ucea0\ud37c\uc2a4<br>",
            "appcrCnt": "28",
            "attlcPrscpCnt": "29",
            "lssnsTimeInfo": "\uc218 6A,6B<br/>\uc218 7A,7B<br/>\uc218 8A,8B<br/>\uc218 9A,9B",
            "lssnsRealTimeInfo": "\uc218 14:00 ~ 15:00<br/>\uc218 15:00 ~ 16:00<br/>\uc218 16:00 ~ 17:00<br/>\uc218 17:00 ~ 18:00",
            "prctsTime": "2",
            "doPlan": "Kor",
            "thryTime": "2",
            "totalPrfssNm": "\uc784\uc0c1\ud6a8",
            "mngetEstblYn": "Y",
            "code": null,
            "crdit": "3",
            "expniSllbsYn": "N",
            "bldngSn": null,
            "bldngCd": null,
            "bldngNm": null,
            "lssnsLcttmUntcd": null,
            "sbjetSctcd2": null,
            "rmnmCd": "218",
            "isApi": null,
            "paging": false,
            "rowStatus": "R",
            "pageSort": null
        },
        {
            "rowIndex": 0,
            "success": false,
            "message": null,
            "pageSize": 100,
            "pageNum": 1,
            "lctreMthodNm": "\ub300\uba74",
            "lctrmInfo": "\uc81c9\ud638\uad00",
            "lctreLnggeSctcd": null,
            "crseNo": "FOSE0216-001",
            "estblUnivNm": "\uacfc\ud559\uae30\uc220\ub300\ud559",
            "estblDprtnNm": "\uc2dd\ud488\uc678\uc2dd\uc0b0\uc5c5\ud559\uacfc",
            "estblYear": "2022",
            "estblDprtnCd": "1U08",
            "estblSmstrSctnm": "1\ud559\uae30",
            "estblSmstrSctcd": "CMBS001400001",
            "estblGrade": "3",
            "sbjetSctnm": "\uc804\uacf5",
            "sbjetNm": "\ub2e8\uccb4\uae09\uc2dd\uad00\ub9ac",
            "sbjetDvnno": "001",
            "sbjetCd": "FOSE0216",
            "gubun": null,
            "pckgeRqstPssblYn": "Y",
            "pckgeRqstCnt": "32",
            "name": null,
            "rmrk": "\uc0c1\uc8fc\ucea0\ud37c\uc2a4<br>",
            "appcrCnt": "30",
            "attlcPrscpCnt": "50",
            "lssnsTimeInfo": "\ud654 2B,3A,3B<br/>\ubaa9 1A,1B,2A",
            "lssnsRealTimeInfo": "\ud654 10:30 ~ 12:00<br/>\ubaa9 09:00 ~ 10:30",
            "prctsTime": "0",
            "doPlan": "Kor",
            "thryTime": "3",
            "totalPrfssNm": "\ubc15\ubaa8\ub77c",
            "mngetEstblYn": "Y",
            "code": null,
            "crdit": "3",
            "expniSllbsYn": "N",
            "bldngSn": null,
            "bldngCd": null,
            "bldngNm": null,
            "lssnsLcttmUntcd": null,
            "sbjetSctcd2": null,
            "rmnmCd": "102",
            "isApi": null,
            "paging": false,
            "rowStatus": "R",
            "pageSort": null
        },
        {
            "rowIndex": 0,
            "success": false,
            "message": null,
            "pageSize": 100,
            "pageNum": 1,
            "lctreMthodNm": "\ub300\uba74",
            "lctrmInfo": "\uc81c9\ud638\uad00",
            "lctreLnggeSctcd": null,
            "crseNo": "FOSE0326-001",
            "estblUnivNm": "\uacfc\ud559\uae30\uc220\ub300\ud559",
            "estblDprtnNm": "\uc2dd\ud488\uc678\uc2dd\uc0b0\uc5c5\ud559\uacfc",
            "estblYear": "2022",
            "estblDprtnCd": "1U08",
            "estblSmstrSctnm": "1\ud559\uae30",
            "estblSmstrSctcd": "CMBS001400001",
            "estblGrade": "2",
            "sbjetSctnm": "\uc804\uacf5",
            "sbjetNm": "\uc678\uc2dd\uc0b0\uc5c5\ub9c8\ucf00\ud305",
            "sbjetDvnno": "001",
            "sbjetCd": "FOSE0326",
            "gubun": null,
            "pckgeRqstPssblYn": "Y",
            "pckgeRqstCnt": "40",
            "name": null,
            "rmrk": "\uc0c1\uc8fc\ucea0\ud37c\uc2a4<br>(\ud55c\uad6d\uc5b4+\uc601\uc5b4)<br>",
            "appcrCnt": "48",
            "attlcPrscpCnt": "50",
            "lssnsTimeInfo": "\ud654 2B,3A,3B<br/>\ubaa9 1A,1B,2A",
            "lssnsRealTimeInfo": "\ud654 10:30 ~ 12:00<br/>\ubaa9 09:00 ~ 10:30",
            "prctsTime": "0",
            "doPlan": "Kor",
            "thryTime": "3",
            "totalPrfssNm": "\ub0a8\uc7a5\ud604",
            "mngetEstblYn": "Y",
            "code": null,
            "crdit": "3",
            "expniSllbsYn": "N",
            "bldngSn": null,
            "bldngCd": null,
            "bldngNm": null,
            "lssnsLcttmUntcd": null,
            "sbjetSctcd2": null,
            "rmnmCd": "101",
            "isApi": null,
            "paging": false,
            "rowStatus": "R",
            "pageSort": null
        },
        {
            "rowIndex": 0,
            "success": false,
            "message": null,
            "pageSize": 100,
            "pageNum": 1,
            "lctreMthodNm": "\ub300\uba74",
            "lctrmInfo": "\uc81c9\ud638\uad00",
            "lctreLnggeSctcd": null,
            "crseNo": "FSCI0203-001",
            "estblUnivNm": "\uacfc\ud559\uae30\uc220\ub300\ud559",
            "estblDprtnNm": "\uc2dd\ud488\uc678\uc2dd\uc0b0\uc5c5\ud559\uacfc",
            "estblYear": "2022",
            "estblDprtnCd": "1U08",
            "estblSmstrSctnm": "1\ud559\uae30",
            "estblSmstrSctcd": "CMBS001400001",
            "estblGrade": "1",
            "sbjetSctnm": "\uc804\uacf5",
            "sbjetNm": "\uc2dd\uc0dd\ud65c\uacfc\ubb38\ud654",
            "sbjetDvnno": "001",
            "sbjetCd": "FSCI0203",
            "gubun": null,
            "pckgeRqstPssblYn": "N",
            "pckgeRqstCnt": "0",
            "name": null,
            "rmrk": "\uc0c1\uc8fc\ucea0\ud37c\uc2a4<br>",
            "appcrCnt": "61",
            "attlcPrscpCnt": "70",
            "lssnsTimeInfo": "\ud654 5B,6A,6B<br/>\ubaa9 5B,6A,6B",
            "lssnsRealTimeInfo": "\ud654 13:30 ~ 15:00<br/>\ubaa9 13:30 ~ 15:00",
            "prctsTime": "0",
            "doPlan": "Kor",
            "thryTime": "3",
            "totalPrfssNm": "\ubc15\ubaa8\ub77c",
            "mngetEstblYn": "Y",
            "code": null,
            "crdit": "3",
            "expniSllbsYn": "N",
            "bldngSn": null,
            "bldngCd": null,
            "bldngNm": null,
            "lssnsLcttmUntcd": null,
            "sbjetSctcd2": null,
            "rmnmCd": "101",
            "isApi": null,
            "paging": false,
            "rowStatus": "R",
            "pageSort": null
        },
        {
            "rowIndex": 0,
            "success": false,
            "message": null,
            "pageSize": 100,
            "pageNum": 1,
            "lctreMthodNm": "\ub300\uba74",
            "lctrmInfo": "\uc81c9\ud638\uad00",
            "lctreLnggeSctcd": null,
            "crseNo": "TCHR0449-001",
            "estblUnivNm": "\uacfc\ud559\uae30\uc220\ub300\ud559",
            "estblDprtnNm": "\uc2dd\ud488\uc678\uc2dd\uc0b0\uc5c5\ud559\uacfc",
            "estblYear": "2022",
            "estblDprtnCd": "1U08",
            "estblSmstrSctnm": "1\ud559\uae30",
            "estblSmstrSctcd": "CMBS001400001",
            "estblGrade": "4",
            "sbjetSctnm": "\uad50\uc9c1",
            "sbjetNm": "\uc870\ub9ac\ub17c\ub9ac\ubc0f\ub17c\uc220\uc9c0\ub3c4",
            "sbjetDvnno": "001",
            "sbjetCd": "TCHR0449",
            "gubun": null,
            "pckgeRqstPssblYn": "Y",
            "pckgeRqstCnt": "8",
            "name": null,
            "rmrk": "\uc0c1\uc8fc\ucea0\ud37c\uc2a4<br>",
            "appcrCnt": "6",
            "attlcPrscpCnt": "10",
            "lssnsTimeInfo": "\ud654 6A,6B<br/>\ud654 7A,7B<br/>\ud654 8A,8B",
            "lssnsRealTimeInfo": "\ud654 14:00 ~ 15:00<br/>\ud654 15:00 ~ 16:00<br/>\ud654 16:00 ~ 17:00",
            "prctsTime": "0",
            "doPlan": "Kor",
            "thryTime": "3",
            "totalPrfssNm": "\uae40\uadc0\uc601",
            "mngetEstblYn": "Y",
            "code": null,
            "crdit": "3",
            "expniSllbsYn": "N",
            "bldngSn": null,
            "bldngCd": null,
            "bldngNm": null,
            "lssnsLcttmUntcd": null,
            "sbjetSctcd2": null,
            "rmnmCd": "110",
            "isApi": null,
            "paging": false,
            "rowStatus": "R",
            "pageSort": null
        },
        {
            "rowIndex": 0,
            "success": false,
            "message": null,
            "pageSize": 100,
            "pageNum": 1,
            "lctreMthodNm": "\ub300\uba74",
            "lctrmInfo": "\uc81c9\ud638\uad00",
            "lctreLnggeSctcd": null,
            "crseNo": "FOSE0317-001",
            "estblUnivNm": "\uacfc\ud559\uae30\uc220\ub300\ud559",
            "estblDprtnNm": "\uc2dd\ud488\uc678\uc2dd\uc0b0\uc5c5\ud559\uacfc",
            "estblYear": "2022",
            "estblDprtnCd": "1U08",
            "estblSmstrSctnm": "1\ud559\uae30",
            "estblSmstrSctcd": "CMBS001400001",
            "estblGrade": "4",
            "sbjetSctnm": "\uc804\uacf5",
            "sbjetNm": "\uc2dd\ud488\ud488\uc9c8\uad00\ub9ac \ubc0f \uad00\ub2a5\ud3c9\uac00",
            "sbjetDvnno": "001",
            "sbjetCd": "FOSE0317",
            "gubun": null,
            "pckgeRqstPssblYn": "Y",
            "pckgeRqstCnt": "24",
            "name": null,
            "rmrk": "\uc0c1\uc8fc\ucea0\ud37c\uc2a4<br>",
            "appcrCnt": "19",
            "attlcPrscpCnt": "50",
            "lssnsTimeInfo": "\ud654 1A,1B,2A<br/>\ubaa9 2B,3A,3B",
            "lssnsRealTimeInfo": "\ud654 09:00 ~ 10:30<br/>\ubaa9 10:30 ~ 12:00",
            "prctsTime": "0",
            "doPlan": "Kor",
            "thryTime": "3",
            "totalPrfssNm": "\uc774\uc218\uc6d0",
            "mngetEstblYn": "Y",
            "code": null,
            "crdit": "3",
            "expniSllbsYn": "N",
            "bldngSn": null,
            "bldngCd": null,
            "bldngNm": null,
            "lssnsLcttmUntcd": null,
            "sbjetSctcd2": null,
            "rmnmCd": "109",
            "isApi": null,
            "paging": false,
            "rowStatus": "R",
            "pageSort": null
        },
        {
            "rowIndex": 0,
            "success": false,
            "message": null,
            "pageSize": 100,
            "pageNum": 1,
            "lctreMthodNm": "\ub300\uba74",
            "lctrmInfo": "\ub3c4\uc11c\uad00 \ubc0f 10\ud638\uad00",
            "lctreLnggeSctcd": null,
            "crseNo": "FOSE0327-001",
            "estblUnivNm": "\uacfc\ud559\uae30\uc220\ub300\ud559",
            "estblDprtnNm": "\uc2dd\ud488\uc678\uc2dd\uc0b0\uc5c5\ud559\uacfc",
            "estblYear": "2022",
            "estblDprtnCd": "1U08",
            "estblSmstrSctnm": "1\ud559\uae30",
            "estblSmstrSctcd": "CMBS001400001",
            "estblGrade": "4",
            "sbjetSctnm": "\uc804\uacf5",
            "sbjetNm": "\uc678\uc2dd\uc18c\ube44\uc790 \ud589\ub3d9 \ubd84\uc11d \ubc0f \uc2e4\uc2b5",
            "sbjetDvnno": "001",
            "sbjetCd": "FOSE0327",
            "gubun": null,
            "pckgeRqstPssblYn": "Y",
            "pckgeRqstCnt": "40",
            "name": null,
            "rmrk": "\uc0c1\uc8fc\ucea0\ud37c\uc2a4<br>",
            "appcrCnt": "31",
            "attlcPrscpCnt": "25",
            "lssnsTimeInfo": "\uc218 5A,5B<br/>\uc218 6A,6B<br/>\uc218 7A,7B<br/>\uc218 8A,8B",
            "lssnsRealTimeInfo": "\uc218 13:00 ~ 14:00<br/>\uc218 14:00 ~ 15:00<br/>\uc218 15:00 ~ 16:00<br/>\uc218 16:00 ~ 17:00",
            "prctsTime": "2",
            "doPlan": "Kor",
            "thryTime": "2",
            "totalPrfssNm": "\ub0a8\uc7a5\ud604",
            "mngetEstblYn": "Y",
            "code": null,
            "crdit": "3",
            "expniSllbsYn": "N",
            "bldngSn": null,
            "bldngCd": null,
            "bldngNm": null,
            "lssnsLcttmUntcd": null,
            "sbjetSctcd2": null,
            "rmnmCd": "401",
            "isApi": null,
            "paging": false,
            "rowStatus": "R",
            "pageSort": null
        },
        {
            "rowIndex": 0,
            "success": false,
            "message": null,
            "pageSize": 100,
            "pageNum": 1,
            "lctreMthodNm": "\ub300\uba74",
            "lctrmInfo": "\uc81c3\ud638\uad00",
            "lctreLnggeSctcd": null,
            "crseNo": "FSFN0305-001",
            "estblUnivNm": "\uacfc\ud559\uae30\uc220\ub300\ud559",
            "estblDprtnNm": "\uc2dd\ud488\uc678\uc2dd\uc0b0\uc5c5\ud559\uacfc",
            "estblYear": "2022",
            "estblDprtnCd": "1U08",
            "estblSmstrSctnm": "1\ud559\uae30",
            "estblSmstrSctcd": "CMBS001400001",
            "estblGrade": "4",
            "sbjetSctnm": "\uc804\uacf5",
            "sbjetNm": "\ub3d9\uc591\uc870\ub9ac \ubc0f \uc2e4\uc2b5",
            "sbjetDvnno": "001",
            "sbjetCd": "FSFN0305",
            "gubun": null,
            "pckgeRqstPssblYn": "Y",
            "pckgeRqstCnt": "39",
            "name": null,
            "rmrk": "\uc0c1\uc8fc\ucea0\ud37c\uc2a4<br>",
            "appcrCnt": "25",
            "attlcPrscpCnt": "25",
            "lssnsTimeInfo": "\uc6d4 6A,6B<br/>\uc6d4 7A,7B<br/>\uc6d4 8A,8B",
            "lssnsRealTimeInfo": "\uc6d4 14:00 ~ 15:00<br/>\uc6d4 15:00 ~ 16:00<br/>\uc6d4 16:00 ~ 17:00",
            "prctsTime": "2",
            "doPlan": "Kor",
            "thryTime": "1",
            "totalPrfssNm": "\uae40\uacb0\ud638",
            "mngetEstblYn": "Y",
            "code": null,
            "crdit": "2",
            "expniSllbsYn": "N",
            "bldngSn": null,
            "bldngCd": null,
            "bldngNm": null,
            "lssnsLcttmUntcd": null,
            "sbjetSctcd2": null,
            "rmnmCd": "201",
            "isApi": null,
            "paging": false,
            "rowStatus": "R",
            "pageSort": null
        },
        {
            "rowIndex": 0,
            "success": false,
            "message": null,
            "pageSize": 100,
            "pageNum": 1,
            "lctreMthodNm": "\ub300\uba74",
            "lctrmInfo": "\uc81c9\ud638\uad00",
            "lctreLnggeSctcd": null,
            "crseNo": "FOOD0571-002",
            "estblUnivNm": "\uacfc\ud559\uae30\uc220\ub300\ud559",
            "estblDprtnNm": "\uc2dd\ud488\uc678\uc2dd\uc0b0\uc5c5\ud559\uacfc",
            "estblYear": "2022",
            "estblDprtnCd": "1U08",
            "estblSmstrSctnm": "1\ud559\uae30",
            "estblSmstrSctcd": "CMBS001400001",
            "estblGrade": "4",
            "sbjetSctnm": "\uc804\uacf5",
            "sbjetNm": "\uc2dd\ud488\uc704\uc0dd\ud559",
            "sbjetDvnno": "002",
            "sbjetCd": "FOOD0571",
            "gubun": null,
            "pckgeRqstPssblYn": "Y",
            "pckgeRqstCnt": "48",
            "name": null,
            "rmrk": "\uc0c1\uc8fc\ucea0\ud37c\uc2a4<br>(\ud55c\uad6d\uc5b4+\uc601\uc5b4)<br>",
            "appcrCnt": "48",
            "attlcPrscpCnt": "50",
            "lssnsTimeInfo": "\ud654 2B,3A,3B<br/>\ubaa9 1A,1B,2A",
            "lssnsRealTimeInfo": "\ud654 10:30 ~ 12:00<br/>\ubaa9 09:00 ~ 10:30",
            "prctsTime": "0",
            "doPlan": "Kor",
            "thryTime": "3",
            "totalPrfssNm": "\ucd5c\ucc2c\uc775",
            "mngetEstblYn": "Y",
            "code": null,
            "crdit": "3",
            "expniSllbsYn": "Y",
            "bldngSn": null,
            "bldngCd": null,
            "bldngNm": null,
            "lssnsLcttmUntcd": null,
            "sbjetSctcd2": null,
            "rmnmCd": "106",
            "isApi": null,
            "paging": false,
            "rowStatus": "R",
            "pageSort": null
        },
        {
            "rowIndex": 0,
            "success": false,
            "message": null,
            "pageSize": 100,
            "pageNum": 1,
            "lctreMthodNm": "\ub300\uba74",
            "lctrmInfo": "\uc81c9\ud638\uad00",
            "lctreLnggeSctcd": null,
            "crseNo": "FOSE0220-002",
            "estblUnivNm": "\uacfc\ud559\uae30\uc220\ub300\ud559",
            "estblDprtnNm": "\uc2dd\ud488\uc678\uc2dd\uc0b0\uc5c5\ud559\uacfc",
            "estblYear": "2022",
            "estblDprtnCd": "1U08",
            "estblSmstrSctnm": "1\ud559\uae30",
            "estblSmstrSctcd": "CMBS001400001",
            "estblGrade": "2",
            "sbjetSctnm": "\uc804\uacf5",
            "sbjetNm": "\uc2dd\ud488\uae30\ucd08\ud654\ud559",
            "sbjetDvnno": "002",
            "sbjetCd": "FOSE0220",
            "gubun": null,
            "pckgeRqstPssblYn": "Y",
            "pckgeRqstCnt": "22",
            "name": null,
            "rmrk": "\uc0c1\uc8fc\ucea0\ud37c\uc2a4<br>",
            "appcrCnt": "28",
            "attlcPrscpCnt": "50",
            "lssnsTimeInfo": "\uc6d4 2B,3A,3B<br/>\uae08 1A,1B,2A",
            "lssnsRealTimeInfo": "\uc6d4 10:30 ~ 12:00<br/>\uae08 09:00 ~ 10:30",
            "prctsTime": "0",
            "doPlan": "Kor",
            "thryTime": "3",
            "totalPrfssNm": "\uc815\ub450\uc5f0",
            "mngetEstblYn": "Y",
            "code": null,
            "crdit": "3",
            "expniSllbsYn": "N",
            "bldngSn": null,
            "bldngCd": null,
            "bldngNm": null,
            "lssnsLcttmUntcd": null,
            "sbjetSctcd2": null,
            "rmnmCd": "101",
            "isApi": null,
            "paging": false,
            "rowStatus": "R",
            "pageSort": null
        },
        {
            "rowIndex": 0,
            "success": false,
            "message": null,
            "pageSize": 100,
            "pageNum": 1,
            "lctreMthodNm": "\ub300\uba74",
            "lctrmInfo": "\uc81c3\ud638\uad00",
            "lctreLnggeSctcd": null,
            "crseNo": "FOSE0212-001",
            "estblUnivNm": "\uacfc\ud559\uae30\uc220\ub300\ud559",
            "estblDprtnNm": "\uc2dd\ud488\uc678\uc2dd\uc0b0\uc5c5\ud559\uacfc",
            "estblYear": "2022",
            "estblDprtnCd": "1U08",
            "estblSmstrSctnm": "1\ud559\uae30",
            "estblSmstrSctcd": "CMBS001400001",
            "estblGrade": "3",
            "sbjetSctnm": "\uc804\uacf5",
            "sbjetNm": "\ud55c\uad6d\uc804\ud1b5\uc870\ub9ac \ubc0f \uc2e4\uc2b5",
            "sbjetDvnno": "001",
            "sbjetCd": "FOSE0212",
            "gubun": null,
            "pckgeRqstPssblYn": "Y",
            "pckgeRqstCnt": "42",
            "name": null,
            "rmrk": "\uc0c1\uc8fc\ucea0\ud37c\uc2a4<br>",
            "appcrCnt": "24",
            "attlcPrscpCnt": "25",
            "lssnsTimeInfo": "\uc6d4 2A,2B<br/>\uc6d4 3A,3B<br/>\uc6d4 4A,4B",
            "lssnsRealTimeInfo": "\uc6d4 10:00 ~ 11:00<br/>\uc6d4 11:00 ~ 12:00<br/>\uc6d4 12:00 ~ 13:00",
            "prctsTime": "2",
            "doPlan": "Kor",
            "thryTime": "1",
            "totalPrfssNm": "\uae40\uacb0\ud638",
            "mngetEstblYn": "Y",
            "code": null,
            "crdit": "2",
            "expniSllbsYn": "N",
            "bldngSn": null,
            "bldngCd": null,
            "bldngNm": null,
            "lssnsLcttmUntcd": null,
            "sbjetSctcd2": null,
            "rmnmCd": "201",
            "isApi": null,
            "paging": false,
            "rowStatus": "R",
            "pageSort": null
        },
        {
            "rowIndex": 0,
            "success": false,
            "message": null,
            "pageSize": 100,
            "pageNum": 1,
            "lctreMthodNm": "\ub300\uba74",
            "lctrmInfo": "\uc81c9\ud638\uad00",
            "lctreLnggeSctcd": null,
            "crseNo": "BIOF0303-003",
            "estblUnivNm": "\uacfc\ud559\uae30\uc220\ub300\ud559",
            "estblDprtnNm": "\uc2dd\ud488\uc678\uc2dd\uc0b0\uc5c5\ud559\uacfc",
            "estblYear": "2022",
            "estblDprtnCd": "1U08",
            "estblSmstrSctnm": "1\ud559\uae30",
            "estblSmstrSctcd": "CMBS001400001",
            "estblGrade": "2",
            "sbjetSctnm": "\uc804\uacf5",
            "sbjetNm": "\uc2dd\ud488\ubbf8\uc0dd\ubb3c\ud559 \ubc0f \uc2e4\ud5d8",
            "sbjetDvnno": "003",
            "sbjetCd": "BIOF0303",
            "gubun": null,
            "pckgeRqstPssblYn": "Y",
            "pckgeRqstCnt": "14",
            "name": null,
            "rmrk": "\uc0c1\uc8fc\ucea0\ud37c\uc2a4<br>(\uc601\uc5b4)<br>",
            "appcrCnt": "20",
            "attlcPrscpCnt": "20",
            "lssnsTimeInfo": "\ubaa9 6A,6B<br/>\ubaa9 7A,7B<br/>\ubaa9 8A,8B<br/>\ubaa9 9A,9B",
            "lssnsRealTimeInfo": "\ubaa9 14:00 ~ 15:00<br/>\ubaa9 15:00 ~ 16:00<br/>\ubaa9 16:00 ~ 17:00<br/>\ubaa9 17:00 ~ 18:00",
            "prctsTime": "2",
            "doPlan": "Eng",
            "thryTime": "2",
            "totalPrfssNm": "\ucd5c\ucc2c\uc775",
            "mngetEstblYn": "Y",
            "code": null,
            "crdit": "3",
            "expniSllbsYn": "N",
            "bldngSn": null,
            "bldngCd": null,
            "bldngNm": null,
            "lssnsLcttmUntcd": null,
            "sbjetSctcd2": null,
            "rmnmCd": "105214",
            "isApi": null,
            "paging": false,
            "rowStatus": "R",
            "pageSort": null
        },
        {
            "rowIndex": 0,
            "success": false,
            "message": null,
            "pageSize": 100,
            "pageNum": 1,
            "lctreMthodNm": "\ub300\uba74",
            "lctrmInfo": "\uc81c9\ud638\uad00",
            "lctreLnggeSctcd": null,
            "crseNo": "FSFN0404-001",
            "estblUnivNm": "\uacfc\ud559\uae30\uc220\ub300\ud559",
            "estblDprtnNm": "\uc2dd\ud488\uc678\uc2dd\uc0b0\uc5c5\ud559\uacfc",
            "estblYear": "2022",
            "estblDprtnCd": "1U08",
            "estblSmstrSctnm": "1\ud559\uae30",
            "estblSmstrSctcd": "CMBS001400001",
            "estblGrade": "4",
            "sbjetSctnm": "\uc804\uacf5",
            "sbjetNm": "\uc640\uc778\uc81c\uc870 \ubc0f \ud3c9\uac00",
            "sbjetDvnno": "001",
            "sbjetCd": "FSFN0404",
            "gubun": null,
            "pckgeRqstPssblYn": "Y",
            "pckgeRqstCnt": "40",
            "name": null,
            "rmrk": "\uc0c1\uc8fc\ucea0\ud37c\uc2a4<br>",
            "appcrCnt": "30",
            "attlcPrscpCnt": "25",
            "lssnsTimeInfo": "\uae08 5A,5B<br/>\uae08 6A,6B<br/>\uae08 7A,7B",
            "lssnsRealTimeInfo": "\uae08 13:00 ~ 14:00<br/>\uae08 14:00 ~ 15:00<br/>\uae08 15:00 ~ 16:00",
            "prctsTime": "2",
            "doPlan": "Kor",
            "thryTime": "1",
            "totalPrfssNm": "\uc190\uc218\uc815",
            "mngetEstblYn": "Y",
            "code": null,
            "crdit": "2",
            "expniSllbsYn": "Y",
            "bldngSn": null,
            "bldngCd": null,
            "bldngNm": null,
            "lssnsLcttmUntcd": null,
            "sbjetSctcd2": null,
            "rmnmCd": "105214",
            "isApi": null,
            "paging": false,
            "rowStatus": "R",
            "pageSort": null
        }
    ],
    "statusCode": 200
}