{
    "timestamp": "2022-04-28T23:14:17.232",
    "success": true,
    "code": null,
    "msg": null,
    "data": [
        {
            "rowIndex": 0,
            "success": false,
            "message": null,
            "pageSize": 100,
            "pageNum": 1,
            "lctreMthodNm": "\ub300\uba74",
            "lctrmInfo": "\uc81c9\ud638\uad00",
            "lctreLnggeSctcd": null,
            "crseNo": "PLEN0248-001",
            "estblUnivNm": "\uacfc\ud559\uae30\uc220\ub300\ud559",
            "estblDprtnNm": "\uc735\ubcf5\ud569\uc2dc\uc2a4\ud15c\uacf5\ud559\ubd80 \ud50c\ub79c\ud2b8\uc2dc\uc2a4\ud15c\uc804\uacf5",
            "estblYear": "2022",
            "estblDprtnCd": "1U0I02",
            "estblSmstrSctnm": "1\ud559\uae30",
            "estblSmstrSctcd": "CMBS001400001",
            "estblGrade": "3",
            "sbjetSctnm": "\uc804\uacf5",
            "sbjetNm": "\ucca0\uadfc\ucf58\ud06c\ub9ac\ud2b8\uacf5\ud559",
            "sbjetDvnno": "001",
            "sbjetCd": "PLEN0248",
            "gubun": null,
            "pckgeRqstPssblYn": "Y",
            "pckgeRqstCnt": "10",
            "name": null,
            "rmrk": "\uc0c1\uc8fc\ucea0\ud37c\uc2a4<br>",
            "appcrCnt": "12",
            "attlcPrscpCnt": "70",
            "lssnsTimeInfo": "\ud654 5B,6A,6B<br/>\ubaa9 5B,6A,6B",
            "lssnsRealTimeInfo": "\ud654 13:30 ~ 15:00<br/>\ubaa9 13:30 ~ 15:00",
            "prctsTime": "0",
            "doPlan": "Kor",
            "thryTime": "3",
            "totalPrfssNm": "\ucd5c\uc9c4\ud638",
            "mngetEstblYn": "Y",
            "code": null,
            "crdit": "3",
            "expniSllbsYn": "N",
            "bldngSn": null,
            "bldngCd": null,
            "bldngNm": null,
            "lssnsLcttmUntcd": null,
            "sbjetSctcd2": null,
            "rmnmCd": "404",
            "isApi": null,
            "paging": false,
            "rowStatus": "R",
            "pageSort": null
        },
        {
            "rowIndex": 0,
            "success": false,
            "message": null,
            "pageSize": 100,
            "pageNum": 1,
            "lctreMthodNm": "\ub300\uba74",
            "lctrmInfo": "\uc81c9\ud638\uad00",
            "lctreLnggeSctcd": null,
            "crseNo": "PLEN0231-001",
            "estblUnivNm": "\uacfc\ud559\uae30\uc220\ub300\ud559",
            "estblDprtnNm": "\uc735\ubcf5\ud569\uc2dc\uc2a4\ud15c\uacf5\ud559\ubd80 \ud50c\ub79c\ud2b8\uc2dc\uc2a4\ud15c\uc804\uacf5",
            "estblYear": "2022",
            "estblDprtnCd": "1U0I02",
            "estblSmstrSctnm": "1\ud559\uae30",
            "estblSmstrSctcd": "CMBS001400001",
            "estblGrade": "3",
            "sbjetSctnm": "\uc804\uacf5",
            "sbjetNm": "\uc124\ube44\uc81c\uc5b4\uacf5\ud559",
            "sbjetDvnno": "001",
            "sbjetCd": "PLEN0231",
            "gubun": null,
            "pckgeRqstPssblYn": "Y",
            "pckgeRqstCnt": "19",
            "name": null,
            "rmrk": "\uc0c1\uc8fc\ucea0\ud37c\uc2a4<br>",
            "appcrCnt": "19",
            "attlcPrscpCnt": "70",
            "lssnsTimeInfo": "\uc6d4 8B,9A,9B<br/>\uc218 7A,7B,8A",
            "lssnsRealTimeInfo": "\uc6d4 16:30 ~ 18:00<br/>\uc218 15:00 ~ 16:30",
            "prctsTime": "0",
            "doPlan": "Kor",
            "thryTime": "3",
            "totalPrfssNm": "\uc774\ubd09\ub77d",
            "mngetEstblYn": "Y",
            "code": null,
            "crdit": "3",
            "expniSllbsYn": "N",
            "bldngSn": null,
            "bldngCd": null,
            "bldngNm": null,
            "lssnsLcttmUntcd": null,
            "sbjetSctcd2": null,
            "rmnmCd": "404",
            "isApi": null,
            "paging": false,
            "rowStatus": "R",
            "pageSort": null
        },
        {
            "rowIndex": 0,
            "success": false,
            "message": null,
            "pageSize": 100,
            "pageNum": 1,
            "lctreMthodNm": "\ub300\uba74",
            "lctrmInfo": "\uc81c9\ud638\uad00",
            "lctreLnggeSctcd": null,
            "crseNo": "PLEN0263-001",
            "estblUnivNm": "\uacfc\ud559\uae30\uc220\ub300\ud559",
            "estblDprtnNm": "\uc735\ubcf5\ud569\uc2dc\uc2a4\ud15c\uacf5\ud559\ubd80 \ud50c\ub79c\ud2b8\uc2dc\uc2a4\ud15c\uc804\uacf5",
            "estblYear": "2022",
            "estblDprtnCd": "1U0I02",
            "estblSmstrSctnm": "1\ud559\uae30",
            "estblSmstrSctcd": "CMBS001400001",
            "estblGrade": "3",
            "sbjetSctnm": "\uc804\uacf5",
            "sbjetNm": "\ud50c\ub79c\ud2b8 \ube45\ub370\uc774\ud130 \ubd84\uc11d \uc2e4\uc2b5",
            "sbjetDvnno": "001",
            "sbjetCd": "PLEN0263",
            "gubun": null,
            "pckgeRqstPssblYn": "Y",
            "pckgeRqstCnt": "19",
            "name": null,
            "rmrk": "\uc0c1\uc8fc\ucea0\ud37c\uc2a4<br>",
            "appcrCnt": "21",
            "attlcPrscpCnt": "35",
            "lssnsTimeInfo": "\uc6d4 1A,1B<br/>\uc6d4 2A,2B<br/>\uc6d4 3A,3B<br/>\uc6d4 4A,4B",
            "lssnsRealTimeInfo": "\uc6d4 09:00 ~ 10:00<br/>\uc6d4 10:00 ~ 11:00<br/>\uc6d4 11:00 ~ 12:00<br/>\uc6d4 12:00 ~ 13:00",
            "prctsTime": "2",
            "doPlan": "Kor",
            "thryTime": "2",
            "totalPrfssNm": "\uc11c\ub3d9\uc900",
            "mngetEstblYn": "Y",
            "code": null,
            "crdit": "3",
            "expniSllbsYn": "N",
            "bldngSn": null,
            "bldngCd": null,
            "bldngNm": null,
            "lssnsLcttmUntcd": null,
            "sbjetSctcd2": null,
            "rmnmCd": "418",
            "isApi": null,
            "paging": false,
            "rowStatus": "R",
            "pageSort": null
        },
        {
            "rowIndex": 0,
            "success": false,
            "message": null,
            "pageSize": 100,
            "pageNum": 1,
            "lctreMthodNm": "\ub300\uba74",
            "lctrmInfo": "\uc81c9\ud638\uad00",
            "lctreLnggeSctcd": null,
            "crseNo": "PLEN0225-001",
            "estblUnivNm": "\uacfc\ud559\uae30\uc220\ub300\ud559",
            "estblDprtnNm": "\uc735\ubcf5\ud569\uc2dc\uc2a4\ud15c\uacf5\ud559\ubd80 \ud50c\ub79c\ud2b8\uc2dc\uc2a4\ud15c\uc804\uacf5",
            "estblYear": "2022",
            "estblDprtnCd": "1U0I02",
            "estblSmstrSctnm": "1\ud559\uae30",
            "estblSmstrSctcd": "CMBS001400001",
            "estblGrade": "4",
            "sbjetSctnm": "\uc804\uacf5",
            "sbjetNm": "\ud50c\ub79c\ud2b8\uc124\ube44\uae30\uae30",
            "sbjetDvnno": "001",
            "sbjetCd": "PLEN0225",
            "gubun": null,
            "pckgeRqstPssblYn": "Y",
            "pckgeRqstCnt": "9",
            "name": null,
            "rmrk": "\uc0c1\uc8fc\ucea0\ud37c\uc2a4<br>",
            "appcrCnt": "13",
            "attlcPrscpCnt": "70",
            "lssnsTimeInfo": "\ud654 8B,9A,9B<br/>\ubaa9 8B,9A,9B",
            "lssnsRealTimeInfo": "\ud654 16:30 ~ 18:00<br/>\ubaa9 16:30 ~ 18:00",
            "prctsTime": "0",
            "doPlan": "Kor",
            "thryTime": "3",
            "totalPrfssNm": "\ucd5c\uc9c4\ud638",
            "mngetEstblYn": "Y",
            "code": null,
            "crdit": "3",
            "expniSllbsYn": "N",
            "bldngSn": null,
            "bldngCd": null,
            "bldngNm": null,
            "lssnsLcttmUntcd": null,
            "sbjetSctcd2": null,
            "rmnmCd": "404",
            "isApi": null,
            "paging": false,
            "rowStatus": "R",
            "pageSort": null
        },
        {
            "rowIndex": 0,
            "success": false,
            "message": null,
            "pageSize": 100,
            "pageNum": 1,
            "lctreMthodNm": "\ub300\uba74",
            "lctrmInfo": "\uc81c9\ud638\uad00",
            "lctreLnggeSctcd": null,
            "crseNo": "PLEN0238-001",
            "estblUnivNm": "\uacfc\ud559\uae30\uc220\ub300\ud559",
            "estblDprtnNm": "\uc735\ubcf5\ud569\uc2dc\uc2a4\ud15c\uacf5\ud559\ubd80 \ud50c\ub79c\ud2b8\uc2dc\uc2a4\ud15c\uc804\uacf5",
            "estblYear": "2022",
            "estblDprtnCd": "1U0I02",
            "estblSmstrSctnm": "1\ud559\uae30",
            "estblSmstrSctcd": "CMBS001400001",
            "estblGrade": "4",
            "sbjetSctnm": "\uc804\uacf5",
            "sbjetNm": "\ud50c\ub79c\ud2b8\uc885\ud569\uc124\uacc4",
            "sbjetDvnno": "001",
            "sbjetCd": "PLEN0238",
            "gubun": null,
            "pckgeRqstPssblYn": "Y",
            "pckgeRqstCnt": "6",
            "name": null,
            "rmrk": "\uc0c1\uc8fc\ucea0\ud37c\uc2a4<br>",
            "appcrCnt": "9",
            "attlcPrscpCnt": "50",
            "lssnsTimeInfo": "\uc6d4 1A,1B<br/>\uc6d4 2A,2B<br/>\uc6d4 3A,3B<br/>\uc6d4 4A,4B",
            "lssnsRealTimeInfo": "\uc6d4 09:00 ~ 10:00<br/>\uc6d4 10:00 ~ 11:00<br/>\uc6d4 11:00 ~ 12:00<br/>\uc6d4 12:00 ~ 13:00",
            "prctsTime": "2",
            "doPlan": "Kor",
            "thryTime": "2",
            "totalPrfssNm": "\uc784\uc2b9\ud604",
            "mngetEstblYn": "Y",
            "code": null,
            "crdit": "3",
            "expniSllbsYn": "N",
            "bldngSn": null,
            "bldngCd": null,
            "bldngNm": null,
            "lssnsLcttmUntcd": null,
            "sbjetSctcd2": null,
            "rmnmCd": "402",
            "isApi": null,
            "paging": false,
            "rowStatus": "R",
            "pageSort": null
        },
        {
            "rowIndex": 0,
            "success": false,
            "message": null,
            "pageSize": 100,
            "pageNum": 1,
            "lctreMthodNm": "\ub300\uba74",
            "lctrmInfo": "\uc81c9\ud638\uad00",
            "lctreLnggeSctcd": null,
            "crseNo": "PLEN0247-001",
            "estblUnivNm": "\uacfc\ud559\uae30\uc220\ub300\ud559",
            "estblDprtnNm": "\uc735\ubcf5\ud569\uc2dc\uc2a4\ud15c\uacf5\ud559\ubd80 \ud50c\ub79c\ud2b8\uc2dc\uc2a4\ud15c\uc804\uacf5",
            "estblYear": "2022",
            "estblDprtnCd": "1U0I02",
            "estblSmstrSctnm": "1\ud559\uae30",
            "estblSmstrSctcd": "CMBS001400001",
            "estblGrade": "3",
            "sbjetSctnm": "\uc804\uacf5",
            "sbjetNm": "\uad6c\uc870\uc7ac\ub8cc \ubc0f \uc2e4\ud5d8",
            "sbjetDvnno": "001",
            "sbjetCd": "PLEN0247",
            "gubun": null,
            "pckgeRqstPssblYn": "Y",
            "pckgeRqstCnt": "14",
            "name": null,
            "rmrk": "\uc0c1\uc8fc\ucea0\ud37c\uc2a4<br>",
            "appcrCnt": "12",
            "attlcPrscpCnt": "50",
            "lssnsTimeInfo": "\ud654 1A,1B<br/>\ud654 2A,2B<br/>\ud654 3A,3B<br/>\ud654 4A,4B",
            "lssnsRealTimeInfo": "\ud654 09:00 ~ 10:00<br/>\ud654 10:00 ~ 11:00<br/>\ud654 11:00 ~ 12:00<br/>\ud654 12:00 ~ 13:00",
            "prctsTime": "2",
            "doPlan": "Kor",
            "thryTime": "2",
            "totalPrfssNm": "\uc774\uc900\uc12d",
            "mngetEstblYn": "Y",
            "code": null,
            "crdit": "3",
            "expniSllbsYn": "N",
            "bldngSn": null,
            "bldngCd": null,
            "bldngNm": null,
            "lssnsLcttmUntcd": null,
            "sbjetSctcd2": null,
            "rmnmCd": "420",
            "isApi": null,
            "paging": false,
            "rowStatus": "R",
            "pageSort": null
        },
        {
            "rowIndex": 0,
            "success": false,
            "message": null,
            "pageSize": 100,
            "pageNum": 1,
            "lctreMthodNm": "\ub300\uba74",
            "lctrmInfo": "\uc81c9\ud638\uad00",
            "lctreLnggeSctcd": null,
            "crseNo": "PLEN0268-001",
            "estblUnivNm": "\uacfc\ud559\uae30\uc220\ub300\ud559",
            "estblDprtnNm": "\uc735\ubcf5\ud569\uc2dc\uc2a4\ud15c\uacf5\ud559\ubd80 \ud50c\ub79c\ud2b8\uc2dc\uc2a4\ud15c\uc804\uacf5",
            "estblYear": "2022",
            "estblDprtnCd": "1U0I02",
            "estblSmstrSctnm": "1\ud559\uae30",
            "estblSmstrSctcd": "CMBS001400001",
            "estblGrade": "2",
            "sbjetSctnm": "\uc804\uacf5\ud544\uc218",
            "sbjetNm": "\ud50c\ub79c\ud2b8\uc7ac\ub8cc\uc5ed\ud559 I",
            "sbjetDvnno": "001",
            "sbjetCd": "PLEN0268",
            "gubun": null,
            "pckgeRqstPssblYn": "Y",
            "pckgeRqstCnt": "22",
            "name": null,
            "rmrk": "\uc0c1\uc8fc\ucea0\ud37c\uc2a4<br>\ud50c\ub9bd\ub4dc\ub7ec\ub2dd\uac15\uc88c<br>",
            "appcrCnt": "26",
            "attlcPrscpCnt": "70",
            "lssnsTimeInfo": "\uc6d4 7A,7B<br/>\uc6d4 8A,8B<br/>\uc6d4 9A,9B",
            "lssnsRealTimeInfo": "\uc6d4 15:00 ~ 16:00<br/>\uc6d4 16:00 ~ 17:00<br/>\uc6d4 17:00 ~ 18:00",
            "prctsTime": "0",
            "doPlan": "Pre",
            "thryTime": "3",
            "totalPrfssNm": "\uc784\uc2b9\ud604",
            "mngetEstblYn": "Y",
            "code": null,
            "crdit": "3",
            "expniSllbsYn": "N",
            "bldngSn": null,
            "bldngCd": null,
            "bldngNm": null,
            "lssnsLcttmUntcd": null,
            "sbjetSctcd2": null,
            "rmnmCd": "405",
            "isApi": null,
            "paging": false,
            "rowStatus": "R",
            "pageSort": null
        },
        {
            "rowIndex": 0,
            "success": false,
            "message": null,
            "pageSize": 100,
            "pageNum": 1,
            "lctreMthodNm": "\ub300\uba74",
            "lctrmInfo": "\uc81c9\ud638\uad00",
            "lctreLnggeSctcd": null,
            "crseNo": "PLEN0256-001",
            "estblUnivNm": "\uacfc\ud559\uae30\uc220\ub300\ud559",
            "estblDprtnNm": "\uc735\ubcf5\ud569\uc2dc\uc2a4\ud15c\uacf5\ud559\ubd80 \ud50c\ub79c\ud2b8\uc2dc\uc2a4\ud15c\uc804\uacf5",
            "estblYear": "2022",
            "estblDprtnCd": "1U0I02",
            "estblSmstrSctnm": "1\ud559\uae30",
            "estblSmstrSctcd": "CMBS001400001",
            "estblGrade": "3",
            "sbjetSctnm": "\uc804\uacf5\ud544\uc218",
            "sbjetNm": "\ud50c\ub79c\ud2b8\ud1b5\uc2e0\uc2dc\uc2a4\ud15c",
            "sbjetDvnno": "001",
            "sbjetCd": "PLEN0256",
            "gubun": null,
            "pckgeRqstPssblYn": "Y",
            "pckgeRqstCnt": "23",
            "name": null,
            "rmrk": "\uc0c1\uc8fc\ucea0\ud37c\uc2a4<br>",
            "appcrCnt": "24",
            "attlcPrscpCnt": "70",
            "lssnsTimeInfo": "\uc6d4 5B,6A,6B<br/>\uc218 5B,6A,6B",
            "lssnsRealTimeInfo": "\uc6d4 13:30 ~ 15:00<br/>\uc218 13:30 ~ 15:00",
            "prctsTime": "0",
            "doPlan": "Kor",
            "thryTime": "3",
            "totalPrfssNm": "\uae40\uc0c1\ud604",
            "mngetEstblYn": "Y",
            "code": null,
            "crdit": "3",
            "expniSllbsYn": "N",
            "bldngSn": null,
            "bldngCd": null,
            "bldngNm": null,
            "lssnsLcttmUntcd": null,
            "sbjetSctcd2": null,
            "rmnmCd": "102",
            "isApi": null,
            "paging": false,
            "rowStatus": "R",
            "pageSort": null
        },
        {
            "rowIndex": 0,
            "success": false,
            "message": null,
            "pageSize": 100,
            "pageNum": 1,
            "lctreMthodNm": "\ub300\uba74",
            "lctrmInfo": "\uc81c9\ud638\uad00",
            "lctreLnggeSctcd": null,
            "crseNo": "CLTR0185-005",
            "estblUnivNm": "\uacfc\ud559\uae30\uc220\ub300\ud559",
            "estblDprtnNm": "\uc735\ubcf5\ud569\uc2dc\uc2a4\ud15c\uacf5\ud559\ubd80 \ud50c\ub79c\ud2b8\uc2dc\uc2a4\ud15c\uc804\uacf5",
            "estblYear": "2022",
            "estblDprtnCd": "1U0I02",
            "estblSmstrSctnm": "1\ud559\uae30",
            "estblSmstrSctcd": "CMBS001400001",
            "estblGrade": "2",
            "sbjetSctnm": "\uad50\uc591",
            "sbjetNm": "\uc778\uac04\uacfc\uc8fc\uac70\ubb38\ud654",
            "sbjetDvnno": "005",
            "sbjetCd": "CLTR0185",
            "gubun": null,
            "pckgeRqstPssblYn": "Y",
            "pckgeRqstCnt": "50",
            "name": null,
            "rmrk": "\uc0c1\uc8fc\ucea0\ud37c\uc2a4<br><b>\uc778\ubb38\uad50\uc591</b><br>",
            "appcrCnt": "53",
            "attlcPrscpCnt": "60",
            "lssnsTimeInfo": "\uc6d4 2B,3A,3B<br/>\uae08 1A,1B,2A",
            "lssnsRealTimeInfo": "\uc6d4 10:30 ~ 12:00<br/>\uae08 09:00 ~ 10:30",
            "prctsTime": "0",
            "doPlan": "Kor",
            "thryTime": "3",
            "totalPrfssNm": "\uc724\ud61c\uacbd",
            "mngetEstblYn": "Y",
            "code": null,
            "crdit": "3",
            "expniSllbsYn": "N",
            "bldngSn": null,
            "bldngCd": null,
            "bldngNm": null,
            "lssnsLcttmUntcd": null,
            "sbjetSctcd2": null,
            "rmnmCd": "115",
            "isApi": null,
            "paging": false,
            "rowStatus": "R",
            "pageSort": null
        },
        {
            "rowIndex": 0,
            "success": false,
            "message": null,
            "pageSize": 100,
            "pageNum": 1,
            "lctreMthodNm": "\ub300\uba74",
            "lctrmInfo": "\uc81c9\ud638\uad00",
            "lctreLnggeSctcd": null,
            "crseNo": "PLEN0217-001",
            "estblUnivNm": "\uacfc\ud559\uae30\uc220\ub300\ud559",
            "estblDprtnNm": "\uc735\ubcf5\ud569\uc2dc\uc2a4\ud15c\uacf5\ud559\ubd80 \ud50c\ub79c\ud2b8\uc2dc\uc2a4\ud15c\uc804\uacf5",
            "estblYear": "2022",
            "estblDprtnCd": "1U0I02",
            "estblSmstrSctnm": "1\ud559\uae30",
            "estblSmstrSctcd": "CMBS001400001",
            "estblGrade": "2",
            "sbjetSctnm": "\uc804\uacf5",
            "sbjetNm": "\ud50c\ub79c\ud2b8\uacf5\uc5c5\uc5ed\ud559",
            "sbjetDvnno": "001",
            "sbjetCd": "PLEN0217",
            "gubun": null,
            "pckgeRqstPssblYn": "Y",
            "pckgeRqstCnt": "18",
            "name": null,
            "rmrk": "\uc0c1\uc8fc\ucea0\ud37c\uc2a4<br>",
            "appcrCnt": "22",
            "attlcPrscpCnt": "70",
            "lssnsTimeInfo": "\uc6d4 5B,6A,6B<br/>\uc218 5B,6A,6B",
            "lssnsRealTimeInfo": "\uc6d4 13:30 ~ 15:00<br/>\uc218 13:30 ~ 15:00",
            "prctsTime": "0",
            "doPlan": "Kor",
            "thryTime": "3",
            "totalPrfssNm": "\uc784\uc2b9\ud604",
            "mngetEstblYn": "Y",
            "code": null,
            "crdit": "3",
            "expniSllbsYn": "N",
            "bldngSn": null,
            "bldngCd": null,
            "bldngNm": null,
            "lssnsLcttmUntcd": null,
            "sbjetSctcd2": null,
            "rmnmCd": "405",
            "isApi": null,
            "paging": false,
            "rowStatus": "R",
            "pageSort": null
        },
        {
            "rowIndex": 0,
            "success": false,
            "message": null,
            "pageSize": 100,
            "pageNum": 1,
            "lctreMthodNm": "\ub300\uba74",
            "lctrmInfo": "\uc81c9\ud638\uad00",
            "lctreLnggeSctcd": null,
            "crseNo": "PLEN0226-001",
            "estblUnivNm": "\uacfc\ud559\uae30\uc220\ub300\ud559",
            "estblDprtnNm": "\uc735\ubcf5\ud569\uc2dc\uc2a4\ud15c\uacf5\ud559\ubd80 \ud50c\ub79c\ud2b8\uc2dc\uc2a4\ud15c\uc804\uacf5",
            "estblYear": "2022",
            "estblDprtnCd": "1U0I02",
            "estblSmstrSctnm": "1\ud559\uae30",
            "estblSmstrSctcd": "CMBS001400001",
            "estblGrade": "3",
            "sbjetSctnm": "\uc804\uacf5",
            "sbjetNm": "\ud50c\ub79c\ud2b8\uc804\uae30\uacc4\uc7a5",
            "sbjetDvnno": "001",
            "sbjetCd": "PLEN0226",
            "gubun": null,
            "pckgeRqstPssblYn": "Y",
            "pckgeRqstCnt": "16",
            "name": null,
            "rmrk": "\uc0c1\uc8fc\ucea0\ud37c\uc2a4<br>",
            "appcrCnt": "14",
            "attlcPrscpCnt": "50",
            "lssnsTimeInfo": "\uc218 1A,1B<br/>\uc218 2A,2B<br/>\uc218 3A,3B<br/>\uc218 4A,4B",
            "lssnsRealTimeInfo": "\uc218 09:00 ~ 10:00<br/>\uc218 10:00 ~ 11:00<br/>\uc218 11:00 ~ 12:00<br/>\uc218 12:00 ~ 13:00",
            "prctsTime": "2",
            "doPlan": "Kor",
            "thryTime": "2",
            "totalPrfssNm": "\uc774\ubd09\ub77d",
            "mngetEstblYn": "Y",
            "code": null,
            "crdit": "3",
            "expniSllbsYn": "N",
            "bldngSn": null,
            "bldngCd": null,
            "bldngNm": null,
            "lssnsLcttmUntcd": null,
            "sbjetSctcd2": null,
            "rmnmCd": "402",
            "isApi": null,
            "paging": false,
            "rowStatus": "R",
            "pageSort": null
        },
        {
            "rowIndex": 0,
            "success": false,
            "message": null,
            "pageSize": 100,
            "pageNum": 1,
            "lctreMthodNm": "\ub300\uba74",
            "lctrmInfo": "\uc81c9\ud638\uad00",
            "lctreLnggeSctcd": null,
            "crseNo": "PLEN0261-001",
            "estblUnivNm": "\uacfc\ud559\uae30\uc220\ub300\ud559",
            "estblDprtnNm": "\uc735\ubcf5\ud569\uc2dc\uc2a4\ud15c\uacf5\ud559\ubd80 \ud50c\ub79c\ud2b8\uc2dc\uc2a4\ud15c\uc804\uacf5",
            "estblYear": "2022",
            "estblDprtnCd": "1U0I02",
            "estblSmstrSctnm": "1\ud559\uae30",
            "estblSmstrSctcd": "CMBS001400001",
            "estblGrade": "4",
            "sbjetSctnm": "\uc804\uacf5",
            "sbjetNm": "\ud50c\ub79c\ud2b8\uc2dc\uc2a4\ud15c\uad6c\ubc95",
            "sbjetDvnno": "001",
            "sbjetCd": "PLEN0261",
            "gubun": null,
            "pckgeRqstPssblYn": "Y",
            "pckgeRqstCnt": "10",
            "name": null,
            "rmrk": "\uc0c1\uc8fc\ucea0\ud37c\uc2a4<br>",
            "appcrCnt": "13",
            "attlcPrscpCnt": "70",
            "lssnsTimeInfo": "\ud654 7A,7B,8A<br/>\ubaa9 7A,7B,8A",
            "lssnsRealTimeInfo": "\ud654 15:00 ~ 16:30<br/>\ubaa9 15:00 ~ 16:30",
            "prctsTime": "0",
            "doPlan": "Kor",
            "thryTime": "3",
            "totalPrfssNm": "\ucd5c\uc9c4\ud638",
            "mngetEstblYn": "Y",
            "code": null,
            "crdit": "3",
            "expniSllbsYn": "N",
            "bldngSn": null,
            "bldngCd": null,
            "bldngNm": null,
            "lssnsLcttmUntcd": null,
            "sbjetSctcd2": null,
            "rmnmCd": "404",
            "isApi": null,
            "paging": false,
            "rowStatus": "R",
            "pageSort": null
        },
        {
            "rowIndex": 0,
            "success": false,
            "message": null,
            "pageSize": 100,
            "pageNum": 1,
            "lctreMthodNm": "\ub300\uba74",
            "lctrmInfo": "\uc81c9\ud638\uad00",
            "lctreLnggeSctcd": null,
            "crseNo": "PLEN0249-001",
            "estblUnivNm": "\uacfc\ud559\uae30\uc220\ub300\ud559",
            "estblDprtnNm": "\uc735\ubcf5\ud569\uc2dc\uc2a4\ud15c\uacf5\ud559\ubd80 \ud50c\ub79c\ud2b8\uc2dc\uc2a4\ud15c\uc804\uacf5",
            "estblYear": "2022",
            "estblDprtnCd": "1U0I02",
            "estblSmstrSctnm": "1\ud559\uae30",
            "estblSmstrSctcd": "CMBS001400001",
            "estblGrade": "4",
            "sbjetSctnm": "\uc804\uacf5",
            "sbjetNm": "\uc784\ubca0\ub514\ub4dc\uc2dc\uc2a4\ud15c\uacf5\ud559",
            "sbjetDvnno": "001",
            "sbjetCd": "PLEN0249",
            "gubun": null,
            "pckgeRqstPssblYn": "Y",
            "pckgeRqstCnt": "5",
            "name": null,
            "rmrk": "\uc0c1\uc8fc\ucea0\ud37c\uc2a4<br>",
            "appcrCnt": "7",
            "attlcPrscpCnt": "50",
            "lssnsTimeInfo": "\uc6d4 6A,6B<br/>\uc6d4 7A,7B<br/>\uc6d4 8A,8B<br/>\uc6d4 9A,9B",
            "lssnsRealTimeInfo": "\uc6d4 14:00 ~ 15:00<br/>\uc6d4 15:00 ~ 16:00<br/>\uc6d4 16:00 ~ 17:00<br/>\uc6d4 17:00 ~ 18:00",
            "prctsTime": "2",
            "doPlan": "Kor",
            "thryTime": "2",
            "totalPrfssNm": "\uc11c\ub3d9\uc900",
            "mngetEstblYn": "Y",
            "code": null,
            "crdit": "3",
            "expniSllbsYn": "N",
            "bldngSn": null,
            "bldngCd": null,
            "bldngNm": null,
            "lssnsLcttmUntcd": null,
            "sbjetSctcd2": null,
            "rmnmCd": "402",
            "isApi": null,
            "paging": false,
            "rowStatus": "R",
            "pageSort": null
        },
        {
            "rowIndex": 0,
            "success": false,
            "message": null,
            "pageSize": 100,
            "pageNum": 1,
            "lctreMthodNm": "\ub300\uba74",
            "lctrmInfo": "\uc81c9\ud638\uad00",
            "lctreLnggeSctcd": null,
            "crseNo": "PLEN0251-001",
            "estblUnivNm": "\uacfc\ud559\uae30\uc220\ub300\ud559",
            "estblDprtnNm": "\uc735\ubcf5\ud569\uc2dc\uc2a4\ud15c\uacf5\ud559\ubd80 \ud50c\ub79c\ud2b8\uc2dc\uc2a4\ud15c\uc804\uacf5",
            "estblYear": "2022",
            "estblDprtnCd": "1U0I02",
            "estblSmstrSctnm": "1\ud559\uae30",
            "estblSmstrSctcd": "CMBS001400001",
            "estblGrade": "2",
            "sbjetSctnm": "\uc804\uacf5\ud544\uc218",
            "sbjetNm": "\ud504\ub85c\uadf8\ub798\ubc0d\uc5b8\uc5b4 \uc2e4\uc2b5",
            "sbjetDvnno": "001",
            "sbjetCd": "PLEN0251",
            "gubun": null,
            "pckgeRqstPssblYn": "Y",
            "pckgeRqstCnt": "19",
            "name": null,
            "rmrk": "\uc0c1\uc8fc\ucea0\ud37c\uc2a4<br>",
            "appcrCnt": "20",
            "attlcPrscpCnt": "35",
            "lssnsTimeInfo": "\uc218 1A,1B<br/>\uc218 2A,2B<br/>\uc218 3A,3B<br/>\uc218 4A,4B",
            "lssnsRealTimeInfo": "\uc218 09:00 ~ 10:00<br/>\uc218 10:00 ~ 11:00<br/>\uc218 11:00 ~ 12:00<br/>\uc218 12:00 ~ 13:00",
            "prctsTime": "2",
            "doPlan": "Kor",
            "thryTime": "2",
            "totalPrfssNm": "\uc11c\ub3d9\uc900",
            "mngetEstblYn": "Y",
            "code": null,
            "crdit": "3",
            "expniSllbsYn": "N",
            "bldngSn": null,
            "bldngCd": null,
            "bldngNm": null,
            "lssnsLcttmUntcd": null,
            "sbjetSctcd2": null,
            "rmnmCd": "418",
            "isApi": null,
            "paging": false,
            "rowStatus": "R",
            "pageSort": null
        },
        {
            "rowIndex": 0,
            "success": false,
            "message": null,
            "pageSize": 100,
            "pageNum": 1,
            "lctreMthodNm": "\ub300\uba74",
            "lctrmInfo": "\uc81c9\ud638\uad00",
            "lctreLnggeSctcd": null,
            "crseNo": "PLEN0253-001",
            "estblUnivNm": "\uacfc\ud559\uae30\uc220\ub300\ud559",
            "estblDprtnNm": "\uc735\ubcf5\ud569\uc2dc\uc2a4\ud15c\uacf5\ud559\ubd80 \ud50c\ub79c\ud2b8\uc2dc\uc2a4\ud15c\uc804\uacf5",
            "estblYear": "2022",
            "estblDprtnCd": "1U0I02",
            "estblSmstrSctnm": "1\ud559\uae30",
            "estblSmstrSctcd": "CMBS001400001",
            "estblGrade": "2",
            "sbjetSctnm": "\uc804\uacf5",
            "sbjetNm": "\uc2e0\ud638 \ubc0f \uc2dc\uc2a4\ud15c\uacf5\ud559",
            "sbjetDvnno": "001",
            "sbjetCd": "PLEN0253",
            "gubun": null,
            "pckgeRqstPssblYn": "Y",
            "pckgeRqstCnt": "23",
            "name": null,
            "rmrk": "\uc0c1\uc8fc\ucea0\ud37c\uc2a4<br>",
            "appcrCnt": "25",
            "attlcPrscpCnt": "70",
            "lssnsTimeInfo": "\ud654 5B,6A,6B<br/>\ubaa9 5B,6A,6B",
            "lssnsRealTimeInfo": "\ud654 13:30 ~ 15:00<br/>\ubaa9 13:30 ~ 15:00",
            "prctsTime": "0",
            "doPlan": "Kor",
            "thryTime": "3",
            "totalPrfssNm": "\uae40\uc0c1\ud604",
            "mngetEstblYn": "Y",
            "code": null,
            "crdit": "3",
            "expniSllbsYn": "N",
            "bldngSn": null,
            "bldngCd": null,
            "bldngNm": null,
            "lssnsLcttmUntcd": null,
            "sbjetSctcd2": null,
            "rmnmCd": "102",
            "isApi": null,
            "paging": false,
            "rowStatus": "R",
            "pageSort": null
        },
        {
            "rowIndex": 0,
            "success": false,
            "message": null,
            "pageSize": 100,
            "pageNum": 1,
            "lctreMthodNm": "\ub300\uba74",
            "lctrmInfo": "\uc81c9\ud638\uad00",
            "lctreLnggeSctcd": null,
            "crseNo": "PLEN0252-001",
            "estblUnivNm": "\uacfc\ud559\uae30\uc220\ub300\ud559",
            "estblDprtnNm": "\uc735\ubcf5\ud569\uc2dc\uc2a4\ud15c\uacf5\ud559\ubd80 \ud50c\ub79c\ud2b8\uc2dc\uc2a4\ud15c\uc804\uacf5",
            "estblYear": "2022",
            "estblDprtnCd": "1U0I02",
            "estblSmstrSctnm": "1\ud559\uae30",
            "estblSmstrSctcd": "CMBS001400001",
            "estblGrade": "2",
            "sbjetSctnm": "\uc804\uacf5",
            "sbjetNm": "\ub514\uc9c0\ud138\uc2dc\uc2a4\ud15c",
            "sbjetDvnno": "001",
            "sbjetCd": "PLEN0252",
            "gubun": null,
            "pckgeRqstPssblYn": "Y",
            "pckgeRqstCnt": "22",
            "name": null,
            "rmrk": "\uc0c1\uc8fc\ucea0\ud37c\uc2a4<br>",
            "appcrCnt": "24",
            "attlcPrscpCnt": "70",
            "lssnsTimeInfo": "\ud654 7A,7B,8A<br/>\ubaa9 7A,7B,8A",
            "lssnsRealTimeInfo": "\ud654 15:00 ~ 16:30<br/>\ubaa9 15:00 ~ 16:30",
            "prctsTime": "0",
            "doPlan": "Kor",
            "thryTime": "3",
            "totalPrfssNm": "\uae40\uc0c1\ud604",
            "mngetEstblYn": "Y",
            "code": null,
            "crdit": "3",
            "expniSllbsYn": "N",
            "bldngSn": null,
            "bldngCd": null,
            "bldngNm": null,
            "lssnsLcttmUntcd": null,
            "sbjetSctcd2": null,
            "rmnmCd": "102",
            "isApi": null,
            "paging": false,
            "rowStatus": "R",
            "pageSort": null
        }
    ],
    "statusCode": 200
}