{
    "timestamp": "2022-04-28T23:14:14.106",
    "success": true,
    "code": null,
    "msg": null,
    "data": [
        {
            "rowIndex": 0,
            "success": false,
            "message": null,
            "pageSize": 100,
            "pageNum": 1,
            "lctreMthodNm": "\ub300\uba74",
            "lctrmInfo": "\uc81c5\ud638\uad00",
            "lctreLnggeSctcd": null,
            "crseNo": "CDEE0333-001",
            "estblUnivNm": "\uacfc\ud559\uae30\uc220\ub300\ud559",
            "estblDprtnNm": "\uac74\uc124\ubc29\uc7ac\uacf5\ud559\ubd80 \uac74\uc124\ud658\uacbd\uacf5\ud559\uc804\uacf5",
            "estblYear": "2022",
            "estblDprtnCd": "1U0102",
            "estblSmstrSctnm": "1\ud559\uae30",
            "estblSmstrSctcd": "CMBS001400001",
            "estblGrade": "2",
            "sbjetSctnm": "\uc804\uacf5\ud544\uc218",
            "sbjetNm": "\ubc29\uc7ac\uae30\uc0c1\ud559",
            "sbjetDvnno": "001",
            "sbjetCd": "CDEE0333",
            "gubun": null,
            "pckgeRqstPssblYn": "Y",
            "pckgeRqstCnt": "22",
            "name": null,
            "rmrk": "\uc0c1\uc8fc\ucea0\ud37c\uc2a4<br>(\ud55c\uad6d\uc5b4+\uc601\uc5b4)<br>",
            "appcrCnt": "31",
            "attlcPrscpCnt": "40",
            "lssnsTimeInfo": "\ud654 1A,1B,2A<br/>\ubaa9 2B,3A,3B",
            "lssnsRealTimeInfo": "\ud654 09:00 ~ 10:30<br/>\ubaa9 10:30 ~ 12:00",
            "prctsTime": "0",
            "doPlan": "Kor",
            "thryTime": "3",
            "totalPrfssNm": "\uc815\uc740\uc2e4",
            "mngetEstblYn": "Y",
            "code": null,
            "crdit": "3",
            "expniSllbsYn": "N",
            "bldngSn": null,
            "bldngCd": null,
            "bldngNm": null,
            "lssnsLcttmUntcd": null,
            "sbjetSctcd2": null,
            "rmnmCd": "113",
            "isApi": null,
            "paging": false,
            "rowStatus": "R",
            "pageSort": null
        },
        {
            "rowIndex": 0,
            "success": false,
            "message": null,
            "pageSize": 100,
            "pageNum": 1,
            "lctreMthodNm": "\ub300\uba74",
            "lctrmInfo": "\uc81c5\ud638\uad00",
            "lctreLnggeSctcd": null,
            "crseNo": "CDEE0451-001",
            "estblUnivNm": "\uacfc\ud559\uae30\uc220\ub300\ud559",
            "estblDprtnNm": "\uac74\uc124\ubc29\uc7ac\uacf5\ud559\ubd80 \uac74\uc124\ud658\uacbd\uacf5\ud559\uc804\uacf5",
            "estblYear": "2022",
            "estblDprtnCd": "1U0102",
            "estblSmstrSctnm": "1\ud559\uae30",
            "estblSmstrSctcd": "CMBS001400001",
            "estblGrade": "4",
            "sbjetSctnm": "\uc804\uacf5\ud544\uc218",
            "sbjetNm": "\uc218\uc9c8\uc624\uc5fc\ubc29\uc9c0\uae30\uc220",
            "sbjetDvnno": "001",
            "sbjetCd": "CDEE0451",
            "gubun": null,
            "pckgeRqstPssblYn": "Y",
            "pckgeRqstCnt": "19",
            "name": null,
            "rmrk": "\uc0c1\uc8fc\ucea0\ud37c\uc2a4<br>(\ud55c\uad6d\uc5b4+\uc601\uc5b4)<br>",
            "appcrCnt": "18",
            "attlcPrscpCnt": "40",
            "lssnsTimeInfo": "\ud654 7A,7B,8A<br/>\ubaa9 7A,7B,8A",
            "lssnsRealTimeInfo": "\ud654 15:00 ~ 16:30<br/>\ubaa9 15:00 ~ 16:30",
            "prctsTime": "0",
            "doPlan": "Kor",
            "thryTime": "3",
            "totalPrfssNm": "\uc774\uc2b9\uc724",
            "mngetEstblYn": "Y",
            "code": null,
            "crdit": "3",
            "expniSllbsYn": "N",
            "bldngSn": null,
            "bldngCd": null,
            "bldngNm": null,
            "lssnsLcttmUntcd": null,
            "sbjetSctcd2": null,
            "rmnmCd": "402",
            "isApi": null,
            "paging": false,
            "rowStatus": "R",
            "pageSort": null
        },
        {
            "rowIndex": 0,
            "success": false,
            "message": null,
            "pageSize": 100,
            "pageNum": 1,
            "lctreMthodNm": "\ub300\uba74",
            "lctrmInfo": "\uc81c5\ud638\uad00",
            "lctreLnggeSctcd": null,
            "crseNo": "CVLE0408-001",
            "estblUnivNm": "\uacfc\ud559\uae30\uc220\ub300\ud559",
            "estblDprtnNm": "\uac74\uc124\ubc29\uc7ac\uacf5\ud559\ubd80 \uac74\uc124\ud658\uacbd\uacf5\ud559\uc804\uacf5",
            "estblYear": "2022",
            "estblDprtnCd": "1U0102",
            "estblSmstrSctnm": "1\ud559\uae30",
            "estblSmstrSctcd": "CMBS001400001",
            "estblGrade": "2",
            "sbjetSctnm": "\uc804\uacf5",
            "sbjetNm": "\uc0c1\uc218\ub3c4\uacf5\ud559",
            "sbjetDvnno": "001",
            "sbjetCd": "CVLE0408",
            "gubun": null,
            "pckgeRqstPssblYn": "Y",
            "pckgeRqstCnt": "13",
            "name": null,
            "rmrk": "\uc0c1\uc8fc\ucea0\ud37c\uc2a4<br>",
            "appcrCnt": "20",
            "attlcPrscpCnt": "40",
            "lssnsTimeInfo": "\ud654 2B,3A,3B<br/>\ubaa9 1A,1B,2A",
            "lssnsRealTimeInfo": "\ud654 10:30 ~ 12:00<br/>\ubaa9 09:00 ~ 10:30",
            "prctsTime": "0",
            "doPlan": "Kor",
            "thryTime": "3",
            "totalPrfssNm": "\uc774\uc2b9\uc724",
            "mngetEstblYn": "Y",
            "code": null,
            "crdit": "3",
            "expniSllbsYn": "Y",
            "bldngSn": null,
            "bldngCd": null,
            "bldngNm": null,
            "lssnsLcttmUntcd": null,
            "sbjetSctcd2": null,
            "rmnmCd": "114",
            "isApi": null,
            "paging": false,
            "rowStatus": "R",
            "pageSort": null
        },
        {
            "rowIndex": 0,
            "success": false,
            "message": null,
            "pageSize": 100,
            "pageNum": 1,
            "lctreMthodNm": "\ub300\uba74",
            "lctrmInfo": "\uc81c5\ud638\uad00",
            "lctreLnggeSctcd": null,
            "crseNo": "CDEE0354-002",
            "estblUnivNm": "\uacfc\ud559\uae30\uc220\ub300\ud559",
            "estblDprtnNm": "\uac74\uc124\ubc29\uc7ac\uacf5\ud559\ubd80 \uac74\uc124\ud658\uacbd\uacf5\ud559\uc804\uacf5",
            "estblYear": "2022",
            "estblDprtnCd": "1U0102",
            "estblSmstrSctnm": "1\ud559\uae30",
            "estblSmstrSctcd": "CMBS001400001",
            "estblGrade": "2",
            "sbjetSctnm": "\uc804\uacf5",
            "sbjetNm": "\uc218\ub9ac\ubaa8\ud615\uc2e4\ud5d8",
            "sbjetDvnno": "002",
            "sbjetCd": "CDEE0354",
            "gubun": null,
            "pckgeRqstPssblYn": "Y",
            "pckgeRqstCnt": "6",
            "name": null,
            "rmrk": "\uc0c1\uc8fc\ucea0\ud37c\uc2a4<br>",
            "appcrCnt": "18",
            "attlcPrscpCnt": "20",
            "lssnsTimeInfo": "\ubaa9 6A,6B<br/>\ubaa9 7A,7B<br/>\ubaa9 8A,8B<br/>\ubaa9 9A,9B",
            "lssnsRealTimeInfo": "\ubaa9 14:00 ~ 15:00<br/>\ubaa9 15:00 ~ 16:00<br/>\ubaa9 16:00 ~ 17:00<br/>\ubaa9 17:00 ~ 18:00",
            "prctsTime": "2",
            "doPlan": "Kor",
            "thryTime": "2",
            "totalPrfssNm": "\uc784\uc720\uc131",
            "mngetEstblYn": "Y",
            "code": null,
            "crdit": "3",
            "expniSllbsYn": "N",
            "bldngSn": null,
            "bldngCd": null,
            "bldngNm": null,
            "lssnsLcttmUntcd": null,
            "sbjetSctcd2": null,
            "rmnmCd": "113101",
            "isApi": null,
            "paging": false,
            "rowStatus": "R",
            "pageSort": null
        },
        {
            "rowIndex": 0,
            "success": false,
            "message": null,
            "pageSize": 100,
            "pageNum": 1,
            "lctreMthodNm": "\ub300\uba74",
            "lctrmInfo": "\uc81c5\ud638\uad00",
            "lctreLnggeSctcd": null,
            "crseNo": "CVLE0313-001",
            "estblUnivNm": "\uacfc\ud559\uae30\uc220\ub300\ud559",
            "estblDprtnNm": "\uac74\uc124\ubc29\uc7ac\uacf5\ud559\ubd80 \uac74\uc124\ud658\uacbd\uacf5\ud559\uc804\uacf5",
            "estblYear": "2022",
            "estblDprtnCd": "1U0102",
            "estblSmstrSctnm": "1\ud559\uae30",
            "estblSmstrSctcd": "CMBS001400001",
            "estblGrade": "3",
            "sbjetSctnm": "\uc804\uacf5\ud544\uc218",
            "sbjetNm": "\uc218\ubb38\ud559",
            "sbjetDvnno": "001",
            "sbjetCd": "CVLE0313",
            "gubun": null,
            "pckgeRqstPssblYn": "Y",
            "pckgeRqstCnt": "27",
            "name": null,
            "rmrk": "\uc0c1\uc8fc\ucea0\ud37c\uc2a4<br>",
            "appcrCnt": "31",
            "attlcPrscpCnt": "40",
            "lssnsTimeInfo": "\uc218 2A,2B<br/>\uc218 3A,3B<br/>\uc218 4A,4B",
            "lssnsRealTimeInfo": "\uc218 10:00 ~ 11:00<br/>\uc218 11:00 ~ 12:00<br/>\uc218 12:00 ~ 13:00",
            "prctsTime": "0",
            "doPlan": "Kor",
            "thryTime": "3",
            "totalPrfssNm": "\uc11c\uc601\ubbfc",
            "mngetEstblYn": "Y",
            "code": null,
            "crdit": "3",
            "expniSllbsYn": "Y",
            "bldngSn": null,
            "bldngCd": null,
            "bldngNm": null,
            "lssnsLcttmUntcd": null,
            "sbjetSctcd2": null,
            "rmnmCd": "114",
            "isApi": null,
            "paging": false,
            "rowStatus": "R",
            "pageSort": null
        },
        {
            "rowIndex": 0,
            "success": false,
            "message": null,
            "pageSize": 100,
            "pageNum": 1,
            "lctreMthodNm": "\ub300\uba74",
            "lctrmInfo": "\uc81c5\ud638\uad00",
            "lctreLnggeSctcd": null,
            "crseNo": "CDEE0337-001",
            "estblUnivNm": "\uacfc\ud559\uae30\uc220\ub300\ud559",
            "estblDprtnNm": "\uac74\uc124\ubc29\uc7ac\uacf5\ud559\ubd80 \uac74\uc124\ud658\uacbd\uacf5\ud559\uc804\uacf5",
            "estblYear": "2022",
            "estblDprtnCd": "1U0102",
            "estblSmstrSctnm": "1\ud559\uae30",
            "estblSmstrSctcd": "CMBS001400001",
            "estblGrade": "4",
            "sbjetSctnm": "\uc804\uacf5",
            "sbjetNm": "\ub300\uae30\ud658\uacbd \ud504\ub85c\uc81d\ud2b8 \uc2e4\uc2b5",
            "sbjetDvnno": "001",
            "sbjetCd": "CDEE0337",
            "gubun": null,
            "pckgeRqstPssblYn": "Y",
            "pckgeRqstCnt": "19",
            "name": null,
            "rmrk": "\uc0c1\uc8fc\ucea0\ud37c\uc2a4<br>",
            "appcrCnt": "20",
            "attlcPrscpCnt": "40",
            "lssnsTimeInfo": "\uc218 1A,1B<br/>\uc218 2A,2B<br/>\uc218 3A,3B<br/>\uc218 4A,4B",
            "lssnsRealTimeInfo": "\uc218 09:00 ~ 10:00<br/>\uc218 10:00 ~ 11:00<br/>\uc218 11:00 ~ 12:00<br/>\uc218 12:00 ~ 13:00",
            "prctsTime": "2",
            "doPlan": "Kor",
            "thryTime": "2",
            "totalPrfssNm": "\uc815\uc740\uc2e4",
            "mngetEstblYn": "Y",
            "code": null,
            "crdit": "3",
            "expniSllbsYn": "N",
            "bldngSn": null,
            "bldngCd": null,
            "bldngNm": null,
            "lssnsLcttmUntcd": null,
            "sbjetSctcd2": null,
            "rmnmCd": "411",
            "isApi": null,
            "paging": false,
            "rowStatus": "R",
            "pageSort": null
        },
        {
            "rowIndex": 0,
            "success": false,
            "message": null,
            "pageSize": 100,
            "pageNum": 1,
            "lctreMthodNm": "\ub300\uba74",
            "lctrmInfo": "\uc81c5\ud638\uad00",
            "lctreLnggeSctcd": null,
            "crseNo": "CDEE0353-001",
            "estblUnivNm": "\uacfc\ud559\uae30\uc220\ub300\ud559",
            "estblDprtnNm": "\uac74\uc124\ubc29\uc7ac\uacf5\ud559\ubd80 \uac74\uc124\ud658\uacbd\uacf5\ud559\uc804\uacf5",
            "estblYear": "2022",
            "estblDprtnCd": "1U0102",
            "estblSmstrSctnm": "1\ud559\uae30",
            "estblSmstrSctcd": "CMBS001400001",
            "estblGrade": "2",
            "sbjetSctnm": "\uc804\uacf5\ud544\uc218",
            "sbjetNm": "\uae30\ucd08\uc218\ub9ac\ud559",
            "sbjetDvnno": "001",
            "sbjetCd": "CDEE0353",
            "gubun": null,
            "pckgeRqstPssblYn": "Y",
            "pckgeRqstCnt": "20",
            "name": null,
            "rmrk": "\uc0c1\uc8fc\ucea0\ud37c\uc2a4<br>",
            "appcrCnt": "28",
            "attlcPrscpCnt": "40",
            "lssnsTimeInfo": "\uc6d4 8B,9A,9B<br/>\uc218 7A,7B,8A",
            "lssnsRealTimeInfo": "\uc6d4 16:30 ~ 18:00<br/>\uc218 15:00 ~ 16:30",
            "prctsTime": "0",
            "doPlan": "Kor",
            "thryTime": "3",
            "totalPrfssNm": "\ucd5c\uc724\uc601",
            "mngetEstblYn": "Y",
            "code": null,
            "crdit": "3",
            "expniSllbsYn": "N",
            "bldngSn": null,
            "bldngCd": null,
            "bldngNm": null,
            "lssnsLcttmUntcd": null,
            "sbjetSctcd2": null,
            "rmnmCd": "113",
            "isApi": null,
            "paging": false,
            "rowStatus": "R",
            "pageSort": null
        },
        {
            "rowIndex": 0,
            "success": false,
            "message": null,
            "pageSize": 100,
            "pageNum": 1,
            "lctreMthodNm": "\ub300\uba74",
            "lctrmInfo": "\uc81c5\ud638\uad00",
            "lctreLnggeSctcd": null,
            "crseNo": "CDEE0554-001",
            "estblUnivNm": "\uacfc\ud559\uae30\uc220\ub300\ud559",
            "estblDprtnNm": "\uac74\uc124\ubc29\uc7ac\uacf5\ud559\ubd80 \uac74\uc124\ud658\uacbd\uacf5\ud559\uc804\uacf5",
            "estblYear": "2022",
            "estblDprtnCd": "1U0102",
            "estblSmstrSctnm": "1\ud559\uae30",
            "estblSmstrSctcd": "CMBS001400001",
            "estblGrade": "4",
            "sbjetSctnm": "\uc804\uacf5",
            "sbjetNm": "\uc804\uc0b0HEC\uc218\ubb38\ubaa8\ub378\ub9c1",
            "sbjetDvnno": "001",
            "sbjetCd": "CDEE0554",
            "gubun": null,
            "pckgeRqstPssblYn": "Y",
            "pckgeRqstCnt": "19",
            "name": null,
            "rmrk": "\uc0c1\uc8fc\ucea0\ud37c\uc2a4<br>",
            "appcrCnt": "18",
            "attlcPrscpCnt": "40",
            "lssnsTimeInfo": "\ud654 1A,1B<br/>\ud654 2A,2B<br/>\ud654 3A,3B<br/>\ud654 4A,4B",
            "lssnsRealTimeInfo": "\ud654 09:00 ~ 10:00<br/>\ud654 10:00 ~ 11:00<br/>\ud654 11:00 ~ 12:00<br/>\ud654 12:00 ~ 13:00",
            "prctsTime": "2",
            "doPlan": "Kor",
            "thryTime": "2",
            "totalPrfssNm": "\ucd5c\uc724\uc601",
            "mngetEstblYn": "Y",
            "code": null,
            "crdit": "3",
            "expniSllbsYn": "N",
            "bldngSn": null,
            "bldngCd": null,
            "bldngNm": null,
            "lssnsLcttmUntcd": null,
            "sbjetSctcd2": null,
            "rmnmCd": "402",
            "isApi": null,
            "paging": false,
            "rowStatus": "R",
            "pageSort": null
        },
        {
            "rowIndex": 0,
            "success": false,
            "message": null,
            "pageSize": 100,
            "pageNum": 1,
            "lctreMthodNm": "\ub300\uba74",
            "lctrmInfo": "\uc81c5\ud638\uad00",
            "lctreLnggeSctcd": null,
            "crseNo": "ENVI0201-001",
            "estblUnivNm": "\uacfc\ud559\uae30\uc220\ub300\ud559",
            "estblDprtnNm": "\uac74\uc124\ubc29\uc7ac\uacf5\ud559\ubd80 \uac74\uc124\ud658\uacbd\uacf5\ud559\uc804\uacf5",
            "estblYear": "2022",
            "estblDprtnCd": "1U0102",
            "estblSmstrSctnm": "1\ud559\uae30",
            "estblSmstrSctcd": "CMBS001400001",
            "estblGrade": "3",
            "sbjetSctnm": "\uc804\uacf5",
            "sbjetNm": "\ub300\uae30\uc624\uc5fc\ub860",
            "sbjetDvnno": "001",
            "sbjetCd": "ENVI0201",
            "gubun": null,
            "pckgeRqstPssblYn": "Y",
            "pckgeRqstCnt": "14",
            "name": null,
            "rmrk": "\uc0c1\uc8fc\ucea0\ud37c\uc2a4<br>(\ud55c\uad6d\uc5b4+\uc601\uc5b4)<br>",
            "appcrCnt": "21",
            "attlcPrscpCnt": "40",
            "lssnsTimeInfo": "\ud654 5B,6A,6B<br/>\ubaa9 5B,6A,6B",
            "lssnsRealTimeInfo": "\ud654 13:30 ~ 15:00<br/>\ubaa9 13:30 ~ 15:00",
            "prctsTime": "0",
            "doPlan": "Kor",
            "thryTime": "3",
            "totalPrfssNm": "\uc815\uc740\uc2e4",
            "mngetEstblYn": "Y",
            "code": null,
            "crdit": "3",
            "expniSllbsYn": "N",
            "bldngSn": null,
            "bldngCd": null,
            "bldngNm": null,
            "lssnsLcttmUntcd": null,
            "sbjetSctcd2": null,
            "rmnmCd": "411",
            "isApi": null,
            "paging": false,
            "rowStatus": "R",
            "pageSort": null
        },
        {
            "rowIndex": 0,
            "success": false,
            "message": null,
            "pageSize": 100,
            "pageNum": 1,
            "lctreMthodNm": "\ub300\uba74",
            "lctrmInfo": "\uc81c5\ud638\uad00",
            "lctreLnggeSctcd": null,
            "crseNo": "ARUE0551-001",
            "estblUnivNm": "\uacfc\ud559\uae30\uc220\ub300\ud559",
            "estblDprtnNm": "\uac74\uc124\ubc29\uc7ac\uacf5\ud559\ubd80 \uac74\uc124\ud658\uacbd\uacf5\ud559\uc804\uacf5",
            "estblYear": "2022",
            "estblDprtnCd": "1U0102",
            "estblSmstrSctnm": "1\ud559\uae30",
            "estblSmstrSctcd": "CMBS001400001",
            "estblGrade": "3",
            "sbjetSctnm": "\uc804\uacf5\ud544\uc218",
            "sbjetNm": "\uc218\uc790\uc6d0\ud658\uacbd\uacf5\ud559",
            "sbjetDvnno": "001",
            "sbjetCd": "ARUE0551",
            "gubun": null,
            "pckgeRqstPssblYn": "Y",
            "pckgeRqstCnt": "20",
            "name": null,
            "rmrk": "\uc0c1\uc8fc\ucea0\ud37c\uc2a4<br>(\ud55c\uad6d\uc5b4+\uc601\uc5b4)<br>\ud50c\ub9bd\ub4dc\ub7ec\ub2dd\uac15\uc88c<br>",
            "appcrCnt": "23",
            "attlcPrscpCnt": "40",
            "lssnsTimeInfo": "\ud654 7A,7B,8A<br/>\ubaa9 7A,7B,8A",
            "lssnsRealTimeInfo": "\ud654 15:00 ~ 16:30<br/>\ubaa9 15:00 ~ 16:30",
            "prctsTime": "0",
            "doPlan": "Pre",
            "thryTime": "3",
            "totalPrfssNm": "\uc774\ubcd1\uc900",
            "mngetEstblYn": "Y",
            "code": null,
            "crdit": "3",
            "expniSllbsYn": "N",
            "bldngSn": null,
            "bldngCd": null,
            "bldngNm": null,
            "lssnsLcttmUntcd": null,
            "sbjetSctcd2": null,
            "rmnmCd": "114",
            "isApi": null,
            "paging": false,
            "rowStatus": "R",
            "pageSort": null
        },
        {
            "rowIndex": 0,
            "success": false,
            "message": null,
            "pageSize": 100,
            "pageNum": 1,
            "lctreMthodNm": "\ub300\uba74",
            "lctrmInfo": "\uc81c5\ud638\uad00",
            "lctreLnggeSctcd": null,
            "crseNo": "ARUE0452-001",
            "estblUnivNm": "\uacfc\ud559\uae30\uc220\ub300\ud559",
            "estblDprtnNm": "\uac74\uc124\ubc29\uc7ac\uacf5\ud559\ubd80 \uac74\uc124\ud658\uacbd\uacf5\ud559\uc804\uacf5",
            "estblYear": "2022",
            "estblDprtnCd": "1U0102",
            "estblSmstrSctnm": "1\ud559\uae30",
            "estblSmstrSctcd": "CMBS001400001",
            "estblGrade": "3",
            "sbjetSctnm": "\uc804\uacf5\ud544\uc218",
            "sbjetNm": "\uc751\uc6a9\uc0c1\uc218\ub3c4\uacf5\ud559",
            "sbjetDvnno": "001",
            "sbjetCd": "ARUE0452",
            "gubun": null,
            "pckgeRqstPssblYn": "Y",
            "pckgeRqstCnt": "25",
            "name": null,
            "rmrk": "\uc0c1\uc8fc\ucea0\ud37c\uc2a4<br>(\ud55c\uad6d\uc5b4+\uc601\uc5b4)<br>",
            "appcrCnt": "28",
            "attlcPrscpCnt": "40",
            "lssnsTimeInfo": "\ud654 2B,3A,3B<br/>\ubaa9 1A,1B,2A",
            "lssnsRealTimeInfo": "\ud654 10:30 ~ 12:00<br/>\ubaa9 09:00 ~ 10:30",
            "prctsTime": "0",
            "doPlan": "Kor",
            "thryTime": "3",
            "totalPrfssNm": "\ud604\uae38\uc218",
            "mngetEstblYn": "Y",
            "code": null,
            "crdit": "3",
            "expniSllbsYn": "N",
            "bldngSn": null,
            "bldngCd": null,
            "bldngNm": null,
            "lssnsLcttmUntcd": null,
            "sbjetSctcd2": null,
            "rmnmCd": "113",
            "isApi": null,
            "paging": false,
            "rowStatus": "R",
            "pageSort": null
        },
        {
            "rowIndex": 0,
            "success": false,
            "message": null,
            "pageSize": 100,
            "pageNum": 1,
            "lctreMthodNm": "\ub300\uba74",
            "lctrmInfo": "\uc81c5\ud638\uad00",
            "lctreLnggeSctcd": null,
            "crseNo": "CDEE0463-002",
            "estblUnivNm": "\uacfc\ud559\uae30\uc220\ub300\ud559",
            "estblDprtnNm": "\uac74\uc124\ubc29\uc7ac\uacf5\ud559\ubd80 \uac74\uc124\ud658\uacbd\uacf5\ud559\uc804\uacf5",
            "estblYear": "2022",
            "estblDprtnCd": "1U0102",
            "estblSmstrSctnm": "1\ud559\uae30",
            "estblSmstrSctcd": "CMBS001400001",
            "estblGrade": "2",
            "sbjetSctnm": "\uc804\uacf5\ud544\uc218",
            "sbjetNm": "\uac74\uc124\ud658\uacbd \ud504\ub85c\uadf8\ub798\ubc0d",
            "sbjetDvnno": "002",
            "sbjetCd": "CDEE0463",
            "gubun": null,
            "pckgeRqstPssblYn": "Y",
            "pckgeRqstCnt": "11",
            "name": null,
            "rmrk": "\uc0c1\uc8fc\ucea0\ud37c\uc2a4<br>",
            "appcrCnt": "15",
            "attlcPrscpCnt": "20",
            "lssnsTimeInfo": "\uc218 1A,1B<br/>\uc218 2A,2B<br/>\uc218 3A,3B<br/>\uc218 4A,4B",
            "lssnsRealTimeInfo": "\uc218 09:00 ~ 10:00<br/>\uc218 10:00 ~ 11:00<br/>\uc218 11:00 ~ 12:00<br/>\uc218 12:00 ~ 13:00",
            "prctsTime": "2",
            "doPlan": "Kor",
            "thryTime": "2",
            "totalPrfssNm": "\uae40\uc7ac\uc778",
            "mngetEstblYn": "Y",
            "code": null,
            "crdit": "3",
            "expniSllbsYn": "N",
            "bldngSn": null,
            "bldngCd": null,
            "bldngNm": null,
            "lssnsLcttmUntcd": null,
            "sbjetSctcd2": null,
            "rmnmCd": "406",
            "isApi": null,
            "paging": false,
            "rowStatus": "R",
            "pageSort": null
        },
        {
            "rowIndex": 0,
            "success": false,
            "message": null,
            "pageSize": 100,
            "pageNum": 1,
            "lctreMthodNm": "\ub300\uba74",
            "lctrmInfo": "\uc81c5\ud638\uad00",
            "lctreLnggeSctcd": null,
            "crseNo": "CDEE0336-001",
            "estblUnivNm": "\uacfc\ud559\uae30\uc220\ub300\ud559",
            "estblDprtnNm": "\uac74\uc124\ubc29\uc7ac\uacf5\ud559\ubd80 \uac74\uc124\ud658\uacbd\uacf5\ud559\uc804\uacf5",
            "estblYear": "2022",
            "estblDprtnCd": "1U0102",
            "estblSmstrSctnm": "1\ud559\uae30",
            "estblSmstrSctcd": "CMBS001400001",
            "estblGrade": "4",
            "sbjetSctnm": "\uc804\uacf5",
            "sbjetNm": "\uac74\uc124\ud658\uacbd \uacf5\uc815 \ubc0f \uc2dc\uc2a4\ud15c \uc124\uacc4",
            "sbjetDvnno": "001",
            "sbjetCd": "CDEE0336",
            "gubun": null,
            "pckgeRqstPssblYn": "Y",
            "pckgeRqstCnt": "26",
            "name": null,
            "rmrk": "\uc0c1\uc8fc\ucea0\ud37c\uc2a4<br>",
            "appcrCnt": "24",
            "attlcPrscpCnt": "40",
            "lssnsTimeInfo": "\uc218 6A,6B<br/>\uc218 7A,7B<br/>\uc218 8A,8B<br/>\uc218 9A,9B",
            "lssnsRealTimeInfo": "\uc218 14:00 ~ 15:00<br/>\uc218 15:00 ~ 16:00<br/>\uc218 16:00 ~ 17:00<br/>\uc218 17:00 ~ 18:00",
            "prctsTime": "2",
            "doPlan": "Kor",
            "thryTime": "2",
            "totalPrfssNm": "\uc7a5\ubbf8\ud5a5",
            "mngetEstblYn": "Y",
            "code": null,
            "crdit": "3",
            "expniSllbsYn": "N",
            "bldngSn": null,
            "bldngCd": null,
            "bldngNm": null,
            "lssnsLcttmUntcd": null,
            "sbjetSctcd2": null,
            "rmnmCd": "406",
            "isApi": null,
            "paging": false,
            "rowStatus": "R",
            "pageSort": null
        },
        {
            "rowIndex": 0,
            "success": false,
            "message": null,
            "pageSize": 100,
            "pageNum": 1,
            "lctreMthodNm": "\ub300\uba74",
            "lctrmInfo": "\uc81c5\ud638\uad00",
            "lctreLnggeSctcd": null,
            "crseNo": "ARUE0354-001",
            "estblUnivNm": "\uacfc\ud559\uae30\uc220\ub300\ud559",
            "estblDprtnNm": "\uac74\uc124\ubc29\uc7ac\uacf5\ud559\ubd80 \uac74\uc124\ud658\uacbd\uacf5\ud559\uc804\uacf5",
            "estblYear": "2022",
            "estblDprtnCd": "1U0102",
            "estblSmstrSctnm": "1\ud559\uae30",
            "estblSmstrSctcd": "CMBS001400001",
            "estblGrade": "2",
            "sbjetSctnm": "\uc804\uacf5",
            "sbjetNm": "\uc0c1\uc218\ub3c4\uc2e4\ud5d8",
            "sbjetDvnno": "001",
            "sbjetCd": "ARUE0354",
            "gubun": null,
            "pckgeRqstPssblYn": "Y",
            "pckgeRqstCnt": "7",
            "name": null,
            "rmrk": "\uc0c1\uc8fc\ucea0\ud37c\uc2a4<br>",
            "appcrCnt": "18",
            "attlcPrscpCnt": "20",
            "lssnsTimeInfo": "\ud654 6A,6B<br/>\ud654 7A,7B<br/>\ud654 8A,8B<br/>\ud654 9A,9B",
            "lssnsRealTimeInfo": "\ud654 14:00 ~ 15:00<br/>\ud654 15:00 ~ 16:00<br/>\ud654 16:00 ~ 17:00<br/>\ud654 17:00 ~ 18:00",
            "prctsTime": "2",
            "doPlan": "Kor",
            "thryTime": "2",
            "totalPrfssNm": "\ud604\uae38\uc218",
            "mngetEstblYn": "Y",
            "code": null,
            "crdit": "3",
            "expniSllbsYn": "N",
            "bldngSn": null,
            "bldngCd": null,
            "bldngNm": null,
            "lssnsLcttmUntcd": null,
            "sbjetSctcd2": null,
            "rmnmCd": "106106-1",
            "isApi": null,
            "paging": false,
            "rowStatus": "R",
            "pageSort": null
        },
        {
            "rowIndex": 0,
            "success": false,
            "message": null,
            "pageSize": 100,
            "pageNum": 1,
            "lctreMthodNm": "\ub300\uba74",
            "lctrmInfo": "\uc81c5\ud638\uad00",
            "lctreLnggeSctcd": null,
            "crseNo": "CDEE0457-001",
            "estblUnivNm": "\uacfc\ud559\uae30\uc220\ub300\ud559",
            "estblDprtnNm": "\uac74\uc124\ubc29\uc7ac\uacf5\ud559\ubd80 \uac74\uc124\ud658\uacbd\uacf5\ud559\uc804\uacf5",
            "estblYear": "2022",
            "estblDprtnCd": "1U0102",
            "estblSmstrSctnm": "1\ud559\uae30",
            "estblSmstrSctcd": "CMBS001400001",
            "estblGrade": "3",
            "sbjetSctnm": "\uc804\uacf5",
            "sbjetNm": "\uc218\uc9c8\uc624\uc5fc\ubc29\uc9c0\uc2e4\ubb34",
            "sbjetDvnno": "001",
            "sbjetCd": "CDEE0457",
            "gubun": null,
            "pckgeRqstPssblYn": "Y",
            "pckgeRqstCnt": "12",
            "name": null,
            "rmrk": "\uc0c1\uc8fc\ucea0\ud37c\uc2a4<br>",
            "appcrCnt": "13",
            "attlcPrscpCnt": "40",
            "lssnsTimeInfo": "\uc218 6A,6B<br/>\uc218 7A,7B<br/>\uc218 8A,8B<br/>\uc218 9A,9B",
            "lssnsRealTimeInfo": "\uc218 14:00 ~ 15:00<br/>\uc218 15:00 ~ 16:00<br/>\uc218 16:00 ~ 17:00<br/>\uc218 17:00 ~ 18:00",
            "prctsTime": "2",
            "doPlan": "Kor",
            "thryTime": "2",
            "totalPrfssNm": "\ud604\uae38\uc218",
            "mngetEstblYn": "Y",
            "code": null,
            "crdit": "3",
            "expniSllbsYn": "N",
            "bldngSn": null,
            "bldngCd": null,
            "bldngNm": null,
            "lssnsLcttmUntcd": null,
            "sbjetSctcd2": null,
            "rmnmCd": "411106-1",
            "isApi": null,
            "paging": false,
            "rowStatus": "R",
            "pageSort": null
        },
        {
            "rowIndex": 0,
            "success": false,
            "message": null,
            "pageSize": 100,
            "pageNum": 1,
            "lctreMthodNm": "\ub300\uba74",
            "lctrmInfo": "\uc81c5\ud638\uad00",
            "lctreLnggeSctcd": null,
            "crseNo": "ARUE0454-001",
            "estblUnivNm": "\uacfc\ud559\uae30\uc220\ub300\ud559",
            "estblDprtnNm": "\uac74\uc124\ubc29\uc7ac\uacf5\ud559\ubd80 \uac74\uc124\ud658\uacbd\uacf5\ud559\uc804\uacf5",
            "estblYear": "2022",
            "estblDprtnCd": "1U0102",
            "estblSmstrSctnm": "1\ud559\uae30",
            "estblSmstrSctcd": "CMBS001400001",
            "estblGrade": "3",
            "sbjetSctnm": "\uc804\uacf5",
            "sbjetNm": "\ud3d0\uae30\ubb3c\ucc98\ub9ac\uacf5\ud559",
            "sbjetDvnno": "001",
            "sbjetCd": "ARUE0454",
            "gubun": null,
            "pckgeRqstPssblYn": "Y",
            "pckgeRqstCnt": "16",
            "name": null,
            "rmrk": "\uc0c1\uc8fc\ucea0\ud37c\uc2a4<br>",
            "appcrCnt": "20",
            "attlcPrscpCnt": "40",
            "lssnsTimeInfo": "\ud654 1A,1B,2A<br/>\ubaa9 2B,3A,3B",
            "lssnsRealTimeInfo": "\ud654 09:00 ~ 10:30<br/>\ubaa9 10:30 ~ 12:00",
            "prctsTime": "0",
            "doPlan": "Kor",
            "thryTime": "3",
            "totalPrfssNm": "\uc774\uc2b9\uc724",
            "mngetEstblYn": "Y",
            "code": null,
            "crdit": "3",
            "expniSllbsYn": "N",
            "bldngSn": null,
            "bldngCd": null,
            "bldngNm": null,
            "lssnsLcttmUntcd": null,
            "sbjetSctcd2": null,
            "rmnmCd": "114",
            "isApi": null,
            "paging": false,
            "rowStatus": "R",
            "pageSort": null
        },
        {
            "rowIndex": 0,
            "success": false,
            "message": null,
            "pageSize": 100,
            "pageNum": 1,
            "lctreMthodNm": "\ub300\uba74",
            "lctrmInfo": "\uc81c5\ud638\uad00",
            "lctreLnggeSctcd": null,
            "crseNo": "CDEE0463-001",
            "estblUnivNm": "\uacfc\ud559\uae30\uc220\ub300\ud559",
            "estblDprtnNm": "\uac74\uc124\ubc29\uc7ac\uacf5\ud559\ubd80 \uac74\uc124\ud658\uacbd\uacf5\ud559\uc804\uacf5",
            "estblYear": "2022",
            "estblDprtnCd": "1U0102",
            "estblSmstrSctnm": "1\ud559\uae30",
            "estblSmstrSctcd": "CMBS001400001",
            "estblGrade": "2",
            "sbjetSctnm": "\uc804\uacf5\ud544\uc218",
            "sbjetNm": "\uac74\uc124\ud658\uacbd \ud504\ub85c\uadf8\ub798\ubc0d",
            "sbjetDvnno": "001",
            "sbjetCd": "CDEE0463",
            "gubun": null,
            "pckgeRqstPssblYn": "Y",
            "pckgeRqstCnt": "14",
            "name": null,
            "rmrk": "\uc0c1\uc8fc\ucea0\ud37c\uc2a4<br>",
            "appcrCnt": "19",
            "attlcPrscpCnt": "20",
            "lssnsTimeInfo": "\uc6d4 4A,4B<br/>\uc6d4 5A,5B<br/>\uc6d4 6A,6B<br/>\uc6d4 7A,7B",
            "lssnsRealTimeInfo": "\uc6d4 12:00 ~ 13:00<br/>\uc6d4 13:00 ~ 14:00<br/>\uc6d4 14:00 ~ 15:00<br/>\uc6d4 15:00 ~ 16:00",
            "prctsTime": "2",
            "doPlan": "Kor",
            "thryTime": "2",
            "totalPrfssNm": "\uae40\uc7ac\uc778",
            "mngetEstblYn": "Y",
            "code": null,
            "crdit": "3",
            "expniSllbsYn": "N",
            "bldngSn": null,
            "bldngCd": null,
            "bldngNm": null,
            "lssnsLcttmUntcd": null,
            "sbjetSctcd2": null,
            "rmnmCd": "406",
            "isApi": null,
            "paging": false,
            "rowStatus": "R",
            "pageSort": null
        }
    ],
    "statusCode": 200
}