{
    "timestamp": "2022-04-28T23:14:41.199",
    "success": true,
    "code": null,
    "msg": null,
    "data": [
        {
            "rowIndex": 0,
            "success": false,
            "message": null,
            "pageSize": 100,
            "pageNum": 1,
            "lctreMthodNm": "\ub300\uba74",
            "lctrmInfo": "\uc870\ud615\uad00(\uc81c3\ud569\ub3d9\uac15\uc758\ub3d9)",
            "lctreLnggeSctcd": null,
            "crseNo": "CLTR0638-002",
            "estblUnivNm": "\uc608\uc220\ub300\ud559",
            "estblDprtnNm": "\ub514\uc790\uc778\ud559\uacfc",
            "estblYear": "2022",
            "estblDprtnCd": "1806",
            "estblSmstrSctnm": "1\ud559\uae30",
            "estblSmstrSctcd": "CMBS001400001",
            "estblGrade": "*",
            "sbjetSctnm": "\uad50\uc591",
            "sbjetNm": "\ub514\uc790\uc778? \ub514\uc790\uc778!",
            "sbjetDvnno": "002",
            "sbjetCd": "CLTR0638",
            "gubun": null,
            "pckgeRqstPssblYn": "Y",
            "pckgeRqstCnt": "107",
            "name": null,
            "rmrk": "\uc804\ud559\ub144\uc120\ud0dd<br>",
            "appcrCnt": "88",
            "attlcPrscpCnt": "95",
            "lssnsTimeInfo": "\uc218 8B,9A,9B<br/>\uae08 8B,9A,9B",
            "lssnsRealTimeInfo": "\uc218 16:30 ~ 18:00<br/>\uae08 16:30 ~ 18:00",
            "prctsTime": "0",
            "doPlan": "Kor",
            "thryTime": "3",
            "totalPrfssNm": "\uc870\ucca0\ud76c",
            "mngetEstblYn": "Y",
            "code": null,
            "crdit": "3",
            "expniSllbsYn": "N",
            "bldngSn": null,
            "bldngCd": null,
            "bldngNm": null,
            "lssnsLcttmUntcd": null,
            "sbjetSctcd2": null,
            "rmnmCd": "102",
            "isApi": null,
            "paging": false,
            "rowStatus": "R",
            "pageSort": null
        },
        {
            "rowIndex": 0,
            "success": false,
            "message": null,
            "pageSize": 100,
            "pageNum": 1,
            "lctreMthodNm": "\ub300\uba74",
            "lctrmInfo": "\uc870\ud615\uad00(\uc81c3\ud569\ub3d9\uac15\uc758\ub3d9)",
            "lctreLnggeSctcd": null,
            "crseNo": "DYFI0222-001",
            "estblUnivNm": "\uc608\uc220\ub300\ud559",
            "estblDprtnNm": "\ub514\uc790\uc778\ud559\uacfc",
            "estblYear": "2022",
            "estblDprtnCd": "1806",
            "estblSmstrSctnm": "1\ud559\uae30",
            "estblSmstrSctcd": "CMBS001400001",
            "estblGrade": "3",
            "sbjetSctnm": "\uc804\uacf5",
            "sbjetNm": "\ub514\uc790\uc778\uac1c\ub860",
            "sbjetDvnno": "001",
            "sbjetCd": "DYFI0222",
            "gubun": null,
            "pckgeRqstPssblYn": "Y",
            "pckgeRqstCnt": "19",
            "name": null,
            "rmrk": null,
            "appcrCnt": "24",
            "attlcPrscpCnt": "70",
            "lssnsTimeInfo": "\ud654 2A,2B<br/>\ud654 3A,3B",
            "lssnsRealTimeInfo": "\ud654 10:00 ~ 11:00<br/>\ud654 11:00 ~ 12:00",
            "prctsTime": "0",
            "doPlan": "Kor",
            "thryTime": "2",
            "totalPrfssNm": "\ub0a8\uc131\ubaa9",
            "mngetEstblYn": "Y",
            "code": null,
            "crdit": "2",
            "expniSllbsYn": "N",
            "bldngSn": null,
            "bldngCd": null,
            "bldngNm": null,
            "lssnsLcttmUntcd": null,
            "sbjetSctcd2": null,
            "rmnmCd": "102",
            "isApi": null,
            "paging": false,
            "rowStatus": "R",
            "pageSort": null
        },
        {
            "rowIndex": 0,
            "success": false,
            "message": null,
            "pageSize": 100,
            "pageNum": 1,
            "lctreMthodNm": "\ub300\uba74",
            "lctrmInfo": "\uc870\ud615\uad00(\uc81c3\ud569\ub3d9\uac15\uc758\ub3d9)",
            "lctreLnggeSctcd": null,
            "crseNo": "VICD0246-001",
            "estblUnivNm": "\uc608\uc220\ub300\ud559",
            "estblDprtnNm": "\ub514\uc790\uc778\ud559\uacfc",
            "estblYear": "2022",
            "estblDprtnCd": "1806",
            "estblSmstrSctnm": "1\ud559\uae30",
            "estblSmstrSctcd": "CMBS001400001",
            "estblGrade": "4",
            "sbjetSctnm": "\uc804\uacf5",
            "sbjetNm": "\uc778\ud3ec\uba54\uc774\uc158\ub514\uc790\uc7782",
            "sbjetDvnno": "001",
            "sbjetCd": "VICD0246",
            "gubun": null,
            "pckgeRqstPssblYn": "Y",
            "pckgeRqstCnt": "12",
            "name": null,
            "rmrk": null,
            "appcrCnt": "13",
            "attlcPrscpCnt": "35",
            "lssnsTimeInfo": "\ud654 5A,5B<br/>\ud654 6A,6B<br/>\ud654 7A,7B",
            "lssnsRealTimeInfo": "\ud654 13:00 ~ 14:00<br/>\ud654 14:00 ~ 15:00<br/>\ud654 15:00 ~ 16:00",
            "prctsTime": "3",
            "doPlan": "Kor",
            "thryTime": "0",
            "totalPrfssNm": "\uc774\uacbd\uc6a9",
            "mngetEstblYn": "Y",
            "code": null,
            "crdit": "3",
            "expniSllbsYn": "N",
            "bldngSn": null,
            "bldngCd": null,
            "bldngNm": null,
            "lssnsLcttmUntcd": null,
            "sbjetSctcd2": null,
            "rmnmCd": "405",
            "isApi": null,
            "paging": false,
            "rowStatus": "R",
            "pageSort": null
        },
        {
            "rowIndex": 0,
            "success": false,
            "message": null,
            "pageSize": 100,
            "pageNum": 1,
            "lctreMthodNm": "\ub300\uba74",
            "lctrmInfo": "\uc870\ud615\uad00(\uc81c3\ud569\ub3d9\uac15\uc758\ub3d9)",
            "lctreLnggeSctcd": null,
            "crseNo": "ARTS0321-001",
            "estblUnivNm": "\uc608\uc220\ub300\ud559",
            "estblDprtnNm": "\ub514\uc790\uc778\ud559\uacfc",
            "estblYear": "2022",
            "estblDprtnCd": "1806",
            "estblSmstrSctnm": "1\ud559\uae30",
            "estblSmstrSctcd": "CMBS001400001",
            "estblGrade": "1",
            "sbjetSctnm": "\uc804\uacf5",
            "sbjetNm": "\uae30\ucd08\ub514\uc790\uc778 1",
            "sbjetDvnno": "001",
            "sbjetCd": "ARTS0321",
            "gubun": null,
            "pckgeRqstPssblYn": "N",
            "pckgeRqstCnt": "0",
            "name": null,
            "rmrk": null,
            "appcrCnt": "23",
            "attlcPrscpCnt": "23",
            "lssnsTimeInfo": "\uae08 7A,7B<br/>\uae08 8A,8B<br/>\uae08 9A,9B",
            "lssnsRealTimeInfo": "\uae08 15:00 ~ 16:00<br/>\uae08 16:00 ~ 17:00<br/>\uae08 17:00 ~ 18:00",
            "prctsTime": "3",
            "doPlan": "Kor",
            "thryTime": "0",
            "totalPrfssNm": "\ub0a8\uc131\ubaa9",
            "mngetEstblYn": "Y",
            "code": null,
            "crdit": "3",
            "expniSllbsYn": "N",
            "bldngSn": null,
            "bldngCd": null,
            "bldngNm": null,
            "lssnsLcttmUntcd": null,
            "sbjetSctcd2": null,
            "rmnmCd": "404",
            "isApi": null,
            "paging": false,
            "rowStatus": "R",
            "pageSort": null
        },
        {
            "rowIndex": 0,
            "success": false,
            "message": null,
            "pageSize": 100,
            "pageNum": 1,
            "lctreMthodNm": "\ub300\uba74",
            "lctrmInfo": "\uc870\ud615\uad00(\uc81c3\ud569\ub3d9\uac15\uc758\ub3d9)",
            "lctreLnggeSctcd": null,
            "crseNo": "VICD0244-001",
            "estblUnivNm": "\uc608\uc220\ub300\ud559",
            "estblDprtnNm": "\ub514\uc790\uc778\ud559\uacfc",
            "estblYear": "2022",
            "estblDprtnCd": "1806",
            "estblSmstrSctnm": "1\ud559\uae30",
            "estblSmstrSctcd": "CMBS001400001",
            "estblGrade": "4",
            "sbjetSctnm": "\uc804\uacf5\ud544\uc218",
            "sbjetNm": "\ucee4\ubba4\ub2c8\ucf00\uc774\uc158\ub514\uc790\uc7782",
            "sbjetDvnno": "001",
            "sbjetCd": "VICD0244",
            "gubun": null,
            "pckgeRqstPssblYn": "Y",
            "pckgeRqstCnt": "21",
            "name": null,
            "rmrk": null,
            "appcrCnt": "22",
            "attlcPrscpCnt": "35",
            "lssnsTimeInfo": "\uc6d4 6A,6B<br/>\uc6d4 7A,7B<br/>\uc6d4 8A,8B",
            "lssnsRealTimeInfo": "\uc6d4 14:00 ~ 15:00<br/>\uc6d4 15:00 ~ 16:00<br/>\uc6d4 16:00 ~ 17:00",
            "prctsTime": "3",
            "doPlan": "Kor",
            "thryTime": "0",
            "totalPrfssNm": "\uae40\uc131\ub144",
            "mngetEstblYn": "Y",
            "code": null,
            "crdit": "3",
            "expniSllbsYn": "N",
            "bldngSn": null,
            "bldngCd": null,
            "bldngNm": null,
            "lssnsLcttmUntcd": null,
            "sbjetSctcd2": null,
            "rmnmCd": "405",
            "isApi": null,
            "paging": false,
            "rowStatus": "R",
            "pageSort": null
        },
        {
            "rowIndex": 0,
            "success": false,
            "message": null,
            "pageSize": 100,
            "pageNum": 1,
            "lctreMthodNm": "\ub300\uba74",
            "lctrmInfo": "\uc870\ud615\uad00(\uc81c3\ud569\ub3d9\uac15\uc758\ub3d9)",
            "lctreLnggeSctcd": null,
            "crseNo": "VICD0223-001",
            "estblUnivNm": "\uc608\uc220\ub300\ud559",
            "estblDprtnNm": "\ub514\uc790\uc778\ud559\uacfc",
            "estblYear": "2022",
            "estblDprtnCd": "1806",
            "estblSmstrSctnm": "1\ud559\uae30",
            "estblSmstrSctcd": "CMBS001400001",
            "estblGrade": "1",
            "sbjetSctnm": "\uc804\uacf5",
            "sbjetNm": "\ub4dc\ub85c\uc789",
            "sbjetDvnno": "001",
            "sbjetCd": "VICD0223",
            "gubun": null,
            "pckgeRqstPssblYn": "N",
            "pckgeRqstCnt": "0",
            "name": null,
            "rmrk": null,
            "appcrCnt": "23",
            "attlcPrscpCnt": "23",
            "lssnsTimeInfo": "\ud654 7A,7B<br/>\ud654 8A,8B<br/>\ud654 9A,9B",
            "lssnsRealTimeInfo": "\ud654 15:00 ~ 16:00<br/>\ud654 16:00 ~ 17:00<br/>\ud654 17:00 ~ 18:00",
            "prctsTime": "3",
            "doPlan": "Kor",
            "thryTime": "0",
            "totalPrfssNm": "\uae40\ud61c\ubbfc",
            "mngetEstblYn": "Y",
            "code": null,
            "crdit": "3",
            "expniSllbsYn": "N",
            "bldngSn": null,
            "bldngCd": null,
            "bldngNm": null,
            "lssnsLcttmUntcd": null,
            "sbjetSctcd2": null,
            "rmnmCd": "404",
            "isApi": null,
            "paging": false,
            "rowStatus": "R",
            "pageSort": null
        },
        {
            "rowIndex": 0,
            "success": false,
            "message": null,
            "pageSize": 100,
            "pageNum": 1,
            "lctreMthodNm": "\ub300\uba74",
            "lctrmInfo": "\uc870\ud615\uad00(\uc81c3\ud569\ub3d9\uac15\uc758\ub3d9)",
            "lctreLnggeSctcd": null,
            "crseNo": "VICD0247-001",
            "estblUnivNm": "\uc608\uc220\ub300\ud559",
            "estblDprtnNm": "\ub514\uc790\uc778\ud559\uacfc",
            "estblYear": "2022",
            "estblDprtnCd": "1806",
            "estblSmstrSctnm": "1\ud559\uae30",
            "estblSmstrSctcd": "CMBS001400001",
            "estblGrade": "4",
            "sbjetSctnm": "\uc804\uacf5\ud544\uc218",
            "sbjetNm": "\ud328\ud0a4\uc9c0\ub514\uc790\uc778",
            "sbjetDvnno": "001",
            "sbjetCd": "VICD0247",
            "gubun": null,
            "pckgeRqstPssblYn": "Y",
            "pckgeRqstCnt": "22",
            "name": null,
            "rmrk": null,
            "appcrCnt": "23",
            "attlcPrscpCnt": "35",
            "lssnsTimeInfo": "\uc218 5A,5B<br/>\uc218 6A,6B<br/>\uc218 7A,7B",
            "lssnsRealTimeInfo": "\uc218 13:00 ~ 14:00<br/>\uc218 14:00 ~ 15:00<br/>\uc218 15:00 ~ 16:00",
            "prctsTime": "3",
            "doPlan": "Kor",
            "thryTime": "0",
            "totalPrfssNm": "\uc870\ucca0\ud76c",
            "mngetEstblYn": "Y",
            "code": null,
            "crdit": "3",
            "expniSllbsYn": "N",
            "bldngSn": null,
            "bldngCd": null,
            "bldngNm": null,
            "lssnsLcttmUntcd": null,
            "sbjetSctcd2": null,
            "rmnmCd": "405",
            "isApi": null,
            "paging": false,
            "rowStatus": "R",
            "pageSort": null
        },
        {
            "rowIndex": 0,
            "success": false,
            "message": null,
            "pageSize": 100,
            "pageNum": 1,
            "lctreMthodNm": "\ub300\uba74",
            "lctrmInfo": "\uc870\ud615\uad00(\uc81c3\ud569\ub3d9\uac15\uc758\ub3d9)",
            "lctreLnggeSctcd": null,
            "crseNo": "VICD0416-001",
            "estblUnivNm": "\uc608\uc220\ub300\ud559",
            "estblDprtnNm": "\ub514\uc790\uc778\ud559\uacfc",
            "estblYear": "2022",
            "estblDprtnCd": "1806",
            "estblSmstrSctnm": "1\ud559\uae30",
            "estblSmstrSctcd": "CMBS001400001",
            "estblGrade": "3",
            "sbjetSctnm": "\uc804\uacf5\ud544\uc218",
            "sbjetNm": "\uc5d0\ub514\ud1a0\ub9ac\uc5bc\ub514\uc790\uc7781",
            "sbjetDvnno": "001",
            "sbjetCd": "VICD0416",
            "gubun": null,
            "pckgeRqstPssblYn": "Y",
            "pckgeRqstCnt": "15",
            "name": null,
            "rmrk": null,
            "appcrCnt": "17",
            "attlcPrscpCnt": "30",
            "lssnsTimeInfo": "\uc6d4 6A,6B<br/>\uc6d4 7A,7B<br/>\uc6d4 8A,8B",
            "lssnsRealTimeInfo": "\uc6d4 14:00 ~ 15:00<br/>\uc6d4 15:00 ~ 16:00<br/>\uc6d4 16:00 ~ 17:00",
            "prctsTime": "3",
            "doPlan": "Kor",
            "thryTime": "0",
            "totalPrfssNm": "\ud64d\uc21c\uc0c1",
            "mngetEstblYn": "Y",
            "code": null,
            "crdit": "3",
            "expniSllbsYn": "N",
            "bldngSn": null,
            "bldngCd": null,
            "bldngNm": null,
            "lssnsLcttmUntcd": null,
            "sbjetSctcd2": null,
            "rmnmCd": "403",
            "isApi": null,
            "paging": false,
            "rowStatus": "R",
            "pageSort": null
        },
        {
            "rowIndex": 0,
            "success": false,
            "message": null,
            "pageSize": 100,
            "pageNum": 1,
            "lctreMthodNm": "\ub300\uba74",
            "lctrmInfo": "\uc870\ud615\uad00(\uc81c3\ud569\ub3d9\uac15\uc758\ub3d9)",
            "lctreLnggeSctcd": null,
            "crseNo": "ARTS0406-001",
            "estblUnivNm": "\uc608\uc220\ub300\ud559",
            "estblDprtnNm": "\ub514\uc790\uc778\ud559\uacfc",
            "estblYear": "2022",
            "estblDprtnCd": "1806",
            "estblSmstrSctnm": "1\ud559\uae30",
            "estblSmstrSctcd": "CMBS001400001",
            "estblGrade": "2",
            "sbjetSctnm": "\uc804\uacf5",
            "sbjetNm": "\ub514\uc790\uc778\uc0ac",
            "sbjetDvnno": "001",
            "sbjetCd": "ARTS0406",
            "gubun": null,
            "pckgeRqstPssblYn": "Y",
            "pckgeRqstCnt": "30",
            "name": null,
            "rmrk": null,
            "appcrCnt": "63",
            "attlcPrscpCnt": "70",
            "lssnsTimeInfo": "\uc6d4 2A,2B<br/>\uc6d4 3A,3B",
            "lssnsRealTimeInfo": "\uc6d4 10:00 ~ 11:00<br/>\uc6d4 11:00 ~ 12:00",
            "prctsTime": "0",
            "doPlan": "Kor",
            "thryTime": "2",
            "totalPrfssNm": "\uc774\uc8fc\ud604",
            "mngetEstblYn": "Y",
            "code": null,
            "crdit": "2",
            "expniSllbsYn": "N",
            "bldngSn": null,
            "bldngCd": null,
            "bldngNm": null,
            "lssnsLcttmUntcd": null,
            "sbjetSctcd2": null,
            "rmnmCd": "102",
            "isApi": null,
            "paging": false,
            "rowStatus": "R",
            "pageSort": null
        },
        {
            "rowIndex": 0,
            "success": false,
            "message": null,
            "pageSize": 100,
            "pageNum": 1,
            "lctreMthodNm": "\ub300\uba74",
            "lctrmInfo": "\uc870\ud615\uad00(\uc81c3\ud569\ub3d9\uac15\uc758\ub3d9)",
            "lctreLnggeSctcd": null,
            "crseNo": "VICD0225-001",
            "estblUnivNm": "\uc608\uc220\ub300\ud559",
            "estblDprtnNm": "\ub514\uc790\uc778\ud559\uacfc",
            "estblYear": "2022",
            "estblDprtnCd": "1806",
            "estblSmstrSctnm": "1\ud559\uae30",
            "estblSmstrSctcd": "CMBS001400001",
            "estblGrade": "2",
            "sbjetSctnm": "\uc804\uacf5\ud544\uc218",
            "sbjetNm": "\ud0c0\uc774\ud3ec\uadf8\ub798\ud53c1",
            "sbjetDvnno": "001",
            "sbjetCd": "VICD0225",
            "gubun": null,
            "pckgeRqstPssblYn": "Y",
            "pckgeRqstCnt": "13",
            "name": null,
            "rmrk": null,
            "appcrCnt": "16",
            "attlcPrscpCnt": "30",
            "lssnsTimeInfo": "\ud654 6A,6B<br/>\ud654 7A,7B<br/>\ud654 8A,8B",
            "lssnsRealTimeInfo": "\ud654 14:00 ~ 15:00<br/>\ud654 15:00 ~ 16:00<br/>\ud654 16:00 ~ 17:00",
            "prctsTime": "3",
            "doPlan": "Kor",
            "thryTime": "0",
            "totalPrfssNm": "\ud64d\uc21c\uc0c1",
            "mngetEstblYn": "Y",
            "code": null,
            "crdit": "3",
            "expniSllbsYn": "N",
            "bldngSn": null,
            "bldngCd": null,
            "bldngNm": null,
            "lssnsLcttmUntcd": null,
            "sbjetSctcd2": null,
            "rmnmCd": "401",
            "isApi": null,
            "paging": false,
            "rowStatus": "R",
            "pageSort": null
        },
        {
            "rowIndex": 0,
            "success": false,
            "message": null,
            "pageSize": 100,
            "pageNum": 1,
            "lctreMthodNm": "\ub300\uba74",
            "lctrmInfo": "\uc870\ud615\uad00(\uc81c3\ud569\ub3d9\uac15\uc758\ub3d9)",
            "lctreLnggeSctcd": null,
            "crseNo": "VICD0232-001",
            "estblUnivNm": "\uc608\uc220\ub300\ud559",
            "estblDprtnNm": "\ub514\uc790\uc778\ud559\uacfc",
            "estblYear": "2022",
            "estblDprtnCd": "1806",
            "estblSmstrSctnm": "1\ud559\uae30",
            "estblSmstrSctcd": "CMBS001400001",
            "estblGrade": "2",
            "sbjetSctnm": "\uc804\uacf5",
            "sbjetNm": "\ud3ec\ud1a0\uadf8\ub798\ud53c1",
            "sbjetDvnno": "001",
            "sbjetCd": "VICD0232",
            "gubun": null,
            "pckgeRqstPssblYn": "Y",
            "pckgeRqstCnt": "5",
            "name": null,
            "rmrk": null,
            "appcrCnt": "8",
            "attlcPrscpCnt": "30",
            "lssnsTimeInfo": "\uae08 6A,6B<br/>\uae08 7A,7B<br/>\uae08 8A,8B",
            "lssnsRealTimeInfo": "\uae08 14:00 ~ 15:00<br/>\uae08 15:00 ~ 16:00<br/>\uae08 16:00 ~ 17:00",
            "prctsTime": "3",
            "doPlan": "Kor",
            "thryTime": "0",
            "totalPrfssNm": "\ud669\uc778\ubaa8",
            "mngetEstblYn": "Y",
            "code": null,
            "crdit": "3",
            "expniSllbsYn": "N",
            "bldngSn": null,
            "bldngCd": null,
            "bldngNm": null,
            "lssnsLcttmUntcd": null,
            "sbjetSctcd2": null,
            "rmnmCd": "401",
            "isApi": null,
            "paging": false,
            "rowStatus": "R",
            "pageSort": null
        },
        {
            "rowIndex": 0,
            "success": false,
            "message": null,
            "pageSize": 100,
            "pageNum": 1,
            "lctreMthodNm": "\ub300\uba74",
            "lctrmInfo": "\uc0ac\ubc94\ub300\ud559",
            "lctreLnggeSctcd": null,
            "crseNo": "CLTR0041-019",
            "estblUnivNm": "\uc608\uc220\ub300\ud559",
            "estblDprtnNm": "\ub514\uc790\uc778\ud559\uacfc",
            "estblYear": "2022",
            "estblDprtnCd": "1806",
            "estblSmstrSctnm": "1\ud559\uae30",
            "estblSmstrSctcd": "CMBS001400001",
            "estblGrade": "1",
            "sbjetSctnm": "\uad50\uc591",
            "sbjetNm": "\ud55c\uad6d\uc0ac",
            "sbjetDvnno": "019",
            "sbjetCd": "CLTR0041",
            "gubun": null,
            "pckgeRqstPssblYn": "N",
            "pckgeRqstCnt": "0",
            "name": null,
            "rmrk": "<b>\uc778\ubb38\uad50\uc591</b><br>",
            "appcrCnt": "68",
            "attlcPrscpCnt": "70",
            "lssnsTimeInfo": "\uc218 1A,1B,2A<br/>\uae08 2B,3A,3B",
            "lssnsRealTimeInfo": "\uc218 09:00 ~ 10:30<br/>\uae08 10:30 ~ 12:00",
            "prctsTime": "0",
            "doPlan": "Kor",
            "thryTime": "3",
            "totalPrfssNm": "\uc548\uc8fc\ud64d",
            "mngetEstblYn": "N",
            "code": null,
            "crdit": "3",
            "expniSllbsYn": "N",
            "bldngSn": null,
            "bldngCd": null,
            "bldngNm": null,
            "lssnsLcttmUntcd": null,
            "sbjetSctcd2": null,
            "rmnmCd": "216",
            "isApi": null,
            "paging": false,
            "rowStatus": "R",
            "pageSort": null
        },
        {
            "rowIndex": 0,
            "success": false,
            "message": null,
            "pageSize": 100,
            "pageNum": 1,
            "lctreMthodNm": "\ub300\uba74",
            "lctrmInfo": "\uc870\ud615\uad00(\uc81c3\ud569\ub3d9\uac15\uc758\ub3d9)",
            "lctreLnggeSctcd": null,
            "crseNo": "VICD0213-001",
            "estblUnivNm": "\uc608\uc220\ub300\ud559",
            "estblDprtnNm": "\ub514\uc790\uc778\ud559\uacfc",
            "estblYear": "2022",
            "estblDprtnCd": "1806",
            "estblSmstrSctnm": "1\ud559\uae30",
            "estblSmstrSctcd": "CMBS001400001",
            "estblGrade": "1",
            "sbjetSctnm": "\uc804\uacf5",
            "sbjetNm": "\ucef4\ud4e8\ud130\uadf8\ub798\ud53d\uc2a41",
            "sbjetDvnno": "001",
            "sbjetCd": "VICD0213",
            "gubun": null,
            "pckgeRqstPssblYn": "N",
            "pckgeRqstCnt": "0",
            "name": null,
            "rmrk": null,
            "appcrCnt": "24",
            "attlcPrscpCnt": "23",
            "lssnsTimeInfo": "\uc6d4 6A,6B<br/>\uc6d4 7A,7B<br/>\uc6d4 8A,8B",
            "lssnsRealTimeInfo": "\uc6d4 14:00 ~ 15:00<br/>\uc6d4 15:00 ~ 16:00<br/>\uc6d4 16:00 ~ 17:00",
            "prctsTime": "3",
            "doPlan": "Kor",
            "thryTime": "0",
            "totalPrfssNm": "\uae40\uc900\ud615",
            "mngetEstblYn": "Y",
            "code": null,
            "crdit": "3",
            "expniSllbsYn": "N",
            "bldngSn": null,
            "bldngCd": null,
            "bldngNm": null,
            "lssnsLcttmUntcd": null,
            "sbjetSctcd2": null,
            "rmnmCd": "404",
            "isApi": null,
            "paging": false,
            "rowStatus": "R",
            "pageSort": null
        },
        {
            "rowIndex": 0,
            "success": false,
            "message": null,
            "pageSize": 100,
            "pageNum": 1,
            "lctreMthodNm": "\ub300\uba74",
            "lctrmInfo": "\uc870\ud615\uad00(\uc81c3\ud569\ub3d9\uac15\uc758\ub3d9)",
            "lctreLnggeSctcd": null,
            "crseNo": "VICD0227-001",
            "estblUnivNm": "\uc608\uc220\ub300\ud559",
            "estblDprtnNm": "\ub514\uc790\uc778\ud559\uacfc",
            "estblYear": "2022",
            "estblDprtnCd": "1806",
            "estblSmstrSctnm": "1\ud559\uae30",
            "estblSmstrSctcd": "CMBS001400001",
            "estblGrade": "2",
            "sbjetSctnm": "\uc804\uacf5\ud544\uc218",
            "sbjetNm": "UX\ub514\uc790\uc7781",
            "sbjetDvnno": "001",
            "sbjetCd": "VICD0227",
            "gubun": null,
            "pckgeRqstPssblYn": "Y",
            "pckgeRqstCnt": "13",
            "name": null,
            "rmrk": null,
            "appcrCnt": "16",
            "attlcPrscpCnt": "30",
            "lssnsTimeInfo": "\uc6d4 6A,6B<br/>\uc6d4 7A,7B<br/>\uc6d4 8A,8B",
            "lssnsRealTimeInfo": "\uc6d4 14:00 ~ 15:00<br/>\uc6d4 15:00 ~ 16:00<br/>\uc6d4 16:00 ~ 17:00",
            "prctsTime": "3",
            "doPlan": "Kor",
            "thryTime": "0",
            "totalPrfssNm": "\uc870\ucca0\ud76c",
            "mngetEstblYn": "Y",
            "code": null,
            "crdit": "3",
            "expniSllbsYn": "N",
            "bldngSn": null,
            "bldngCd": null,
            "bldngNm": null,
            "lssnsLcttmUntcd": null,
            "sbjetSctcd2": null,
            "rmnmCd": "401",
            "isApi": null,
            "paging": false,
            "rowStatus": "R",
            "pageSort": null
        },
        {
            "rowIndex": 0,
            "success": false,
            "message": null,
            "pageSize": 100,
            "pageNum": 1,
            "lctreMthodNm": "\ub300\uba74",
            "lctrmInfo": "\uc870\ud615\uad00(\uc81c3\ud569\ub3d9\uac15\uc758\ub3d9)",
            "lctreLnggeSctcd": null,
            "crseNo": "VICD0235-001",
            "estblUnivNm": "\uc608\uc220\ub300\ud559",
            "estblDprtnNm": "\ub514\uc790\uc778\ud559\uacfc",
            "estblYear": "2022",
            "estblDprtnCd": "1806",
            "estblSmstrSctnm": "1\ud559\uae30",
            "estblSmstrSctcd": "CMBS001400001",
            "estblGrade": "3",
            "sbjetSctnm": "\uc804\uacf5",
            "sbjetNm": "UX\ub514\uc790\uc7782",
            "sbjetDvnno": "001",
            "sbjetCd": "VICD0235",
            "gubun": null,
            "pckgeRqstPssblYn": "Y",
            "pckgeRqstCnt": "12",
            "name": null,
            "rmrk": null,
            "appcrCnt": "17",
            "attlcPrscpCnt": "30",
            "lssnsTimeInfo": "\ud654 6A,6B<br/>\ud654 7A,7B<br/>\ud654 8A,8B",
            "lssnsRealTimeInfo": "\ud654 14:00 ~ 15:00<br/>\ud654 15:00 ~ 16:00<br/>\ud654 16:00 ~ 17:00",
            "prctsTime": "3",
            "doPlan": "Kor",
            "thryTime": "0",
            "totalPrfssNm": "\uae40\uc900\ud615",
            "mngetEstblYn": "Y",
            "code": null,
            "crdit": "3",
            "expniSllbsYn": "N",
            "bldngSn": null,
            "bldngCd": null,
            "bldngNm": null,
            "lssnsLcttmUntcd": null,
            "sbjetSctcd2": null,
            "rmnmCd": "403",
            "isApi": null,
            "paging": false,
            "rowStatus": "R",
            "pageSort": null
        },
        {
            "rowIndex": 0,
            "success": false,
            "message": null,
            "pageSize": 100,
            "pageNum": 1,
            "lctreMthodNm": "\ub300\uba74",
            "lctrmInfo": "\uc870\ud615\uad00(\uc81c3\ud569\ub3d9\uac15\uc758\ub3d9)",
            "lctreLnggeSctcd": null,
            "crseNo": "VICD0437-001",
            "estblUnivNm": "\uc608\uc220\ub300\ud559",
            "estblDprtnNm": "\ub514\uc790\uc778\ud559\uacfc",
            "estblYear": "2022",
            "estblDprtnCd": "1806",
            "estblSmstrSctnm": "1\ud559\uae30",
            "estblSmstrSctcd": "CMBS001400001",
            "estblGrade": "4",
            "sbjetSctnm": "\uc804\uacf5",
            "sbjetNm": "\uc5d0\ub514\ud1a0\ub9ac\uc5bc\ub514\uc790\uc778 3",
            "sbjetDvnno": "001",
            "sbjetCd": "VICD0437",
            "gubun": null,
            "pckgeRqstPssblYn": "Y",
            "pckgeRqstCnt": "16",
            "name": null,
            "rmrk": null,
            "appcrCnt": "17",
            "attlcPrscpCnt": "35",
            "lssnsTimeInfo": "\ubaa9 6A,6B<br/>\ubaa9 7A,7B<br/>\ubaa9 8A,8B",
            "lssnsRealTimeInfo": "\ubaa9 14:00 ~ 15:00<br/>\ubaa9 15:00 ~ 16:00<br/>\ubaa9 16:00 ~ 17:00",
            "prctsTime": "3",
            "doPlan": "Kor",
            "thryTime": "0",
            "totalPrfssNm": "\ud64d\uc21c\uc0c1",
            "mngetEstblYn": "Y",
            "code": null,
            "crdit": "3",
            "expniSllbsYn": "N",
            "bldngSn": null,
            "bldngCd": null,
            "bldngNm": null,
            "lssnsLcttmUntcd": null,
            "sbjetSctcd2": null,
            "rmnmCd": "405",
            "isApi": null,
            "paging": false,
            "rowStatus": "R",
            "pageSort": null
        },
        {
            "rowIndex": 0,
            "success": false,
            "message": null,
            "pageSize": 100,
            "pageNum": 1,
            "lctreMthodNm": "\ub300\uba74",
            "lctrmInfo": "\uc870\ud615\uad00(\uc81c3\ud569\ub3d9\uac15\uc758\ub3d9)",
            "lctreLnggeSctcd": null,
            "crseNo": "VICD0571-001",
            "estblUnivNm": "\uc608\uc220\ub300\ud559",
            "estblDprtnNm": "\ub514\uc790\uc778\ud559\uacfc",
            "estblYear": "2022",
            "estblDprtnCd": "1806",
            "estblSmstrSctnm": "1\ud559\uae30",
            "estblSmstrSctcd": "CMBS001400001",
            "estblGrade": "3",
            "sbjetSctnm": "\uc804\uacf5",
            "sbjetNm": "\uad11\uace0\ub514\uc790\uc778",
            "sbjetDvnno": "001",
            "sbjetCd": "VICD0571",
            "gubun": null,
            "pckgeRqstPssblYn": "Y",
            "pckgeRqstCnt": "14",
            "name": null,
            "rmrk": null,
            "appcrCnt": "16",
            "attlcPrscpCnt": "30",
            "lssnsTimeInfo": "\uae08 5A,5B<br/>\uae08 6A,6B<br/>\uae08 7A,7B",
            "lssnsRealTimeInfo": "\uae08 13:00 ~ 14:00<br/>\uae08 14:00 ~ 15:00<br/>\uae08 15:00 ~ 16:00",
            "prctsTime": "3",
            "doPlan": "Kor",
            "thryTime": "0",
            "totalPrfssNm": "\uc870\ucca0\ud76c",
            "mngetEstblYn": "Y",
            "code": null,
            "crdit": "3",
            "expniSllbsYn": "N",
            "bldngSn": null,
            "bldngCd": null,
            "bldngNm": null,
            "lssnsLcttmUntcd": null,
            "sbjetSctcd2": null,
            "rmnmCd": "403",
            "isApi": null,
            "paging": false,
            "rowStatus": "R",
            "pageSort": null
        },
        {
            "rowIndex": 0,
            "success": false,
            "message": null,
            "pageSize": 100,
            "pageNum": 1,
            "lctreMthodNm": "\ub300\uba74",
            "lctrmInfo": "\uc870\ud615\uad00(\uc81c3\ud569\ub3d9\uac15\uc758\ub3d9)",
            "lctreLnggeSctcd": null,
            "crseNo": "VICD0531-001",
            "estblUnivNm": "\uc608\uc220\ub300\ud559",
            "estblDprtnNm": "\ub514\uc790\uc778\ud559\uacfc",
            "estblYear": "2022",
            "estblDprtnCd": "1806",
            "estblSmstrSctnm": "1\ud559\uae30",
            "estblSmstrSctcd": "CMBS001400001",
            "estblGrade": "2",
            "sbjetSctnm": "\uc804\uacf5",
            "sbjetNm": "\uc778\ud130\ub799\ud2f0\ube0c\ub514\uc790\uc778 1",
            "sbjetDvnno": "001",
            "sbjetCd": "VICD0531",
            "gubun": null,
            "pckgeRqstPssblYn": "Y",
            "pckgeRqstCnt": "10",
            "name": null,
            "rmrk": null,
            "appcrCnt": "14",
            "attlcPrscpCnt": "30",
            "lssnsTimeInfo": "\ubaa9 6A,6B<br/>\ubaa9 7A,7B<br/>\ubaa9 8A,8B",
            "lssnsRealTimeInfo": "\ubaa9 14:00 ~ 15:00<br/>\ubaa9 15:00 ~ 16:00<br/>\ubaa9 16:00 ~ 17:00",
            "prctsTime": "3",
            "doPlan": "Kor",
            "thryTime": "0",
            "totalPrfssNm": "\uae40\ud61c\ubbfc",
            "mngetEstblYn": "Y",
            "code": null,
            "crdit": "3",
            "expniSllbsYn": "N",
            "bldngSn": null,
            "bldngCd": null,
            "bldngNm": null,
            "lssnsLcttmUntcd": null,
            "sbjetSctcd2": null,
            "rmnmCd": "401",
            "isApi": null,
            "paging": false,
            "rowStatus": "R",
            "pageSort": null
        },
        {
            "rowIndex": 0,
            "success": false,
            "message": null,
            "pageSize": 100,
            "pageNum": 1,
            "lctreMthodNm": "\ub300\uba74",
            "lctrmInfo": "\uc870\ud615\uad00(\uc81c3\ud569\ub3d9\uac15\uc758\ub3d9)",
            "lctreLnggeSctcd": null,
            "crseNo": "ARTS0421-001",
            "estblUnivNm": "\uc608\uc220\ub300\ud559",
            "estblDprtnNm": "\ub514\uc790\uc778\ud559\uacfc",
            "estblYear": "2022",
            "estblDprtnCd": "1806",
            "estblSmstrSctnm": "1\ud559\uae30",
            "estblSmstrSctcd": "CMBS001400001",
            "estblGrade": "2",
            "sbjetSctnm": "\uc804\uacf5",
            "sbjetNm": "\uadf8\ub798\ud53d\ub514\uc790\uc778 1",
            "sbjetDvnno": "001",
            "sbjetCd": "ARTS0421",
            "gubun": null,
            "pckgeRqstPssblYn": "Y",
            "pckgeRqstCnt": "12",
            "name": null,
            "rmrk": null,
            "appcrCnt": "15",
            "attlcPrscpCnt": "30",
            "lssnsTimeInfo": "\uc218 6A,6B<br/>\uc218 7A,7B<br/>\uc218 8A,8B",
            "lssnsRealTimeInfo": "\uc218 14:00 ~ 15:00<br/>\uc218 15:00 ~ 16:00<br/>\uc218 16:00 ~ 17:00",
            "prctsTime": "3",
            "doPlan": "Kor",
            "thryTime": "0",
            "totalPrfssNm": "\uae40\uc131\ub144",
            "mngetEstblYn": "Y",
            "code": null,
            "crdit": "3",
            "expniSllbsYn": "N",
            "bldngSn": null,
            "bldngCd": null,
            "bldngNm": null,
            "lssnsLcttmUntcd": null,
            "sbjetSctcd2": null,
            "rmnmCd": "401",
            "isApi": null,
            "paging": false,
            "rowStatus": "R",
            "pageSort": null
        },
        {
            "rowIndex": 0,
            "success": false,
            "message": null,
            "pageSize": 100,
            "pageNum": 1,
            "lctreMthodNm": "\ub300\uba74",
            "lctrmInfo": "\uc870\ud615\uad00(\uc81c3\ud569\ub3d9\uac15\uc758\ub3d9)",
            "lctreLnggeSctcd": null,
            "crseNo": "CLTR0044-004",
            "estblUnivNm": "\uc608\uc220\ub300\ud559",
            "estblDprtnNm": "\ub514\uc790\uc778\ud559\uacfc",
            "estblYear": "2022",
            "estblDprtnCd": "1806",
            "estblSmstrSctnm": "1\ud559\uae30",
            "estblSmstrSctcd": "CMBS001400001",
            "estblGrade": "1",
            "sbjetSctnm": "\uad50\uc591",
            "sbjetNm": "\ucca0\ud559\uc758\uc774\ud574",
            "sbjetDvnno": "004",
            "sbjetCd": "CLTR0044",
            "gubun": null,
            "pckgeRqstPssblYn": "N",
            "pckgeRqstCnt": "0",
            "name": null,
            "rmrk": "<b>\uc778\ubb38\uad50\uc591</b><br>",
            "appcrCnt": "69",
            "attlcPrscpCnt": "70",
            "lssnsTimeInfo": "\uc6d4 2B,3A,3B<br/>\uae08 5B,6A,6B",
            "lssnsRealTimeInfo": "\uc6d4 10:30 ~ 12:00<br/>\uae08 13:30 ~ 15:00",
            "prctsTime": "0",
            "doPlan": "Kor",
            "thryTime": "3",
            "totalPrfssNm": "\ubc15\ub300\uc6d0",
            "mngetEstblYn": "N",
            "code": null,
            "crdit": "3",
            "expniSllbsYn": "N",
            "bldngSn": null,
            "bldngCd": null,
            "bldngNm": null,
            "lssnsLcttmUntcd": null,
            "sbjetSctcd2": null,
            "rmnmCd": "104",
            "isApi": null,
            "paging": false,
            "rowStatus": "R",
            "pageSort": null
        },
        {
            "rowIndex": 0,
            "success": false,
            "message": null,
            "pageSize": 100,
            "pageNum": 1,
            "lctreMthodNm": "\ub300\uba74",
            "lctrmInfo": "\uc870\ud615\uad00(\uc81c3\ud569\ub3d9\uac15\uc758\ub3d9)",
            "lctreLnggeSctcd": null,
            "crseNo": "VICD0532-001",
            "estblUnivNm": "\uc608\uc220\ub300\ud559",
            "estblDprtnNm": "\ub514\uc790\uc778\ud559\uacfc",
            "estblYear": "2022",
            "estblDprtnCd": "1806",
            "estblSmstrSctnm": "1\ud559\uae30",
            "estblSmstrSctcd": "CMBS001400001",
            "estblGrade": "3",
            "sbjetSctnm": "\uc804\uacf5\ud544\uc218",
            "sbjetNm": "\uc778\ud130\ub799\ud2f0\ube0c\ub514\uc790\uc778 2",
            "sbjetDvnno": "001",
            "sbjetCd": "VICD0532",
            "gubun": null,
            "pckgeRqstPssblYn": "Y",
            "pckgeRqstCnt": "14",
            "name": null,
            "rmrk": null,
            "appcrCnt": "17",
            "attlcPrscpCnt": "30",
            "lssnsTimeInfo": "\uc218 6A,6B<br/>\uc218 7A,7B<br/>\uc218 8A,8B",
            "lssnsRealTimeInfo": "\uc218 14:00 ~ 15:00<br/>\uc218 15:00 ~ 16:00<br/>\uc218 16:00 ~ 17:00",
            "prctsTime": "3",
            "doPlan": "Kor",
            "thryTime": "0",
            "totalPrfssNm": "\uc774\uacbd\uc6a9",
            "mngetEstblYn": "Y",
            "code": null,
            "crdit": "3",
            "expniSllbsYn": "N",
            "bldngSn": null,
            "bldngCd": null,
            "bldngNm": null,
            "lssnsLcttmUntcd": null,
            "sbjetSctcd2": null,
            "rmnmCd": "403",
            "isApi": null,
            "paging": false,
            "rowStatus": "R",
            "pageSort": null
        },
        {
            "rowIndex": 0,
            "success": false,
            "message": null,
            "pageSize": 100,
            "pageNum": 1,
            "lctreMthodNm": "\ub300\uba74",
            "lctrmInfo": "\uc870\ud615\uad00(\uc81c3\ud569\ub3d9\uac15\uc758\ub3d9)",
            "lctreLnggeSctcd": null,
            "crseNo": "CLTR0003-003",
            "estblUnivNm": "\uc608\uc220\ub300\ud559",
            "estblDprtnNm": "\ub514\uc790\uc778\ud559\uacfc",
            "estblYear": "2022",
            "estblDprtnCd": "1806",
            "estblSmstrSctnm": "1\ud559\uae30",
            "estblSmstrSctcd": "CMBS001400001",
            "estblGrade": "1",
            "sbjetSctnm": "\uad50\uc591",
            "sbjetNm": "\uc2e4\uc6a9\ud654\ubc95",
            "sbjetDvnno": "003",
            "sbjetCd": "CLTR0003",
            "gubun": null,
            "pckgeRqstPssblYn": "N",
            "pckgeRqstCnt": "0",
            "name": null,
            "rmrk": "<b>\uc778\ubb38\uad50\uc591</b><br>",
            "appcrCnt": "42",
            "attlcPrscpCnt": "70",
            "lssnsTimeInfo": "\ud654 5B,6A,6B<br/>\ubaa9 5B,6A,6B",
            "lssnsRealTimeInfo": "\ud654 13:30 ~ 15:00<br/>\ubaa9 13:30 ~ 15:00",
            "prctsTime": "0",
            "doPlan": "Kor",
            "thryTime": "3",
            "totalPrfssNm": "\ubc15\uc18c\uc740",
            "mngetEstblYn": "Y",
            "code": null,
            "crdit": "3",
            "expniSllbsYn": "N",
            "bldngSn": null,
            "bldngCd": null,
            "bldngNm": null,
            "lssnsLcttmUntcd": null,
            "sbjetSctcd2": null,
            "rmnmCd": "102",
            "isApi": null,
            "paging": false,
            "rowStatus": "R",
            "pageSort": null
        },
        {
            "rowIndex": 0,
            "success": false,
            "message": null,
            "pageSize": 100,
            "pageNum": 1,
            "lctreMthodNm": "\ub300\uba74",
            "lctrmInfo": null,
            "lctreLnggeSctcd": null,
            "crseNo": "TCHR0522-014",
            "estblUnivNm": "\uc608\uc220\ub300\ud559",
            "estblDprtnNm": "\ub514\uc790\uc778\ud559\uacfc",
            "estblYear": "2022",
            "estblDprtnCd": "1806",
            "estblSmstrSctnm": "1\ud559\uae30",
            "estblSmstrSctcd": "CMBS001400001",
            "estblGrade": "4",
            "sbjetSctnm": "\uad50\uc9c1",
            "sbjetNm": "\ud559\uad50\ud604\uc7a5\uc2e4\uc2b5",
            "sbjetDvnno": "014",
            "sbjetCd": "TCHR0522",
            "gubun": null,
            "pckgeRqstPssblYn": "N",
            "pckgeRqstCnt": null,
            "name": null,
            "rmrk": null,
            "appcrCnt": "9",
            "attlcPrscpCnt": "15",
            "lssnsTimeInfo": null,
            "lssnsRealTimeInfo": null,
            "prctsTime": "4",
            "doPlan": "Kor",
            "thryTime": "0",
            "totalPrfssNm": "\uc774\uacbd\uc6a9",
            "mngetEstblYn": "Y",
            "code": null,
            "crdit": "2",
            "expniSllbsYn": "N",
            "bldngSn": null,
            "bldngCd": null,
            "bldngNm": null,
            "lssnsLcttmUntcd": null,
            "sbjetSctcd2": null,
            "rmnmCd": null,
            "isApi": null,
            "paging": false,
            "rowStatus": "R",
            "pageSort": null
        }
    ],
    "statusCode": 200
}