{
    "timestamp": "2022-04-28T23:14:36.587",
    "success": true,
    "code": null,
    "msg": null,
    "data": [
        {
            "rowIndex": 0,
            "success": false,
            "message": null,
            "pageSize": 100,
            "pageNum": 1,
            "lctreMthodNm": "\ub300\uba74",
            "lctrmInfo": "\uc0ac\ubc94\ub300\ud559",
            "lctreLnggeSctcd": null,
            "crseNo": "TCHR0442-001",
            "estblUnivNm": "\uc0ac\ubc94\ub300\ud559",
            "estblDprtnNm": "\ud1b5\ud569\uc0ac\ud68c\uad50\uc721\uc804\uacf5",
            "estblYear": "2022",
            "estblDprtnCd": "191H",
            "estblSmstrSctnm": "1\ud559\uae30",
            "estblSmstrSctcd": "CMBS001400001",
            "estblGrade": "2",
            "sbjetSctnm": "\uc5f0\uacc4\uc804\uacf5",
            "sbjetNm": "\ud1b5\ud569\uc0ac\ud68c\uad50\uc721\ub860",
            "sbjetDvnno": "001",
            "sbjetCd": "TCHR0442",
            "gubun": null,
            "pckgeRqstPssblYn": "Y",
            "pckgeRqstCnt": "7",
            "name": null,
            "rmrk": null,
            "appcrCnt": "11",
            "attlcPrscpCnt": "70",
            "lssnsTimeInfo": "\uc218 10A,10B,11A<br/>\uc218 11B,12A,12B",
            "lssnsRealTimeInfo": "\uc218 18:00 ~ 19:30<br/>\uc218 19:30 ~ 21:00",
            "prctsTime": "0",
            "doPlan": "Kor",
            "thryTime": "3",
            "totalPrfssNm": "\uc870\ucca0\uae30",
            "mngetEstblYn": "N",
            "code": null,
            "crdit": "3",
            "expniSllbsYn": "N",
            "bldngSn": null,
            "bldngCd": null,
            "bldngNm": null,
            "lssnsLcttmUntcd": null,
            "sbjetSctcd2": null,
            "rmnmCd": "709",
            "isApi": null,
            "paging": false,
            "rowStatus": "R",
            "pageSort": null
        },
        {
            "rowIndex": 0,
            "success": false,
            "message": null,
            "pageSize": 100,
            "pageNum": 1,
            "lctreMthodNm": "\ub300\uba74",
            "lctrmInfo": "\uc0ac\ubc94\ub300\ud559",
            "lctreLnggeSctcd": null,
            "crseNo": "GEED0545-001",
            "estblUnivNm": "\uc0ac\ubc94\ub300\ud559",
            "estblDprtnNm": "\ud1b5\ud569\uc0ac\ud68c\uad50\uc721\uc804\uacf5",
            "estblYear": "2022",
            "estblDprtnCd": "191H",
            "estblSmstrSctnm": "1\ud559\uae30",
            "estblSmstrSctcd": "CMBS001400001",
            "estblGrade": "2",
            "sbjetSctnm": "\uc5f0\uacc4\uc804\uacf5",
            "sbjetNm": "\uc9c0\ub3c4\ud559",
            "sbjetDvnno": "001",
            "sbjetCd": "GEED0545",
            "gubun": null,
            "pckgeRqstPssblYn": "Y",
            "pckgeRqstCnt": "17",
            "name": null,
            "rmrk": null,
            "appcrCnt": "23",
            "attlcPrscpCnt": "70",
            "lssnsTimeInfo": "\ud654 5A,5B<br/>\ud654 6A,6B<br/>\ubaa9 5A,5B<br/>\ubaa9 6A,6B",
            "lssnsRealTimeInfo": "\ud654 13:00 ~ 14:00<br/>\ud654 14:00 ~ 15:00<br/>\ubaa9 13:00 ~ 14:00<br/>\ubaa9 14:00 ~ 15:00",
            "prctsTime": "2",
            "doPlan": "Kor",
            "thryTime": "2",
            "totalPrfssNm": "\uae40\uac10\uc601",
            "mngetEstblYn": "N",
            "code": null,
            "crdit": "3",
            "expniSllbsYn": "N",
            "bldngSn": null,
            "bldngCd": null,
            "bldngNm": null,
            "lssnsLcttmUntcd": null,
            "sbjetSctcd2": null,
            "rmnmCd": "301",
            "isApi": null,
            "paging": false,
            "rowStatus": "R",
            "pageSort": null
        },
        {
            "rowIndex": 0,
            "success": false,
            "message": null,
            "pageSize": 100,
            "pageNum": 1,
            "lctreMthodNm": "\ub300\uba74",
            "lctrmInfo": "\uad50\uc721\ub300\ud559\uc6d0",
            "lctreLnggeSctcd": null,
            "crseNo": "GEOG0319-002",
            "estblUnivNm": "\uc0ac\ubc94\ub300\ud559",
            "estblDprtnNm": "\ud1b5\ud569\uc0ac\ud68c\uad50\uc721\uc804\uacf5",
            "estblYear": "2022",
            "estblDprtnCd": "191H",
            "estblSmstrSctnm": "1\ud559\uae30",
            "estblSmstrSctcd": "CMBS001400001",
            "estblGrade": "2",
            "sbjetSctnm": "\uc5f0\uacc4\uc804\uacf5",
            "sbjetNm": "\uacbd\uc81c\uc9c0\ub9ac\ud559",
            "sbjetDvnno": "002",
            "sbjetCd": "GEOG0319",
            "gubun": null,
            "pckgeRqstPssblYn": "Y",
            "pckgeRqstCnt": "35",
            "name": null,
            "rmrk": null,
            "appcrCnt": "42",
            "attlcPrscpCnt": "70",
            "lssnsTimeInfo": "\uc6d4 7A,7B,8A<br/>\uc218 7A,7B,8A",
            "lssnsRealTimeInfo": "\uc6d4 15:00 ~ 16:30<br/>\uc218 15:00 ~ 16:30",
            "prctsTime": "0",
            "doPlan": "Kor",
            "thryTime": "3",
            "totalPrfssNm": "\uc774\ubcf4\uc601",
            "mngetEstblYn": "N",
            "code": null,
            "crdit": "3",
            "expniSllbsYn": "N",
            "bldngSn": null,
            "bldngCd": null,
            "bldngNm": null,
            "lssnsLcttmUntcd": null,
            "sbjetSctcd2": null,
            "rmnmCd": "101",
            "isApi": null,
            "paging": false,
            "rowStatus": "R",
            "pageSort": null
        },
        {
            "rowIndex": 0,
            "success": false,
            "message": null,
            "pageSize": 100,
            "pageNum": 1,
            "lctreMthodNm": "\ub300\uba74",
            "lctrmInfo": "\uc0ac\ubc94\ub300\ud559",
            "lctreLnggeSctcd": null,
            "crseNo": "GEED0212-001",
            "estblUnivNm": "\uc0ac\ubc94\ub300\ud559",
            "estblDprtnNm": "\ud1b5\ud569\uc0ac\ud68c\uad50\uc721\uc804\uacf5",
            "estblYear": "2022",
            "estblDprtnCd": "191H",
            "estblSmstrSctnm": "1\ud559\uae30",
            "estblSmstrSctcd": "CMBS001400001",
            "estblGrade": "1",
            "sbjetSctnm": "\uc5f0\uacc4\uc804\uacf5",
            "sbjetNm": "\uc790\uc5f0\uc9c0\ub9ac\ud559",
            "sbjetDvnno": "001",
            "sbjetCd": "GEED0212",
            "gubun": null,
            "pckgeRqstPssblYn": "N",
            "pckgeRqstCnt": "0",
            "name": null,
            "rmrk": null,
            "appcrCnt": "27",
            "attlcPrscpCnt": "70",
            "lssnsTimeInfo": "\uc6d4 5B,6A,6B<br/>\uc218 5B,6A,6B",
            "lssnsRealTimeInfo": "\uc6d4 13:30 ~ 15:00<br/>\uc218 13:30 ~ 15:00",
            "prctsTime": "0",
            "doPlan": "Kor",
            "thryTime": "3",
            "totalPrfssNm": "\uc774\uad11\ub960",
            "mngetEstblYn": "N",
            "code": null,
            "crdit": "3",
            "expniSllbsYn": "N",
            "bldngSn": null,
            "bldngCd": null,
            "bldngNm": null,
            "lssnsLcttmUntcd": null,
            "sbjetSctcd2": null,
            "rmnmCd": "709",
            "isApi": null,
            "paging": false,
            "rowStatus": "R",
            "pageSort": null
        },
        {
            "rowIndex": 0,
            "success": false,
            "message": null,
            "pageSize": 100,
            "pageNum": 1,
            "lctreMthodNm": "\ub300\uba74",
            "lctrmInfo": "\uc0ac\ubc94\ub300\ud559",
            "lctreLnggeSctcd": null,
            "crseNo": "TCHR0441-001",
            "estblUnivNm": "\uc0ac\ubc94\ub300\ud559",
            "estblDprtnNm": "\ud1b5\ud569\uc0ac\ud68c\uad50\uc721\uc804\uacf5",
            "estblYear": "2022",
            "estblDprtnCd": "191H",
            "estblSmstrSctnm": "1\ud559\uae30",
            "estblSmstrSctcd": "CMBS001400001",
            "estblGrade": "3",
            "sbjetSctnm": "\uc804\uacf5",
            "sbjetNm": "\ud1b5\ud569\uc0ac\ud68c \ub17c\ub9ac \ubc0f \ub17c\uc220\uc9c0\ub3c4",
            "sbjetDvnno": "001",
            "sbjetCd": "TCHR0441",
            "gubun": null,
            "pckgeRqstPssblYn": "Y",
            "pckgeRqstCnt": "0",
            "name": null,
            "rmrk": null,
            "appcrCnt": "2",
            "attlcPrscpCnt": "24",
            "lssnsTimeInfo": "\uc218 1A,1B,2A<br/>\uc218 2B,3A,3B",
            "lssnsRealTimeInfo": "\uc218 09:00 ~ 10:30<br/>\uc218 10:30 ~ 12:00",
            "prctsTime": "0",
            "doPlan": "Kor",
            "thryTime": "3",
            "totalPrfssNm": "\uae40\uc885\ud658",
            "mngetEstblYn": "Y",
            "code": null,
            "crdit": "3",
            "expniSllbsYn": "N",
            "bldngSn": null,
            "bldngCd": null,
            "bldngNm": null,
            "lssnsLcttmUntcd": null,
            "sbjetSctcd2": null,
            "rmnmCd": "410",
            "isApi": null,
            "paging": false,
            "rowStatus": "R",
            "pageSort": null
        },
        {
            "rowIndex": 0,
            "success": false,
            "message": null,
            "pageSize": 100,
            "pageNum": 1,
            "lctreMthodNm": "\ub300\uba74",
            "lctrmInfo": "\uc0ac\ubc94\ub300\ud559",
            "lctreLnggeSctcd": null,
            "crseNo": "GEOG0311-001",
            "estblUnivNm": "\uc0ac\ubc94\ub300\ud559",
            "estblDprtnNm": "\ud1b5\ud569\uc0ac\ud68c\uad50\uc721\uc804\uacf5",
            "estblYear": "2022",
            "estblDprtnCd": "191H",
            "estblSmstrSctnm": "1\ud559\uae30",
            "estblSmstrSctcd": "CMBS001400001",
            "estblGrade": "2",
            "sbjetSctnm": "\uc5f0\uacc4\uc804\uacf5",
            "sbjetNm": "\uc9c0\ud615\ud559",
            "sbjetDvnno": "001",
            "sbjetCd": "GEOG0311",
            "gubun": null,
            "pckgeRqstPssblYn": "Y",
            "pckgeRqstCnt": "17",
            "name": null,
            "rmrk": null,
            "appcrCnt": "26",
            "attlcPrscpCnt": "70",
            "lssnsTimeInfo": "\uc6d4 2B,3A,3B<br/>\uc218 2B,3A,3B",
            "lssnsRealTimeInfo": "\uc6d4 10:30 ~ 12:00<br/>\uc218 10:30 ~ 12:00",
            "prctsTime": "0",
            "doPlan": "Kor",
            "thryTime": "3",
            "totalPrfssNm": "\uc774\uad11\ub960",
            "mngetEstblYn": "N",
            "code": null,
            "crdit": "3",
            "expniSllbsYn": "Y",
            "bldngSn": null,
            "bldngCd": null,
            "bldngNm": null,
            "lssnsLcttmUntcd": null,
            "sbjetSctcd2": null,
            "rmnmCd": "709",
            "isApi": null,
            "paging": false,
            "rowStatus": "R",
            "pageSort": null
        }
    ],
    "statusCode": 200
}