{
    "timestamp": "2022-04-28T23:14:36.796",
    "success": true,
    "code": null,
    "msg": null,
    "data": [
        {
            "rowIndex": 0,
            "success": false,
            "message": null,
            "pageSize": 100,
            "pageNum": 1,
            "lctreMthodNm": "\ub300\uba74",
            "lctrmInfo": "\uad50\uc721\ub300\ud559\uc6d0",
            "lctreLnggeSctcd": null,
            "crseNo": "SCED0201-001",
            "estblUnivNm": "\uc0ac\ubc94\ub300\ud559",
            "estblDprtnNm": "\ud654\ud559\uad50\uc721\uacfc",
            "estblYear": "2022",
            "estblDprtnCd": "190I",
            "estblSmstrSctnm": "1\ud559\uae30",
            "estblSmstrSctcd": "CMBS001400001",
            "estblGrade": "1",
            "sbjetSctnm": "\uc5f0\uacc4\uc804\uacf5",
            "sbjetNm": "\uc77c\ubc18\ubb3c\ub9ac\ud5591",
            "sbjetDvnno": "001",
            "sbjetCd": "SCED0201",
            "gubun": null,
            "pckgeRqstPssblYn": "N",
            "pckgeRqstCnt": "0",
            "name": null,
            "rmrk": null,
            "appcrCnt": "56",
            "attlcPrscpCnt": "60",
            "lssnsTimeInfo": "\uc218 8B,9A,9B<br/>\uae08 8B,9A,9B",
            "lssnsRealTimeInfo": "\uc218 16:30 ~ 18:00<br/>\uae08 16:30 ~ 18:00",
            "prctsTime": "0",
            "doPlan": "Kor",
            "thryTime": "3",
            "totalPrfssNm": "\uc8fc\uc601\uad6c",
            "mngetEstblYn": "N",
            "code": null,
            "crdit": "3",
            "expniSllbsYn": "N",
            "bldngSn": null,
            "bldngCd": null,
            "bldngNm": null,
            "lssnsLcttmUntcd": null,
            "sbjetSctcd2": null,
            "rmnmCd": "101",
            "isApi": null,
            "paging": false,
            "rowStatus": "R",
            "pageSort": null
        },
        {
            "rowIndex": 0,
            "success": false,
            "message": null,
            "pageSize": 100,
            "pageNum": 1,
            "lctreMthodNm": "\ub300\uba74",
            "lctrmInfo": "\ud654\ud559\uad00",
            "lctreLnggeSctcd": null,
            "crseNo": "TCHR0677-001",
            "estblUnivNm": "\uc0ac\ubc94\ub300\ud559",
            "estblDprtnNm": "\ud654\ud559\uad50\uc721\uacfc",
            "estblYear": "2022",
            "estblDprtnCd": "190I",
            "estblSmstrSctnm": "1\ud559\uae30",
            "estblSmstrSctcd": "CMBS001400001",
            "estblGrade": "4",
            "sbjetSctnm": "\uc804\uacf5",
            "sbjetNm": "\ud654\ud559\uad50\uc7ac\uc5f0\uad6c\ubc0f\uc9c0\ub3c4\ubc95",
            "sbjetDvnno": "001",
            "sbjetCd": "TCHR0677",
            "gubun": null,
            "pckgeRqstPssblYn": "Y",
            "pckgeRqstCnt": "21",
            "name": null,
            "rmrk": null,
            "appcrCnt": "24",
            "attlcPrscpCnt": "30",
            "lssnsTimeInfo": "\uc218 1A,1B<br/>\uc218 2A,2B<br/>\uc218 3A,3B<br/>\uae08 2A,2B<br/>\uae08 3A,3B",
            "lssnsRealTimeInfo": "\uc218 09:00 ~ 10:00<br/>\uc218 10:00 ~ 11:00<br/>\uc218 11:00 ~ 12:00<br/>\uae08 10:00 ~ 11:00<br/>\uae08 11:00 ~ 12:00",
            "prctsTime": "0",
            "doPlan": "Kor",
            "thryTime": "3",
            "totalPrfssNm": "\ubc15\uc885\uc11d",
            "mngetEstblYn": "Y",
            "code": null,
            "crdit": "3",
            "expniSllbsYn": "N",
            "bldngSn": null,
            "bldngCd": null,
            "bldngNm": null,
            "lssnsLcttmUntcd": null,
            "sbjetSctcd2": null,
            "rmnmCd": "112",
            "isApi": null,
            "paging": false,
            "rowStatus": "R",
            "pageSort": null
        },
        {
            "rowIndex": 0,
            "success": false,
            "message": null,
            "pageSize": 100,
            "pageNum": 1,
            "lctreMthodNm": "\ub300\uba74",
            "lctrmInfo": "\ud654\ud559\uad00",
            "lctreLnggeSctcd": null,
            "crseNo": "CHEM0206-002",
            "estblUnivNm": "\uc0ac\ubc94\ub300\ud559",
            "estblDprtnNm": "\ud654\ud559\uad50\uc721\uacfc",
            "estblYear": "2022",
            "estblDprtnCd": "190I",
            "estblSmstrSctnm": "1\ud559\uae30",
            "estblSmstrSctcd": "CMBS001400001",
            "estblGrade": "3",
            "sbjetSctnm": "\uc804\uacf5\ud544\uc218",
            "sbjetNm": "\ubb3c\ub9ac\ud654\ud5592",
            "sbjetDvnno": "002",
            "sbjetCd": "CHEM0206",
            "gubun": null,
            "pckgeRqstPssblYn": "Y",
            "pckgeRqstCnt": "10",
            "name": null,
            "rmrk": null,
            "appcrCnt": "15",
            "attlcPrscpCnt": "20",
            "lssnsTimeInfo": "\ud654 1A,1B,2A<br/>\ubaa9 2B,3A,3B",
            "lssnsRealTimeInfo": "\ud654 09:00 ~ 10:30<br/>\ubaa9 10:30 ~ 12:00",
            "prctsTime": "0",
            "doPlan": "Kor",
            "thryTime": "3",
            "totalPrfssNm": "\uc1a1\uc8fc\ubc94",
            "mngetEstblYn": "Y",
            "code": null,
            "crdit": "3",
            "expniSllbsYn": "Y",
            "bldngSn": null,
            "bldngCd": null,
            "bldngNm": null,
            "lssnsLcttmUntcd": null,
            "sbjetSctcd2": null,
            "rmnmCd": "214",
            "isApi": null,
            "paging": false,
            "rowStatus": "R",
            "pageSort": null
        },
        {
            "rowIndex": 0,
            "success": false,
            "message": null,
            "pageSize": 100,
            "pageNum": 1,
            "lctreMthodNm": "\ub300\uba74",
            "lctrmInfo": "\ud654\ud559\uad00",
            "lctreLnggeSctcd": null,
            "crseNo": "CHED0251-001",
            "estblUnivNm": "\uc0ac\ubc94\ub300\ud559",
            "estblDprtnNm": "\ud654\ud559\uad50\uc721\uacfc",
            "estblYear": "2022",
            "estblDprtnCd": "190I",
            "estblSmstrSctnm": "1\ud559\uae30",
            "estblSmstrSctcd": "CMBS001400001",
            "estblGrade": "1",
            "sbjetSctnm": "\uc804\uacf5",
            "sbjetNm": "\uc77c\ubc18\ud654\ud559\uc5f0\uc2b5",
            "sbjetDvnno": "001",
            "sbjetCd": "CHED0251",
            "gubun": null,
            "pckgeRqstPssblYn": "N",
            "pckgeRqstCnt": "0",
            "name": null,
            "rmrk": null,
            "appcrCnt": "18",
            "attlcPrscpCnt": "30",
            "lssnsTimeInfo": "\uae08 7A,7B",
            "lssnsRealTimeInfo": "\uae08 15:00 ~ 16:00",
            "prctsTime": "0",
            "doPlan": "Kor",
            "thryTime": "1",
            "totalPrfssNm": "\uc1a1\uc8fc\ubc94",
            "mngetEstblYn": "Y",
            "code": null,
            "crdit": "1",
            "expniSllbsYn": "N",
            "bldngSn": null,
            "bldngCd": null,
            "bldngNm": null,
            "lssnsLcttmUntcd": null,
            "sbjetSctcd2": null,
            "rmnmCd": "214",
            "isApi": null,
            "paging": false,
            "rowStatus": "R",
            "pageSort": null
        },
        {
            "rowIndex": 0,
            "success": false,
            "message": null,
            "pageSize": 100,
            "pageNum": 1,
            "lctreMthodNm": "\ub300\uba74",
            "lctrmInfo": "\ud654\ud559\uad00",
            "lctreLnggeSctcd": null,
            "crseNo": "CHEM0209-001",
            "estblUnivNm": "\uc0ac\ubc94\ub300\ud559",
            "estblDprtnNm": "\ud654\ud559\uad50\uc721\uacfc",
            "estblYear": "2022",
            "estblDprtnCd": "190I",
            "estblSmstrSctnm": "1\ud559\uae30",
            "estblSmstrSctcd": "CMBS001400001",
            "estblGrade": "3",
            "sbjetSctnm": "\uc804\uacf5",
            "sbjetNm": "\uc720\uae30\ud654\ud5593",
            "sbjetDvnno": "001",
            "sbjetCd": "CHEM0209",
            "gubun": null,
            "pckgeRqstPssblYn": "Y",
            "pckgeRqstCnt": "10",
            "name": null,
            "rmrk": null,
            "appcrCnt": "14",
            "attlcPrscpCnt": "20",
            "lssnsTimeInfo": "\uc6d4 5B,6A,6B<br/>\uc218 5B,6A,6B",
            "lssnsRealTimeInfo": "\uc6d4 13:30 ~ 15:00<br/>\uc218 13:30 ~ 15:00",
            "prctsTime": "0",
            "doPlan": "Kor",
            "thryTime": "3",
            "totalPrfssNm": "\uc5ec\ud604\uc6b1",
            "mngetEstblYn": "Y",
            "code": null,
            "crdit": "3",
            "expniSllbsYn": "N",
            "bldngSn": null,
            "bldngCd": null,
            "bldngNm": null,
            "lssnsLcttmUntcd": null,
            "sbjetSctcd2": null,
            "rmnmCd": "112",
            "isApi": null,
            "paging": false,
            "rowStatus": "R",
            "pageSort": null
        },
        {
            "rowIndex": 0,
            "success": false,
            "message": null,
            "pageSize": 100,
            "pageNum": 1,
            "lctreMthodNm": "\ub300\uba74",
            "lctrmInfo": "\uc81c2\uacfc\ud559\uad00",
            "lctreLnggeSctcd": null,
            "crseNo": "GEOL0212-002",
            "estblUnivNm": "\uc0ac\ubc94\ub300\ud559",
            "estblDprtnNm": "\ud654\ud559\uad50\uc721\uacfc",
            "estblYear": "2022",
            "estblDprtnCd": "190I",
            "estblSmstrSctnm": "1\ud559\uae30",
            "estblSmstrSctcd": "CMBS001400001",
            "estblGrade": "2",
            "sbjetSctnm": "\uc5f0\uacc4\uc804\uacf5",
            "sbjetNm": "\uc9c0\uc9c8\ud559",
            "sbjetDvnno": "002",
            "sbjetCd": "GEOL0212",
            "gubun": null,
            "pckgeRqstPssblYn": "Y",
            "pckgeRqstCnt": "47",
            "name": null,
            "rmrk": null,
            "appcrCnt": "59",
            "attlcPrscpCnt": "60",
            "lssnsTimeInfo": "\ud654 7A,7B,8A<br/>\ubaa9 7A,7B,8A",
            "lssnsRealTimeInfo": "\ud654 15:00 ~ 16:30<br/>\ubaa9 15:00 ~ 16:30",
            "prctsTime": "0",
            "doPlan": "Kor",
            "thryTime": "3",
            "totalPrfssNm": "\ucd5c\uc815\ud574",
            "mngetEstblYn": "N",
            "code": null,
            "crdit": "3",
            "expniSllbsYn": "N",
            "bldngSn": null,
            "bldngCd": null,
            "bldngNm": null,
            "lssnsLcttmUntcd": null,
            "sbjetSctcd2": null,
            "rmnmCd": "218",
            "isApi": null,
            "paging": false,
            "rowStatus": "R",
            "pageSort": null
        },
        {
            "rowIndex": 0,
            "success": false,
            "message": null,
            "pageSize": 100,
            "pageNum": 1,
            "lctreMthodNm": "\ub300\uba74",
            "lctrmInfo": "\ud654\ud559\uad00",
            "lctreLnggeSctcd": null,
            "crseNo": "TCHR0637-001",
            "estblUnivNm": "\uc0ac\ubc94\ub300\ud559",
            "estblDprtnNm": "\ud654\ud559\uad50\uc721\uacfc",
            "estblYear": "2022",
            "estblDprtnCd": "190I",
            "estblSmstrSctnm": "1\ud559\uae30",
            "estblSmstrSctcd": "CMBS001400001",
            "estblGrade": "2",
            "sbjetSctnm": "\uc804\uacf5",
            "sbjetNm": "\ud654\ud559\uad50\uc721\ub860",
            "sbjetDvnno": "001",
            "sbjetCd": "TCHR0637",
            "gubun": null,
            "pckgeRqstPssblYn": "Y",
            "pckgeRqstCnt": "15",
            "name": null,
            "rmrk": "\ud50c\ub9bd\ub4dc\ub7ec\ub2dd\uac15\uc88c<br>",
            "appcrCnt": "18",
            "attlcPrscpCnt": "30",
            "lssnsTimeInfo": "\uae08 6A,6B<br/>\uae08 7A,7B<br/>\uae08 8A,8B",
            "lssnsRealTimeInfo": "\uae08 14:00 ~ 15:00<br/>\uae08 15:00 ~ 16:00<br/>\uae08 16:00 ~ 17:00",
            "prctsTime": "0",
            "doPlan": "Pre",
            "thryTime": "3",
            "totalPrfssNm": "\ubc15\uc885\uc11d",
            "mngetEstblYn": "Y",
            "code": null,
            "crdit": "3",
            "expniSllbsYn": "N",
            "bldngSn": null,
            "bldngCd": null,
            "bldngNm": null,
            "lssnsLcttmUntcd": null,
            "sbjetSctcd2": null,
            "rmnmCd": "112",
            "isApi": null,
            "paging": false,
            "rowStatus": "R",
            "pageSort": null
        },
        {
            "rowIndex": 0,
            "success": false,
            "message": null,
            "pageSize": 100,
            "pageNum": 1,
            "lctreMthodNm": "\ub300\uba74",
            "lctrmInfo": "\uc0dd\ubb3c\ud559\uad00",
            "lctreLnggeSctcd": null,
            "crseNo": "SCED0223-002",
            "estblUnivNm": "\uc0ac\ubc94\ub300\ud559",
            "estblDprtnNm": "\ud654\ud559\uad50\uc721\uacfc",
            "estblYear": "2022",
            "estblDprtnCd": "190I",
            "estblSmstrSctnm": "1\ud559\uae30",
            "estblSmstrSctcd": "CMBS001400001",
            "estblGrade": "1",
            "sbjetSctnm": "\uc5f0\uacc4\uc804\uacf5",
            "sbjetNm": "\uc77c\ubc18\uc0dd\ubb3c\ud559\uc2e4\ud5d8",
            "sbjetDvnno": "002",
            "sbjetCd": "SCED0223",
            "gubun": null,
            "pckgeRqstPssblYn": "N",
            "pckgeRqstCnt": "0",
            "name": null,
            "rmrk": null,
            "appcrCnt": "17",
            "attlcPrscpCnt": "25",
            "lssnsTimeInfo": "\ubaa9 5A,5B<br/>\ubaa9 6A,6B",
            "lssnsRealTimeInfo": "\ubaa9 13:00 ~ 14:00<br/>\ubaa9 14:00 ~ 15:00",
            "prctsTime": "2",
            "doPlan": "Kor",
            "thryTime": "0",
            "totalPrfssNm": "\uc724\uae30\uc21c",
            "mngetEstblYn": "N",
            "code": null,
            "crdit": "1",
            "expniSllbsYn": "N",
            "bldngSn": null,
            "bldngCd": null,
            "bldngNm": null,
            "lssnsLcttmUntcd": null,
            "sbjetSctcd2": null,
            "rmnmCd": "112",
            "isApi": null,
            "paging": false,
            "rowStatus": "R",
            "pageSort": null
        },
        {
            "rowIndex": 0,
            "success": false,
            "message": null,
            "pageSize": 100,
            "pageNum": 1,
            "lctreMthodNm": "\ub300\uba74",
            "lctrmInfo": "\uc0dd\ubb3c\ud559\uad00",
            "lctreLnggeSctcd": null,
            "crseNo": "TCHR0444-001",
            "estblUnivNm": "\uc0ac\ubc94\ub300\ud559",
            "estblDprtnNm": "\ud654\ud559\uad50\uc721\uacfc",
            "estblYear": "2022",
            "estblDprtnCd": "190I",
            "estblSmstrSctnm": "1\ud559\uae30",
            "estblSmstrSctcd": "CMBS001400001",
            "estblGrade": "3",
            "sbjetSctnm": "\uc5f0\uacc4\uc804\uacf5",
            "sbjetNm": "\ud1b5\ud569\uacfc\ud559 \ub17c\ub9ac \ubc0f \ub17c\uc220\uc9c0\ub3c4",
            "sbjetDvnno": "001",
            "sbjetCd": "TCHR0444",
            "gubun": null,
            "pckgeRqstPssblYn": "Y",
            "pckgeRqstCnt": "26",
            "name": null,
            "rmrk": null,
            "appcrCnt": "27",
            "attlcPrscpCnt": "26",
            "lssnsTimeInfo": "\uc218 7A,7B,8A<br/>\uc218 8B,9A,9B",
            "lssnsRealTimeInfo": "\uc218 15:00 ~ 16:30<br/>\uc218 16:30 ~ 18:00",
            "prctsTime": "0",
            "doPlan": "Kor",
            "thryTime": "3",
            "totalPrfssNm": "\uae40\uc601\uc2e0<br/>\uc784\uc218\ubbfc",
            "mngetEstblYn": "N",
            "code": null,
            "crdit": "3",
            "expniSllbsYn": "N",
            "bldngSn": null,
            "bldngCd": null,
            "bldngNm": null,
            "lssnsLcttmUntcd": null,
            "sbjetSctcd2": null,
            "rmnmCd": "112",
            "isApi": null,
            "paging": false,
            "rowStatus": "R",
            "pageSort": null
        },
        {
            "rowIndex": 0,
            "success": false,
            "message": null,
            "pageSize": 100,
            "pageNum": 1,
            "lctreMthodNm": "\ub300\uba74",
            "lctrmInfo": "\uad50\uc721\ub300\ud559\uc6d0",
            "lctreLnggeSctcd": null,
            "crseNo": "SCED0242-001",
            "estblUnivNm": "\uc0ac\ubc94\ub300\ud559",
            "estblDprtnNm": "\ud654\ud559\uad50\uc721\uacfc",
            "estblYear": "2022",
            "estblDprtnCd": "190I",
            "estblSmstrSctnm": "1\ud559\uae30",
            "estblSmstrSctcd": "CMBS001400001",
            "estblGrade": "2",
            "sbjetSctnm": "\uc5f0\uacc4\uc804\uacf5",
            "sbjetNm": "\ud604\ub300\ubb3c\ub9ac\ud559\uac1c\ub860",
            "sbjetDvnno": "001",
            "sbjetCd": "SCED0242",
            "gubun": null,
            "pckgeRqstPssblYn": "Y",
            "pckgeRqstCnt": "15",
            "name": null,
            "rmrk": null,
            "appcrCnt": "16",
            "attlcPrscpCnt": "60",
            "lssnsTimeInfo": "\uc218 5B,6A,6B<br/>\uae08 5B,6A,6B",
            "lssnsRealTimeInfo": "\uc218 13:30 ~ 15:00<br/>\uae08 13:30 ~ 15:00",
            "prctsTime": "0",
            "doPlan": "Kor",
            "thryTime": "3",
            "totalPrfssNm": "\uc190\uc0c1\ud638",
            "mngetEstblYn": "N",
            "code": null,
            "crdit": "3",
            "expniSllbsYn": "N",
            "bldngSn": null,
            "bldngCd": null,
            "bldngNm": null,
            "lssnsLcttmUntcd": null,
            "sbjetSctcd2": null,
            "rmnmCd": "101",
            "isApi": null,
            "paging": false,
            "rowStatus": "R",
            "pageSort": null
        },
        {
            "rowIndex": 0,
            "success": false,
            "message": null,
            "pageSize": 100,
            "pageNum": 1,
            "lctreMthodNm": "\ub300\uba74",
            "lctrmInfo": "\ud654\ud559\uad00",
            "lctreLnggeSctcd": null,
            "crseNo": "CHEM0201-002",
            "estblUnivNm": "\uc0ac\ubc94\ub300\ud559",
            "estblDprtnNm": "\ud654\ud559\uad50\uc721\uacfc",
            "estblYear": "2022",
            "estblDprtnCd": "190I",
            "estblSmstrSctnm": "1\ud559\uae30",
            "estblSmstrSctcd": "CMBS001400001",
            "estblGrade": "2",
            "sbjetSctnm": "\uc804\uacf5",
            "sbjetNm": "\ubd84\uc11d\ud654\ud5591",
            "sbjetDvnno": "002",
            "sbjetCd": "CHEM0201",
            "gubun": null,
            "pckgeRqstPssblYn": "Y",
            "pckgeRqstCnt": "20",
            "name": null,
            "rmrk": null,
            "appcrCnt": "20",
            "attlcPrscpCnt": "20",
            "lssnsTimeInfo": "\ud654 8B,9A,9B<br/>\ubaa9 8B,9A,9B",
            "lssnsRealTimeInfo": "\ud654 16:30 ~ 18:00<br/>\ubaa9 16:30 ~ 18:00",
            "prctsTime": "0",
            "doPlan": "Kor",
            "thryTime": "3",
            "totalPrfssNm": "\uc774\uc7ac\ud658",
            "mngetEstblYn": "Y",
            "code": null,
            "crdit": "3",
            "expniSllbsYn": "N",
            "bldngSn": null,
            "bldngCd": null,
            "bldngNm": null,
            "lssnsLcttmUntcd": null,
            "sbjetSctcd2": null,
            "rmnmCd": "214",
            "isApi": null,
            "paging": false,
            "rowStatus": "R",
            "pageSort": null
        },
        {
            "rowIndex": 0,
            "success": false,
            "message": null,
            "pageSize": 100,
            "pageNum": 1,
            "lctreMthodNm": "\ub300\uba74",
            "lctrmInfo": "\uad50\uc721\ub300\ud559\uc6d0",
            "lctreLnggeSctcd": null,
            "crseNo": "SCED0231-002",
            "estblUnivNm": "\uc0ac\ubc94\ub300\ud559",
            "estblDprtnNm": "\ud654\ud559\uad50\uc721\uacfc",
            "estblYear": "2022",
            "estblDprtnCd": "190I",
            "estblSmstrSctnm": "1\ud559\uae30",
            "estblSmstrSctcd": "CMBS001400001",
            "estblGrade": "1",
            "sbjetSctnm": "\uc5f0\uacc4\uc804\uacf5",
            "sbjetNm": "\uc77c\ubc18\uc9c0\uad6c\uacfc\ud5591",
            "sbjetDvnno": "002",
            "sbjetCd": "SCED0231",
            "gubun": null,
            "pckgeRqstPssblYn": "N",
            "pckgeRqstCnt": "0",
            "name": null,
            "rmrk": null,
            "appcrCnt": "53",
            "attlcPrscpCnt": "80",
            "lssnsTimeInfo": "\ud654 2B,3A,3B<br/>\ubaa9 1A,1B,2A",
            "lssnsRealTimeInfo": "\ud654 10:30 ~ 12:00<br/>\ubaa9 09:00 ~ 10:30",
            "prctsTime": "0",
            "doPlan": "Kor",
            "thryTime": "3",
            "totalPrfssNm": "\uc804\uc7ac\ub3c8",
            "mngetEstblYn": "N",
            "code": null,
            "crdit": "3",
            "expniSllbsYn": "N",
            "bldngSn": null,
            "bldngCd": null,
            "bldngNm": null,
            "lssnsLcttmUntcd": null,
            "sbjetSctcd2": null,
            "rmnmCd": "101",
            "isApi": null,
            "paging": false,
            "rowStatus": "R",
            "pageSort": null
        },
        {
            "rowIndex": 0,
            "success": false,
            "message": null,
            "pageSize": 100,
            "pageNum": 1,
            "lctreMthodNm": "\ub300\uba74",
            "lctrmInfo": "\ud654\ud559\uad00",
            "lctreLnggeSctcd": null,
            "crseNo": "CHEM0203-010",
            "estblUnivNm": "\uc0ac\ubc94\ub300\ud559",
            "estblDprtnNm": "\ud654\ud559\uad50\uc721\uacfc",
            "estblYear": "2022",
            "estblDprtnCd": "190I",
            "estblSmstrSctnm": "1\ud559\uae30",
            "estblSmstrSctcd": "CMBS001400001",
            "estblGrade": "2",
            "sbjetSctnm": "\uc804\uacf5",
            "sbjetNm": "\uc720\uae30\ud654\ud5591",
            "sbjetDvnno": "010",
            "sbjetCd": "CHEM0203",
            "gubun": null,
            "pckgeRqstPssblYn": "Y",
            "pckgeRqstCnt": "16",
            "name": null,
            "rmrk": null,
            "appcrCnt": "19",
            "attlcPrscpCnt": "20",
            "lssnsTimeInfo": "\ud654 5B,6A,6B<br/>\ubaa9 5B,6A,6B",
            "lssnsRealTimeInfo": "\ud654 13:30 ~ 15:00<br/>\ubaa9 13:30 ~ 15:00",
            "prctsTime": "0",
            "doPlan": "Kor",
            "thryTime": "3",
            "totalPrfssNm": "\uc5ec\ud604\uc6b1",
            "mngetEstblYn": "Y",
            "code": null,
            "crdit": "3",
            "expniSllbsYn": "Y",
            "bldngSn": null,
            "bldngCd": null,
            "bldngNm": null,
            "lssnsLcttmUntcd": null,
            "sbjetSctcd2": null,
            "rmnmCd": "112",
            "isApi": null,
            "paging": false,
            "rowStatus": "R",
            "pageSort": null
        },
        {
            "rowIndex": 0,
            "success": false,
            "message": null,
            "pageSize": 100,
            "pageNum": 1,
            "lctreMthodNm": "\ub300\uba74",
            "lctrmInfo": "\uc81c2\uacfc\ud559\uad00",
            "lctreLnggeSctcd": null,
            "crseNo": "SCED0233-002",
            "estblUnivNm": "\uc0ac\ubc94\ub300\ud559",
            "estblDprtnNm": "\ud654\ud559\uad50\uc721\uacfc",
            "estblYear": "2022",
            "estblDprtnCd": "190I",
            "estblSmstrSctnm": "1\ud559\uae30",
            "estblSmstrSctcd": "CMBS001400001",
            "estblGrade": "1",
            "sbjetSctnm": "\uc5f0\uacc4\uc804\uacf5",
            "sbjetNm": "\uc77c\ubc18\uc9c0\uad6c\uacfc\ud559\uc2e4\ud5d8",
            "sbjetDvnno": "002",
            "sbjetCd": "SCED0233",
            "gubun": null,
            "pckgeRqstPssblYn": "N",
            "pckgeRqstCnt": "0",
            "name": null,
            "rmrk": null,
            "appcrCnt": "17",
            "attlcPrscpCnt": "25",
            "lssnsTimeInfo": "\uc6d4 2A,2B<br/>\uc6d4 3A,3B",
            "lssnsRealTimeInfo": "\uc6d4 10:00 ~ 11:00<br/>\uc6d4 11:00 ~ 12:00",
            "prctsTime": "2",
            "doPlan": "Kor",
            "thryTime": "0",
            "totalPrfssNm": "\uc804\uc7ac\ub3c8",
            "mngetEstblYn": "N",
            "code": null,
            "crdit": "1",
            "expniSllbsYn": "N",
            "bldngSn": null,
            "bldngCd": null,
            "bldngNm": null,
            "lssnsLcttmUntcd": null,
            "sbjetSctcd2": null,
            "rmnmCd": "130",
            "isApi": null,
            "paging": false,
            "rowStatus": "R",
            "pageSort": null
        },
        {
            "rowIndex": 0,
            "success": false,
            "message": null,
            "pageSize": 100,
            "pageNum": 1,
            "lctreMthodNm": "\ub300\uba74",
            "lctrmInfo": "\uc6b0\ub2f9\uad50\uc721\uad00",
            "lctreLnggeSctcd": null,
            "crseNo": "CLTR0103-001",
            "estblUnivNm": "\uc0ac\ubc94\ub300\ud559",
            "estblDprtnNm": "\ud654\ud559\uad50\uc721\uacfc",
            "estblYear": "2022",
            "estblDprtnCd": "190I",
            "estblSmstrSctnm": "1\ud559\uae30",
            "estblSmstrSctcd": "CMBS001400001",
            "estblGrade": "1",
            "sbjetSctnm": "\uad50\uc591",
            "sbjetNm": "\uacfc\ud559\uc0ac\uc758\uc774\ud574",
            "sbjetDvnno": "001",
            "sbjetCd": "CLTR0103",
            "gubun": null,
            "pckgeRqstPssblYn": "N",
            "pckgeRqstCnt": "0",
            "name": null,
            "rmrk": null,
            "appcrCnt": "51",
            "attlcPrscpCnt": "70",
            "lssnsTimeInfo": "\ud654 8B,9A,9B<br/>\ubaa9 8B,9A,9B",
            "lssnsRealTimeInfo": "\ud654 16:30 ~ 18:00<br/>\ubaa9 16:30 ~ 18:00",
            "prctsTime": "0",
            "doPlan": "Kor",
            "thryTime": "3",
            "totalPrfssNm": "\ubc15\uc885\uc11d",
            "mngetEstblYn": "N",
            "code": null,
            "crdit": "3",
            "expniSllbsYn": "N",
            "bldngSn": null,
            "bldngCd": null,
            "bldngNm": null,
            "lssnsLcttmUntcd": null,
            "sbjetSctcd2": null,
            "rmnmCd": "201",
            "isApi": null,
            "paging": false,
            "rowStatus": "R",
            "pageSort": null
        },
        {
            "rowIndex": 0,
            "success": false,
            "message": null,
            "pageSize": 100,
            "pageNum": 1,
            "lctreMthodNm": "\ub300\uba74",
            "lctrmInfo": "\ud654\ud559\uad00",
            "lctreLnggeSctcd": null,
            "crseNo": "CHEM0331-003",
            "estblUnivNm": "\uc0ac\ubc94\ub300\ud559",
            "estblDprtnNm": "\ud654\ud559\uad50\uc721\uacfc",
            "estblYear": "2022",
            "estblDprtnCd": "190I",
            "estblSmstrSctnm": "1\ud559\uae30",
            "estblSmstrSctcd": "CMBS001400001",
            "estblGrade": "3",
            "sbjetSctnm": "\uc804\uacf5",
            "sbjetNm": "\uc720\uae30\ud654\ud559\uc2e4\ud5d8",
            "sbjetDvnno": "003",
            "sbjetCd": "CHEM0331",
            "gubun": null,
            "pckgeRqstPssblYn": "Y",
            "pckgeRqstCnt": "13",
            "name": null,
            "rmrk": null,
            "appcrCnt": "17",
            "attlcPrscpCnt": "25",
            "lssnsTimeInfo": "\uae08 10A,10B<br/>\uae08 5A,5B<br/>\uae08 6A,6B<br/>\uae08 7A,7B<br/>\uae08 8A,8B<br/>\uae08 9A,9B",
            "lssnsRealTimeInfo": "\uae08 18:00 ~ 19:00<br/>\uae08 13:00 ~ 14:00<br/>\uae08 14:00 ~ 15:00<br/>\uae08 15:00 ~ 16:00<br/>\uae08 16:00 ~ 17:00<br/>\uae08 17:00 ~ 18:00",
            "prctsTime": "6",
            "doPlan": "Kor",
            "thryTime": "0",
            "totalPrfssNm": "\uae40\ubbfc\uacbd",
            "mngetEstblYn": "Y",
            "code": null,
            "crdit": "3",
            "expniSllbsYn": "Y",
            "bldngSn": null,
            "bldngCd": null,
            "bldngNm": null,
            "lssnsLcttmUntcd": null,
            "sbjetSctcd2": null,
            "rmnmCd": "417",
            "isApi": null,
            "paging": false,
            "rowStatus": "R",
            "pageSort": null
        },
        {
            "rowIndex": 0,
            "success": false,
            "message": null,
            "pageSize": 100,
            "pageNum": 1,
            "lctreMthodNm": "\ub300\uba74",
            "lctrmInfo": "\ud654\ud559\uad00",
            "lctreLnggeSctcd": null,
            "crseNo": "SCED0211-001",
            "estblUnivNm": "\uc0ac\ubc94\ub300\ud559",
            "estblDprtnNm": "\ud654\ud559\uad50\uc721\uacfc",
            "estblYear": "2022",
            "estblDprtnCd": "190I",
            "estblSmstrSctnm": "1\ud559\uae30",
            "estblSmstrSctcd": "CMBS001400001",
            "estblGrade": "1",
            "sbjetSctnm": "\uc804\uacf5",
            "sbjetNm": "\uc77c\ubc18\ud654\ud5591",
            "sbjetDvnno": "001",
            "sbjetCd": "SCED0211",
            "gubun": null,
            "pckgeRqstPssblYn": "N",
            "pckgeRqstCnt": "0",
            "name": null,
            "rmrk": null,
            "appcrCnt": "18",
            "attlcPrscpCnt": "30",
            "lssnsTimeInfo": "\uc218 1A,1B,2A<br/>\uae08 2B,3A,3B",
            "lssnsRealTimeInfo": "\uc218 09:00 ~ 10:30<br/>\uae08 10:30 ~ 12:00",
            "prctsTime": "0",
            "doPlan": "Kor",
            "thryTime": "3",
            "totalPrfssNm": "\uc1a1\uc8fc\ubc94",
            "mngetEstblYn": "N",
            "code": null,
            "crdit": "3",
            "expniSllbsYn": "N",
            "bldngSn": null,
            "bldngCd": null,
            "bldngNm": null,
            "lssnsLcttmUntcd": null,
            "sbjetSctcd2": null,
            "rmnmCd": "214",
            "isApi": null,
            "paging": false,
            "rowStatus": "R",
            "pageSort": null
        },
        {
            "rowIndex": 0,
            "success": false,
            "message": null,
            "pageSize": 100,
            "pageNum": 1,
            "lctreMthodNm": "\ub300\uba74",
            "lctrmInfo": "\uc81c2\uacfc\ud559\uad00",
            "lctreLnggeSctcd": null,
            "crseNo": "ESED0352-001",
            "estblUnivNm": "\uc0ac\ubc94\ub300\ud559",
            "estblDprtnNm": "\ud654\ud559\uad50\uc721\uacfc",
            "estblYear": "2022",
            "estblDprtnCd": "190I",
            "estblSmstrSctnm": "1\ud559\uae30",
            "estblSmstrSctcd": "CMBS001400001",
            "estblGrade": "2",
            "sbjetSctnm": "\uc5f0\uacc4\uc804\uacf5",
            "sbjetNm": "\ub300\uae30\uacfc\ud559",
            "sbjetDvnno": "001",
            "sbjetCd": "ESED0352",
            "gubun": null,
            "pckgeRqstPssblYn": "Y",
            "pckgeRqstCnt": "39",
            "name": null,
            "rmrk": null,
            "appcrCnt": "43",
            "attlcPrscpCnt": "40",
            "lssnsTimeInfo": "\ud654 5B,6A,6B<br/>\ubaa9 5B,6A,6B",
            "lssnsRealTimeInfo": "\ud654 13:30 ~ 15:00<br/>\ubaa9 13:30 ~ 15:00",
            "prctsTime": "0",
            "doPlan": "Kor",
            "thryTime": "3",
            "totalPrfssNm": "\ubc15\ub450\uc120",
            "mngetEstblYn": "N",
            "code": null,
            "crdit": "3",
            "expniSllbsYn": "N",
            "bldngSn": null,
            "bldngCd": null,
            "bldngNm": null,
            "lssnsLcttmUntcd": null,
            "sbjetSctcd2": null,
            "rmnmCd": "218",
            "isApi": null,
            "paging": false,
            "rowStatus": "R",
            "pageSort": null
        },
        {
            "rowIndex": 0,
            "success": false,
            "message": null,
            "pageSize": 100,
            "pageNum": 1,
            "lctreMthodNm": "\ub300\uba74",
            "lctrmInfo": "\ud654\ud559\uad00",
            "lctreLnggeSctcd": null,
            "crseNo": "CHED0453-001",
            "estblUnivNm": "\uc0ac\ubc94\ub300\ud559",
            "estblDprtnNm": "\ud654\ud559\uad50\uc721\uacfc",
            "estblYear": "2022",
            "estblDprtnCd": "190I",
            "estblSmstrSctnm": "1\ud559\uae30",
            "estblSmstrSctcd": "CMBS001400001",
            "estblGrade": "4",
            "sbjetSctnm": "\uc804\uacf5",
            "sbjetNm": "\ubb3c\ub9ac\ud654\ud559\ud2b9\uac15",
            "sbjetDvnno": "001",
            "sbjetCd": "CHED0453",
            "gubun": null,
            "pckgeRqstPssblYn": "N",
            "pckgeRqstCnt": null,
            "name": null,
            "rmrk": null,
            "appcrCnt": "8",
            "attlcPrscpCnt": "20",
            "lssnsTimeInfo": "\uc6d4 1A,1B<br/>\uc6d4 2A,2B<br/>\uc6d4 3A,3B<br/>\uc6d4 5A,5B<br/>\uc6d4 6A,6B",
            "lssnsRealTimeInfo": "\uc6d4 09:00 ~ 10:00<br/>\uc6d4 10:00 ~ 11:00<br/>\uc6d4 11:00 ~ 12:00<br/>\uc6d4 13:00 ~ 14:00<br/>\uc6d4 14:00 ~ 15:00",
            "prctsTime": "0",
            "doPlan": "Kor",
            "thryTime": "3",
            "totalPrfssNm": "\uc1a1\uc8fc\ubc94",
            "mngetEstblYn": "Y",
            "code": null,
            "crdit": "3",
            "expniSllbsYn": "N",
            "bldngSn": null,
            "bldngCd": null,
            "bldngNm": null,
            "lssnsLcttmUntcd": null,
            "sbjetSctcd2": null,
            "rmnmCd": "112214",
            "isApi": null,
            "paging": false,
            "rowStatus": "R",
            "pageSort": null
        },
        {
            "rowIndex": 0,
            "success": false,
            "message": null,
            "pageSize": 100,
            "pageNum": 1,
            "lctreMthodNm": "\ub300\uba74",
            "lctrmInfo": "\ud654\ud559\uad00",
            "lctreLnggeSctcd": null,
            "crseNo": "CHED0351-001",
            "estblUnivNm": "\uc0ac\ubc94\ub300\ud559",
            "estblDprtnNm": "\ud654\ud559\uad50\uc721\uacfc",
            "estblYear": "2022",
            "estblDprtnCd": "190I",
            "estblSmstrSctnm": "1\ud559\uae30",
            "estblSmstrSctcd": "CMBS001400001",
            "estblGrade": "3",
            "sbjetSctnm": "\uc804\uacf5",
            "sbjetNm": "\uc774\ub860\ud654\ud559",
            "sbjetDvnno": "001",
            "sbjetCd": "CHED0351",
            "gubun": null,
            "pckgeRqstPssblYn": "Y",
            "pckgeRqstCnt": "6",
            "name": null,
            "rmrk": null,
            "appcrCnt": "11",
            "attlcPrscpCnt": "20",
            "lssnsTimeInfo": "\ud654 5B,6A,6B<br/>\ubaa9 5B,6A,6B",
            "lssnsRealTimeInfo": "\ud654 13:30 ~ 15:00<br/>\ubaa9 13:30 ~ 15:00",
            "prctsTime": "0",
            "doPlan": "Kor",
            "thryTime": "3",
            "totalPrfssNm": "\uc1a1\uc8fc\ubc94",
            "mngetEstblYn": "Y",
            "code": null,
            "crdit": "3",
            "expniSllbsYn": "N",
            "bldngSn": null,
            "bldngCd": null,
            "bldngNm": null,
            "lssnsLcttmUntcd": null,
            "sbjetSctcd2": null,
            "rmnmCd": "214",
            "isApi": null,
            "paging": false,
            "rowStatus": "R",
            "pageSort": null
        },
        {
            "rowIndex": 0,
            "success": false,
            "message": null,
            "pageSize": 100,
            "pageNum": 1,
            "lctreMthodNm": "\ub300\uba74",
            "lctrmInfo": "\ud654\ud559\uad00",
            "lctreLnggeSctcd": null,
            "crseNo": "CHEM0301-003",
            "estblUnivNm": "\uc0ac\ubc94\ub300\ud559",
            "estblDprtnNm": "\ud654\ud559\uad50\uc721\uacfc",
            "estblYear": "2022",
            "estblDprtnCd": "190I",
            "estblSmstrSctnm": "1\ud559\uae30",
            "estblSmstrSctcd": "CMBS001400001",
            "estblGrade": "3",
            "sbjetSctnm": "\uc804\uacf5",
            "sbjetNm": "\ubb34\uae30\ud654\ud5591",
            "sbjetDvnno": "003",
            "sbjetCd": "CHEM0301",
            "gubun": null,
            "pckgeRqstPssblYn": "Y",
            "pckgeRqstCnt": "9",
            "name": null,
            "rmrk": null,
            "appcrCnt": "10",
            "attlcPrscpCnt": "20",
            "lssnsTimeInfo": "\uc6d4 2B,3A,3B<br/>\uae08 1A,1B,2A",
            "lssnsRealTimeInfo": "\uc6d4 10:30 ~ 12:00<br/>\uae08 09:00 ~ 10:30",
            "prctsTime": "0",
            "doPlan": "Kor",
            "thryTime": "3",
            "totalPrfssNm": "\ubbfc\uae38\uc2dd",
            "mngetEstblYn": "Y",
            "code": null,
            "crdit": "3",
            "expniSllbsYn": "Y",
            "bldngSn": null,
            "bldngCd": null,
            "bldngNm": null,
            "lssnsLcttmUntcd": null,
            "sbjetSctcd2": null,
            "rmnmCd": "214",
            "isApi": null,
            "paging": false,
            "rowStatus": "R",
            "pageSort": null
        },
        {
            "rowIndex": 0,
            "success": false,
            "message": null,
            "pageSize": 100,
            "pageNum": 1,
            "lctreMthodNm": "\ub300\uba74",
            "lctrmInfo": "\uad50\uc721\ub300\ud559\uc6d0",
            "lctreLnggeSctcd": null,
            "crseNo": "SCED0221-002",
            "estblUnivNm": "\uc0ac\ubc94\ub300\ud559",
            "estblDprtnNm": "\ud654\ud559\uad50\uc721\uacfc",
            "estblYear": "2022",
            "estblDprtnCd": "190I",
            "estblSmstrSctnm": "1\ud559\uae30",
            "estblSmstrSctcd": "CMBS001400001",
            "estblGrade": "1",
            "sbjetSctnm": "\uc5f0\uacc4\uc804\uacf5",
            "sbjetNm": "\uc77c\ubc18\uc0dd\ubb3c\ud5591",
            "sbjetDvnno": "002",
            "sbjetCd": "SCED0221",
            "gubun": null,
            "pckgeRqstPssblYn": "N",
            "pckgeRqstCnt": "0",
            "name": null,
            "rmrk": null,
            "appcrCnt": "46",
            "attlcPrscpCnt": "80",
            "lssnsTimeInfo": "\ud654 7A,7B,8A<br/>\ubaa9 7A,7B,8A",
            "lssnsRealTimeInfo": "\ud654 15:00 ~ 16:30<br/>\ubaa9 15:00 ~ 16:30",
            "prctsTime": "0",
            "doPlan": "Kor",
            "thryTime": "3",
            "totalPrfssNm": "\ucc44\uad8c\uc11d",
            "mngetEstblYn": "N",
            "code": null,
            "crdit": "3",
            "expniSllbsYn": "N",
            "bldngSn": null,
            "bldngCd": null,
            "bldngNm": null,
            "lssnsLcttmUntcd": null,
            "sbjetSctcd2": null,
            "rmnmCd": "101",
            "isApi": null,
            "paging": false,
            "rowStatus": "R",
            "pageSort": null
        }
    ],
    "statusCode": 200
}