{
    "timestamp": "2022-04-28T23:14:33.518",
    "success": true,
    "code": null,
    "msg": null,
    "data": [
        {
            "rowIndex": 0,
            "success": false,
            "message": null,
            "pageSize": 100,
            "pageNum": 1,
            "lctreMthodNm": "\ub300\uba74",
            "lctrmInfo": "\uc81c1\uacfc\ud559\uad00",
            "lctreLnggeSctcd": null,
            "crseNo": "SCED0202-001",
            "estblUnivNm": "\uc0ac\ubc94\ub300\ud559",
            "estblDprtnNm": "\ubb3c\ub9ac\uad50\uc721\uacfc",
            "estblYear": "2022",
            "estblDprtnCd": "190H",
            "estblSmstrSctnm": "1\ud559\uae30",
            "estblSmstrSctcd": "CMBS001400001",
            "estblGrade": "2",
            "sbjetSctnm": "\uc804\uacf5",
            "sbjetNm": "\uc77c\ubc18\ubb3c\ub9ac\ud5592",
            "sbjetDvnno": "001",
            "sbjetCd": "SCED0202",
            "gubun": null,
            "pckgeRqstPssblYn": "Y",
            "pckgeRqstCnt": "16",
            "name": null,
            "rmrk": null,
            "appcrCnt": "19",
            "attlcPrscpCnt": "40",
            "lssnsTimeInfo": "\ud654 8B,9A,9B<br/>\ubaa9 8B,9A,9B",
            "lssnsRealTimeInfo": "\ud654 16:30 ~ 18:00<br/>\ubaa9 16:30 ~ 18:00",
            "prctsTime": "0",
            "doPlan": "Kor",
            "thryTime": "3",
            "totalPrfssNm": "\uc8fc\uc601\uad6c",
            "mngetEstblYn": "Y",
            "code": null,
            "crdit": "3",
            "expniSllbsYn": "N",
            "bldngSn": null,
            "bldngCd": null,
            "bldngNm": null,
            "lssnsLcttmUntcd": null,
            "sbjetSctcd2": null,
            "rmnmCd": "313",
            "isApi": null,
            "paging": false,
            "rowStatus": "R",
            "pageSort": null
        },
        {
            "rowIndex": 0,
            "success": false,
            "message": null,
            "pageSize": 100,
            "pageNum": 1,
            "lctreMthodNm": "\ub300\uba74",
            "lctrmInfo": "\uc81c1\uacfc\ud559\uad00",
            "lctreLnggeSctcd": null,
            "crseNo": "TCHR0676-001",
            "estblUnivNm": "\uc0ac\ubc94\ub300\ud559",
            "estblDprtnNm": "\ubb3c\ub9ac\uad50\uc721\uacfc",
            "estblYear": "2022",
            "estblDprtnCd": "190H",
            "estblSmstrSctnm": "1\ud559\uae30",
            "estblSmstrSctcd": "CMBS001400001",
            "estblGrade": "4",
            "sbjetSctnm": "\uc804\uacf5",
            "sbjetNm": "\ubb3c\ub9ac\uad50\uc7ac\uc5f0\uad6c\ubc0f\uc9c0\ub3c4\ubc95",
            "sbjetDvnno": "001",
            "sbjetCd": "TCHR0676",
            "gubun": null,
            "pckgeRqstPssblYn": "Y",
            "pckgeRqstCnt": "10",
            "name": null,
            "rmrk": null,
            "appcrCnt": "14",
            "attlcPrscpCnt": "40",
            "lssnsTimeInfo": "\uc6d4 7A,7B<br/>\uc6d4 8A,8B<br/>\uc6d4 9A,9B<br/>\uc218 5A,5B<br/>\uc218 6A,6B",
            "lssnsRealTimeInfo": "\uc6d4 15:00 ~ 16:00<br/>\uc6d4 16:00 ~ 17:00<br/>\uc6d4 17:00 ~ 18:00<br/>\uc218 13:00 ~ 14:00<br/>\uc218 14:00 ~ 15:00",
            "prctsTime": "0",
            "doPlan": "Kor",
            "thryTime": "3",
            "totalPrfssNm": "\ud558\uc0c1\uc6b0",
            "mngetEstblYn": "Y",
            "code": null,
            "crdit": "3",
            "expniSllbsYn": "N",
            "bldngSn": null,
            "bldngCd": null,
            "bldngNm": null,
            "lssnsLcttmUntcd": null,
            "sbjetSctcd2": null,
            "rmnmCd": "313",
            "isApi": null,
            "paging": false,
            "rowStatus": "R",
            "pageSort": null
        },
        {
            "rowIndex": 0,
            "success": false,
            "message": null,
            "pageSize": 100,
            "pageNum": 1,
            "lctreMthodNm": "\ub300\uba74",
            "lctrmInfo": "\uc81c2\uacfc\ud559\uad00",
            "lctreLnggeSctcd": null,
            "crseNo": "GEOL0212-002",
            "estblUnivNm": "\uc0ac\ubc94\ub300\ud559",
            "estblDprtnNm": "\ubb3c\ub9ac\uad50\uc721\uacfc",
            "estblYear": "2022",
            "estblDprtnCd": "190H",
            "estblSmstrSctnm": "1\ud559\uae30",
            "estblSmstrSctcd": "CMBS001400001",
            "estblGrade": "2",
            "sbjetSctnm": "\uc5f0\uacc4\uc804\uacf5",
            "sbjetNm": "\uc9c0\uc9c8\ud559",
            "sbjetDvnno": "002",
            "sbjetCd": "GEOL0212",
            "gubun": null,
            "pckgeRqstPssblYn": "Y",
            "pckgeRqstCnt": "47",
            "name": null,
            "rmrk": null,
            "appcrCnt": "59",
            "attlcPrscpCnt": "60",
            "lssnsTimeInfo": "\ud654 7A,7B,8A<br/>\ubaa9 7A,7B,8A",
            "lssnsRealTimeInfo": "\ud654 15:00 ~ 16:30<br/>\ubaa9 15:00 ~ 16:30",
            "prctsTime": "0",
            "doPlan": "Kor",
            "thryTime": "3",
            "totalPrfssNm": "\ucd5c\uc815\ud574",
            "mngetEstblYn": "N",
            "code": null,
            "crdit": "3",
            "expniSllbsYn": "N",
            "bldngSn": null,
            "bldngCd": null,
            "bldngNm": null,
            "lssnsLcttmUntcd": null,
            "sbjetSctcd2": null,
            "rmnmCd": "218",
            "isApi": null,
            "paging": false,
            "rowStatus": "R",
            "pageSort": null
        },
        {
            "rowIndex": 0,
            "success": false,
            "message": null,
            "pageSize": 100,
            "pageNum": 1,
            "lctreMthodNm": "\ub300\uba74",
            "lctrmInfo": "\uc81c1\uacfc\ud559\uad00",
            "lctreLnggeSctcd": null,
            "crseNo": "PHED0223-001",
            "estblUnivNm": "\uc0ac\ubc94\ub300\ud559",
            "estblDprtnNm": "\ubb3c\ub9ac\uad50\uc721\uacfc",
            "estblYear": "2022",
            "estblDprtnCd": "190H",
            "estblSmstrSctnm": "1\ud559\uae30",
            "estblSmstrSctcd": "CMBS001400001",
            "estblGrade": "1",
            "sbjetSctnm": "\uc804\uacf5",
            "sbjetNm": "\ubb3c\ub9ac\ud559\uc758 \uae30\ucd08",
            "sbjetDvnno": "001",
            "sbjetCd": "PHED0223",
            "gubun": null,
            "pckgeRqstPssblYn": "N",
            "pckgeRqstCnt": "0",
            "name": null,
            "rmrk": null,
            "appcrCnt": "18",
            "attlcPrscpCnt": "40",
            "lssnsTimeInfo": "\uc218 2B,3A,3B<br/>\uae08 1A,1B,2A",
            "lssnsRealTimeInfo": "\uc218 10:30 ~ 12:00<br/>\uae08 09:00 ~ 10:30",
            "prctsTime": "0",
            "doPlan": "Kor",
            "thryTime": "3",
            "totalPrfssNm": "\ud558\ud61c\uc9c4",
            "mngetEstblYn": "Y",
            "code": null,
            "crdit": "3",
            "expniSllbsYn": "N",
            "bldngSn": null,
            "bldngCd": null,
            "bldngNm": null,
            "lssnsLcttmUntcd": null,
            "sbjetSctcd2": null,
            "rmnmCd": "313",
            "isApi": null,
            "paging": false,
            "rowStatus": "R",
            "pageSort": null
        },
        {
            "rowIndex": 0,
            "success": false,
            "message": null,
            "pageSize": 100,
            "pageNum": 1,
            "lctreMthodNm": "\ub300\uba74",
            "lctrmInfo": "\uc81c1\uacfc\ud559\uad00",
            "lctreLnggeSctcd": null,
            "crseNo": "TCHR0636-001",
            "estblUnivNm": "\uc0ac\ubc94\ub300\ud559",
            "estblDprtnNm": "\ubb3c\ub9ac\uad50\uc721\uacfc",
            "estblYear": "2022",
            "estblDprtnCd": "190H",
            "estblSmstrSctnm": "1\ud559\uae30",
            "estblSmstrSctcd": "CMBS001400001",
            "estblGrade": "3",
            "sbjetSctnm": "\uc804\uacf5",
            "sbjetNm": "\ubb3c\ub9ac\uad50\uc721\ub860",
            "sbjetDvnno": "001",
            "sbjetCd": "TCHR0636",
            "gubun": null,
            "pckgeRqstPssblYn": "Y",
            "pckgeRqstCnt": "22",
            "name": null,
            "rmrk": null,
            "appcrCnt": "23",
            "attlcPrscpCnt": "40",
            "lssnsTimeInfo": "\ud654 7A,7B,8A<br/>\ubaa9 7A,7B,8A",
            "lssnsRealTimeInfo": "\ud654 15:00 ~ 16:30<br/>\ubaa9 15:00 ~ 16:30",
            "prctsTime": "0",
            "doPlan": "Kor",
            "thryTime": "3",
            "totalPrfssNm": "\ud558\uc0c1\uc6b0",
            "mngetEstblYn": "Y",
            "code": null,
            "crdit": "3",
            "expniSllbsYn": "N",
            "bldngSn": null,
            "bldngCd": null,
            "bldngNm": null,
            "lssnsLcttmUntcd": null,
            "sbjetSctcd2": null,
            "rmnmCd": "316",
            "isApi": null,
            "paging": false,
            "rowStatus": "R",
            "pageSort": null
        },
        {
            "rowIndex": 0,
            "success": false,
            "message": null,
            "pageSize": 100,
            "pageNum": 1,
            "lctreMthodNm": "\ub300\uba74",
            "lctrmInfo": "\uc81c1\uacfc\ud559\uad00",
            "lctreLnggeSctcd": null,
            "crseNo": "PHED0359-001",
            "estblUnivNm": "\uc0ac\ubc94\ub300\ud559",
            "estblDprtnNm": "\ubb3c\ub9ac\uad50\uc721\uacfc",
            "estblYear": "2022",
            "estblDprtnCd": "190H",
            "estblSmstrSctnm": "1\ud559\uae30",
            "estblSmstrSctcd": "CMBS001400001",
            "estblGrade": "4",
            "sbjetSctnm": "\uc804\uacf5",
            "sbjetNm": "\ud1b5\uacc4\ubb3c\ub9ac\ud559\uac1c\ub860",
            "sbjetDvnno": "001",
            "sbjetCd": "PHED0359",
            "gubun": null,
            "pckgeRqstPssblYn": "Y",
            "pckgeRqstCnt": "7",
            "name": null,
            "rmrk": null,
            "appcrCnt": "9",
            "attlcPrscpCnt": "40",
            "lssnsTimeInfo": "\ud654 2A,2B<br/>\ud654 3A,3B<br/>\ubaa9 1A,1B<br/>\ubaa9 2A,2B<br/>\ubaa9 3A,3B",
            "lssnsRealTimeInfo": "\ud654 10:00 ~ 11:00<br/>\ud654 11:00 ~ 12:00<br/>\ubaa9 09:00 ~ 10:00<br/>\ubaa9 10:00 ~ 11:00<br/>\ubaa9 11:00 ~ 12:00",
            "prctsTime": "0",
            "doPlan": "Kor",
            "thryTime": "3",
            "totalPrfssNm": "\uae40\uc218\ub780",
            "mngetEstblYn": "Y",
            "code": null,
            "crdit": "3",
            "expniSllbsYn": "N",
            "bldngSn": null,
            "bldngCd": null,
            "bldngNm": null,
            "lssnsLcttmUntcd": null,
            "sbjetSctcd2": null,
            "rmnmCd": "316",
            "isApi": null,
            "paging": false,
            "rowStatus": "R",
            "pageSort": null
        },
        {
            "rowIndex": 0,
            "success": false,
            "message": null,
            "pageSize": 100,
            "pageNum": 1,
            "lctreMthodNm": "\ub300\uba74",
            "lctrmInfo": "\uc0dd\ubb3c\ud559\uad00",
            "lctreLnggeSctcd": null,
            "crseNo": "TCHR0444-002",
            "estblUnivNm": "\uc0ac\ubc94\ub300\ud559",
            "estblDprtnNm": "\ubb3c\ub9ac\uad50\uc721\uacfc",
            "estblYear": "2022",
            "estblDprtnCd": "190H",
            "estblSmstrSctnm": "1\ud559\uae30",
            "estblSmstrSctcd": "CMBS001400001",
            "estblGrade": "3",
            "sbjetSctnm": "\uc5f0\uacc4\uc804\uacf5",
            "sbjetNm": "\ud1b5\ud569\uacfc\ud559 \ub17c\ub9ac \ubc0f \ub17c\uc220\uc9c0\ub3c4",
            "sbjetDvnno": "002",
            "sbjetCd": "TCHR0444",
            "gubun": null,
            "pckgeRqstPssblYn": "Y",
            "pckgeRqstCnt": "25",
            "name": null,
            "rmrk": null,
            "appcrCnt": "26",
            "attlcPrscpCnt": "25",
            "lssnsTimeInfo": "\uc218 7A,7B,8A<br/>\uc218 8B,9A,9B",
            "lssnsRealTimeInfo": "\uc218 15:00 ~ 16:30<br/>\uc218 16:30 ~ 18:00",
            "prctsTime": "0",
            "doPlan": "Kor",
            "thryTime": "3",
            "totalPrfssNm": "\uae40\uc601\uc2e0<br/>\uc784\uc218\ubbfc",
            "mngetEstblYn": "N",
            "code": null,
            "crdit": "3",
            "expniSllbsYn": "N",
            "bldngSn": null,
            "bldngCd": null,
            "bldngNm": null,
            "lssnsLcttmUntcd": null,
            "sbjetSctcd2": null,
            "rmnmCd": "B01",
            "isApi": null,
            "paging": false,
            "rowStatus": "R",
            "pageSort": null
        },
        {
            "rowIndex": 0,
            "success": false,
            "message": null,
            "pageSize": 100,
            "pageNum": 1,
            "lctreMthodNm": "\ub300\uba74",
            "lctrmInfo": "\uc81c1\uacfc\ud559\uad00",
            "lctreLnggeSctcd": null,
            "crseNo": "PHED0294-001",
            "estblUnivNm": "\uc0ac\ubc94\ub300\ud559",
            "estblDprtnNm": "\ubb3c\ub9ac\uad50\uc721\uacfc",
            "estblYear": "2022",
            "estblDprtnCd": "190H",
            "estblSmstrSctnm": "1\ud559\uae30",
            "estblSmstrSctcd": "CMBS001400001",
            "estblGrade": "3",
            "sbjetSctnm": "\uc804\uacf5",
            "sbjetNm": "\ud604\ub300\ubb3c\ub9ac\ud559\ubc0f\uc2e4\ud5d8",
            "sbjetDvnno": "001",
            "sbjetCd": "PHED0294",
            "gubun": null,
            "pckgeRqstPssblYn": "Y",
            "pckgeRqstCnt": "14",
            "name": null,
            "rmrk": null,
            "appcrCnt": "17",
            "attlcPrscpCnt": "40",
            "lssnsTimeInfo": "\ud654 2A,2B<br/>\ud654 3A,3B<br/>\ubaa9 2A,2B<br/>\ubaa9 3A,3B",
            "lssnsRealTimeInfo": "\ud654 10:00 ~ 11:00<br/>\ud654 11:00 ~ 12:00<br/>\ubaa9 10:00 ~ 11:00<br/>\ubaa9 11:00 ~ 12:00",
            "prctsTime": "2",
            "doPlan": "Kor",
            "thryTime": "2",
            "totalPrfssNm": "\uc190\uc0c1\ud638",
            "mngetEstblYn": "Y",
            "code": null,
            "crdit": "3",
            "expniSllbsYn": "N",
            "bldngSn": null,
            "bldngCd": null,
            "bldngNm": null,
            "lssnsLcttmUntcd": null,
            "sbjetSctcd2": null,
            "rmnmCd": "313",
            "isApi": null,
            "paging": false,
            "rowStatus": "R",
            "pageSort": null
        },
        {
            "rowIndex": 0,
            "success": false,
            "message": null,
            "pageSize": 100,
            "pageNum": 1,
            "lctreMthodNm": "\ub300\uba74",
            "lctrmInfo": "\uc81c1\uacfc\ud559\uad00",
            "lctreLnggeSctcd": null,
            "crseNo": "PHED0415-001",
            "estblUnivNm": "\uc0ac\ubc94\ub300\ud559",
            "estblDprtnNm": "\ubb3c\ub9ac\uad50\uc721\uacfc",
            "estblYear": "2022",
            "estblDprtnCd": "190H",
            "estblSmstrSctnm": "1\ud559\uae30",
            "estblSmstrSctcd": "CMBS001400001",
            "estblGrade": "4",
            "sbjetSctnm": "\uc804\uacf5",
            "sbjetNm": "\uc591\uc790\ubb3c\ub9ac\uad50\uc721",
            "sbjetDvnno": "001",
            "sbjetCd": "PHED0415",
            "gubun": null,
            "pckgeRqstPssblYn": "Y",
            "pckgeRqstCnt": "7",
            "name": null,
            "rmrk": null,
            "appcrCnt": "8",
            "attlcPrscpCnt": "40",
            "lssnsTimeInfo": "\ud654 5A,5B<br/>\ud654 6A,6B<br/>\ubaa9 5A,5B<br/>\ubaa9 6A,6B<br/>\ubaa9 7A,7B",
            "lssnsRealTimeInfo": "\ud654 13:00 ~ 14:00<br/>\ud654 14:00 ~ 15:00<br/>\ubaa9 13:00 ~ 14:00<br/>\ubaa9 14:00 ~ 15:00<br/>\ubaa9 15:00 ~ 16:00",
            "prctsTime": "0",
            "doPlan": "Kor",
            "thryTime": "3",
            "totalPrfssNm": "\ucd5c\ud638\uba85",
            "mngetEstblYn": "Y",
            "code": null,
            "crdit": "3",
            "expniSllbsYn": "N",
            "bldngSn": null,
            "bldngCd": null,
            "bldngNm": null,
            "lssnsLcttmUntcd": null,
            "sbjetSctcd2": null,
            "rmnmCd": "313",
            "isApi": null,
            "paging": false,
            "rowStatus": "R",
            "pageSort": null
        },
        {
            "rowIndex": 0,
            "success": false,
            "message": null,
            "pageSize": 100,
            "pageNum": 1,
            "lctreMthodNm": "\ub300\uba74",
            "lctrmInfo": "\uad50\uc721\ub300\ud559\uc6d0",
            "lctreLnggeSctcd": null,
            "crseNo": "SCED0231-002",
            "estblUnivNm": "\uc0ac\ubc94\ub300\ud559",
            "estblDprtnNm": "\ubb3c\ub9ac\uad50\uc721\uacfc",
            "estblYear": "2022",
            "estblDprtnCd": "190H",
            "estblSmstrSctnm": "1\ud559\uae30",
            "estblSmstrSctcd": "CMBS001400001",
            "estblGrade": "1",
            "sbjetSctnm": "\uc5f0\uacc4\uc804\uacf5",
            "sbjetNm": "\uc77c\ubc18\uc9c0\uad6c\uacfc\ud5591",
            "sbjetDvnno": "002",
            "sbjetCd": "SCED0231",
            "gubun": null,
            "pckgeRqstPssblYn": "N",
            "pckgeRqstCnt": "0",
            "name": null,
            "rmrk": null,
            "appcrCnt": "53",
            "attlcPrscpCnt": "80",
            "lssnsTimeInfo": "\ud654 2B,3A,3B<br/>\ubaa9 1A,1B,2A",
            "lssnsRealTimeInfo": "\ud654 10:30 ~ 12:00<br/>\ubaa9 09:00 ~ 10:30",
            "prctsTime": "0",
            "doPlan": "Kor",
            "thryTime": "3",
            "totalPrfssNm": "\uc804\uc7ac\ub3c8",
            "mngetEstblYn": "N",
            "code": null,
            "crdit": "3",
            "expniSllbsYn": "N",
            "bldngSn": null,
            "bldngCd": null,
            "bldngNm": null,
            "lssnsLcttmUntcd": null,
            "sbjetSctcd2": null,
            "rmnmCd": "101",
            "isApi": null,
            "paging": false,
            "rowStatus": "R",
            "pageSort": null
        },
        {
            "rowIndex": 0,
            "success": false,
            "message": null,
            "pageSize": 100,
            "pageNum": 1,
            "lctreMthodNm": "\ub300\uba74",
            "lctrmInfo": "\uc0ac\ubc94\ub300\ud559",
            "lctreLnggeSctcd": null,
            "crseNo": "CLTR0211-025",
            "estblUnivNm": "\uc0ac\ubc94\ub300\ud559",
            "estblDprtnNm": "\ubb3c\ub9ac\uad50\uc721\uacfc",
            "estblYear": "2022",
            "estblDprtnCd": "190H",
            "estblSmstrSctnm": "1\ud559\uae30",
            "estblSmstrSctcd": "CMBS001400001",
            "estblGrade": "1",
            "sbjetSctnm": "\uad50\uc591",
            "sbjetNm": "\uc218\ud559 I",
            "sbjetDvnno": "025",
            "sbjetCd": "CLTR0211",
            "gubun": null,
            "pckgeRqstPssblYn": "N",
            "pckgeRqstCnt": "0",
            "name": null,
            "rmrk": null,
            "appcrCnt": "30",
            "attlcPrscpCnt": "65",
            "lssnsTimeInfo": "\uc6d4 7A,7B,8A<br/>\uae08 7A,7B,8A",
            "lssnsRealTimeInfo": "\uc6d4 15:00 ~ 16:30<br/>\uae08 15:00 ~ 16:30",
            "prctsTime": "0",
            "doPlan": "Kor",
            "thryTime": "3",
            "totalPrfssNm": "\uc11c\uba85\uc218",
            "mngetEstblYn": "Y",
            "code": null,
            "crdit": "3",
            "expniSllbsYn": "N",
            "bldngSn": null,
            "bldngCd": null,
            "bldngNm": null,
            "lssnsLcttmUntcd": null,
            "sbjetSctcd2": null,
            "rmnmCd": "217",
            "isApi": null,
            "paging": false,
            "rowStatus": "R",
            "pageSort": null
        },
        {
            "rowIndex": 0,
            "success": false,
            "message": null,
            "pageSize": 100,
            "pageNum": 1,
            "lctreMthodNm": "\ub300\uba74",
            "lctrmInfo": "\uc81c1\uacfc\ud559\uad00",
            "lctreLnggeSctcd": null,
            "crseNo": "PHED0316-001",
            "estblUnivNm": "\uc0ac\ubc94\ub300\ud559",
            "estblDprtnNm": "\ubb3c\ub9ac\uad50\uc721\uacfc",
            "estblYear": "2022",
            "estblDprtnCd": "190H",
            "estblSmstrSctnm": "1\ud559\uae30",
            "estblSmstrSctcd": "CMBS001400001",
            "estblGrade": "3",
            "sbjetSctnm": "\uc804\uacf5",
            "sbjetNm": "\uc804\uae30\uc790\uae30\ud5592\ubc0f\uc2e4\ud5d8",
            "sbjetDvnno": "001",
            "sbjetCd": "PHED0316",
            "gubun": null,
            "pckgeRqstPssblYn": "Y",
            "pckgeRqstCnt": "15",
            "name": null,
            "rmrk": null,
            "appcrCnt": "16",
            "attlcPrscpCnt": "40",
            "lssnsTimeInfo": "\uc6d4 5A,5B<br/>\uc6d4 6A,6B<br/>\uc218 1A,1B<br/>\uc218 2A,2B<br/>\uc218 3A,3B",
            "lssnsRealTimeInfo": "\uc6d4 13:00 ~ 14:00<br/>\uc6d4 14:00 ~ 15:00<br/>\uc218 09:00 ~ 10:00<br/>\uc218 10:00 ~ 11:00<br/>\uc218 11:00 ~ 12:00",
            "prctsTime": "2",
            "doPlan": "Kor",
            "thryTime": "3",
            "totalPrfssNm": "\uae40\uc218\ub780",
            "mngetEstblYn": "Y",
            "code": null,
            "crdit": "4",
            "expniSllbsYn": "N",
            "bldngSn": null,
            "bldngCd": null,
            "bldngNm": null,
            "lssnsLcttmUntcd": null,
            "sbjetSctcd2": null,
            "rmnmCd": "315316",
            "isApi": null,
            "paging": false,
            "rowStatus": "R",
            "pageSort": null
        },
        {
            "rowIndex": 0,
            "success": false,
            "message": null,
            "pageSize": 100,
            "pageNum": 1,
            "lctreMthodNm": "\ub300\uba74",
            "lctrmInfo": "\uc0ac\ubc94\ub300\ud559",
            "lctreLnggeSctcd": null,
            "crseNo": "SCED0211-002",
            "estblUnivNm": "\uc0ac\ubc94\ub300\ud559",
            "estblDprtnNm": "\ubb3c\ub9ac\uad50\uc721\uacfc",
            "estblYear": "2022",
            "estblDprtnCd": "190H",
            "estblSmstrSctnm": "1\ud559\uae30",
            "estblSmstrSctcd": "CMBS001400001",
            "estblGrade": "1",
            "sbjetSctnm": "\uc5f0\uacc4\uc804\uacf5",
            "sbjetNm": "\uc77c\ubc18\ud654\ud5591",
            "sbjetDvnno": "002",
            "sbjetCd": "SCED0211",
            "gubun": null,
            "pckgeRqstPssblYn": "N",
            "pckgeRqstCnt": "0",
            "name": null,
            "rmrk": null,
            "appcrCnt": "58",
            "attlcPrscpCnt": "60",
            "lssnsTimeInfo": "\uc218 1A,1B,2A<br/>\uae08 2B,3A,3B",
            "lssnsRealTimeInfo": "\uc218 09:00 ~ 10:30<br/>\uae08 10:30 ~ 12:00",
            "prctsTime": "0",
            "doPlan": "Kor",
            "thryTime": "3",
            "totalPrfssNm": "\ubbfc\uae38\uc2dd",
            "mngetEstblYn": "N",
            "code": null,
            "crdit": "3",
            "expniSllbsYn": "N",
            "bldngSn": null,
            "bldngCd": null,
            "bldngNm": null,
            "lssnsLcttmUntcd": null,
            "sbjetSctcd2": null,
            "rmnmCd": "217",
            "isApi": null,
            "paging": false,
            "rowStatus": "R",
            "pageSort": null
        },
        {
            "rowIndex": 0,
            "success": false,
            "message": null,
            "pageSize": 100,
            "pageNum": 1,
            "lctreMthodNm": "\ub300\uba74",
            "lctrmInfo": "\uc81c1\uacfc\ud559\uad00",
            "lctreLnggeSctcd": null,
            "crseNo": "PHED0221-001",
            "estblUnivNm": "\uc0ac\ubc94\ub300\ud559",
            "estblDprtnNm": "\ubb3c\ub9ac\uad50\uc721\uacfc",
            "estblYear": "2022",
            "estblDprtnCd": "190H",
            "estblSmstrSctnm": "1\ud559\uae30",
            "estblSmstrSctcd": "CMBS001400001",
            "estblGrade": "2",
            "sbjetSctnm": "\uc804\uacf5",
            "sbjetNm": "\uc5ed\ud5591",
            "sbjetDvnno": "001",
            "sbjetCd": "PHED0221",
            "gubun": null,
            "pckgeRqstPssblYn": "Y",
            "pckgeRqstCnt": "16",
            "name": null,
            "rmrk": null,
            "appcrCnt": "18",
            "attlcPrscpCnt": "40",
            "lssnsTimeInfo": "\uc6d4 8B,9A,9B<br/>\uc218 7A,7B,8A",
            "lssnsRealTimeInfo": "\uc6d4 16:30 ~ 18:00<br/>\uc218 15:00 ~ 16:30",
            "prctsTime": "0",
            "doPlan": "Kor",
            "thryTime": "3",
            "totalPrfssNm": "\ucd5c\ud638\uba85",
            "mngetEstblYn": "Y",
            "code": null,
            "crdit": "3",
            "expniSllbsYn": "N",
            "bldngSn": null,
            "bldngCd": null,
            "bldngNm": null,
            "lssnsLcttmUntcd": null,
            "sbjetSctcd2": null,
            "rmnmCd": "316",
            "isApi": null,
            "paging": false,
            "rowStatus": "R",
            "pageSort": null
        },
        {
            "rowIndex": 0,
            "success": false,
            "message": null,
            "pageSize": 100,
            "pageNum": 1,
            "lctreMthodNm": "\ub300\uba74",
            "lctrmInfo": "\uc81c1\uacfc\ud559\uad00",
            "lctreLnggeSctcd": null,
            "crseNo": "PHED0231-001",
            "estblUnivNm": "\uc0ac\ubc94\ub300\ud559",
            "estblDprtnNm": "\ubb3c\ub9ac\uad50\uc721\uacfc",
            "estblYear": "2022",
            "estblDprtnCd": "190H",
            "estblSmstrSctnm": "1\ud559\uae30",
            "estblSmstrSctcd": "CMBS001400001",
            "estblGrade": "2",
            "sbjetSctnm": "\uc804\uacf5",
            "sbjetNm": "\ubb3c\ub9ac\uc218\ud5591",
            "sbjetDvnno": "001",
            "sbjetCd": "PHED0231",
            "gubun": null,
            "pckgeRqstPssblYn": "Y",
            "pckgeRqstCnt": "14",
            "name": null,
            "rmrk": null,
            "appcrCnt": "16",
            "attlcPrscpCnt": "40",
            "lssnsTimeInfo": "\uc6d4 2B,3A,3B<br/>\uc218 5B,6A,6B",
            "lssnsRealTimeInfo": "\uc6d4 10:30 ~ 12:00<br/>\uc218 13:30 ~ 15:00",
            "prctsTime": "0",
            "doPlan": "Kor",
            "thryTime": "3",
            "totalPrfssNm": "\uc774\uc5f0\uc8fc",
            "mngetEstblYn": "Y",
            "code": null,
            "crdit": "3",
            "expniSllbsYn": "N",
            "bldngSn": null,
            "bldngCd": null,
            "bldngNm": null,
            "lssnsLcttmUntcd": null,
            "sbjetSctcd2": null,
            "rmnmCd": "316",
            "isApi": null,
            "paging": false,
            "rowStatus": "R",
            "pageSort": null
        },
        {
            "rowIndex": 0,
            "success": false,
            "message": null,
            "pageSize": 100,
            "pageNum": 1,
            "lctreMthodNm": "\ub300\uba74",
            "lctrmInfo": "\uc81c1\uacfc\ud559\uad00",
            "lctreLnggeSctcd": null,
            "crseNo": "PHED0429-001",
            "estblUnivNm": "\uc0ac\ubc94\ub300\ud559",
            "estblDprtnNm": "\ubb3c\ub9ac\uad50\uc721\uacfc",
            "estblYear": "2022",
            "estblDprtnCd": "190H",
            "estblSmstrSctnm": "1\ud559\uae30",
            "estblSmstrSctcd": "CMBS001400001",
            "estblGrade": "4",
            "sbjetSctnm": "\uc804\uacf5",
            "sbjetNm": "\ubb3c\ub9ac\ubb38\uc81c\ud574\uacb0\uc9c0\ub3c4",
            "sbjetDvnno": "001",
            "sbjetCd": "PHED0429",
            "gubun": null,
            "pckgeRqstPssblYn": "Y",
            "pckgeRqstCnt": "5",
            "name": null,
            "rmrk": null,
            "appcrCnt": "6",
            "attlcPrscpCnt": "40",
            "lssnsTimeInfo": "\uc6d4 5A,5B<br/>\uc6d4 6A,6B<br/>\uc218 7A,7B<br/>\uc218 8A,8B<br/>\uc218 9A,9B",
            "lssnsRealTimeInfo": "\uc6d4 13:00 ~ 14:00<br/>\uc6d4 14:00 ~ 15:00<br/>\uc218 15:00 ~ 16:00<br/>\uc218 16:00 ~ 17:00<br/>\uc218 17:00 ~ 18:00",
            "prctsTime": "0",
            "doPlan": "Kor",
            "thryTime": "3",
            "totalPrfssNm": "\uc774\uc5f0\uc8fc",
            "mngetEstblYn": "Y",
            "code": null,
            "crdit": "3",
            "expniSllbsYn": "N",
            "bldngSn": null,
            "bldngCd": null,
            "bldngNm": null,
            "lssnsLcttmUntcd": null,
            "sbjetSctcd2": null,
            "rmnmCd": "313",
            "isApi": null,
            "paging": false,
            "rowStatus": "R",
            "pageSort": null
        },
        {
            "rowIndex": 0,
            "success": false,
            "message": null,
            "pageSize": 100,
            "pageNum": 1,
            "lctreMthodNm": "\ub300\uba74",
            "lctrmInfo": "IT\uc735\ubcf5\ud569\uad00(IT\uc735\ubcf5\ud569\uacf5\ud559\uad00)",
            "lctreLnggeSctcd": null,
            "crseNo": "CLTR0041-025",
            "estblUnivNm": "\uc0ac\ubc94\ub300\ud559",
            "estblDprtnNm": "\ubb3c\ub9ac\uad50\uc721\uacfc",
            "estblYear": "2022",
            "estblDprtnCd": "190H",
            "estblSmstrSctnm": "1\ud559\uae30",
            "estblSmstrSctcd": "CMBS001400001",
            "estblGrade": "2",
            "sbjetSctnm": "\uad50\uc591",
            "sbjetNm": "\ud55c\uad6d\uc0ac",
            "sbjetDvnno": "025",
            "sbjetCd": "CLTR0041",
            "gubun": null,
            "pckgeRqstPssblYn": "Y",
            "pckgeRqstCnt": "103",
            "name": null,
            "rmrk": "<b>\uc778\ubb38\uad50\uc591</b><br>",
            "appcrCnt": "68",
            "attlcPrscpCnt": "70",
            "lssnsTimeInfo": "\uc6d4 5B,6A,6B<br/>\uae08 5B,6A,6B",
            "lssnsRealTimeInfo": "\uc6d4 13:30 ~ 15:00<br/>\uae08 13:30 ~ 15:00",
            "prctsTime": "0",
            "doPlan": "Kor",
            "thryTime": "3",
            "totalPrfssNm": "\uc784\uc9c0\uc6d0",
            "mngetEstblYn": "N",
            "code": null,
            "crdit": "3",
            "expniSllbsYn": "N",
            "bldngSn": null,
            "bldngCd": null,
            "bldngNm": null,
            "lssnsLcttmUntcd": null,
            "sbjetSctcd2": null,
            "rmnmCd": "422",
            "isApi": null,
            "paging": false,
            "rowStatus": "R",
            "pageSort": null
        },
        {
            "rowIndex": 0,
            "success": false,
            "message": null,
            "pageSize": 100,
            "pageNum": 1,
            "lctreMthodNm": "\ub300\uba74",
            "lctrmInfo": "\uc81c2\uacfc\ud559\uad00",
            "lctreLnggeSctcd": null,
            "crseNo": "ESED0352-001",
            "estblUnivNm": "\uc0ac\ubc94\ub300\ud559",
            "estblDprtnNm": "\ubb3c\ub9ac\uad50\uc721\uacfc",
            "estblYear": "2022",
            "estblDprtnCd": "190H",
            "estblSmstrSctnm": "1\ud559\uae30",
            "estblSmstrSctcd": "CMBS001400001",
            "estblGrade": "2",
            "sbjetSctnm": "\uc5f0\uacc4\uc804\uacf5",
            "sbjetNm": "\ub300\uae30\uacfc\ud559",
            "sbjetDvnno": "001",
            "sbjetCd": "ESED0352",
            "gubun": null,
            "pckgeRqstPssblYn": "Y",
            "pckgeRqstCnt": "39",
            "name": null,
            "rmrk": null,
            "appcrCnt": "43",
            "attlcPrscpCnt": "40",
            "lssnsTimeInfo": "\ud654 5B,6A,6B<br/>\ubaa9 5B,6A,6B",
            "lssnsRealTimeInfo": "\ud654 13:30 ~ 15:00<br/>\ubaa9 13:30 ~ 15:00",
            "prctsTime": "0",
            "doPlan": "Kor",
            "thryTime": "3",
            "totalPrfssNm": "\ubc15\ub450\uc120",
            "mngetEstblYn": "N",
            "code": null,
            "crdit": "3",
            "expniSllbsYn": "N",
            "bldngSn": null,
            "bldngCd": null,
            "bldngNm": null,
            "lssnsLcttmUntcd": null,
            "sbjetSctcd2": null,
            "rmnmCd": "218",
            "isApi": null,
            "paging": false,
            "rowStatus": "R",
            "pageSort": null
        },
        {
            "rowIndex": 0,
            "success": false,
            "message": null,
            "pageSize": 100,
            "pageNum": 1,
            "lctreMthodNm": "\ub300\uba74",
            "lctrmInfo": "\uc0dd\ubb3c\ud559\uad00",
            "lctreLnggeSctcd": null,
            "crseNo": "SCED0223-001",
            "estblUnivNm": "\uc0ac\ubc94\ub300\ud559",
            "estblDprtnNm": "\ubb3c\ub9ac\uad50\uc721\uacfc",
            "estblYear": "2022",
            "estblDprtnCd": "190H",
            "estblSmstrSctnm": "1\ud559\uae30",
            "estblSmstrSctcd": "CMBS001400001",
            "estblGrade": "1",
            "sbjetSctnm": "\uc5f0\uacc4\uc804\uacf5",
            "sbjetNm": "\uc77c\ubc18\uc0dd\ubb3c\ud559\uc2e4\ud5d8",
            "sbjetDvnno": "001",
            "sbjetCd": "SCED0223",
            "gubun": null,
            "pckgeRqstPssblYn": "N",
            "pckgeRqstCnt": "0",
            "name": null,
            "rmrk": null,
            "appcrCnt": "17",
            "attlcPrscpCnt": "25",
            "lssnsTimeInfo": "\uc6d4 2A,2B<br/>\uc6d4 3A,3B",
            "lssnsRealTimeInfo": "\uc6d4 10:00 ~ 11:00<br/>\uc6d4 11:00 ~ 12:00",
            "prctsTime": "2",
            "doPlan": "Kor",
            "thryTime": "0",
            "totalPrfssNm": "\uc784\uc601\uc9c4",
            "mngetEstblYn": "N",
            "code": null,
            "crdit": "1",
            "expniSllbsYn": "N",
            "bldngSn": null,
            "bldngCd": null,
            "bldngNm": null,
            "lssnsLcttmUntcd": null,
            "sbjetSctcd2": null,
            "rmnmCd": "112",
            "isApi": null,
            "paging": false,
            "rowStatus": "R",
            "pageSort": null
        },
        {
            "rowIndex": 0,
            "success": false,
            "message": null,
            "pageSize": 100,
            "pageNum": 1,
            "lctreMthodNm": "\ub300\uba74",
            "lctrmInfo": "\uc81c2\uacfc\ud559\uad00",
            "lctreLnggeSctcd": null,
            "crseNo": "SCED0233-001",
            "estblUnivNm": "\uc0ac\ubc94\ub300\ud559",
            "estblDprtnNm": "\ubb3c\ub9ac\uad50\uc721\uacfc",
            "estblYear": "2022",
            "estblDprtnCd": "190H",
            "estblSmstrSctnm": "1\ud559\uae30",
            "estblSmstrSctcd": "CMBS001400001",
            "estblGrade": "1",
            "sbjetSctnm": "\uc5f0\uacc4\uc804\uacf5",
            "sbjetNm": "\uc77c\ubc18\uc9c0\uad6c\uacfc\ud559\uc2e4\ud5d8",
            "sbjetDvnno": "001",
            "sbjetCd": "SCED0233",
            "gubun": null,
            "pckgeRqstPssblYn": "N",
            "pckgeRqstCnt": "0",
            "name": null,
            "rmrk": null,
            "appcrCnt": "19",
            "attlcPrscpCnt": "25",
            "lssnsTimeInfo": "\uc218 5A,5B<br/>\uc218 6A,6B",
            "lssnsRealTimeInfo": "\uc218 13:00 ~ 14:00<br/>\uc218 14:00 ~ 15:00",
            "prctsTime": "2",
            "doPlan": "Kor",
            "thryTime": "0",
            "totalPrfssNm": "\uc774\ud6a8\ub155",
            "mngetEstblYn": "N",
            "code": null,
            "crdit": "1",
            "expniSllbsYn": "N",
            "bldngSn": null,
            "bldngCd": null,
            "bldngNm": null,
            "lssnsLcttmUntcd": null,
            "sbjetSctcd2": null,
            "rmnmCd": "130",
            "isApi": null,
            "paging": false,
            "rowStatus": "R",
            "pageSort": null
        },
        {
            "rowIndex": 0,
            "success": false,
            "message": null,
            "pageSize": 100,
            "pageNum": 1,
            "lctreMthodNm": "\ub300\uba74",
            "lctrmInfo": "\ud654\ud559\uad00",
            "lctreLnggeSctcd": null,
            "crseNo": "CHEM0301-003",
            "estblUnivNm": "\uc0ac\ubc94\ub300\ud559",
            "estblDprtnNm": "\ubb3c\ub9ac\uad50\uc721\uacfc",
            "estblYear": "2022",
            "estblDprtnCd": "190H",
            "estblSmstrSctnm": "1\ud559\uae30",
            "estblSmstrSctcd": "CMBS001400001",
            "estblGrade": "3",
            "sbjetSctnm": "\uc5f0\uacc4\uc804\uacf5",
            "sbjetNm": "\ubb34\uae30\ud654\ud5591",
            "sbjetDvnno": "003",
            "sbjetCd": "CHEM0301",
            "gubun": null,
            "pckgeRqstPssblYn": "Y",
            "pckgeRqstCnt": "9",
            "name": null,
            "rmrk": null,
            "appcrCnt": "10",
            "attlcPrscpCnt": "20",
            "lssnsTimeInfo": "\uc6d4 2B,3A,3B<br/>\uae08 1A,1B,2A",
            "lssnsRealTimeInfo": "\uc6d4 10:30 ~ 12:00<br/>\uae08 09:00 ~ 10:30",
            "prctsTime": "0",
            "doPlan": "Kor",
            "thryTime": "3",
            "totalPrfssNm": "\ubbfc\uae38\uc2dd",
            "mngetEstblYn": "N",
            "code": null,
            "crdit": "3",
            "expniSllbsYn": "Y",
            "bldngSn": null,
            "bldngCd": null,
            "bldngNm": null,
            "lssnsLcttmUntcd": null,
            "sbjetSctcd2": null,
            "rmnmCd": "214",
            "isApi": null,
            "paging": false,
            "rowStatus": "R",
            "pageSort": null
        },
        {
            "rowIndex": 0,
            "success": false,
            "message": null,
            "pageSize": 100,
            "pageNum": 1,
            "lctreMthodNm": "\ub300\uba74",
            "lctrmInfo": "\uc81c1\uacfc\ud559\uad00",
            "lctreLnggeSctcd": null,
            "crseNo": "PHED0317-001",
            "estblUnivNm": "\uc0ac\ubc94\ub300\ud559",
            "estblDprtnNm": "\ubb3c\ub9ac\uad50\uc721\uacfc",
            "estblYear": "2022",
            "estblDprtnCd": "190H",
            "estblSmstrSctnm": "1\ud559\uae30",
            "estblSmstrSctcd": "CMBS001400001",
            "estblGrade": "3",
            "sbjetSctnm": "\uc804\uacf5",
            "sbjetNm": "\ud30c\ub3d9\uacfc\uad11\ud559\ubc0f\uc2e4\ud5d8",
            "sbjetDvnno": "001",
            "sbjetCd": "PHED0317",
            "gubun": null,
            "pckgeRqstPssblYn": "Y",
            "pckgeRqstCnt": "15",
            "name": null,
            "rmrk": null,
            "appcrCnt": "17",
            "attlcPrscpCnt": "40",
            "lssnsTimeInfo": "\ud654 5A,5B<br/>\ud654 6A,6B<br/>\ubaa9 5A,5B<br/>\ubaa9 6A,6B",
            "lssnsRealTimeInfo": "\ud654 13:00 ~ 14:00<br/>\ud654 14:00 ~ 15:00<br/>\ubaa9 13:00 ~ 14:00<br/>\ubaa9 14:00 ~ 15:00",
            "prctsTime": "2",
            "doPlan": "Kor",
            "thryTime": "2",
            "totalPrfssNm": "\uc8fc\uc601\uad6c",
            "mngetEstblYn": "Y",
            "code": null,
            "crdit": "3",
            "expniSllbsYn": "N",
            "bldngSn": null,
            "bldngCd": null,
            "bldngNm": null,
            "lssnsLcttmUntcd": null,
            "sbjetSctcd2": null,
            "rmnmCd": "316315",
            "isApi": null,
            "paging": false,
            "rowStatus": "R",
            "pageSort": null
        },
        {
            "rowIndex": 0,
            "success": false,
            "message": null,
            "pageSize": 100,
            "pageNum": 1,
            "lctreMthodNm": "\ub300\uba74",
            "lctrmInfo": "\uad50\uc721\ub300\ud559\uc6d0",
            "lctreLnggeSctcd": null,
            "crseNo": "SCED0221-002",
            "estblUnivNm": "\uc0ac\ubc94\ub300\ud559",
            "estblDprtnNm": "\ubb3c\ub9ac\uad50\uc721\uacfc",
            "estblYear": "2022",
            "estblDprtnCd": "190H",
            "estblSmstrSctnm": "1\ud559\uae30",
            "estblSmstrSctcd": "CMBS001400001",
            "estblGrade": "1",
            "sbjetSctnm": "\uc5f0\uacc4\uc804\uacf5",
            "sbjetNm": "\uc77c\ubc18\uc0dd\ubb3c\ud5591",
            "sbjetDvnno": "002",
            "sbjetCd": "SCED0221",
            "gubun": null,
            "pckgeRqstPssblYn": "N",
            "pckgeRqstCnt": "0",
            "name": null,
            "rmrk": null,
            "appcrCnt": "46",
            "attlcPrscpCnt": "80",
            "lssnsTimeInfo": "\ud654 7A,7B,8A<br/>\ubaa9 7A,7B,8A",
            "lssnsRealTimeInfo": "\ud654 15:00 ~ 16:30<br/>\ubaa9 15:00 ~ 16:30",
            "prctsTime": "0",
            "doPlan": "Kor",
            "thryTime": "3",
            "totalPrfssNm": "\ucc44\uad8c\uc11d",
            "mngetEstblYn": "N",
            "code": null,
            "crdit": "3",
            "expniSllbsYn": "N",
            "bldngSn": null,
            "bldngCd": null,
            "bldngNm": null,
            "lssnsLcttmUntcd": null,
            "sbjetSctcd2": null,
            "rmnmCd": "101",
            "isApi": null,
            "paging": false,
            "rowStatus": "R",
            "pageSort": null
        },
        {
            "rowIndex": 0,
            "success": false,
            "message": null,
            "pageSize": 100,
            "pageNum": 1,
            "lctreMthodNm": "\ub300\uba74",
            "lctrmInfo": "\uc81c1\uacfc\ud559\uad00",
            "lctreLnggeSctcd": null,
            "crseNo": "TCHR0469-001",
            "estblUnivNm": "\uc0ac\ubc94\ub300\ud559",
            "estblDprtnNm": "\ubb3c\ub9ac\uad50\uc721\uacfc",
            "estblYear": "2022",
            "estblDprtnCd": "190H",
            "estblSmstrSctnm": "1\ud559\uae30",
            "estblSmstrSctcd": "CMBS001400001",
            "estblGrade": "2",
            "sbjetSctnm": "\uc804\uacf5",
            "sbjetNm": "\ubb3c\ub9ac \ub17c\ub9ac \ubc0f \ub17c\uc220\uc9c0\ub3c4",
            "sbjetDvnno": "001",
            "sbjetCd": "TCHR0469",
            "gubun": null,
            "pckgeRqstPssblYn": "Y",
            "pckgeRqstCnt": "15",
            "name": null,
            "rmrk": null,
            "appcrCnt": "17",
            "attlcPrscpCnt": "40",
            "lssnsTimeInfo": "\uae08 1A,1B<br/>\uae08 2A,2B<br/>\uae08 3A,3B",
            "lssnsRealTimeInfo": "\uae08 09:00 ~ 10:00<br/>\uae08 10:00 ~ 11:00<br/>\uae08 11:00 ~ 12:00",
            "prctsTime": "0",
            "doPlan": "Kor",
            "thryTime": "3",
            "totalPrfssNm": "\uc724\uc740\uc815",
            "mngetEstblYn": "Y",
            "code": null,
            "crdit": "3",
            "expniSllbsYn": "N",
            "bldngSn": null,
            "bldngCd": null,
            "bldngNm": null,
            "lssnsLcttmUntcd": null,
            "sbjetSctcd2": null,
            "rmnmCd": "316",
            "isApi": null,
            "paging": false,
            "rowStatus": "R",
            "pageSort": null
        }
    ],
    "statusCode": 200
}