{
    "timestamp": "2022-04-28T23:14:18.34",
    "success": true,
    "code": null,
    "msg": null,
    "data": [
        {
            "rowIndex": 0,
            "success": false,
            "message": null,
            "pageSize": 100,
            "pageNum": 1,
            "lctreMthodNm": "\ub300\uba74",
            "lctrmInfo": "\ub3c4\uc11c\uad00 \ubc0f 10\ud638\uad00",
            "lctreLnggeSctcd": null,
            "crseNo": "CLTR0041-029",
            "estblUnivNm": "\uc0dd\ud0dc\ud658\uacbd\ub300\ud559",
            "estblDprtnNm": "\ub808\uc800\uc2a4\ud3ec\uce20\ud559\uacfc",
            "estblYear": "2022",
            "estblDprtnCd": "1L05",
            "estblSmstrSctnm": "1\ud559\uae30",
            "estblSmstrSctcd": "CMBS001400001",
            "estblGrade": "3",
            "sbjetSctnm": "\uad50\uc591",
            "sbjetNm": "\ud55c\uad6d\uc0ac",
            "sbjetDvnno": "029",
            "sbjetCd": "CLTR0041",
            "gubun": null,
            "pckgeRqstPssblYn": "Y",
            "pckgeRqstCnt": "19",
            "name": null,
            "rmrk": "\uc0c1\uc8fc\ucea0\ud37c\uc2a4<br><b>\uc778\ubb38\uad50\uc591</b><br>",
            "appcrCnt": "44",
            "attlcPrscpCnt": "60",
            "lssnsTimeInfo": "\ud654 7A,7B,8A<br/>\ubaa9 7A,7B,8A",
            "lssnsRealTimeInfo": "\ud654 15:00 ~ 16:30<br/>\ubaa9 15:00 ~ 16:30",
            "prctsTime": "0",
            "doPlan": "Kor",
            "thryTime": "3",
            "totalPrfssNm": "\uae40\uba85\uc9c4",
            "mngetEstblYn": "Y",
            "code": null,
            "crdit": "3",
            "expniSllbsYn": "N",
            "bldngSn": null,
            "bldngCd": null,
            "bldngNm": null,
            "lssnsLcttmUntcd": null,
            "sbjetSctcd2": null,
            "rmnmCd": "405",
            "isApi": null,
            "paging": false,
            "rowStatus": "R",
            "pageSort": null
        },
        {
            "rowIndex": 0,
            "success": false,
            "message": null,
            "pageSize": 100,
            "pageNum": 1,
            "lctreMthodNm": "\ub300\uba74",
            "lctrmInfo": "\uccb4\uc721\uad00",
            "lctreLnggeSctcd": null,
            "crseNo": "PEED0555-002",
            "estblUnivNm": "\uc0dd\ud0dc\ud658\uacbd\ub300\ud559",
            "estblDprtnNm": "\ub808\uc800\uc2a4\ud3ec\uce20\ud559\uacfc",
            "estblYear": "2022",
            "estblDprtnCd": "1L05",
            "estblSmstrSctnm": "1\ud559\uae30",
            "estblSmstrSctcd": "CMBS001400001",
            "estblGrade": "2",
            "sbjetSctnm": "\uc804\uacf5",
            "sbjetNm": "\ubc30\ub4dc\ubbfc\ud134",
            "sbjetDvnno": "002",
            "sbjetCd": "PEED0555",
            "gubun": null,
            "pckgeRqstPssblYn": "Y",
            "pckgeRqstCnt": "26",
            "name": null,
            "rmrk": "\uc0c1\uc8fc\ucea0\ud37c\uc2a4<br>",
            "appcrCnt": "30",
            "attlcPrscpCnt": "30",
            "lssnsTimeInfo": "\ubaa9 7A,7B<br/>\ubaa9 8A,8B<br/>\ubaa9 9A,9B",
            "lssnsRealTimeInfo": "\ubaa9 15:00 ~ 16:00<br/>\ubaa9 16:00 ~ 17:00<br/>\ubaa9 17:00 ~ 18:00",
            "prctsTime": "2",
            "doPlan": "Kor",
            "thryTime": "1",
            "totalPrfssNm": "\ud669\uc2b9\ud604",
            "mngetEstblYn": "Y",
            "code": null,
            "crdit": "2",
            "expniSllbsYn": "N",
            "bldngSn": null,
            "bldngCd": null,
            "bldngNm": null,
            "lssnsLcttmUntcd": null,
            "sbjetSctcd2": null,
            "rmnmCd": "101",
            "isApi": null,
            "paging": false,
            "rowStatus": "R",
            "pageSort": null
        },
        {
            "rowIndex": 0,
            "success": false,
            "message": null,
            "pageSize": 100,
            "pageNum": 1,
            "lctreMthodNm": "\ub300\uba74",
            "lctrmInfo": "\uc81c1\ud638\uad00",
            "lctreLnggeSctcd": null,
            "crseNo": "DOLS0201-001",
            "estblUnivNm": "\uc0dd\ud0dc\ud658\uacbd\ub300\ud559",
            "estblDprtnNm": "\ub808\uc800\uc2a4\ud3ec\uce20\ud559\uacfc",
            "estblYear": "2022",
            "estblDprtnCd": "1L05",
            "estblSmstrSctnm": "1\ud559\uae30",
            "estblSmstrSctcd": "CMBS001400001",
            "estblGrade": "1",
            "sbjetSctnm": "\uc804\uacf5",
            "sbjetNm": "\ub808\uc800\uc2a4\ud3ec\uce20\uac1c\ub860",
            "sbjetDvnno": "001",
            "sbjetCd": "DOLS0201",
            "gubun": null,
            "pckgeRqstPssblYn": "N",
            "pckgeRqstCnt": "0",
            "name": null,
            "rmrk": "\uc0c1\uc8fc\ucea0\ud37c\uc2a4<br>",
            "appcrCnt": "56",
            "attlcPrscpCnt": "60",
            "lssnsTimeInfo": "\uc6d4 7A,7B<br/>\uc6d4 8A,8B",
            "lssnsRealTimeInfo": "\uc6d4 15:00 ~ 16:00<br/>\uc6d4 16:00 ~ 17:00",
            "prctsTime": "0",
            "doPlan": "Kor",
            "thryTime": "2",
            "totalPrfssNm": "\uc774\uc815\ub798",
            "mngetEstblYn": "Y",
            "code": null,
            "crdit": "2",
            "expniSllbsYn": "N",
            "bldngSn": null,
            "bldngCd": null,
            "bldngNm": null,
            "lssnsLcttmUntcd": null,
            "sbjetSctcd2": null,
            "rmnmCd": "216",
            "isApi": null,
            "paging": false,
            "rowStatus": "R",
            "pageSort": null
        },
        {
            "rowIndex": 0,
            "success": false,
            "message": null,
            "pageSize": 100,
            "pageNum": 1,
            "lctreMthodNm": "\ub300\uba74",
            "lctrmInfo": "\ub3c4\uc11c\uad00 \ubc0f 10\ud638\uad00",
            "lctreLnggeSctcd": null,
            "crseNo": "CLTR0466-001",
            "estblUnivNm": "\uc0dd\ud0dc\ud658\uacbd\ub300\ud559",
            "estblDprtnNm": "\ub808\uc800\uc2a4\ud3ec\uce20\ud559\uacfc",
            "estblYear": "2022",
            "estblDprtnCd": "1L05",
            "estblSmstrSctnm": "1\ud559\uae30",
            "estblSmstrSctcd": "CMBS001400001",
            "estblGrade": "*",
            "sbjetSctnm": "\uad50\uc591",
            "sbjetNm": "\uc601\ud654\ub97c \ud1b5\ud55c \uc2a4\ud3ec\uce20 \uc77d\uae30",
            "sbjetDvnno": "001",
            "sbjetCd": "CLTR0466",
            "gubun": null,
            "pckgeRqstPssblYn": "Y",
            "pckgeRqstCnt": "97",
            "name": null,
            "rmrk": "\uc804\ud559\ub144\uc120\ud0dd<br>\uc0c1\uc8fc\ucea0\ud37c\uc2a4<br>",
            "appcrCnt": "58",
            "attlcPrscpCnt": "60",
            "lssnsTimeInfo": "\ud654 7A,7B,8A<br/>\ubaa9 7A,7B,8A",
            "lssnsRealTimeInfo": "\ud654 15:00 ~ 16:30<br/>\ubaa9 15:00 ~ 16:30",
            "prctsTime": "0",
            "doPlan": "Kor",
            "thryTime": "3",
            "totalPrfssNm": "\uad8c\uae30\ub0a8<br/>\uc774\uc815\ub798",
            "mngetEstblYn": "Y",
            "code": null,
            "crdit": "3",
            "expniSllbsYn": "N",
            "bldngSn": null,
            "bldngCd": null,
            "bldngNm": null,
            "lssnsLcttmUntcd": null,
            "sbjetSctcd2": null,
            "rmnmCd": "308",
            "isApi": null,
            "paging": false,
            "rowStatus": "R",
            "pageSort": null
        },
        {
            "rowIndex": 0,
            "success": false,
            "message": null,
            "pageSize": 100,
            "pageNum": 1,
            "lctreMthodNm": "\ub300\uba74",
            "lctrmInfo": "\uc81c1\ud638\uad00",
            "lctreLnggeSctcd": null,
            "crseNo": "DOLS0301-002",
            "estblUnivNm": "\uc0dd\ud0dc\ud658\uacbd\ub300\ud559",
            "estblDprtnNm": "\ub808\uc800\uc2a4\ud3ec\uce20\ud559\uacfc",
            "estblYear": "2022",
            "estblDprtnCd": "1L05",
            "estblSmstrSctnm": "1\ud559\uae30",
            "estblSmstrSctcd": "CMBS001400001",
            "estblGrade": "1",
            "sbjetSctnm": "\uc804\uacf5\ud544\uc218",
            "sbjetNm": "\uc804\uacf5\uc218\uc601",
            "sbjetDvnno": "002",
            "sbjetCd": "DOLS0301",
            "gubun": null,
            "pckgeRqstPssblYn": "N",
            "pckgeRqstCnt": "0",
            "name": null,
            "rmrk": "\uc0c1\uc8fc\ucea0\ud37c\uc2a4<br>",
            "appcrCnt": "24",
            "attlcPrscpCnt": "30",
            "lssnsTimeInfo": "\uc218 7A,7B<br/>\uc218 8A,8B<br/>\uc218 9A,9B",
            "lssnsRealTimeInfo": "\uc218 15:00 ~ 16:00<br/>\uc218 16:00 ~ 17:00<br/>\uc218 17:00 ~ 18:00",
            "prctsTime": "2",
            "doPlan": "Kor",
            "thryTime": "1",
            "totalPrfssNm": "\uc11c\uae08\ub780",
            "mngetEstblYn": "Y",
            "code": null,
            "crdit": "2",
            "expniSllbsYn": "Y",
            "bldngSn": null,
            "bldngCd": null,
            "bldngNm": null,
            "lssnsLcttmUntcd": null,
            "sbjetSctcd2": null,
            "rmnmCd": "303",
            "isApi": null,
            "paging": false,
            "rowStatus": "R",
            "pageSort": null
        },
        {
            "rowIndex": 0,
            "success": false,
            "message": null,
            "pageSize": 100,
            "pageNum": 1,
            "lctreMthodNm": "\ub300\uba74",
            "lctrmInfo": "\uc81c1\ud638\uad00",
            "lctreLnggeSctcd": null,
            "crseNo": "DOLS0520-002",
            "estblUnivNm": "\uc0dd\ud0dc\ud658\uacbd\ub300\ud559",
            "estblDprtnNm": "\ub808\uc800\uc2a4\ud3ec\uce20\ud559\uacfc",
            "estblYear": "2022",
            "estblDprtnCd": "1L05",
            "estblSmstrSctnm": "1\ud559\uae30",
            "estblSmstrSctcd": "CMBS001400001",
            "estblGrade": "4",
            "sbjetSctnm": "\uc804\uacf5",
            "sbjetNm": "\uc694\uac00 \ubc0f \ud544\ub77c\ud14c\uc2a4",
            "sbjetDvnno": "002",
            "sbjetCd": "DOLS0520",
            "gubun": null,
            "pckgeRqstPssblYn": "Y",
            "pckgeRqstCnt": "15",
            "name": null,
            "rmrk": "\uc0c1\uc8fc\ucea0\ud37c\uc2a4<br>",
            "appcrCnt": "17",
            "attlcPrscpCnt": "30",
            "lssnsTimeInfo": "\ubaa9 5A,5B<br/>\ubaa9 6A,6B<br/>\ubaa9 7A,7B",
            "lssnsRealTimeInfo": "\ubaa9 13:00 ~ 14:00<br/>\ubaa9 14:00 ~ 15:00<br/>\ubaa9 15:00 ~ 16:00",
            "prctsTime": "2",
            "doPlan": "Kor",
            "thryTime": "1",
            "totalPrfssNm": "\ubc15\ud734\uacbd",
            "mngetEstblYn": "Y",
            "code": null,
            "crdit": "2",
            "expniSllbsYn": "N",
            "bldngSn": null,
            "bldngCd": null,
            "bldngNm": null,
            "lssnsLcttmUntcd": null,
            "sbjetSctcd2": null,
            "rmnmCd": "102",
            "isApi": null,
            "paging": false,
            "rowStatus": "R",
            "pageSort": null
        },
        {
            "rowIndex": 0,
            "success": false,
            "message": null,
            "pageSize": 100,
            "pageNum": 1,
            "lctreMthodNm": "\ub300\uba74",
            "lctrmInfo": "\uc81c1\ud638\uad00",
            "lctreLnggeSctcd": null,
            "crseNo": "DOLS0208-001",
            "estblUnivNm": "\uc0dd\ud0dc\ud658\uacbd\ub300\ud559",
            "estblDprtnNm": "\ub808\uc800\uc2a4\ud3ec\uce20\ud559\uacfc",
            "estblYear": "2022",
            "estblDprtnCd": "1L05",
            "estblSmstrSctnm": "1\ud559\uae30",
            "estblSmstrSctcd": "CMBS001400001",
            "estblGrade": "2",
            "sbjetSctnm": "\uc804\uacf5",
            "sbjetNm": "\uc5d0\uc5b4\ub85c\ube45",
            "sbjetDvnno": "001",
            "sbjetCd": "DOLS0208",
            "gubun": null,
            "pckgeRqstPssblYn": "Y",
            "pckgeRqstCnt": "27",
            "name": null,
            "rmrk": "\uc0c1\uc8fc\ucea0\ud37c\uc2a4<br>",
            "appcrCnt": "27",
            "attlcPrscpCnt": "30",
            "lssnsTimeInfo": "\ud654 4A,4B<br/>\ud654 5A,5B<br/>\ud654 6A,6B",
            "lssnsRealTimeInfo": "\ud654 12:00 ~ 13:00<br/>\ud654 13:00 ~ 14:00<br/>\ud654 14:00 ~ 15:00",
            "prctsTime": "2",
            "doPlan": "Kor",
            "thryTime": "1",
            "totalPrfssNm": "\uc774\ud604\uc8fc",
            "mngetEstblYn": "Y",
            "code": null,
            "crdit": "2",
            "expniSllbsYn": "N",
            "bldngSn": null,
            "bldngCd": null,
            "bldngNm": null,
            "lssnsLcttmUntcd": null,
            "sbjetSctcd2": null,
            "rmnmCd": "102",
            "isApi": null,
            "paging": false,
            "rowStatus": "R",
            "pageSort": null
        },
        {
            "rowIndex": 0,
            "success": false,
            "message": null,
            "pageSize": 100,
            "pageNum": 1,
            "lctreMthodNm": "\ub300\uba74",
            "lctrmInfo": "\uc81c1\ud638\uad00",
            "lctreLnggeSctcd": null,
            "crseNo": "DOLS0208-002",
            "estblUnivNm": "\uc0dd\ud0dc\ud658\uacbd\ub300\ud559",
            "estblDprtnNm": "\ub808\uc800\uc2a4\ud3ec\uce20\ud559\uacfc",
            "estblYear": "2022",
            "estblDprtnCd": "1L05",
            "estblSmstrSctnm": "1\ud559\uae30",
            "estblSmstrSctcd": "CMBS001400001",
            "estblGrade": "2",
            "sbjetSctnm": "\uc804\uacf5",
            "sbjetNm": "\uc5d0\uc5b4\ub85c\ube45",
            "sbjetDvnno": "002",
            "sbjetCd": "DOLS0208",
            "gubun": null,
            "pckgeRqstPssblYn": "Y",
            "pckgeRqstCnt": "10",
            "name": null,
            "rmrk": "\uc0c1\uc8fc\ucea0\ud37c\uc2a4<br>",
            "appcrCnt": "13",
            "attlcPrscpCnt": "30",
            "lssnsTimeInfo": "\ud654 7A,7B<br/>\ud654 8A,8B<br/>\ud654 9A,9B",
            "lssnsRealTimeInfo": "\ud654 15:00 ~ 16:00<br/>\ud654 16:00 ~ 17:00<br/>\ud654 17:00 ~ 18:00",
            "prctsTime": "2",
            "doPlan": "Kor",
            "thryTime": "1",
            "totalPrfssNm": "\uc774\ud604\uc8fc",
            "mngetEstblYn": "Y",
            "code": null,
            "crdit": "2",
            "expniSllbsYn": "N",
            "bldngSn": null,
            "bldngCd": null,
            "bldngNm": null,
            "lssnsLcttmUntcd": null,
            "sbjetSctcd2": null,
            "rmnmCd": "102",
            "isApi": null,
            "paging": false,
            "rowStatus": "R",
            "pageSort": null
        },
        {
            "rowIndex": 0,
            "success": false,
            "message": null,
            "pageSize": 100,
            "pageNum": 1,
            "lctreMthodNm": "\ub300\uba74",
            "lctrmInfo": "\uc81c1\ud638\uad00",
            "lctreLnggeSctcd": null,
            "crseNo": "DOLS0217-001",
            "estblUnivNm": "\uc0dd\ud0dc\ud658\uacbd\ub300\ud559",
            "estblDprtnNm": "\ub808\uc800\uc2a4\ud3ec\uce20\ud559\uacfc",
            "estblYear": "2022",
            "estblDprtnCd": "1L05",
            "estblSmstrSctnm": "1\ud559\uae30",
            "estblSmstrSctcd": "CMBS001400001",
            "estblGrade": "3",
            "sbjetSctnm": "\uc804\uacf5\ud544\uc218",
            "sbjetNm": "\uc6b4\ub3d9\ucc98\ubc29\ud559",
            "sbjetDvnno": "001",
            "sbjetCd": "DOLS0217",
            "gubun": null,
            "pckgeRqstPssblYn": "Y",
            "pckgeRqstCnt": "39",
            "name": null,
            "rmrk": "\uc0c1\uc8fc\ucea0\ud37c\uc2a4<br>",
            "appcrCnt": "44",
            "attlcPrscpCnt": "60",
            "lssnsTimeInfo": "\ud654 5B,6A,6B<br/>\ubaa9 5B,6A,6B",
            "lssnsRealTimeInfo": "\ud654 13:30 ~ 15:00<br/>\ubaa9 13:30 ~ 15:00",
            "prctsTime": "0",
            "doPlan": "Kor",
            "thryTime": "3",
            "totalPrfssNm": "\uae40\uae30\ud6c8",
            "mngetEstblYn": "Y",
            "code": null,
            "crdit": "3",
            "expniSllbsYn": "N",
            "bldngSn": null,
            "bldngCd": null,
            "bldngNm": null,
            "lssnsLcttmUntcd": null,
            "sbjetSctcd2": null,
            "rmnmCd": "216",
            "isApi": null,
            "paging": false,
            "rowStatus": "R",
            "pageSort": null
        },
        {
            "rowIndex": 0,
            "success": false,
            "message": null,
            "pageSize": 100,
            "pageNum": 1,
            "lctreMthodNm": "\ub300\uba74",
            "lctrmInfo": "\uccb4\uc721\uad00",
            "lctreLnggeSctcd": null,
            "crseNo": "DOLS0233-003",
            "estblUnivNm": "\uc0dd\ud0dc\ud658\uacbd\ub300\ud559",
            "estblDprtnNm": "\ub808\uc800\uc2a4\ud3ec\uce20\ud559\uacfc",
            "estblYear": "2022",
            "estblDprtnCd": "1L05",
            "estblSmstrSctnm": "1\ud559\uae30",
            "estblSmstrSctcd": "CMBS001400001",
            "estblGrade": "1",
            "sbjetSctnm": "\uc804\uacf5",
            "sbjetNm": "\uc804\uacf5\uace8\ud5041",
            "sbjetDvnno": "003",
            "sbjetCd": "DOLS0233",
            "gubun": null,
            "pckgeRqstPssblYn": "N",
            "pckgeRqstCnt": "0",
            "name": null,
            "rmrk": "\uc0c1\uc8fc\ucea0\ud37c\uc2a4<br>",
            "appcrCnt": "30",
            "attlcPrscpCnt": "30",
            "lssnsTimeInfo": "\uc6d4 2A,2B<br/>\uc6d4 3A,3B",
            "lssnsRealTimeInfo": "\uc6d4 10:00 ~ 11:00<br/>\uc6d4 11:00 ~ 12:00",
            "prctsTime": "2",
            "doPlan": "Kor",
            "thryTime": "0",
            "totalPrfssNm": "\uae40\uacbd\ud658",
            "mngetEstblYn": "Y",
            "code": null,
            "crdit": "1",
            "expniSllbsYn": "N",
            "bldngSn": null,
            "bldngCd": null,
            "bldngNm": null,
            "lssnsLcttmUntcd": null,
            "sbjetSctcd2": null,
            "rmnmCd": "101",
            "isApi": null,
            "paging": false,
            "rowStatus": "R",
            "pageSort": null
        },
        {
            "rowIndex": 0,
            "success": false,
            "message": null,
            "pageSize": 100,
            "pageNum": 1,
            "lctreMthodNm": "\ub300\uba74",
            "lctrmInfo": "\uccb4\uc721\uad00",
            "lctreLnggeSctcd": null,
            "crseNo": "CLTR0183-002",
            "estblUnivNm": "\uc0dd\ud0dc\ud658\uacbd\ub300\ud559",
            "estblDprtnNm": "\ub808\uc800\uc2a4\ud3ec\uce20\ud559\uacfc",
            "estblYear": "2022",
            "estblDprtnCd": "1L05",
            "estblSmstrSctnm": "1\ud559\uae30",
            "estblSmstrSctcd": "CMBS001400001",
            "estblGrade": "*",
            "sbjetSctnm": "\uad50\uc591",
            "sbjetNm": "\ucea0\ud551",
            "sbjetDvnno": "002",
            "sbjetCd": "CLTR0183",
            "gubun": null,
            "pckgeRqstPssblYn": "Y",
            "pckgeRqstCnt": "37",
            "name": null,
            "rmrk": "\uc804\ud559\ub144\uc120\ud0dd<br>\uc0c1\uc8fc\ucea0\ud37c\uc2a4<br>",
            "appcrCnt": "43",
            "attlcPrscpCnt": "45",
            "lssnsTimeInfo": "\uc6d4 5A,5B<br/>\uc6d4 6A,6B",
            "lssnsRealTimeInfo": "\uc6d4 13:00 ~ 14:00<br/>\uc6d4 14:00 ~ 15:00",
            "prctsTime": "2",
            "doPlan": "Kor",
            "thryTime": "0",
            "totalPrfssNm": "\uad8c\ud0dc\ub3d9<br/>\uae40\ucca0\ud574",
            "mngetEstblYn": "Y",
            "code": null,
            "crdit": "1",
            "expniSllbsYn": "N",
            "bldngSn": null,
            "bldngCd": null,
            "bldngNm": null,
            "lssnsLcttmUntcd": null,
            "sbjetSctcd2": null,
            "rmnmCd": "102",
            "isApi": null,
            "paging": false,
            "rowStatus": "R",
            "pageSort": null
        },
        {
            "rowIndex": 0,
            "success": false,
            "message": null,
            "pageSize": 100,
            "pageNum": 1,
            "lctreMthodNm": "\ub300\uba74",
            "lctrmInfo": "\uc81c1\ud638\uad00",
            "lctreLnggeSctcd": null,
            "crseNo": "DOLS0216-002",
            "estblUnivNm": "\uc0dd\ud0dc\ud658\uacbd\ub300\ud559",
            "estblDprtnNm": "\ub808\uc800\uc2a4\ud3ec\uce20\ud559\uacfc",
            "estblYear": "2022",
            "estblDprtnCd": "1L05",
            "estblSmstrSctnm": "1\ud559\uae30",
            "estblSmstrSctcd": "CMBS001400001",
            "estblGrade": "2",
            "sbjetSctnm": "\uc804\uacf5",
            "sbjetNm": "\uc2a4\ud3ec\uce20\ud14c\uc774\ud551",
            "sbjetDvnno": "002",
            "sbjetCd": "DOLS0216",
            "gubun": null,
            "pckgeRqstPssblYn": "Y",
            "pckgeRqstCnt": "29",
            "name": null,
            "rmrk": "\uc0c1\uc8fc\ucea0\ud37c\uc2a4<br>",
            "appcrCnt": "29",
            "attlcPrscpCnt": "30",
            "lssnsTimeInfo": "\uc218 7A,7B<br/>\uc218 8A,8B<br/>\uc218 9A,9B",
            "lssnsRealTimeInfo": "\uc218 15:00 ~ 16:00<br/>\uc218 16:00 ~ 17:00<br/>\uc218 17:00 ~ 18:00",
            "prctsTime": "2",
            "doPlan": "Kor",
            "thryTime": "1",
            "totalPrfssNm": "\uc774\uc11d\ud638",
            "mngetEstblYn": "Y",
            "code": null,
            "crdit": "2",
            "expniSllbsYn": "N",
            "bldngSn": null,
            "bldngCd": null,
            "bldngNm": null,
            "lssnsLcttmUntcd": null,
            "sbjetSctcd2": null,
            "rmnmCd": "102",
            "isApi": null,
            "paging": false,
            "rowStatus": "R",
            "pageSort": null
        },
        {
            "rowIndex": 0,
            "success": false,
            "message": null,
            "pageSize": 100,
            "pageNum": 1,
            "lctreMthodNm": "\ub300\uba74",
            "lctrmInfo": "\uccb4\uc721\uad00",
            "lctreLnggeSctcd": null,
            "crseNo": "DOLS0237-002",
            "estblUnivNm": "\uc0dd\ud0dc\ud658\uacbd\ub300\ud559",
            "estblDprtnNm": "\ub808\uc800\uc2a4\ud3ec\uce20\ud559\uacfc",
            "estblYear": "2022",
            "estblDprtnCd": "1L05",
            "estblSmstrSctnm": "1\ud559\uae30",
            "estblSmstrSctcd": "CMBS001400001",
            "estblGrade": "3",
            "sbjetSctnm": "\uc804\uacf5",
            "sbjetNm": "\uc2a4\ud3ec\uce20\uc624\ub9ac\uc5d4\ud2f0\uc5b4\ub9c11",
            "sbjetDvnno": "002",
            "sbjetCd": "DOLS0237",
            "gubun": null,
            "pckgeRqstPssblYn": "Y",
            "pckgeRqstCnt": "30",
            "name": null,
            "rmrk": "\uc0c1\uc8fc\ucea0\ud37c\uc2a4<br>",
            "appcrCnt": "24",
            "attlcPrscpCnt": "30",
            "lssnsTimeInfo": "\uc218 4A,4B<br/>\uc218 5A,5B",
            "lssnsRealTimeInfo": "\uc218 12:00 ~ 13:00<br/>\uc218 13:00 ~ 14:00",
            "prctsTime": "2",
            "doPlan": "Kor",
            "thryTime": "0",
            "totalPrfssNm": "\uae40\ucca0\ud574",
            "mngetEstblYn": "Y",
            "code": null,
            "crdit": "1",
            "expniSllbsYn": "N",
            "bldngSn": null,
            "bldngCd": null,
            "bldngNm": null,
            "lssnsLcttmUntcd": null,
            "sbjetSctcd2": null,
            "rmnmCd": "101",
            "isApi": null,
            "paging": false,
            "rowStatus": "R",
            "pageSort": null
        },
        {
            "rowIndex": 0,
            "success": false,
            "message": null,
            "pageSize": 100,
            "pageNum": 1,
            "lctreMthodNm": "\ub300\uba74",
            "lctrmInfo": "\uc81c1\ud638\uad00",
            "lctreLnggeSctcd": null,
            "crseNo": "DOLS0402-001",
            "estblUnivNm": "\uc0dd\ud0dc\ud658\uacbd\ub300\ud559",
            "estblDprtnNm": "\ub808\uc800\uc2a4\ud3ec\uce20\ud559\uacfc",
            "estblYear": "2022",
            "estblDprtnCd": "1L05",
            "estblSmstrSctnm": "1\ud559\uae30",
            "estblSmstrSctcd": "CMBS001400001",
            "estblGrade": "2",
            "sbjetSctnm": "\uc804\uacf5\ud544\uc218",
            "sbjetNm": "\uc2a4\ud3ec\uce20\ub9c8\ucf00\ud305",
            "sbjetDvnno": "001",
            "sbjetCd": "DOLS0402",
            "gubun": null,
            "pckgeRqstPssblYn": "Y",
            "pckgeRqstCnt": "45",
            "name": null,
            "rmrk": "\uc0c1\uc8fc\ucea0\ud37c\uc2a4<br>",
            "appcrCnt": "52",
            "attlcPrscpCnt": "60",
            "lssnsTimeInfo": "\uc218 5A,5B<br/>\uc218 6A,6B",
            "lssnsRealTimeInfo": "\uc218 13:00 ~ 14:00<br/>\uc218 14:00 ~ 15:00",
            "prctsTime": "0",
            "doPlan": "Kor",
            "thryTime": "2",
            "totalPrfssNm": "\uc9c4\ub300\uadfc",
            "mngetEstblYn": "Y",
            "code": null,
            "crdit": "2",
            "expniSllbsYn": "N",
            "bldngSn": null,
            "bldngCd": null,
            "bldngNm": null,
            "lssnsLcttmUntcd": null,
            "sbjetSctcd2": null,
            "rmnmCd": "216",
            "isApi": null,
            "paging": false,
            "rowStatus": "R",
            "pageSort": null
        },
        {
            "rowIndex": 0,
            "success": false,
            "message": null,
            "pageSize": 100,
            "pageNum": 1,
            "lctreMthodNm": "\ub300\uba74",
            "lctrmInfo": "\uc81c1\ud638\uad00",
            "lctreLnggeSctcd": null,
            "crseNo": "DOLS0533-001",
            "estblUnivNm": "\uc0dd\ud0dc\ud658\uacbd\ub300\ud559",
            "estblDprtnNm": "\ub808\uc800\uc2a4\ud3ec\uce20\ud559\uacfc",
            "estblYear": "2022",
            "estblDprtnCd": "1L05",
            "estblSmstrSctnm": "1\ud559\uae30",
            "estblSmstrSctcd": "CMBS001400001",
            "estblGrade": "2",
            "sbjetSctnm": "\uc804\uacf5\ud544\uc218",
            "sbjetNm": "\ud2b8\ub808\uc774\ub2dd\ubc29\ubc95\ub860",
            "sbjetDvnno": "001",
            "sbjetCd": "DOLS0533",
            "gubun": null,
            "pckgeRqstPssblYn": "Y",
            "pckgeRqstCnt": "45",
            "name": null,
            "rmrk": "\uc0c1\uc8fc\ucea0\ud37c\uc2a4<br>",
            "appcrCnt": "47",
            "attlcPrscpCnt": "60",
            "lssnsTimeInfo": "\uc6d4 8A,8B<br/>\uc6d4 9A,9B",
            "lssnsRealTimeInfo": "\uc6d4 16:00 ~ 17:00<br/>\uc6d4 17:00 ~ 18:00",
            "prctsTime": "0",
            "doPlan": "Kor",
            "thryTime": "2",
            "totalPrfssNm": "\ubc15\uae30\ub355",
            "mngetEstblYn": "Y",
            "code": null,
            "crdit": "2",
            "expniSllbsYn": "N",
            "bldngSn": null,
            "bldngCd": null,
            "bldngNm": null,
            "lssnsLcttmUntcd": null,
            "sbjetSctcd2": null,
            "rmnmCd": "303",
            "isApi": null,
            "paging": false,
            "rowStatus": "R",
            "pageSort": null
        },
        {
            "rowIndex": 0,
            "success": false,
            "message": null,
            "pageSize": 100,
            "pageNum": 1,
            "lctreMthodNm": "\ub300\uba74",
            "lctrmInfo": "\uccb4\uc721\uad00",
            "lctreLnggeSctcd": null,
            "crseNo": "PEED0555-001",
            "estblUnivNm": "\uc0dd\ud0dc\ud658\uacbd\ub300\ud559",
            "estblDprtnNm": "\ub808\uc800\uc2a4\ud3ec\uce20\ud559\uacfc",
            "estblYear": "2022",
            "estblDprtnCd": "1L05",
            "estblSmstrSctnm": "1\ud559\uae30",
            "estblSmstrSctcd": "CMBS001400001",
            "estblGrade": "2",
            "sbjetSctnm": "\uc804\uacf5",
            "sbjetNm": "\ubc30\ub4dc\ubbfc\ud134",
            "sbjetDvnno": "001",
            "sbjetCd": "PEED0555",
            "gubun": null,
            "pckgeRqstPssblYn": "Y",
            "pckgeRqstCnt": "38",
            "name": null,
            "rmrk": "\uc0c1\uc8fc\ucea0\ud37c\uc2a4<br>",
            "appcrCnt": "31",
            "attlcPrscpCnt": "30",
            "lssnsTimeInfo": "\ubaa9 4A,4B<br/>\ubaa9 5A,5B<br/>\ubaa9 6A,6B",
            "lssnsRealTimeInfo": "\ubaa9 12:00 ~ 13:00<br/>\ubaa9 13:00 ~ 14:00<br/>\ubaa9 14:00 ~ 15:00",
            "prctsTime": "2",
            "doPlan": "Kor",
            "thryTime": "1",
            "totalPrfssNm": "\ud669\uc2b9\ud604",
            "mngetEstblYn": "Y",
            "code": null,
            "crdit": "2",
            "expniSllbsYn": "N",
            "bldngSn": null,
            "bldngCd": null,
            "bldngNm": null,
            "lssnsLcttmUntcd": null,
            "sbjetSctcd2": null,
            "rmnmCd": "101",
            "isApi": null,
            "paging": false,
            "rowStatus": "R",
            "pageSort": null
        },
        {
            "rowIndex": 0,
            "success": false,
            "message": null,
            "pageSize": 100,
            "pageNum": 1,
            "lctreMthodNm": "\ub300\uba74",
            "lctrmInfo": "\uc81c1\ud638\uad00",
            "lctreLnggeSctcd": null,
            "crseNo": "PEED0622-001",
            "estblUnivNm": "\uc0dd\ud0dc\ud658\uacbd\ub300\ud559",
            "estblDprtnNm": "\ub808\uc800\uc2a4\ud3ec\uce20\ud559\uacfc",
            "estblYear": "2022",
            "estblDprtnCd": "1L05",
            "estblSmstrSctnm": "1\ud559\uae30",
            "estblSmstrSctcd": "CMBS001400001",
            "estblGrade": "2",
            "sbjetSctnm": "\uc804\uacf5\ud544\uc218",
            "sbjetNm": "\uc6b4\ub3d9\uc0dd\ub9ac\ud559",
            "sbjetDvnno": "001",
            "sbjetCd": "PEED0622",
            "gubun": null,
            "pckgeRqstPssblYn": "Y",
            "pckgeRqstCnt": "40",
            "name": null,
            "rmrk": "\uc0c1\uc8fc\ucea0\ud37c\uc2a4<br>",
            "appcrCnt": "45",
            "attlcPrscpCnt": "60",
            "lssnsTimeInfo": "\ud654 2B,3A,3B<br/>\ubaa9 2B,3A,3B",
            "lssnsRealTimeInfo": "\ud654 10:30 ~ 12:00<br/>\ubaa9 10:30 ~ 12:00",
            "prctsTime": "0",
            "doPlan": "Kor",
            "thryTime": "3",
            "totalPrfssNm": "\uae40\uae30\ud6c8",
            "mngetEstblYn": "Y",
            "code": null,
            "crdit": "3",
            "expniSllbsYn": "N",
            "bldngSn": null,
            "bldngCd": null,
            "bldngNm": null,
            "lssnsLcttmUntcd": null,
            "sbjetSctcd2": null,
            "rmnmCd": "216",
            "isApi": null,
            "paging": false,
            "rowStatus": "R",
            "pageSort": null
        },
        {
            "rowIndex": 0,
            "success": false,
            "message": null,
            "pageSize": 100,
            "pageNum": 1,
            "lctreMthodNm": "\ube44\ub300\uba74",
            "lctrmInfo": "\ub3c4\uc11c\uad00 \ubc0f 10\ud638\uad00",
            "lctreLnggeSctcd": null,
            "crseNo": "CLTR0107-002",
            "estblUnivNm": "\uc0dd\ud0dc\ud658\uacbd\ub300\ud559",
            "estblDprtnNm": "\ub808\uc800\uc2a4\ud3ec\uce20\ud559\uacfc",
            "estblYear": "2022",
            "estblDprtnCd": "1L05",
            "estblSmstrSctnm": "1\ud559\uae30",
            "estblSmstrSctcd": "CMBS001400001",
            "estblGrade": "*",
            "sbjetSctnm": "\uad50\uc591",
            "sbjetNm": "\uc790\uc5f0\uacfc\ud658\uacbd",
            "sbjetDvnno": "002",
            "sbjetCd": "CLTR0107",
            "gubun": null,
            "pckgeRqstPssblYn": "Y",
            "pckgeRqstCnt": "45",
            "name": null,
            "rmrk": "\uc804\ud559\ub144\uc120\ud0dd<br>\uc0c1\uc8fc\ucea0\ud37c\uc2a4<br>",
            "appcrCnt": "64",
            "attlcPrscpCnt": "60",
            "lssnsTimeInfo": "\uc218 7A,7B,8A<br/>\uc218 8B,9A,9B",
            "lssnsRealTimeInfo": "\uc218 15:00 ~ 16:30<br/>\uc218 16:30 ~ 18:00",
            "prctsTime": "0",
            "doPlan": "Kor",
            "thryTime": "3",
            "totalPrfssNm": "\uc815\ub9f9\uc900",
            "mngetEstblYn": "Y",
            "code": null,
            "crdit": "3",
            "expniSllbsYn": "N",
            "bldngSn": null,
            "bldngCd": null,
            "bldngNm": null,
            "lssnsLcttmUntcd": null,
            "sbjetSctcd2": null,
            "rmnmCd": "301",
            "isApi": null,
            "paging": false,
            "rowStatus": "R",
            "pageSort": null
        },
        {
            "rowIndex": 0,
            "success": false,
            "message": null,
            "pageSize": 100,
            "pageNum": 1,
            "lctreMthodNm": "\ub300\uba74",
            "lctrmInfo": "\uc81c1\ud638\uad00",
            "lctreLnggeSctcd": null,
            "crseNo": "DOLS0420-001",
            "estblUnivNm": "\uc0dd\ud0dc\ud658\uacbd\ub300\ud559",
            "estblDprtnNm": "\ub808\uc800\uc2a4\ud3ec\uce20\ud559\uacfc",
            "estblYear": "2022",
            "estblDprtnCd": "1L05",
            "estblSmstrSctnm": "1\ud559\uae30",
            "estblSmstrSctcd": "CMBS001400001",
            "estblGrade": "4",
            "sbjetSctnm": "\uc804\uacf5",
            "sbjetNm": "\uc2a4\ud3ec\uce20\uc9c0\ub3c4\ub860",
            "sbjetDvnno": "001",
            "sbjetCd": "DOLS0420",
            "gubun": null,
            "pckgeRqstPssblYn": "Y",
            "pckgeRqstCnt": "40",
            "name": null,
            "rmrk": "\uc0c1\uc8fc\ucea0\ud37c\uc2a4<br>",
            "appcrCnt": "40",
            "attlcPrscpCnt": "60",
            "lssnsTimeInfo": "\ud654 4A,4B<br/>\ud654 5A,5B",
            "lssnsRealTimeInfo": "\ud654 12:00 ~ 13:00<br/>\ud654 13:00 ~ 14:00",
            "prctsTime": "0",
            "doPlan": "Kor",
            "thryTime": "2",
            "totalPrfssNm": "\uc774\uc815\ub798",
            "mngetEstblYn": "Y",
            "code": null,
            "crdit": "2",
            "expniSllbsYn": "N",
            "bldngSn": null,
            "bldngCd": null,
            "bldngNm": null,
            "lssnsLcttmUntcd": null,
            "sbjetSctcd2": null,
            "rmnmCd": "303",
            "isApi": null,
            "paging": false,
            "rowStatus": "R",
            "pageSort": null
        },
        {
            "rowIndex": 0,
            "success": false,
            "message": null,
            "pageSize": 100,
            "pageNum": 1,
            "lctreMthodNm": "\ub300\uba74",
            "lctrmInfo": "\uccb4\uc721\uad00",
            "lctreLnggeSctcd": null,
            "crseNo": "DOLS0526-002",
            "estblUnivNm": "\uc0dd\ud0dc\ud658\uacbd\ub300\ud559",
            "estblDprtnNm": "\ub808\uc800\uc2a4\ud3ec\uce20\ud559\uacfc",
            "estblYear": "2022",
            "estblDprtnCd": "1L05",
            "estblSmstrSctnm": "1\ud559\uae30",
            "estblSmstrSctcd": "CMBS001400001",
            "estblGrade": "1",
            "sbjetSctnm": "\uc804\uacf5",
            "sbjetNm": "\uc804\uacf5\ucd95\uad6c",
            "sbjetDvnno": "002",
            "sbjetCd": "DOLS0526",
            "gubun": null,
            "pckgeRqstPssblYn": "N",
            "pckgeRqstCnt": "0",
            "name": null,
            "rmrk": "\uc0c1\uc8fc\ucea0\ud37c\uc2a4<br>",
            "appcrCnt": "28",
            "attlcPrscpCnt": "30",
            "lssnsTimeInfo": "\ubaa9 5A,5B<br/>\ubaa9 6A,6B<br/>\ubaa9 7A,7B",
            "lssnsRealTimeInfo": "\ubaa9 13:00 ~ 14:00<br/>\ubaa9 14:00 ~ 15:00<br/>\ubaa9 15:00 ~ 16:00",
            "prctsTime": "2",
            "doPlan": "Kor",
            "thryTime": "1",
            "totalPrfssNm": "\uc774\ucc3d\uc218",
            "mngetEstblYn": "Y",
            "code": null,
            "crdit": "2",
            "expniSllbsYn": "N",
            "bldngSn": null,
            "bldngCd": null,
            "bldngNm": null,
            "lssnsLcttmUntcd": null,
            "sbjetSctcd2": null,
            "rmnmCd": "102",
            "isApi": null,
            "paging": false,
            "rowStatus": "R",
            "pageSort": null
        },
        {
            "rowIndex": 0,
            "success": false,
            "message": null,
            "pageSize": 100,
            "pageNum": 1,
            "lctreMthodNm": "\ub300\uba74",
            "lctrmInfo": "\uc81c1\ud638\uad00",
            "lctreLnggeSctcd": null,
            "crseNo": "DOLS0301-001",
            "estblUnivNm": "\uc0dd\ud0dc\ud658\uacbd\ub300\ud559",
            "estblDprtnNm": "\ub808\uc800\uc2a4\ud3ec\uce20\ud559\uacfc",
            "estblYear": "2022",
            "estblDprtnCd": "1L05",
            "estblSmstrSctnm": "1\ud559\uae30",
            "estblSmstrSctcd": "CMBS001400001",
            "estblGrade": "1",
            "sbjetSctnm": "\uc804\uacf5\ud544\uc218",
            "sbjetNm": "\uc804\uacf5\uc218\uc601",
            "sbjetDvnno": "001",
            "sbjetCd": "DOLS0301",
            "gubun": null,
            "pckgeRqstPssblYn": "N",
            "pckgeRqstCnt": "0",
            "name": null,
            "rmrk": "\uc0c1\uc8fc\ucea0\ud37c\uc2a4<br>",
            "appcrCnt": "28",
            "attlcPrscpCnt": "30",
            "lssnsTimeInfo": "\uc218 4A,4B<br/>\uc218 5A,5B<br/>\uc218 6A,6B",
            "lssnsRealTimeInfo": "\uc218 12:00 ~ 13:00<br/>\uc218 13:00 ~ 14:00<br/>\uc218 14:00 ~ 15:00",
            "prctsTime": "2",
            "doPlan": "Kor",
            "thryTime": "1",
            "totalPrfssNm": "\uc11c\uae08\ub780",
            "mngetEstblYn": "Y",
            "code": null,
            "crdit": "2",
            "expniSllbsYn": "Y",
            "bldngSn": null,
            "bldngCd": null,
            "bldngNm": null,
            "lssnsLcttmUntcd": null,
            "sbjetSctcd2": null,
            "rmnmCd": "303",
            "isApi": null,
            "paging": false,
            "rowStatus": "R",
            "pageSort": null
        },
        {
            "rowIndex": 0,
            "success": false,
            "message": null,
            "pageSize": 100,
            "pageNum": 1,
            "lctreMthodNm": "\ub300\uba74",
            "lctrmInfo": "\uc81c1\ud638\uad00",
            "lctreLnggeSctcd": null,
            "crseNo": "DOLS0218-001",
            "estblUnivNm": "\uc0dd\ud0dc\ud658\uacbd\ub300\ud559",
            "estblDprtnNm": "\ub808\uc800\uc2a4\ud3ec\uce20\ud559\uacfc",
            "estblYear": "2022",
            "estblDprtnCd": "1L05",
            "estblSmstrSctnm": "1\ud559\uae30",
            "estblSmstrSctcd": "CMBS001400001",
            "estblGrade": "3",
            "sbjetSctnm": "\uc804\uacf5",
            "sbjetNm": "\uc720\uc544\uccb4\uc721\ub860",
            "sbjetDvnno": "001",
            "sbjetCd": "DOLS0218",
            "gubun": null,
            "pckgeRqstPssblYn": "Y",
            "pckgeRqstCnt": "32",
            "name": null,
            "rmrk": "\uc0c1\uc8fc\ucea0\ud37c\uc2a4<br>(\uc601\uc5b4)<br>",
            "appcrCnt": "33",
            "attlcPrscpCnt": "60",
            "lssnsTimeInfo": "\ubaa9 2A,2B<br/>\ubaa9 3A,3B",
            "lssnsRealTimeInfo": "\ubaa9 10:00 ~ 11:00<br/>\ubaa9 11:00 ~ 12:00",
            "prctsTime": "0",
            "doPlan": "Eng",
            "thryTime": "2",
            "totalPrfssNm": "\ud669\uc2b9\ud604",
            "mngetEstblYn": "Y",
            "code": null,
            "crdit": "2",
            "expniSllbsYn": "N",
            "bldngSn": null,
            "bldngCd": null,
            "bldngNm": null,
            "lssnsLcttmUntcd": null,
            "sbjetSctcd2": null,
            "rmnmCd": "303",
            "isApi": null,
            "paging": false,
            "rowStatus": "R",
            "pageSort": null
        },
        {
            "rowIndex": 0,
            "success": false,
            "message": null,
            "pageSize": 100,
            "pageNum": 1,
            "lctreMthodNm": "\ub300\uba74",
            "lctrmInfo": "\uc81c1\ud638\uad00",
            "lctreLnggeSctcd": null,
            "crseNo": "DOLS0216-001",
            "estblUnivNm": "\uc0dd\ud0dc\ud658\uacbd\ub300\ud559",
            "estblDprtnNm": "\ub808\uc800\uc2a4\ud3ec\uce20\ud559\uacfc",
            "estblYear": "2022",
            "estblDprtnCd": "1L05",
            "estblSmstrSctnm": "1\ud559\uae30",
            "estblSmstrSctcd": "CMBS001400001",
            "estblGrade": "2",
            "sbjetSctnm": "\uc804\uacf5",
            "sbjetNm": "\uc2a4\ud3ec\uce20\ud14c\uc774\ud551",
            "sbjetDvnno": "001",
            "sbjetCd": "DOLS0216",
            "gubun": null,
            "pckgeRqstPssblYn": "Y",
            "pckgeRqstCnt": "26",
            "name": null,
            "rmrk": "\uc0c1\uc8fc\ucea0\ud37c\uc2a4<br>",
            "appcrCnt": "35",
            "attlcPrscpCnt": "30",
            "lssnsTimeInfo": "\uc218 1A,1B<br/>\uc218 2A,2B<br/>\uc218 3A,3B",
            "lssnsRealTimeInfo": "\uc218 09:00 ~ 10:00<br/>\uc218 10:00 ~ 11:00<br/>\uc218 11:00 ~ 12:00",
            "prctsTime": "2",
            "doPlan": "Kor",
            "thryTime": "1",
            "totalPrfssNm": "\uc774\uc11d\ud638",
            "mngetEstblYn": "Y",
            "code": null,
            "crdit": "2",
            "expniSllbsYn": "N",
            "bldngSn": null,
            "bldngCd": null,
            "bldngNm": null,
            "lssnsLcttmUntcd": null,
            "sbjetSctcd2": null,
            "rmnmCd": "102",
            "isApi": null,
            "paging": false,
            "rowStatus": "R",
            "pageSort": null
        },
        {
            "rowIndex": 0,
            "success": false,
            "message": null,
            "pageSize": 100,
            "pageNum": 1,
            "lctreMthodNm": "\ub300\uba74",
            "lctrmInfo": "\uccb4\uc721\uad00",
            "lctreLnggeSctcd": null,
            "crseNo": "DOLS0233-004",
            "estblUnivNm": "\uc0dd\ud0dc\ud658\uacbd\ub300\ud559",
            "estblDprtnNm": "\ub808\uc800\uc2a4\ud3ec\uce20\ud559\uacfc",
            "estblYear": "2022",
            "estblDprtnCd": "1L05",
            "estblSmstrSctnm": "1\ud559\uae30",
            "estblSmstrSctcd": "CMBS001400001",
            "estblGrade": "1",
            "sbjetSctnm": "\uc804\uacf5",
            "sbjetNm": "\uc804\uacf5\uace8\ud5041",
            "sbjetDvnno": "004",
            "sbjetCd": "DOLS0233",
            "gubun": null,
            "pckgeRqstPssblYn": "N",
            "pckgeRqstCnt": "0",
            "name": null,
            "rmrk": "\uc0c1\uc8fc\ucea0\ud37c\uc2a4<br>",
            "appcrCnt": "23",
            "attlcPrscpCnt": "30",
            "lssnsTimeInfo": "\uc6d4 5A,5B<br/>\uc6d4 6A,6B",
            "lssnsRealTimeInfo": "\uc6d4 13:00 ~ 14:00<br/>\uc6d4 14:00 ~ 15:00",
            "prctsTime": "2",
            "doPlan": "Kor",
            "thryTime": "0",
            "totalPrfssNm": "\uae40\uacbd\ud658",
            "mngetEstblYn": "Y",
            "code": null,
            "crdit": "1",
            "expniSllbsYn": "N",
            "bldngSn": null,
            "bldngCd": null,
            "bldngNm": null,
            "lssnsLcttmUntcd": null,
            "sbjetSctcd2": null,
            "rmnmCd": "101",
            "isApi": null,
            "paging": false,
            "rowStatus": "R",
            "pageSort": null
        },
        {
            "rowIndex": 0,
            "success": false,
            "message": null,
            "pageSize": 100,
            "pageNum": 1,
            "lctreMthodNm": "\ub300\uba74",
            "lctrmInfo": "\uccb4\uc721\uad00",
            "lctreLnggeSctcd": null,
            "crseNo": "DOLS0526-001",
            "estblUnivNm": "\uc0dd\ud0dc\ud658\uacbd\ub300\ud559",
            "estblDprtnNm": "\ub808\uc800\uc2a4\ud3ec\uce20\ud559\uacfc",
            "estblYear": "2022",
            "estblDprtnCd": "1L05",
            "estblSmstrSctnm": "1\ud559\uae30",
            "estblSmstrSctcd": "CMBS001400001",
            "estblGrade": "1",
            "sbjetSctnm": "\uc804\uacf5",
            "sbjetNm": "\uc804\uacf5\ucd95\uad6c",
            "sbjetDvnno": "001",
            "sbjetCd": "DOLS0526",
            "gubun": null,
            "pckgeRqstPssblYn": "N",
            "pckgeRqstCnt": "0",
            "name": null,
            "rmrk": "\uc0c1\uc8fc\ucea0\ud37c\uc2a4<br>",
            "appcrCnt": "29",
            "attlcPrscpCnt": "30",
            "lssnsTimeInfo": "\ubaa9 2A,2B<br/>\ubaa9 3A,3B<br/>\ubaa9 4A,4B",
            "lssnsRealTimeInfo": "\ubaa9 10:00 ~ 11:00<br/>\ubaa9 11:00 ~ 12:00<br/>\ubaa9 12:00 ~ 13:00",
            "prctsTime": "2",
            "doPlan": "Kor",
            "thryTime": "1",
            "totalPrfssNm": "\uc774\ucc3d\uc218",
            "mngetEstblYn": "Y",
            "code": null,
            "crdit": "2",
            "expniSllbsYn": "N",
            "bldngSn": null,
            "bldngCd": null,
            "bldngNm": null,
            "lssnsLcttmUntcd": null,
            "sbjetSctcd2": null,
            "rmnmCd": "102",
            "isApi": null,
            "paging": false,
            "rowStatus": "R",
            "pageSort": null
        },
        {
            "rowIndex": 0,
            "success": false,
            "message": null,
            "pageSize": 100,
            "pageNum": 1,
            "lctreMthodNm": "\ub300\uba74",
            "lctrmInfo": "\uccb4\uc721\uad00",
            "lctreLnggeSctcd": null,
            "crseNo": "CLTR0180-006",
            "estblUnivNm": "\uc0dd\ud0dc\ud658\uacbd\ub300\ud559",
            "estblDprtnNm": "\ub808\uc800\uc2a4\ud3ec\uce20\ud559\uacfc",
            "estblYear": "2022",
            "estblDprtnCd": "1L05",
            "estblSmstrSctnm": "1\ud559\uae30",
            "estblSmstrSctcd": "CMBS001400001",
            "estblGrade": "*",
            "sbjetSctnm": "\uad50\uc591",
            "sbjetNm": "\uace8\ud504",
            "sbjetDvnno": "006",
            "sbjetCd": "CLTR0180",
            "gubun": null,
            "pckgeRqstPssblYn": "Y",
            "pckgeRqstCnt": "10",
            "name": null,
            "rmrk": "\uc804\ud559\ub144\uc120\ud0dd<br>\uc0c1\uc8fc\ucea0\ud37c\uc2a4<br>",
            "appcrCnt": "21",
            "attlcPrscpCnt": "30",
            "lssnsTimeInfo": "\uc6d4 7A,7B<br/>\uc6d4 8A,8B",
            "lssnsRealTimeInfo": "\uc6d4 15:00 ~ 16:00<br/>\uc6d4 16:00 ~ 17:00",
            "prctsTime": "2",
            "doPlan": "Kor",
            "thryTime": "0",
            "totalPrfssNm": "\uad8c\ud0dc\ub3d9<br/>\uae40\uacbd\ud658",
            "mngetEstblYn": "Y",
            "code": null,
            "crdit": "1",
            "expniSllbsYn": "N",
            "bldngSn": null,
            "bldngCd": null,
            "bldngNm": null,
            "lssnsLcttmUntcd": null,
            "sbjetSctcd2": null,
            "rmnmCd": "101",
            "isApi": null,
            "paging": false,
            "rowStatus": "R",
            "pageSort": null
        },
        {
            "rowIndex": 0,
            "success": false,
            "message": null,
            "pageSize": 100,
            "pageNum": 1,
            "lctreMthodNm": "\ub300\uba74",
            "lctrmInfo": "\uc81c1\ud638\uad00",
            "lctreLnggeSctcd": null,
            "crseNo": "PEED0582-001",
            "estblUnivNm": "\uc0dd\ud0dc\ud658\uacbd\ub300\ud559",
            "estblDprtnNm": "\ub808\uc800\uc2a4\ud3ec\uce20\ud559\uacfc",
            "estblYear": "2022",
            "estblDprtnCd": "1L05",
            "estblSmstrSctnm": "1\ud559\uae30",
            "estblSmstrSctcd": "CMBS001400001",
            "estblGrade": "3",
            "sbjetSctnm": "\uc804\uacf5",
            "sbjetNm": "\uc6b4\ub3d9\uc5ed\ud559",
            "sbjetDvnno": "001",
            "sbjetCd": "PEED0582",
            "gubun": null,
            "pckgeRqstPssblYn": "Y",
            "pckgeRqstCnt": "40",
            "name": null,
            "rmrk": "\uc0c1\uc8fc\ucea0\ud37c\uc2a4<br>",
            "appcrCnt": "43",
            "attlcPrscpCnt": "60",
            "lssnsTimeInfo": "\ud654 2A,2B<br/>\ud654 3A,3B",
            "lssnsRealTimeInfo": "\ud654 10:00 ~ 11:00<br/>\ud654 11:00 ~ 12:00",
            "prctsTime": "0",
            "doPlan": "Kor",
            "thryTime": "2",
            "totalPrfssNm": "\ubcc0\uacbd\uc11d",
            "mngetEstblYn": "Y",
            "code": null,
            "crdit": "2",
            "expniSllbsYn": "N",
            "bldngSn": null,
            "bldngCd": null,
            "bldngNm": null,
            "lssnsLcttmUntcd": null,
            "sbjetSctcd2": null,
            "rmnmCd": "303",
            "isApi": null,
            "paging": false,
            "rowStatus": "R",
            "pageSort": null
        },
        {
            "rowIndex": 0,
            "success": false,
            "message": null,
            "pageSize": 100,
            "pageNum": 1,
            "lctreMthodNm": "\ub300\uba74",
            "lctrmInfo": "\ub3c4\uc11c\uad00 \ubc0f 10\ud638\uad00",
            "lctreLnggeSctcd": null,
            "crseNo": "CLTR0011-004",
            "estblUnivNm": "\uc0dd\ud0dc\ud658\uacbd\ub300\ud559",
            "estblDprtnNm": "\ub808\uc800\uc2a4\ud3ec\uce20\ud559\uacfc",
            "estblYear": "2022",
            "estblDprtnCd": "1L05",
            "estblSmstrSctnm": "1\ud559\uae30",
            "estblSmstrSctcd": "CMBS001400001",
            "estblGrade": "*",
            "sbjetSctnm": "\uad50\uc591",
            "sbjetNm": "\uc911\uad6d\uc5b41",
            "sbjetDvnno": "004",
            "sbjetCd": "CLTR0011",
            "gubun": null,
            "pckgeRqstPssblYn": "Y",
            "pckgeRqstCnt": "6",
            "name": null,
            "rmrk": "\uc804\ud559\ub144\uc120\ud0dd<br>\uc0c1\uc8fc\ucea0\ud37c\uc2a4<br><b>\uc778\ubb38\uad50\uc591</b><br>",
            "appcrCnt": "23",
            "attlcPrscpCnt": "50",
            "lssnsTimeInfo": "\ud654 7A,7B,8A<br/>\ubaa9 7A,7B,8A",
            "lssnsRealTimeInfo": "\ud654 15:00 ~ 16:30<br/>\ubaa9 15:00 ~ 16:30",
            "prctsTime": "0",
            "doPlan": "Kor",
            "thryTime": "3",
            "totalPrfssNm": "\uc815\uc601\uc9c0",
            "mngetEstblYn": "Y",
            "code": null,
            "crdit": "3",
            "expniSllbsYn": "N",
            "bldngSn": null,
            "bldngCd": null,
            "bldngNm": null,
            "lssnsLcttmUntcd": null,
            "sbjetSctcd2": null,
            "rmnmCd": "404",
            "isApi": null,
            "paging": false,
            "rowStatus": "R",
            "pageSort": null
        },
        {
            "rowIndex": 0,
            "success": false,
            "message": null,
            "pageSize": 100,
            "pageNum": 1,
            "lctreMthodNm": "\ub300\uba74",
            "lctrmInfo": "\ub3c4\uc11c\uad00 \ubc0f 10\ud638\uad00",
            "lctreLnggeSctcd": null,
            "crseNo": "CLTR0258-001",
            "estblUnivNm": "\uc0dd\ud0dc\ud658\uacbd\ub300\ud559",
            "estblDprtnNm": "\ub808\uc800\uc2a4\ud3ec\uce20\ud559\uacfc",
            "estblYear": "2022",
            "estblDprtnCd": "1L05",
            "estblSmstrSctnm": "1\ud559\uae30",
            "estblSmstrSctcd": "CMBS001400001",
            "estblGrade": "*",
            "sbjetSctnm": "\uad50\uc591",
            "sbjetNm": "\ube44\ub9cc\uacfc \uac74\uac15",
            "sbjetDvnno": "001",
            "sbjetCd": "CLTR0258",
            "gubun": null,
            "pckgeRqstPssblYn": "Y",
            "pckgeRqstCnt": "96",
            "name": null,
            "rmrk": "\uc804\ud559\ub144\uc120\ud0dd<br>\uc0c1\uc8fc\ucea0\ud37c\uc2a4<br>",
            "appcrCnt": "60",
            "attlcPrscpCnt": "60",
            "lssnsTimeInfo": "\ud654 8B,9A,9B<br/>\ubaa9 8B,9A,9B",
            "lssnsRealTimeInfo": "\ud654 16:30 ~ 18:00<br/>\ubaa9 16:30 ~ 18:00",
            "prctsTime": "0",
            "doPlan": "Kor",
            "thryTime": "3",
            "totalPrfssNm": "\uad8c\ud0dc\ub3d9<br/>\uc774\uc7ac\uc740",
            "mngetEstblYn": "Y",
            "code": null,
            "crdit": "3",
            "expniSllbsYn": "N",
            "bldngSn": null,
            "bldngCd": null,
            "bldngNm": null,
            "lssnsLcttmUntcd": null,
            "sbjetSctcd2": null,
            "rmnmCd": "305",
            "isApi": null,
            "paging": false,
            "rowStatus": "R",
            "pageSort": null
        },
        {
            "rowIndex": 0,
            "success": false,
            "message": null,
            "pageSize": 100,
            "pageNum": 1,
            "lctreMthodNm": "\ub300\uba74",
            "lctrmInfo": null,
            "lctreLnggeSctcd": null,
            "crseNo": "DOLS0219-001",
            "estblUnivNm": "\uc0dd\ud0dc\ud658\uacbd\ub300\ud559",
            "estblDprtnNm": "\ub808\uc800\uc2a4\ud3ec\uce20\ud559\uacfc",
            "estblYear": "2022",
            "estblDprtnCd": "1L05",
            "estblSmstrSctnm": "1\ud559\uae30",
            "estblSmstrSctcd": "CMBS001400001",
            "estblGrade": "1",
            "sbjetSctnm": "\uc804\uacf5",
            "sbjetNm": "\ubcf4\ub514\ube4c\ub529",
            "sbjetDvnno": "001",
            "sbjetCd": "DOLS0219",
            "gubun": null,
            "pckgeRqstPssblYn": "N",
            "pckgeRqstCnt": "0",
            "name": null,
            "rmrk": "\uc0c1\uc8fc\ucea0\ud37c\uc2a4<br>",
            "appcrCnt": "30",
            "attlcPrscpCnt": "30",
            "lssnsTimeInfo": "\ud654 2A,2B<br/>\ud654 3A,3B<br/>\ud654 4A,4B",
            "lssnsRealTimeInfo": "\ud654 10:00 ~ 11:00<br/>\ud654 11:00 ~ 12:00<br/>\ud654 12:00 ~ 13:00",
            "prctsTime": "2",
            "doPlan": "Kor",
            "thryTime": "1",
            "totalPrfssNm": "\uae40\uae30\uc6b4<br/>\ubc15\uae30\ub355",
            "mngetEstblYn": "Y",
            "code": null,
            "crdit": "2",
            "expniSllbsYn": "N",
            "bldngSn": null,
            "bldngCd": null,
            "bldngNm": null,
            "lssnsLcttmUntcd": null,
            "sbjetSctcd2": null,
            "rmnmCd": null,
            "isApi": null,
            "paging": false,
            "rowStatus": "R",
            "pageSort": null
        },
        {
            "rowIndex": 0,
            "success": false,
            "message": null,
            "pageSize": 100,
            "pageNum": 1,
            "lctreMthodNm": "\ub300\uba74",
            "lctrmInfo": "\uc81c1\ud638\uad00",
            "lctreLnggeSctcd": null,
            "crseNo": "DOLS0225-001",
            "estblUnivNm": "\uc0dd\ud0dc\ud658\uacbd\ub300\ud559",
            "estblDprtnNm": "\ub808\uc800\uc2a4\ud3ec\uce20\ud559\uacfc",
            "estblYear": "2022",
            "estblDprtnCd": "1L05",
            "estblSmstrSctnm": "1\ud559\uae30",
            "estblSmstrSctcd": "CMBS001400001",
            "estblGrade": "4",
            "sbjetSctnm": "\uc804\uacf5",
            "sbjetNm": "\ub178\uc778\uccb4\uc721\ub860",
            "sbjetDvnno": "001",
            "sbjetCd": "DOLS0225",
            "gubun": null,
            "pckgeRqstPssblYn": "Y",
            "pckgeRqstCnt": "33",
            "name": null,
            "rmrk": "\uc0c1\uc8fc\ucea0\ud37c\uc2a4<br>",
            "appcrCnt": "34",
            "attlcPrscpCnt": "60",
            "lssnsTimeInfo": "\ud654 6A,6B<br/>\ud654 7A,7B",
            "lssnsRealTimeInfo": "\ud654 14:00 ~ 15:00<br/>\ud654 15:00 ~ 16:00",
            "prctsTime": "0",
            "doPlan": "Kor",
            "thryTime": "2",
            "totalPrfssNm": "\uc11c\ud6a8\ube48",
            "mngetEstblYn": "Y",
            "code": null,
            "crdit": "2",
            "expniSllbsYn": "N",
            "bldngSn": null,
            "bldngCd": null,
            "bldngNm": null,
            "lssnsLcttmUntcd": null,
            "sbjetSctcd2": null,
            "rmnmCd": "303",
            "isApi": null,
            "paging": false,
            "rowStatus": "R",
            "pageSort": null
        },
        {
            "rowIndex": 0,
            "success": false,
            "message": null,
            "pageSize": 100,
            "pageNum": 1,
            "lctreMthodNm": "\ub300\uba74",
            "lctrmInfo": "\uccb4\uc721\uad00",
            "lctreLnggeSctcd": null,
            "crseNo": "DOLS0237-001",
            "estblUnivNm": "\uc0dd\ud0dc\ud658\uacbd\ub300\ud559",
            "estblDprtnNm": "\ub808\uc800\uc2a4\ud3ec\uce20\ud559\uacfc",
            "estblYear": "2022",
            "estblDprtnCd": "1L05",
            "estblSmstrSctnm": "1\ud559\uae30",
            "estblSmstrSctcd": "CMBS001400001",
            "estblGrade": "3",
            "sbjetSctnm": "\uc804\uacf5",
            "sbjetNm": "\uc2a4\ud3ec\uce20\uc624\ub9ac\uc5d4\ud2f0\uc5b4\ub9c11",
            "sbjetDvnno": "001",
            "sbjetCd": "DOLS0237",
            "gubun": null,
            "pckgeRqstPssblYn": "Y",
            "pckgeRqstCnt": "12",
            "name": null,
            "rmrk": "\uc0c1\uc8fc\ucea0\ud37c\uc2a4<br>",
            "appcrCnt": "16",
            "attlcPrscpCnt": "30",
            "lssnsTimeInfo": "\uc218 2A,2B<br/>\uc218 3A,3B",
            "lssnsRealTimeInfo": "\uc218 10:00 ~ 11:00<br/>\uc218 11:00 ~ 12:00",
            "prctsTime": "2",
            "doPlan": "Kor",
            "thryTime": "0",
            "totalPrfssNm": "\uae40\ucca0\ud574",
            "mngetEstblYn": "Y",
            "code": null,
            "crdit": "1",
            "expniSllbsYn": "N",
            "bldngSn": null,
            "bldngCd": null,
            "bldngNm": null,
            "lssnsLcttmUntcd": null,
            "sbjetSctcd2": null,
            "rmnmCd": "101",
            "isApi": null,
            "paging": false,
            "rowStatus": "R",
            "pageSort": null
        },
        {
            "rowIndex": 0,
            "success": false,
            "message": null,
            "pageSize": 100,
            "pageNum": 1,
            "lctreMthodNm": "\ub300\uba74",
            "lctrmInfo": "\uc81c9\ud638\uad00",
            "lctreLnggeSctcd": null,
            "crseNo": "CLTR0538-002",
            "estblUnivNm": "\uc0dd\ud0dc\ud658\uacbd\ub300\ud559",
            "estblDprtnNm": "\ub808\uc800\uc2a4\ud3ec\uce20\ud559\uacfc",
            "estblYear": "2022",
            "estblDprtnCd": "1L05",
            "estblSmstrSctnm": "1\ud559\uae30",
            "estblSmstrSctcd": "CMBS001400001",
            "estblGrade": "1",
            "sbjetSctnm": "\uad50\uc591",
            "sbjetNm": "\uc2dc\uc0ac\uc0dd\uba85\uacfc\ud559",
            "sbjetDvnno": "002",
            "sbjetCd": "CLTR0538",
            "gubun": null,
            "pckgeRqstPssblYn": "N",
            "pckgeRqstCnt": "0",
            "name": null,
            "rmrk": "\uc0c1\uc8fc\ucea0\ud37c\uc2a4<br>",
            "appcrCnt": "76",
            "attlcPrscpCnt": "60",
            "lssnsTimeInfo": "\ud654 8B,9A,9B<br/>\ubaa9 8B,9A,9B",
            "lssnsRealTimeInfo": "\ud654 16:30 ~ 18:00<br/>\ubaa9 16:30 ~ 18:00",
            "prctsTime": "0",
            "doPlan": "Kor",
            "thryTime": "3",
            "totalPrfssNm": "\ucd5c\uacbd\uc131",
            "mngetEstblYn": "Y",
            "code": null,
            "crdit": "3",
            "expniSllbsYn": "N",
            "bldngSn": null,
            "bldngCd": null,
            "bldngNm": null,
            "lssnsLcttmUntcd": null,
            "sbjetSctcd2": null,
            "rmnmCd": "115",
            "isApi": null,
            "paging": false,
            "rowStatus": "R",
            "pageSort": null
        },
        {
            "rowIndex": 0,
            "success": false,
            "message": null,
            "pageSize": 100,
            "pageNum": 1,
            "lctreMthodNm": "\ub300\uba74",
            "lctrmInfo": "\ub3c4\uc11c\uad00 \ubc0f 10\ud638\uad00",
            "lctreLnggeSctcd": null,
            "crseNo": "CLTR0210-024",
            "estblUnivNm": "\uc0dd\ud0dc\ud658\uacbd\ub300\ud559",
            "estblDprtnNm": "\ub808\uc800\uc2a4\ud3ec\uce20\ud559\uacfc",
            "estblYear": "2022",
            "estblDprtnCd": "1L05",
            "estblSmstrSctnm": "1\ud559\uae30",
            "estblSmstrSctcd": "CMBS001400001",
            "estblGrade": "4",
            "sbjetSctnm": "\uad50\uc591",
            "sbjetNm": "\uba85\uc800\uc77d\uae30\uc640 \ud1a0\ub860",
            "sbjetDvnno": "024",
            "sbjetCd": "CLTR0210",
            "gubun": null,
            "pckgeRqstPssblYn": "Y",
            "pckgeRqstCnt": "10",
            "name": null,
            "rmrk": "\uc0c1\uc8fc\ucea0\ud37c\uc2a4<br><b>\uc778\ubb38\uad50\uc591</b><br>",
            "appcrCnt": "15",
            "attlcPrscpCnt": "30",
            "lssnsTimeInfo": "\ud654 8B,9A,9B<br/>\ubaa9 8B,9A,9B",
            "lssnsRealTimeInfo": "\ud654 16:30 ~ 18:00<br/>\ubaa9 16:30 ~ 18:00",
            "prctsTime": "0",
            "doPlan": "Kor",
            "thryTime": "3",
            "totalPrfssNm": "\uc774\uc815\ub798",
            "mngetEstblYn": "Y",
            "code": null,
            "crdit": "3",
            "expniSllbsYn": "N",
            "bldngSn": null,
            "bldngCd": null,
            "bldngNm": null,
            "lssnsLcttmUntcd": null,
            "sbjetSctcd2": null,
            "rmnmCd": "201",
            "isApi": null,
            "paging": false,
            "rowStatus": "R",
            "pageSort": null
        },
        {
            "rowIndex": 0,
            "success": false,
            "message": null,
            "pageSize": 100,
            "pageNum": 1,
            "lctreMthodNm": "\ub300\uba74",
            "lctrmInfo": "\uc81c1\ud638\uad00",
            "lctreLnggeSctcd": null,
            "crseNo": "DOLS0211-001",
            "estblUnivNm": "\uc0dd\ud0dc\ud658\uacbd\ub300\ud559",
            "estblDprtnNm": "\ub808\uc800\uc2a4\ud3ec\uce20\ud559\uacfc",
            "estblYear": "2022",
            "estblDprtnCd": "1L05",
            "estblSmstrSctnm": "1\ud559\uae30",
            "estblSmstrSctcd": "CMBS001400001",
            "estblGrade": "1",
            "sbjetSctnm": "\uc804\uacf5",
            "sbjetNm": "4\ucc28\uc0b0\uc5c5\ud601\uba85\uacfc\uc2a4\ud3ec\uce20",
            "sbjetDvnno": "001",
            "sbjetCd": "DOLS0211",
            "gubun": null,
            "pckgeRqstPssblYn": "N",
            "pckgeRqstCnt": "0",
            "name": null,
            "rmrk": "\uc0c1\uc8fc\ucea0\ud37c\uc2a4<br>",
            "appcrCnt": "59",
            "attlcPrscpCnt": "60",
            "lssnsTimeInfo": "\uc218 1A,1B<br/>\uc218 2A,2B",
            "lssnsRealTimeInfo": "\uc218 09:00 ~ 10:00<br/>\uc218 10:00 ~ 11:00",
            "prctsTime": "0",
            "doPlan": "Kor",
            "thryTime": "2",
            "totalPrfssNm": "\uc9c4\ub300\uadfc",
            "mngetEstblYn": "Y",
            "code": null,
            "crdit": "2",
            "expniSllbsYn": "N",
            "bldngSn": null,
            "bldngCd": null,
            "bldngNm": null,
            "lssnsLcttmUntcd": null,
            "sbjetSctcd2": null,
            "rmnmCd": "216",
            "isApi": null,
            "paging": false,
            "rowStatus": "R",
            "pageSort": null
        },
        {
            "rowIndex": 0,
            "success": false,
            "message": null,
            "pageSize": 100,
            "pageNum": 1,
            "lctreMthodNm": "\ub300\uba74",
            "lctrmInfo": null,
            "lctreLnggeSctcd": null,
            "crseNo": "DOLS0219-002",
            "estblUnivNm": "\uc0dd\ud0dc\ud658\uacbd\ub300\ud559",
            "estblDprtnNm": "\ub808\uc800\uc2a4\ud3ec\uce20\ud559\uacfc",
            "estblYear": "2022",
            "estblDprtnCd": "1L05",
            "estblSmstrSctnm": "1\ud559\uae30",
            "estblSmstrSctcd": "CMBS001400001",
            "estblGrade": "1",
            "sbjetSctnm": "\uc804\uacf5",
            "sbjetNm": "\ubcf4\ub514\ube4c\ub529",
            "sbjetDvnno": "002",
            "sbjetCd": "DOLS0219",
            "gubun": null,
            "pckgeRqstPssblYn": "N",
            "pckgeRqstCnt": "0",
            "name": null,
            "rmrk": "\uc0c1\uc8fc\ucea0\ud37c\uc2a4<br>",
            "appcrCnt": "23",
            "attlcPrscpCnt": "30",
            "lssnsTimeInfo": "\ud654 5A,5B<br/>\ud654 6A,6B<br/>\ud654 7A,7B",
            "lssnsRealTimeInfo": "\ud654 13:00 ~ 14:00<br/>\ud654 14:00 ~ 15:00<br/>\ud654 15:00 ~ 16:00",
            "prctsTime": "2",
            "doPlan": "Kor",
            "thryTime": "1",
            "totalPrfssNm": "\uae40\uae30\uc6b4<br/>\ubc15\uae30\ub355",
            "mngetEstblYn": "Y",
            "code": null,
            "crdit": "2",
            "expniSllbsYn": "N",
            "bldngSn": null,
            "bldngCd": null,
            "bldngNm": null,
            "lssnsLcttmUntcd": null,
            "sbjetSctcd2": null,
            "rmnmCd": null,
            "isApi": null,
            "paging": false,
            "rowStatus": "R",
            "pageSort": null
        },
        {
            "rowIndex": 0,
            "success": false,
            "message": null,
            "pageSize": 100,
            "pageNum": 1,
            "lctreMthodNm": "\ub300\uba74",
            "lctrmInfo": "\uc81c1\ud638\uad00",
            "lctreLnggeSctcd": null,
            "crseNo": "DOLS0520-001",
            "estblUnivNm": "\uc0dd\ud0dc\ud658\uacbd\ub300\ud559",
            "estblDprtnNm": "\ub808\uc800\uc2a4\ud3ec\uce20\ud559\uacfc",
            "estblYear": "2022",
            "estblDprtnCd": "1L05",
            "estblSmstrSctnm": "1\ud559\uae30",
            "estblSmstrSctcd": "CMBS001400001",
            "estblGrade": "4",
            "sbjetSctnm": "\uc804\uacf5",
            "sbjetNm": "\uc694\uac00 \ubc0f \ud544\ub77c\ud14c\uc2a4",
            "sbjetDvnno": "001",
            "sbjetCd": "DOLS0520",
            "gubun": null,
            "pckgeRqstPssblYn": "Y",
            "pckgeRqstCnt": "25",
            "name": null,
            "rmrk": "\uc0c1\uc8fc\ucea0\ud37c\uc2a4<br>",
            "appcrCnt": "24",
            "attlcPrscpCnt": "30",
            "lssnsTimeInfo": "\ubaa9 2A,2B<br/>\ubaa9 3A,3B<br/>\ubaa9 4A,4B",
            "lssnsRealTimeInfo": "\ubaa9 10:00 ~ 11:00<br/>\ubaa9 11:00 ~ 12:00<br/>\ubaa9 12:00 ~ 13:00",
            "prctsTime": "2",
            "doPlan": "Kor",
            "thryTime": "1",
            "totalPrfssNm": "\ubc15\ud734\uacbd",
            "mngetEstblYn": "Y",
            "code": null,
            "crdit": "2",
            "expniSllbsYn": "N",
            "bldngSn": null,
            "bldngCd": null,
            "bldngNm": null,
            "lssnsLcttmUntcd": null,
            "sbjetSctcd2": null,
            "rmnmCd": "102",
            "isApi": null,
            "paging": false,
            "rowStatus": "R",
            "pageSort": null
        }
    ],
    "statusCode": 200
}