{
    "timestamp": "2022-04-28T23:14:19.252",
    "success": true,
    "code": null,
    "msg": null,
    "data": [
        {
            "rowIndex": 0,
            "success": false,
            "message": null,
            "pageSize": 100,
            "pageNum": 1,
            "lctreMthodNm": "\ub300\uba74",
            "lctrmInfo": "\ubcf8\uad00",
            "lctreLnggeSctcd": null,
            "crseNo": "ECOT0304-001",
            "estblUnivNm": "\uc0dd\ud0dc\ud658\uacbd\ub300\ud559",
            "estblDprtnNm": "\uc0dd\ud0dc\ud658\uacbd\uad00\uad11\ud559\ubd80 \uc0dd\ud0dc\uad00\uad11\uc804\uacf5",
            "estblYear": "2022",
            "estblDprtnCd": "1L0603",
            "estblSmstrSctnm": "1\ud559\uae30",
            "estblSmstrSctcd": "CMBS001400001",
            "estblGrade": "3",
            "sbjetSctnm": "\uc804\uacf5\ud544\uc218",
            "sbjetNm": "\ubb38\ud654\uad00\uad11\ub860",
            "sbjetDvnno": "001",
            "sbjetCd": "ECOT0304",
            "gubun": null,
            "pckgeRqstPssblYn": "Y",
            "pckgeRqstCnt": "21",
            "name": null,
            "rmrk": "\uc0c1\uc8fc\ucea0\ud37c\uc2a4<br>(\uc601\uc5b4)<br>",
            "appcrCnt": "30",
            "attlcPrscpCnt": "30",
            "lssnsTimeInfo": "\uc6d4 1A,1B,2A<br/>\uc218 2B,3A,3B",
            "lssnsRealTimeInfo": "\uc6d4 09:00 ~ 10:30<br/>\uc218 10:30 ~ 12:00",
            "prctsTime": "0",
            "doPlan": "Eng",
            "thryTime": "3",
            "totalPrfssNm": "\uc774\uc81c\ub2c8",
            "mngetEstblYn": "Y",
            "code": null,
            "crdit": "3",
            "expniSllbsYn": "N",
            "bldngSn": null,
            "bldngCd": null,
            "bldngNm": null,
            "lssnsLcttmUntcd": null,
            "sbjetSctcd2": null,
            "rmnmCd": "202",
            "isApi": null,
            "paging": false,
            "rowStatus": "R",
            "pageSort": null
        },
        {
            "rowIndex": 0,
            "success": false,
            "message": null,
            "pageSize": 100,
            "pageNum": 1,
            "lctreMthodNm": "\ub300\uba74",
            "lctrmInfo": "\ubcf8\uad00",
            "lctreLnggeSctcd": null,
            "crseNo": "ECOT0522-001",
            "estblUnivNm": "\uc0dd\ud0dc\ud658\uacbd\ub300\ud559",
            "estblDprtnNm": "\uc0dd\ud0dc\ud658\uacbd\uad00\uad11\ud559\ubd80 \uc0dd\ud0dc\uad00\uad11\uc804\uacf5",
            "estblYear": "2022",
            "estblDprtnCd": "1L0603",
            "estblSmstrSctnm": "1\ud559\uae30",
            "estblSmstrSctcd": "CMBS001400001",
            "estblGrade": "4",
            "sbjetSctnm": "\uc804\uacf5",
            "sbjetNm": "\ud638\ud154\uacbd\uc601\uc0ac\ub840\uc5f0\uad6c",
            "sbjetDvnno": "001",
            "sbjetCd": "ECOT0522",
            "gubun": null,
            "pckgeRqstPssblYn": "Y",
            "pckgeRqstCnt": "14",
            "name": null,
            "rmrk": "\uc0c1\uc8fc\ucea0\ud37c\uc2a4<br>\uc2e0\uc784\uac15\uc0ac \uac15\uc758\uacfc\ubaa9",
            "appcrCnt": "13",
            "attlcPrscpCnt": "30",
            "lssnsTimeInfo": "\uae08 1A,1B,2A<br/>\uae08 2B,3A,3B",
            "lssnsRealTimeInfo": "\uae08 09:00 ~ 10:30<br/>\uae08 10:30 ~ 12:00",
            "prctsTime": "0",
            "doPlan": "Kor",
            "thryTime": "3",
            "totalPrfssNm": "\uc720\uba85\uc9c4",
            "mngetEstblYn": "Y",
            "code": null,
            "crdit": "3",
            "expniSllbsYn": "Y",
            "bldngSn": null,
            "bldngCd": null,
            "bldngNm": null,
            "lssnsLcttmUntcd": null,
            "sbjetSctcd2": null,
            "rmnmCd": "201",
            "isApi": null,
            "paging": false,
            "rowStatus": "R",
            "pageSort": null
        },
        {
            "rowIndex": 0,
            "success": false,
            "message": null,
            "pageSize": 100,
            "pageNum": 1,
            "lctreMthodNm": "\ub300\uba74",
            "lctrmInfo": "\ubcf8\uad00",
            "lctreLnggeSctcd": null,
            "crseNo": "ECOT0408-001",
            "estblUnivNm": "\uc0dd\ud0dc\ud658\uacbd\ub300\ud559",
            "estblDprtnNm": "\uc0dd\ud0dc\ud658\uacbd\uad00\uad11\ud559\ubd80 \uc0dd\ud0dc\uad00\uad11\uc804\uacf5",
            "estblYear": "2022",
            "estblDprtnCd": "1L0603",
            "estblSmstrSctnm": "1\ud559\uae30",
            "estblSmstrSctcd": "CMBS001400001",
            "estblGrade": "3",
            "sbjetSctnm": "\uc804\uacf5",
            "sbjetNm": "\uad00\uad11\uacbd\uc81c\ud559",
            "sbjetDvnno": "001",
            "sbjetCd": "ECOT0408",
            "gubun": null,
            "pckgeRqstPssblYn": "Y",
            "pckgeRqstCnt": "13",
            "name": null,
            "rmrk": "\uc0c1\uc8fc\ucea0\ud37c\uc2a4<br>(\uc601\uc5b4)<br>",
            "appcrCnt": "19",
            "attlcPrscpCnt": "30",
            "lssnsTimeInfo": "\ud654 1A,1B,2A<br/>\ubaa9 2B,3A,3B",
            "lssnsRealTimeInfo": "\ud654 09:00 ~ 10:30<br/>\ubaa9 10:30 ~ 12:00",
            "prctsTime": "0",
            "doPlan": "Eng",
            "thryTime": "3",
            "totalPrfssNm": "\uc815\uc9c0\uc5f0",
            "mngetEstblYn": "Y",
            "code": null,
            "crdit": "3",
            "expniSllbsYn": "N",
            "bldngSn": null,
            "bldngCd": null,
            "bldngNm": null,
            "lssnsLcttmUntcd": null,
            "sbjetSctcd2": null,
            "rmnmCd": "202",
            "isApi": null,
            "paging": false,
            "rowStatus": "R",
            "pageSort": null
        },
        {
            "rowIndex": 0,
            "success": false,
            "message": null,
            "pageSize": 100,
            "pageNum": 1,
            "lctreMthodNm": "\ub300\uba74",
            "lctrmInfo": "\ubcf8\uad00",
            "lctreLnggeSctcd": null,
            "crseNo": "ECOT0421-001",
            "estblUnivNm": "\uc0dd\ud0dc\ud658\uacbd\ub300\ud559",
            "estblDprtnNm": "\uc0dd\ud0dc\ud658\uacbd\uad00\uad11\ud559\ubd80 \uc0dd\ud0dc\uad00\uad11\uc804\uacf5",
            "estblYear": "2022",
            "estblDprtnCd": "1L0603",
            "estblSmstrSctnm": "1\ud559\uae30",
            "estblSmstrSctcd": "CMBS001400001",
            "estblGrade": "2",
            "sbjetSctnm": "\uc804\uacf5",
            "sbjetNm": "\uc9c0\uc18d\uac00\ub2a5\ud55c \uad00\uad11\ub860",
            "sbjetDvnno": "001",
            "sbjetCd": "ECOT0421",
            "gubun": null,
            "pckgeRqstPssblYn": "Y",
            "pckgeRqstCnt": "5",
            "name": null,
            "rmrk": "\uc0c1\uc8fc\ucea0\ud37c\uc2a4<br>",
            "appcrCnt": "16",
            "attlcPrscpCnt": "30",
            "lssnsTimeInfo": "\ud654 1A,1B,2A<br/>\ubaa9 2B,3A,3B",
            "lssnsRealTimeInfo": "\ud654 09:00 ~ 10:30<br/>\ubaa9 10:30 ~ 12:00",
            "prctsTime": "0",
            "doPlan": "Kor",
            "thryTime": "3",
            "totalPrfssNm": "\uc774\uc81c\ub2c8",
            "mngetEstblYn": "Y",
            "code": null,
            "crdit": "3",
            "expniSllbsYn": "N",
            "bldngSn": null,
            "bldngCd": null,
            "bldngNm": null,
            "lssnsLcttmUntcd": null,
            "sbjetSctcd2": null,
            "rmnmCd": "208",
            "isApi": null,
            "paging": false,
            "rowStatus": "R",
            "pageSort": null
        },
        {
            "rowIndex": 0,
            "success": false,
            "message": null,
            "pageSize": 100,
            "pageNum": 1,
            "lctreMthodNm": "\ub300\uba74",
            "lctrmInfo": "\ub3c4\uc11c\uad00 \ubc0f 10\ud638\uad00",
            "lctreLnggeSctcd": null,
            "crseNo": "ECOT0212-001",
            "estblUnivNm": "\uc0dd\ud0dc\ud658\uacbd\ub300\ud559",
            "estblDprtnNm": "\uc0dd\ud0dc\ud658\uacbd\uad00\uad11\ud559\ubd80 \uc0dd\ud0dc\uad00\uad11\uc804\uacf5",
            "estblYear": "2022",
            "estblDprtnCd": "1L0603",
            "estblSmstrSctnm": "1\ud559\uae30",
            "estblSmstrSctcd": "CMBS001400001",
            "estblGrade": "2",
            "sbjetSctnm": "\uc804\uacf5",
            "sbjetNm": "\uad00\uad11\uc601\uc5b4\u2160",
            "sbjetDvnno": "001",
            "sbjetCd": "ECOT0212",
            "gubun": null,
            "pckgeRqstPssblYn": "Y",
            "pckgeRqstCnt": "8",
            "name": null,
            "rmrk": "\uc0c1\uc8fc\ucea0\ud37c\uc2a4<br>(\uc601\uc5b4)<br>",
            "appcrCnt": "12",
            "attlcPrscpCnt": "30",
            "lssnsTimeInfo": "\ud654 7A,7B,8A<br/>\ubaa9 7A,7B,8A",
            "lssnsRealTimeInfo": "\ud654 15:00 ~ 16:30<br/>\ubaa9 15:00 ~ 16:30",
            "prctsTime": "0",
            "doPlan": "Eng",
            "thryTime": "3",
            "totalPrfssNm": "\ubc34 \uc705, \ucff3 \uc694\ud55c\uc2a4",
            "mngetEstblYn": "Y",
            "code": null,
            "crdit": "3",
            "expniSllbsYn": "N",
            "bldngSn": null,
            "bldngCd": null,
            "bldngNm": null,
            "lssnsLcttmUntcd": null,
            "sbjetSctcd2": null,
            "rmnmCd": "211",
            "isApi": null,
            "paging": false,
            "rowStatus": "R",
            "pageSort": null
        },
        {
            "rowIndex": 0,
            "success": false,
            "message": null,
            "pageSize": 100,
            "pageNum": 1,
            "lctreMthodNm": "\ub300\uba74",
            "lctrmInfo": "\ubcf8\uad00",
            "lctreLnggeSctcd": null,
            "crseNo": "ECOT0305-001",
            "estblUnivNm": "\uc0dd\ud0dc\ud658\uacbd\ub300\ud559",
            "estblDprtnNm": "\uc0dd\ud0dc\ud658\uacbd\uad00\uad11\ud559\ubd80 \uc0dd\ud0dc\uad00\uad11\uc804\uacf5",
            "estblYear": "2022",
            "estblDprtnCd": "1L0603",
            "estblSmstrSctnm": "1\ud559\uae30",
            "estblSmstrSctcd": "CMBS001400001",
            "estblGrade": "2",
            "sbjetSctnm": "\uc804\uacf5\ud544\uc218",
            "sbjetNm": "\uad00\uad11\uc815\ucc45\ub860",
            "sbjetDvnno": "001",
            "sbjetCd": "ECOT0305",
            "gubun": null,
            "pckgeRqstPssblYn": "Y",
            "pckgeRqstCnt": "11",
            "name": null,
            "rmrk": "\uc0c1\uc8fc\ucea0\ud37c\uc2a4<br>(\uc601\uc5b4)<br>",
            "appcrCnt": "15",
            "attlcPrscpCnt": "30",
            "lssnsTimeInfo": "\uc6d4 8B,9A,9B<br/>\uc218 7A,7B,8A",
            "lssnsRealTimeInfo": "\uc6d4 16:30 ~ 18:00<br/>\uc218 15:00 ~ 16:30",
            "prctsTime": "0",
            "doPlan": "Eng",
            "thryTime": "3",
            "totalPrfssNm": "\uae40\uc815\ud638",
            "mngetEstblYn": "Y",
            "code": null,
            "crdit": "3",
            "expniSllbsYn": "N",
            "bldngSn": null,
            "bldngCd": null,
            "bldngNm": null,
            "lssnsLcttmUntcd": null,
            "sbjetSctcd2": null,
            "rmnmCd": "201",
            "isApi": null,
            "paging": false,
            "rowStatus": "R",
            "pageSort": null
        },
        {
            "rowIndex": 0,
            "success": false,
            "message": null,
            "pageSize": 100,
            "pageNum": 1,
            "lctreMthodNm": "\ub300\uba74",
            "lctrmInfo": "\ubcf8\uad00",
            "lctreLnggeSctcd": null,
            "crseNo": "ECOT0511-001",
            "estblUnivNm": "\uc0dd\ud0dc\ud658\uacbd\ub300\ud559",
            "estblDprtnNm": "\uc0dd\ud0dc\ud658\uacbd\uad00\uad11\ud559\ubd80 \uc0dd\ud0dc\uad00\uad11\uc804\uacf5",
            "estblYear": "2022",
            "estblDprtnCd": "1L0603",
            "estblSmstrSctnm": "1\ud559\uae30",
            "estblSmstrSctcd": "CMBS001400001",
            "estblGrade": "3",
            "sbjetSctnm": "\uc804\uacf5\ud544\uc218",
            "sbjetNm": "\uad00\uad11\uac1c\ubc1c\ub860",
            "sbjetDvnno": "001",
            "sbjetCd": "ECOT0511",
            "gubun": null,
            "pckgeRqstPssblYn": "Y",
            "pckgeRqstCnt": "21",
            "name": null,
            "rmrk": "\uc0c1\uc8fc\ucea0\ud37c\uc2a4<br>(\uc601\uc5b4)<br>",
            "appcrCnt": "30",
            "attlcPrscpCnt": "30",
            "lssnsTimeInfo": "\ud654 2B,3A,3B<br/>\ubaa9 1A,1B,2A",
            "lssnsRealTimeInfo": "\ud654 10:30 ~ 12:00<br/>\ubaa9 09:00 ~ 10:30",
            "prctsTime": "0",
            "doPlan": "Eng",
            "thryTime": "3",
            "totalPrfssNm": "\uae40\uc815\ud638",
            "mngetEstblYn": "Y",
            "code": null,
            "crdit": "3",
            "expniSllbsYn": "N",
            "bldngSn": null,
            "bldngCd": null,
            "bldngNm": null,
            "lssnsLcttmUntcd": null,
            "sbjetSctcd2": null,
            "rmnmCd": "201",
            "isApi": null,
            "paging": false,
            "rowStatus": "R",
            "pageSort": null
        },
        {
            "rowIndex": 0,
            "success": false,
            "message": null,
            "pageSize": 100,
            "pageNum": 1,
            "lctreMthodNm": "\ub300\uba74",
            "lctrmInfo": "\ub3c4\uc11c\uad00 \ubc0f 10\ud638\uad00",
            "lctreLnggeSctcd": null,
            "crseNo": "ECOT0313-001",
            "estblUnivNm": "\uc0dd\ud0dc\ud658\uacbd\ub300\ud559",
            "estblDprtnNm": "\uc0dd\ud0dc\ud658\uacbd\uad00\uad11\ud559\ubd80 \uc0dd\ud0dc\uad00\uad11\uc804\uacf5",
            "estblYear": "2022",
            "estblDprtnCd": "1L0603",
            "estblSmstrSctnm": "1\ud559\uae30",
            "estblSmstrSctcd": "CMBS001400001",
            "estblGrade": "3",
            "sbjetSctnm": "\uc804\uacf5",
            "sbjetNm": "\uad00\uad11\uc601\uc5b4\u2161",
            "sbjetDvnno": "001",
            "sbjetCd": "ECOT0313",
            "gubun": null,
            "pckgeRqstPssblYn": "Y",
            "pckgeRqstCnt": "0",
            "name": null,
            "rmrk": "\uc0c1\uc8fc\ucea0\ud37c\uc2a4<br>(\uc601\uc5b4)<br>",
            "appcrCnt": "3",
            "attlcPrscpCnt": "30",
            "lssnsTimeInfo": "\ud654 5B,6A,6B<br/>\ubaa9 5B,6A,6B",
            "lssnsRealTimeInfo": "\ud654 13:30 ~ 15:00<br/>\ubaa9 13:30 ~ 15:00",
            "prctsTime": "0",
            "doPlan": "Eng",
            "thryTime": "3",
            "totalPrfssNm": "\ubc34 \uc705, \ucff3 \uc694\ud55c\uc2a4",
            "mngetEstblYn": "Y",
            "code": null,
            "crdit": "3",
            "expniSllbsYn": "N",
            "bldngSn": null,
            "bldngCd": null,
            "bldngNm": null,
            "lssnsLcttmUntcd": null,
            "sbjetSctcd2": null,
            "rmnmCd": "211",
            "isApi": null,
            "paging": false,
            "rowStatus": "R",
            "pageSort": null
        },
        {
            "rowIndex": 0,
            "success": false,
            "message": null,
            "pageSize": 100,
            "pageNum": 1,
            "lctreMthodNm": "\ub300\uba74",
            "lctrmInfo": "\ubcf8\uad00",
            "lctreLnggeSctcd": null,
            "crseNo": "ECOT0317-001",
            "estblUnivNm": "\uc0dd\ud0dc\ud658\uacbd\ub300\ud559",
            "estblDprtnNm": "\uc0dd\ud0dc\ud658\uacbd\uad00\uad11\ud559\ubd80 \uc0dd\ud0dc\uad00\uad11\uc804\uacf5",
            "estblYear": "2022",
            "estblDprtnCd": "1L0603",
            "estblSmstrSctnm": "1\ud559\uae30",
            "estblSmstrSctcd": "CMBS001400001",
            "estblGrade": "2",
            "sbjetSctnm": "\uc804\uacf5",
            "sbjetNm": "\uad00\uad11\uc77c\ubcf8\uc5b4\u2160",
            "sbjetDvnno": "001",
            "sbjetCd": "ECOT0317",
            "gubun": null,
            "pckgeRqstPssblYn": "Y",
            "pckgeRqstCnt": "22",
            "name": null,
            "rmrk": "\uc0c1\uc8fc\ucea0\ud37c\uc2a4<br>",
            "appcrCnt": "29",
            "attlcPrscpCnt": "30",
            "lssnsTimeInfo": "\ud654 8B,9A,9B<br/>\ubaa9 8B,9A,9B",
            "lssnsRealTimeInfo": "\ud654 16:30 ~ 18:00<br/>\ubaa9 16:30 ~ 18:00",
            "prctsTime": "0",
            "doPlan": "Kor",
            "thryTime": "3",
            "totalPrfssNm": "\uae40\uc131\uc625",
            "mngetEstblYn": "Y",
            "code": null,
            "crdit": "3",
            "expniSllbsYn": "N",
            "bldngSn": null,
            "bldngCd": null,
            "bldngNm": null,
            "lssnsLcttmUntcd": null,
            "sbjetSctcd2": null,
            "rmnmCd": "201",
            "isApi": null,
            "paging": false,
            "rowStatus": "R",
            "pageSort": null
        },
        {
            "rowIndex": 0,
            "success": false,
            "message": null,
            "pageSize": 100,
            "pageNum": 1,
            "lctreMthodNm": "\ub300\uba74",
            "lctrmInfo": "\ubcf8\uad00",
            "lctreLnggeSctcd": null,
            "crseNo": "ECOT0521-001",
            "estblUnivNm": "\uc0dd\ud0dc\ud658\uacbd\ub300\ud559",
            "estblDprtnNm": "\uc0dd\ud0dc\ud658\uacbd\uad00\uad11\ud559\ubd80 \uc0dd\ud0dc\uad00\uad11\uc804\uacf5",
            "estblYear": "2022",
            "estblDprtnCd": "1L0603",
            "estblSmstrSctnm": "1\ud559\uae30",
            "estblSmstrSctcd": "CMBS001400001",
            "estblGrade": "3",
            "sbjetSctnm": "\uc804\uacf5",
            "sbjetNm": "\ucee8\ubca4\uc158\uc0b0\uc5c5\ub860",
            "sbjetDvnno": "001",
            "sbjetCd": "ECOT0521",
            "gubun": null,
            "pckgeRqstPssblYn": "Y",
            "pckgeRqstCnt": "11",
            "name": null,
            "rmrk": "\uc0c1\uc8fc\ucea0\ud37c\uc2a4<br>",
            "appcrCnt": "17",
            "attlcPrscpCnt": "30",
            "lssnsTimeInfo": "\uae08 1A,1B,2A<br/>\uae08 2B,3A,3B",
            "lssnsRealTimeInfo": "\uae08 09:00 ~ 10:30<br/>\uae08 10:30 ~ 12:00",
            "prctsTime": "0",
            "doPlan": "Kor",
            "thryTime": "3",
            "totalPrfssNm": "\ubc15\uc9c4\uc601",
            "mngetEstblYn": "Y",
            "code": null,
            "crdit": "3",
            "expniSllbsYn": "N",
            "bldngSn": null,
            "bldngCd": null,
            "bldngNm": null,
            "lssnsLcttmUntcd": null,
            "sbjetSctcd2": null,
            "rmnmCd": "202",
            "isApi": null,
            "paging": false,
            "rowStatus": "R",
            "pageSort": null
        },
        {
            "rowIndex": 0,
            "success": false,
            "message": null,
            "pageSize": 100,
            "pageNum": 1,
            "lctreMthodNm": "\ub300\uba74",
            "lctrmInfo": "\ubcf8\uad00",
            "lctreLnggeSctcd": null,
            "crseNo": "ECOT0510-001",
            "estblUnivNm": "\uc0dd\ud0dc\ud658\uacbd\ub300\ud559",
            "estblDprtnNm": "\uc0dd\ud0dc\ud658\uacbd\uad00\uad11\ud559\ubd80 \uc0dd\ud0dc\uad00\uad11\uc804\uacf5",
            "estblYear": "2022",
            "estblDprtnCd": "1L0603",
            "estblSmstrSctnm": "1\ud559\uae30",
            "estblSmstrSctcd": "CMBS001400001",
            "estblGrade": "4",
            "sbjetSctnm": "\uc804\uacf5\ud544\uc218",
            "sbjetNm": "\uad00\uad11\ubc95\uaddc",
            "sbjetDvnno": "001",
            "sbjetCd": "ECOT0510",
            "gubun": null,
            "pckgeRqstPssblYn": "Y",
            "pckgeRqstCnt": "22",
            "name": null,
            "rmrk": "\uc0c1\uc8fc\ucea0\ud37c\uc2a4<br>",
            "appcrCnt": "32",
            "attlcPrscpCnt": "30",
            "lssnsTimeInfo": "\ud654 5B,6A,6B<br/>\ubaa9 5B,6A,6B",
            "lssnsRealTimeInfo": "\ud654 13:30 ~ 15:00<br/>\ubaa9 13:30 ~ 15:00",
            "prctsTime": "0",
            "doPlan": "Kor",
            "thryTime": "3",
            "totalPrfssNm": "\uc548\ud604\uc601",
            "mngetEstblYn": "Y",
            "code": null,
            "crdit": "3",
            "expniSllbsYn": "N",
            "bldngSn": null,
            "bldngCd": null,
            "bldngNm": null,
            "lssnsLcttmUntcd": null,
            "sbjetSctcd2": null,
            "rmnmCd": "202",
            "isApi": null,
            "paging": false,
            "rowStatus": "R",
            "pageSort": null
        }
    ],
    "statusCode": 200
}