{
    "timestamp": "2022-04-28T23:14:19.013",
    "success": true,
    "code": null,
    "msg": null,
    "data": [
        {
            "rowIndex": 0,
            "success": false,
            "message": null,
            "pageSize": 100,
            "pageNum": 1,
            "lctreMthodNm": "\ub300\uba74",
            "lctrmInfo": "\uc81c6\ud638\uad00",
            "lctreLnggeSctcd": null,
            "crseNo": "ACHE0453-001",
            "estblUnivNm": "\uc0dd\ud0dc\ud658\uacbd\ub300\ud559",
            "estblDprtnNm": "\uc0dd\ud0dc\ud658\uacbd\uc2dc\uc2a4\ud15c\ud559\ubd80 \uc2dd\ubb3c\uc790\uc6d0\ud658\uacbd\uc804\uacf5",
            "estblYear": "2022",
            "estblDprtnCd": "1L0202",
            "estblSmstrSctnm": "1\ud559\uae30",
            "estblSmstrSctcd": "CMBS001400001",
            "estblGrade": "3",
            "sbjetSctnm": "\uc804\uacf5",
            "sbjetNm": "\ub18d\uc57d\ud654\ud559",
            "sbjetDvnno": "001",
            "sbjetCd": "ACHE0453",
            "gubun": null,
            "pckgeRqstPssblYn": "Y",
            "pckgeRqstCnt": "26",
            "name": null,
            "rmrk": "\uc0c1\uc8fc\ucea0\ud37c\uc2a4<br>",
            "appcrCnt": "33",
            "attlcPrscpCnt": "40",
            "lssnsTimeInfo": "\uc218 7A,7B,8A<br/>\ubaa9 2B,3A,3B",
            "lssnsRealTimeInfo": "\uc218 15:00 ~ 16:30<br/>\ubaa9 10:30 ~ 12:00",
            "prctsTime": "0",
            "doPlan": "Kor",
            "thryTime": "3",
            "totalPrfssNm": "\uae40\ud6a8\uadfc",
            "mngetEstblYn": "Y",
            "code": null,
            "crdit": "3",
            "expniSllbsYn": "N",
            "bldngSn": null,
            "bldngCd": null,
            "bldngNm": null,
            "lssnsLcttmUntcd": null,
            "sbjetSctcd2": null,
            "rmnmCd": "119",
            "isApi": null,
            "paging": false,
            "rowStatus": "R",
            "pageSort": null
        },
        {
            "rowIndex": 0,
            "success": false,
            "message": null,
            "pageSize": 100,
            "pageNum": 1,
            "lctreMthodNm": "\ub300\uba74",
            "lctrmInfo": "\uc81c6\ud638\uad00",
            "lctreLnggeSctcd": null,
            "crseNo": "CLTR0205-036",
            "estblUnivNm": "\uc0dd\ud0dc\ud658\uacbd\ub300\ud559",
            "estblDprtnNm": "\uc0dd\ud0dc\ud658\uacbd\uc2dc\uc2a4\ud15c\ud559\ubd80 \uc2dd\ubb3c\uc790\uc6d0\ud658\uacbd\uc804\uacf5",
            "estblYear": "2022",
            "estblDprtnCd": "1L0202",
            "estblSmstrSctnm": "1\ud559\uae30",
            "estblSmstrSctcd": "CMBS001400001",
            "estblGrade": "2",
            "sbjetSctnm": "\uad50\uc591",
            "sbjetNm": "\ub300\ud559\uae00\uc4f0\uae30",
            "sbjetDvnno": "036",
            "sbjetCd": "CLTR0205",
            "gubun": null,
            "pckgeRqstPssblYn": "Y",
            "pckgeRqstCnt": "10",
            "name": null,
            "rmrk": "\uc0c1\uc8fc\ucea0\ud37c\uc2a4<br><b>\uc778\ubb38\uad50\uc591</b><br>",
            "appcrCnt": "10",
            "attlcPrscpCnt": "1",
            "lssnsTimeInfo": "\ud1a0 1A,1B<br/>\ud1a0 2A,2B<br/>\ud1a0 3A,3B",
            "lssnsRealTimeInfo": "\ud1a0 09:00 ~ 10:00<br/>\ud1a0 10:00 ~ 11:00<br/>\ud1a0 11:00 ~ 12:00",
            "prctsTime": "0",
            "doPlan": "Kor",
            "thryTime": "3",
            "totalPrfssNm": "\uc774\uc815\ud654",
            "mngetEstblYn": "N",
            "code": null,
            "crdit": "3",
            "expniSllbsYn": "N",
            "bldngSn": null,
            "bldngCd": null,
            "bldngNm": null,
            "lssnsLcttmUntcd": null,
            "sbjetSctcd2": null,
            "rmnmCd": "411",
            "isApi": null,
            "paging": false,
            "rowStatus": "R",
            "pageSort": null
        },
        {
            "rowIndex": 0,
            "success": false,
            "message": null,
            "pageSize": 100,
            "pageNum": 1,
            "lctreMthodNm": "\ub300\uba74",
            "lctrmInfo": "\uc81c6\ud638\uad00",
            "lctreLnggeSctcd": null,
            "crseNo": "DPBS0404-001",
            "estblUnivNm": "\uc0dd\ud0dc\ud658\uacbd\ub300\ud559",
            "estblDprtnNm": "\uc0dd\ud0dc\ud658\uacbd\uc2dc\uc2a4\ud15c\ud559\ubd80 \uc2dd\ubb3c\uc790\uc6d0\ud658\uacbd\uc804\uacf5",
            "estblYear": "2022",
            "estblDprtnCd": "1L0202",
            "estblSmstrSctnm": "1\ud559\uae30",
            "estblSmstrSctcd": "CMBS001400001",
            "estblGrade": "2",
            "sbjetSctnm": "\uc804\uacf5\ud544\uc218",
            "sbjetNm": "\uc2dd\ubb3c\ubd84\uc790\uc0dd\ubb3c\ud559 1",
            "sbjetDvnno": "001",
            "sbjetCd": "DPBS0404",
            "gubun": null,
            "pckgeRqstPssblYn": "Y",
            "pckgeRqstCnt": "17",
            "name": null,
            "rmrk": "\uc0c1\uc8fc\ucea0\ud37c\uc2a4<br>",
            "appcrCnt": "20",
            "attlcPrscpCnt": "40",
            "lssnsTimeInfo": "\ud654 5B,6A,6B<br/>\ubaa9 5B,6A,6B",
            "lssnsRealTimeInfo": "\ud654 13:30 ~ 15:00<br/>\ubaa9 13:30 ~ 15:00",
            "prctsTime": "0",
            "doPlan": "Kor",
            "thryTime": "3",
            "totalPrfssNm": "\uae40\ud615\ud0dc",
            "mngetEstblYn": "Y",
            "code": null,
            "crdit": "3",
            "expniSllbsYn": "N",
            "bldngSn": null,
            "bldngCd": null,
            "bldngNm": null,
            "lssnsLcttmUntcd": null,
            "sbjetSctcd2": null,
            "rmnmCd": "120119",
            "isApi": null,
            "paging": false,
            "rowStatus": "R",
            "pageSort": null
        },
        {
            "rowIndex": 0,
            "success": false,
            "message": null,
            "pageSize": 100,
            "pageNum": 1,
            "lctreMthodNm": "\ub300\uba74",
            "lctrmInfo": "\uc81c6\ud638\uad00",
            "lctreLnggeSctcd": null,
            "crseNo": "DPRE0225-001",
            "estblUnivNm": "\uc0dd\ud0dc\ud658\uacbd\ub300\ud559",
            "estblDprtnNm": "\uc0dd\ud0dc\ud658\uacbd\uc2dc\uc2a4\ud15c\ud559\ubd80 \uc2dd\ubb3c\uc790\uc6d0\ud658\uacbd\uc804\uacf5",
            "estblYear": "2022",
            "estblDprtnCd": "1L0202",
            "estblSmstrSctnm": "1\ud559\uae30",
            "estblSmstrSctcd": "CMBS001400001",
            "estblGrade": "4",
            "sbjetSctnm": "\uc804\uacf5",
            "sbjetNm": "\uc791\ubb3c\uc601\uc591\ud559\uac1c\ub860",
            "sbjetDvnno": "001",
            "sbjetCd": "DPRE0225",
            "gubun": null,
            "pckgeRqstPssblYn": "Y",
            "pckgeRqstCnt": "13",
            "name": null,
            "rmrk": "\uc0c1\uc8fc\ucea0\ud37c\uc2a4<br>",
            "appcrCnt": "23",
            "attlcPrscpCnt": "40",
            "lssnsTimeInfo": "\ud654 5B,6A,6B<br/>\ubaa9 5B,6A,6B",
            "lssnsRealTimeInfo": "\ud654 13:30 ~ 15:00<br/>\ubaa9 13:30 ~ 15:00",
            "prctsTime": "0",
            "doPlan": "Kor",
            "thryTime": "3",
            "totalPrfssNm": "\uc774\ub3d9\ud6c8",
            "mngetEstblYn": "Y",
            "code": null,
            "crdit": "3",
            "expniSllbsYn": "N",
            "bldngSn": null,
            "bldngCd": null,
            "bldngNm": null,
            "lssnsLcttmUntcd": null,
            "sbjetSctcd2": null,
            "rmnmCd": "119111",
            "isApi": null,
            "paging": false,
            "rowStatus": "R",
            "pageSort": null
        },
        {
            "rowIndex": 0,
            "success": false,
            "message": null,
            "pageSize": 100,
            "pageNum": 1,
            "lctreMthodNm": "\ub300\uba74",
            "lctrmInfo": "\uc81c6\ud638\uad00",
            "lctreLnggeSctcd": null,
            "crseNo": "CLTR0411-074",
            "estblUnivNm": "\uc0dd\ud0dc\ud658\uacbd\ub300\ud559",
            "estblDprtnNm": "\uc0dd\ud0dc\ud658\uacbd\uc2dc\uc2a4\ud15c\ud559\ubd80 \uc2dd\ubb3c\uc790\uc6d0\ud658\uacbd\uc804\uacf5",
            "estblYear": "2022",
            "estblDprtnCd": "1L0202",
            "estblSmstrSctnm": "1\ud559\uae30",
            "estblSmstrSctcd": "CMBS001400001",
            "estblGrade": "2",
            "sbjetSctnm": "\uad50\uc591",
            "sbjetNm": "\uc2e4\uc6a9\uc601\uc5b41",
            "sbjetDvnno": "074",
            "sbjetCd": "CLTR0411",
            "gubun": null,
            "pckgeRqstPssblYn": "Y",
            "pckgeRqstCnt": "15",
            "name": null,
            "rmrk": "\uc0c1\uc8fc\ucea0\ud37c\uc2a4<br><b>\uc778\ubb38\uad50\uc591</b><br>",
            "appcrCnt": "7",
            "attlcPrscpCnt": "1",
            "lssnsTimeInfo": "\uc218 11A,11B<br/>\uc218 12A,12B",
            "lssnsRealTimeInfo": "\uc218 19:00 ~ 20:00<br/>\uc218 20:00 ~ 21:00",
            "prctsTime": "0",
            "doPlan": "Kor",
            "thryTime": "2",
            "totalPrfssNm": "\uae40\uc900\ud64d",
            "mngetEstblYn": "N",
            "code": null,
            "crdit": "2",
            "expniSllbsYn": "N",
            "bldngSn": null,
            "bldngCd": null,
            "bldngNm": null,
            "lssnsLcttmUntcd": null,
            "sbjetSctcd2": null,
            "rmnmCd": "119",
            "isApi": null,
            "paging": false,
            "rowStatus": "R",
            "pageSort": null
        },
        {
            "rowIndex": 0,
            "success": false,
            "message": null,
            "pageSize": 100,
            "pageNum": 1,
            "lctreMthodNm": "\ub300\uba74",
            "lctrmInfo": "\uc81c6\ud638\uad00",
            "lctreLnggeSctcd": null,
            "crseNo": "DPRE0217-001",
            "estblUnivNm": "\uc0dd\ud0dc\ud658\uacbd\ub300\ud559",
            "estblDprtnNm": "\uc0dd\ud0dc\ud658\uacbd\uc2dc\uc2a4\ud15c\ud559\ubd80 \uc2dd\ubb3c\uc790\uc6d0\ud658\uacbd\uc804\uacf5",
            "estblYear": "2022",
            "estblDprtnCd": "1L0202",
            "estblSmstrSctnm": "1\ud559\uae30",
            "estblSmstrSctcd": "CMBS001400001",
            "estblGrade": "3",
            "sbjetSctnm": "\uc804\uacf5\ud544\uc218",
            "sbjetNm": "\uc791\ubb3c\uc721\uc885\ud559 I \ubc0f \uc2e4\ud5d8",
            "sbjetDvnno": "001",
            "sbjetCd": "DPRE0217",
            "gubun": null,
            "pckgeRqstPssblYn": "Y",
            "pckgeRqstCnt": "15",
            "name": null,
            "rmrk": "\uc0c1\uc8fc\ucea0\ud37c\uc2a4<br>",
            "appcrCnt": "19",
            "attlcPrscpCnt": "40",
            "lssnsTimeInfo": "\uc6d4 6A,6B<br/>\uc6d4 7A,7B<br/>\uc6d4 8A,8B<br/>\uc6d4 9A,9B",
            "lssnsRealTimeInfo": "\uc6d4 14:00 ~ 15:00<br/>\uc6d4 15:00 ~ 16:00<br/>\uc6d4 16:00 ~ 17:00<br/>\uc6d4 17:00 ~ 18:00",
            "prctsTime": "2",
            "doPlan": "Kor",
            "thryTime": "2",
            "totalPrfssNm": "\uae40\uc11d\ub9cc",
            "mngetEstblYn": "Y",
            "code": null,
            "crdit": "3",
            "expniSllbsYn": "N",
            "bldngSn": null,
            "bldngCd": null,
            "bldngNm": null,
            "lssnsLcttmUntcd": null,
            "sbjetSctcd2": null,
            "rmnmCd": "120",
            "isApi": null,
            "paging": false,
            "rowStatus": "R",
            "pageSort": null
        },
        {
            "rowIndex": 0,
            "success": false,
            "message": null,
            "pageSize": 100,
            "pageNum": 1,
            "lctreMthodNm": "\ub300\uba74",
            "lctrmInfo": "\uc81c6\ud638\uad00",
            "lctreLnggeSctcd": null,
            "crseNo": "DPRE0201-001",
            "estblUnivNm": "\uc0dd\ud0dc\ud658\uacbd\ub300\ud559",
            "estblDprtnNm": "\uc0dd\ud0dc\ud658\uacbd\uc2dc\uc2a4\ud15c\ud559\ubd80 \uc2dd\ubb3c\uc790\uc6d0\ud658\uacbd\uc804\uacf5",
            "estblYear": "2022",
            "estblDprtnCd": "1L0202",
            "estblSmstrSctnm": "1\ud559\uae30",
            "estblSmstrSctcd": "CMBS001400001",
            "estblGrade": "2",
            "sbjetSctnm": "\uc804\uacf5",
            "sbjetNm": "\uc791\ubb3c\uc7ac\ubc30\ud559\uc6d0\ub860",
            "sbjetDvnno": "001",
            "sbjetCd": "DPRE0201",
            "gubun": null,
            "pckgeRqstPssblYn": "Y",
            "pckgeRqstCnt": "12",
            "name": null,
            "rmrk": "\uc0c1\uc8fc\ucea0\ud37c\uc2a4<br>",
            "appcrCnt": "9",
            "attlcPrscpCnt": "40",
            "lssnsTimeInfo": "\uc6d4 5B,6A,6B<br/>\uc6d4 7A,7B,8A",
            "lssnsRealTimeInfo": "\uc6d4 13:30 ~ 15:00<br/>\uc6d4 15:00 ~ 16:30",
            "prctsTime": "0",
            "doPlan": "Kor",
            "thryTime": "3",
            "totalPrfssNm": "\uae40\ud0dc\ud5cc ",
            "mngetEstblYn": "Y",
            "code": null,
            "crdit": "3",
            "expniSllbsYn": "N",
            "bldngSn": null,
            "bldngCd": null,
            "bldngNm": null,
            "lssnsLcttmUntcd": null,
            "sbjetSctcd2": null,
            "rmnmCd": "119",
            "isApi": null,
            "paging": false,
            "rowStatus": "R",
            "pageSort": null
        },
        {
            "rowIndex": 0,
            "success": false,
            "message": null,
            "pageSize": 100,
            "pageNum": 1,
            "lctreMthodNm": "\ub300\uba74",
            "lctrmInfo": "\uc81c6\ud638\uad00",
            "lctreLnggeSctcd": null,
            "crseNo": "CHEM0504-001",
            "estblUnivNm": "\uc0dd\ud0dc\ud658\uacbd\ub300\ud559",
            "estblDprtnNm": "\uc0dd\ud0dc\ud658\uacbd\uc2dc\uc2a4\ud15c\ud559\ubd80 \uc2dd\ubb3c\uc790\uc6d0\ud658\uacbd\uc804\uacf5",
            "estblYear": "2022",
            "estblDprtnCd": "1L0202",
            "estblSmstrSctnm": "1\ud559\uae30",
            "estblSmstrSctcd": "CMBS001400001",
            "estblGrade": "2",
            "sbjetSctnm": "\uc804\uacf5",
            "sbjetNm": "\uc720\uae30\ud654\ud559",
            "sbjetDvnno": "001",
            "sbjetCd": "CHEM0504",
            "gubun": null,
            "pckgeRqstPssblYn": "Y",
            "pckgeRqstCnt": "12",
            "name": null,
            "rmrk": "\uc0c1\uc8fc\ucea0\ud37c\uc2a4<br>",
            "appcrCnt": "14",
            "attlcPrscpCnt": "40",
            "lssnsTimeInfo": "\uc218 2B,3A,3B<br/>\ubaa9 7A,7B,8A",
            "lssnsRealTimeInfo": "\uc218 10:30 ~ 12:00<br/>\ubaa9 15:00 ~ 16:30",
            "prctsTime": "0",
            "doPlan": "Kor",
            "thryTime": "3",
            "totalPrfssNm": "\uae40\ud6a8\uadfc",
            "mngetEstblYn": "Y",
            "code": null,
            "crdit": "3",
            "expniSllbsYn": "Y",
            "bldngSn": null,
            "bldngCd": null,
            "bldngNm": null,
            "lssnsLcttmUntcd": null,
            "sbjetSctcd2": null,
            "rmnmCd": "120119",
            "isApi": null,
            "paging": false,
            "rowStatus": "R",
            "pageSort": null
        },
        {
            "rowIndex": 0,
            "success": false,
            "message": null,
            "pageSize": 100,
            "pageNum": 1,
            "lctreMthodNm": "\ub300\uba74",
            "lctrmInfo": "\uc81c6\ud638\uad00",
            "lctreLnggeSctcd": null,
            "crseNo": "DPRE0224-001",
            "estblUnivNm": "\uc0dd\ud0dc\ud658\uacbd\ub300\ud559",
            "estblDprtnNm": "\uc0dd\ud0dc\ud658\uacbd\uc2dc\uc2a4\ud15c\ud559\ubd80 \uc2dd\ubb3c\uc790\uc6d0\ud658\uacbd\uc804\uacf5",
            "estblYear": "2022",
            "estblDprtnCd": "1L0202",
            "estblSmstrSctnm": "1\ud559\uae30",
            "estblSmstrSctcd": "CMBS001400001",
            "estblGrade": "4",
            "sbjetSctnm": "\uc804\uacf5",
            "sbjetNm": "\uc885\ubb18\uc0dd\uc0b0\ud559",
            "sbjetDvnno": "001",
            "sbjetCd": "DPRE0224",
            "gubun": null,
            "pckgeRqstPssblYn": "Y",
            "pckgeRqstCnt": "4",
            "name": null,
            "rmrk": "\uc0c1\uc8fc\ucea0\ud37c\uc2a4<br>",
            "appcrCnt": "4",
            "attlcPrscpCnt": "40",
            "lssnsTimeInfo": "\ud654 1A,1B,2A<br/>\ubaa9 2B,3A,3B",
            "lssnsRealTimeInfo": "\ud654 09:00 ~ 10:30<br/>\ubaa9 10:30 ~ 12:00",
            "prctsTime": "0",
            "doPlan": "Kor",
            "thryTime": "3",
            "totalPrfssNm": "\uae40\uc11d\ub9cc",
            "mngetEstblYn": "Y",
            "code": null,
            "crdit": "3",
            "expniSllbsYn": "N",
            "bldngSn": null,
            "bldngCd": null,
            "bldngNm": null,
            "lssnsLcttmUntcd": null,
            "sbjetSctcd2": null,
            "rmnmCd": "120",
            "isApi": null,
            "paging": false,
            "rowStatus": "R",
            "pageSort": null
        },
        {
            "rowIndex": 0,
            "success": false,
            "message": null,
            "pageSize": 100,
            "pageNum": 1,
            "lctreMthodNm": "\ub300\uba74",
            "lctrmInfo": "\uc81c6\ud638\uad00",
            "lctreLnggeSctcd": null,
            "crseNo": "INDC0411-004",
            "estblUnivNm": "\uc0dd\ud0dc\ud658\uacbd\ub300\ud559",
            "estblDprtnNm": "\uc0dd\ud0dc\ud658\uacbd\uc2dc\uc2a4\ud15c\ud559\ubd80 \uc2dd\ubb3c\uc790\uc6d0\ud658\uacbd\uc804\uacf5",
            "estblYear": "2022",
            "estblDprtnCd": "1L0202",
            "estblSmstrSctnm": "1\ud559\uae30",
            "estblSmstrSctcd": "CMBS001400001",
            "estblGrade": "4",
            "sbjetSctnm": "\uc804\uacf5",
            "sbjetNm": "\ud658\uacbd\ud654\ud559",
            "sbjetDvnno": "004",
            "sbjetCd": "INDC0411",
            "gubun": null,
            "pckgeRqstPssblYn": "Y",
            "pckgeRqstCnt": "13",
            "name": null,
            "rmrk": "\uc0c1\uc8fc\ucea0\ud37c\uc2a4<br>",
            "appcrCnt": "15",
            "attlcPrscpCnt": "40",
            "lssnsTimeInfo": "\uc218 5B,6A,6B<br/>\ubaa9 1A,1B,2A",
            "lssnsRealTimeInfo": "\uc218 13:30 ~ 15:00<br/>\ubaa9 09:00 ~ 10:30",
            "prctsTime": "0",
            "doPlan": "Kor",
            "thryTime": "3",
            "totalPrfssNm": "\uae40\ud6a8\uadfc",
            "mngetEstblYn": "Y",
            "code": null,
            "crdit": "3",
            "expniSllbsYn": "N",
            "bldngSn": null,
            "bldngCd": null,
            "bldngNm": null,
            "lssnsLcttmUntcd": null,
            "sbjetSctcd2": null,
            "rmnmCd": "119",
            "isApi": null,
            "paging": false,
            "rowStatus": "R",
            "pageSort": null
        },
        {
            "rowIndex": 0,
            "success": false,
            "message": null,
            "pageSize": 100,
            "pageNum": 1,
            "lctreMthodNm": "\ub300\uba74",
            "lctrmInfo": "\uc81c6\ud638\uad00",
            "lctreLnggeSctcd": null,
            "crseNo": "BIOC0435-001",
            "estblUnivNm": "\uc0dd\ud0dc\ud658\uacbd\ub300\ud559",
            "estblDprtnNm": "\uc0dd\ud0dc\ud658\uacbd\uc2dc\uc2a4\ud15c\ud559\ubd80 \uc2dd\ubb3c\uc790\uc6d0\ud658\uacbd\uc804\uacf5",
            "estblYear": "2022",
            "estblDprtnCd": "1L0202",
            "estblSmstrSctnm": "1\ud559\uae30",
            "estblSmstrSctcd": "CMBS001400001",
            "estblGrade": "3",
            "sbjetSctnm": "\uc804\uacf5",
            "sbjetNm": "\uc0dd\ud654\ud559",
            "sbjetDvnno": "001",
            "sbjetCd": "BIOC0435",
            "gubun": null,
            "pckgeRqstPssblYn": "Y",
            "pckgeRqstCnt": "19",
            "name": null,
            "rmrk": "\uc0c1\uc8fc\ucea0\ud37c\uc2a4<br>",
            "appcrCnt": "27",
            "attlcPrscpCnt": "40",
            "lssnsTimeInfo": "\ud654 1A,1B,2A<br/>\ud654 2B,3A,3B",
            "lssnsRealTimeInfo": "\ud654 09:00 ~ 10:30<br/>\ud654 10:30 ~ 12:00",
            "prctsTime": "0",
            "doPlan": "Kor",
            "thryTime": "3",
            "totalPrfssNm": "\uc774\uace0\uc740",
            "mngetEstblYn": "Y",
            "code": null,
            "crdit": "3",
            "expniSllbsYn": "Y",
            "bldngSn": null,
            "bldngCd": null,
            "bldngNm": null,
            "lssnsLcttmUntcd": null,
            "sbjetSctcd2": null,
            "rmnmCd": "119",
            "isApi": null,
            "paging": false,
            "rowStatus": "R",
            "pageSort": null
        },
        {
            "rowIndex": 0,
            "success": false,
            "message": null,
            "pageSize": 100,
            "pageNum": 1,
            "lctreMthodNm": "\ub300\uba74",
            "lctrmInfo": "\uc81c6\ud638\uad00",
            "lctreLnggeSctcd": null,
            "crseNo": "BIOL0221-001",
            "estblUnivNm": "\uc0dd\ud0dc\ud658\uacbd\ub300\ud559",
            "estblDprtnNm": "\uc0dd\ud0dc\ud658\uacbd\uc2dc\uc2a4\ud15c\ud559\ubd80 \uc2dd\ubb3c\uc790\uc6d0\ud658\uacbd\uc804\uacf5",
            "estblYear": "2022",
            "estblDprtnCd": "1L0202",
            "estblSmstrSctnm": "1\ud559\uae30",
            "estblSmstrSctcd": "CMBS001400001",
            "estblGrade": "2",
            "sbjetSctnm": "\uc804\uacf5",
            "sbjetNm": "\uc2dd\ubb3c\ud615\ud0dc\ud559 \ubc0f \uc2e4\ud5d8",
            "sbjetDvnno": "001",
            "sbjetCd": "BIOL0221",
            "gubun": null,
            "pckgeRqstPssblYn": "Y",
            "pckgeRqstCnt": "13",
            "name": null,
            "rmrk": "\uc0c1\uc8fc\ucea0\ud37c\uc2a4<br>",
            "appcrCnt": "18",
            "attlcPrscpCnt": "40",
            "lssnsTimeInfo": "\uc218 5A,5B<br/>\uc218 6A,6B<br/>\uc218 7A,7B<br/>\uc218 8A,8B",
            "lssnsRealTimeInfo": "\uc218 13:00 ~ 14:00<br/>\uc218 14:00 ~ 15:00<br/>\uc218 15:00 ~ 16:00<br/>\uc218 16:00 ~ 17:00",
            "prctsTime": "2",
            "doPlan": "Kor",
            "thryTime": "2",
            "totalPrfssNm": "\uae40\ud615\ud0dc",
            "mngetEstblYn": "Y",
            "code": null,
            "crdit": "3",
            "expniSllbsYn": "Y",
            "bldngSn": null,
            "bldngCd": null,
            "bldngNm": null,
            "lssnsLcttmUntcd": null,
            "sbjetSctcd2": null,
            "rmnmCd": "120",
            "isApi": null,
            "paging": false,
            "rowStatus": "R",
            "pageSort": null
        },
        {
            "rowIndex": 0,
            "success": false,
            "message": null,
            "pageSize": 100,
            "pageNum": 1,
            "lctreMthodNm": "\ub300\uba74",
            "lctrmInfo": "\uc81c6\ud638\uad00",
            "lctreLnggeSctcd": null,
            "crseNo": "DPRE0220-001",
            "estblUnivNm": "\uc0dd\ud0dc\ud658\uacbd\ub300\ud559",
            "estblDprtnNm": "\uc0dd\ud0dc\ud658\uacbd\uc2dc\uc2a4\ud15c\ud559\ubd80 \uc2dd\ubb3c\uc790\uc6d0\ud658\uacbd\uc804\uacf5",
            "estblYear": "2022",
            "estblDprtnCd": "1L0202",
            "estblSmstrSctnm": "1\ud559\uae30",
            "estblSmstrSctcd": "CMBS001400001",
            "estblGrade": "3",
            "sbjetSctnm": "\uc804\uacf5",
            "sbjetNm": "\ub18d\uc5c5\ud658\uacbd\ud559\uac1c\ub860 ",
            "sbjetDvnno": "001",
            "sbjetCd": "DPRE0220",
            "gubun": null,
            "pckgeRqstPssblYn": "Y",
            "pckgeRqstCnt": "17",
            "name": null,
            "rmrk": "\uc0c1\uc8fc\ucea0\ud37c\uc2a4<br>",
            "appcrCnt": "28",
            "attlcPrscpCnt": "40",
            "lssnsTimeInfo": "\ud654 7A,7B,8A<br/>\ubaa9 1A,1B,2A",
            "lssnsRealTimeInfo": "\ud654 15:00 ~ 16:30<br/>\ubaa9 09:00 ~ 10:30",
            "prctsTime": "0",
            "doPlan": "Kor",
            "thryTime": "3",
            "totalPrfssNm": "\uc774\ub3d9\ud6c8",
            "mngetEstblYn": "Y",
            "code": null,
            "crdit": "3",
            "expniSllbsYn": "N",
            "bldngSn": null,
            "bldngCd": null,
            "bldngNm": null,
            "lssnsLcttmUntcd": null,
            "sbjetSctcd2": null,
            "rmnmCd": "119120",
            "isApi": null,
            "paging": false,
            "rowStatus": "R",
            "pageSort": null
        }
    ],
    "statusCode": 200
}