{
    "timestamp": "2022-04-28T23:14:41.959",
    "success": true,
    "code": null,
    "msg": null,
    "data": [
        {
            "rowIndex": 0,
            "success": false,
            "message": null,
            "pageSize": 100,
            "pageNum": 1,
            "lctreMthodNm": "\ub300\uba74",
            "lctrmInfo": "\uc735\ud569\ud559\ubd80(\ud14c\ud06c\ub178\ube4c\ub529)",
            "lctreLnggeSctcd": null,
            "crseNo": "CROS0214-001",
            "estblUnivNm": "\uc735\ud569\ud559\ubd80",
            "estblDprtnNm": "\uc735\ud569\ud559\ubd80 \ub85c\ubd07\ubc0f\uc2a4\ub9c8\ud2b8\uc2dc\uc2a4\ud15c\uacf5\ud559\uc804\uacf5",
            "estblYear": "2022",
            "estblDprtnCd": "1T0103",
            "estblSmstrSctnm": "1\ud559\uae30",
            "estblSmstrSctcd": "CMBS001400001",
            "estblGrade": "4",
            "sbjetSctnm": "\uc804\uacf5",
            "sbjetNm": "\ubaa8\ube4c\ub9ac\ud2f0 \ube44\uc804",
            "sbjetDvnno": "001",
            "sbjetCd": "CROS0214",
            "gubun": null,
            "pckgeRqstPssblYn": "Y",
            "pckgeRqstCnt": "1",
            "name": null,
            "rmrk": "(\ud55c\uad6d\uc5b4+\uc601\uc5b4)<br>",
            "appcrCnt": "3",
            "attlcPrscpCnt": "20",
            "lssnsTimeInfo": "\ud654 2B,3A,3B<br/>\ubaa9 1A,1B,2A",
            "lssnsRealTimeInfo": "\ud654 10:30 ~ 12:00<br/>\ubaa9 09:00 ~ 10:30",
            "prctsTime": "0",
            "doPlan": "Kor",
            "thryTime": "3",
            "totalPrfssNm": "\uc774\uaddc\ub9cc",
            "mngetEstblYn": "Y",
            "code": null,
            "crdit": "3",
            "expniSllbsYn": "N",
            "bldngSn": null,
            "bldngCd": null,
            "bldngNm": null,
            "lssnsLcttmUntcd": null,
            "sbjetSctcd2": null,
            "rmnmCd": "105",
            "isApi": null,
            "paging": false,
            "rowStatus": "R",
            "pageSort": null
        },
        {
            "rowIndex": 0,
            "success": false,
            "message": null,
            "pageSize": 100,
            "pageNum": 1,
            "lctreMthodNm": "\ub300\uba74",
            "lctrmInfo": "\uc735\ud569\ud559\ubd80(\ud14c\ud06c\ub178\ube4c\ub529)",
            "lctreLnggeSctcd": null,
            "crseNo": "CROS0203-001",
            "estblUnivNm": "\uc735\ud569\ud559\ubd80",
            "estblDprtnNm": "\uc735\ud569\ud559\ubd80 \ub85c\ubd07\ubc0f\uc2a4\ub9c8\ud2b8\uc2dc\uc2a4\ud15c\uacf5\ud559\uc804\uacf5",
            "estblYear": "2022",
            "estblDprtnCd": "1T0103",
            "estblSmstrSctnm": "1\ud559\uae30",
            "estblSmstrSctcd": "CMBS001400001",
            "estblGrade": "2",
            "sbjetSctnm": "\uc804\uacf5\ud544\uc218",
            "sbjetNm": "\ub85c\ubd07\ucef4\ud4e8\ud130\uacf5\ud559\uae30\ucd08",
            "sbjetDvnno": "001",
            "sbjetCd": "CROS0203",
            "gubun": null,
            "pckgeRqstPssblYn": "Y",
            "pckgeRqstCnt": "4",
            "name": null,
            "rmrk": "(\ud55c\uad6d\uc5b4+\uc601\uc5b4)<br>",
            "appcrCnt": "4",
            "attlcPrscpCnt": "20",
            "lssnsTimeInfo": "\ud654 5A,5B<br/>\ud654 6A,6B<br/>\ud654 7A,7B<br/>\ud654 8A,8B",
            "lssnsRealTimeInfo": "\ud654 13:00 ~ 14:00<br/>\ud654 14:00 ~ 15:00<br/>\ud654 15:00 ~ 16:00<br/>\ud654 16:00 ~ 17:00",
            "prctsTime": "2",
            "doPlan": "Kor",
            "thryTime": "2",
            "totalPrfssNm": "\uc870\ud604\ubbfc",
            "mngetEstblYn": "Y",
            "code": null,
            "crdit": "3",
            "expniSllbsYn": "N",
            "bldngSn": null,
            "bldngCd": null,
            "bldngNm": null,
            "lssnsLcttmUntcd": null,
            "sbjetSctcd2": null,
            "rmnmCd": "211",
            "isApi": null,
            "paging": false,
            "rowStatus": "R",
            "pageSort": null
        },
        {
            "rowIndex": 0,
            "success": false,
            "message": null,
            "pageSize": 100,
            "pageNum": 1,
            "lctreMthodNm": "\ub300\uba74",
            "lctrmInfo": "\uc735\ud569\ud559\ubd80(\ud14c\ud06c\ub178\ube4c\ub529)",
            "lctreLnggeSctcd": null,
            "crseNo": "ENGR0211-016",
            "estblUnivNm": "\uc735\ud569\ud559\ubd80",
            "estblDprtnNm": "\uc735\ud569\ud559\ubd80 \ub85c\ubd07\ubc0f\uc2a4\ub9c8\ud2b8\uc2dc\uc2a4\ud15c\uacf5\ud559\uc804\uacf5",
            "estblYear": "2022",
            "estblDprtnCd": "1T0103",
            "estblSmstrSctnm": "1\ud559\uae30",
            "estblSmstrSctcd": "CMBS001400001",
            "estblGrade": "2",
            "sbjetSctnm": "\uc804\uacf5",
            "sbjetNm": "\uacf5\ud559\uc218\ud559 1",
            "sbjetDvnno": "016",
            "sbjetCd": "ENGR0211",
            "gubun": null,
            "pckgeRqstPssblYn": "Y",
            "pckgeRqstCnt": "1",
            "name": null,
            "rmrk": "(\ud55c\uad6d\uc5b4+\uc601\uc5b4)<br>",
            "appcrCnt": "3",
            "attlcPrscpCnt": "20",
            "lssnsTimeInfo": "\ud654 2B,3A,3B<br/>\ubaa9 1A,1B,2A",
            "lssnsRealTimeInfo": "\ud654 10:30 ~ 12:00<br/>\ubaa9 09:00 ~ 10:30",
            "prctsTime": "0",
            "doPlan": "Kor",
            "thryTime": "3",
            "totalPrfssNm": "\uae40\ubc95\ub82c",
            "mngetEstblYn": "Y",
            "code": null,
            "crdit": "3",
            "expniSllbsYn": "N",
            "bldngSn": null,
            "bldngCd": null,
            "bldngNm": null,
            "lssnsLcttmUntcd": null,
            "sbjetSctcd2": null,
            "rmnmCd": "204",
            "isApi": null,
            "paging": false,
            "rowStatus": "R",
            "pageSort": null
        },
        {
            "rowIndex": 0,
            "success": false,
            "message": null,
            "pageSize": 100,
            "pageNum": 1,
            "lctreMthodNm": "\ub300\uba74",
            "lctrmInfo": "\uc735\ud569\ud559\ubd80(\ud14c\ud06c\ub178\ube4c\ub529)",
            "lctreLnggeSctcd": null,
            "crseNo": "CROS0205-001",
            "estblUnivNm": "\uc735\ud569\ud559\ubd80",
            "estblDprtnNm": "\uc735\ud569\ud559\ubd80 \ub85c\ubd07\ubc0f\uc2a4\ub9c8\ud2b8\uc2dc\uc2a4\ud15c\uacf5\ud559\uc804\uacf5",
            "estblYear": "2022",
            "estblDprtnCd": "1T0103",
            "estblSmstrSctnm": "1\ud559\uae30",
            "estblSmstrSctcd": "CMBS001400001",
            "estblGrade": "3",
            "sbjetSctnm": "\uc804\uacf5\ud544\uc218",
            "sbjetNm": "\ub85c\ubd07\uacf5\ud559\uc2e4\ud5d81 ",
            "sbjetDvnno": "001",
            "sbjetCd": "CROS0205",
            "gubun": null,
            "pckgeRqstPssblYn": "Y",
            "pckgeRqstCnt": "0",
            "name": null,
            "rmrk": "(\ud55c\uad6d\uc5b4+\uc601\uc5b4)<br>",
            "appcrCnt": "3",
            "attlcPrscpCnt": "20",
            "lssnsTimeInfo": "\ud654 5A,5B<br/>\ud654 6A,6B<br/>\ud654 7A,7B<br/>\ud654 8A,8B",
            "lssnsRealTimeInfo": "\ud654 13:00 ~ 14:00<br/>\ud654 14:00 ~ 15:00<br/>\ud654 15:00 ~ 16:00<br/>\ud654 16:00 ~ 17:00",
            "prctsTime": "2",
            "doPlan": "Kor",
            "thryTime": "2",
            "totalPrfssNm": "\uc774\uaddc\ub9cc",
            "mngetEstblYn": "Y",
            "code": null,
            "crdit": "3",
            "expniSllbsYn": "N",
            "bldngSn": null,
            "bldngCd": null,
            "bldngNm": null,
            "lssnsLcttmUntcd": null,
            "sbjetSctcd2": null,
            "rmnmCd": "310A",
            "isApi": null,
            "paging": false,
            "rowStatus": "R",
            "pageSort": null
        },
        {
            "rowIndex": 0,
            "success": false,
            "message": null,
            "pageSize": 100,
            "pageNum": 1,
            "lctreMthodNm": "\ub300\uba74",
            "lctrmInfo": "\uc735\ud569\ud559\ubd80(\ud14c\ud06c\ub178\ube4c\ub529)",
            "lctreLnggeSctcd": null,
            "crseNo": "COMP0324-004",
            "estblUnivNm": "\uc735\ud569\ud559\ubd80",
            "estblDprtnNm": "\uc735\ud569\ud559\ubd80 \ub85c\ubd07\ubc0f\uc2a4\ub9c8\ud2b8\uc2dc\uc2a4\ud15c\uacf5\ud559\uc804\uacf5",
            "estblYear": "2022",
            "estblDprtnCd": "1T0103",
            "estblSmstrSctnm": "1\ud559\uae30",
            "estblSmstrSctcd": "CMBS001400001",
            "estblGrade": "3",
            "sbjetSctnm": "\uc804\uacf5",
            "sbjetNm": "\uc778\uacf5\uc9c0\ub2a5",
            "sbjetDvnno": "004",
            "sbjetCd": "COMP0324",
            "gubun": null,
            "pckgeRqstPssblYn": "Y",
            "pckgeRqstCnt": "2",
            "name": null,
            "rmrk": "(\ud55c\uad6d\uc5b4+\uc601\uc5b4)<br>",
            "appcrCnt": "4",
            "attlcPrscpCnt": "20",
            "lssnsTimeInfo": "\uc6d4 8B,9A,9B<br/>\uc218 7A,7B,8A",
            "lssnsRealTimeInfo": "\uc6d4 16:30 ~ 18:00<br/>\uc218 15:00 ~ 16:30",
            "prctsTime": "0",
            "doPlan": "Kor",
            "thryTime": "3",
            "totalPrfssNm": "\uae40\ubc95\ub82c",
            "mngetEstblYn": "Y",
            "code": null,
            "crdit": "3",
            "expniSllbsYn": "N",
            "bldngSn": null,
            "bldngCd": null,
            "bldngNm": null,
            "lssnsLcttmUntcd": null,
            "sbjetSctcd2": null,
            "rmnmCd": "211",
            "isApi": null,
            "paging": false,
            "rowStatus": "R",
            "pageSort": null
        },
        {
            "rowIndex": 0,
            "success": false,
            "message": null,
            "pageSize": 100,
            "pageNum": 1,
            "lctreMthodNm": "\ub300\uba74",
            "lctrmInfo": "\uc735\ud569\ud559\ubd80(\ud14c\ud06c\ub178\ube4c\ub529)",
            "lctreLnggeSctcd": null,
            "crseNo": "CROS0202-001",
            "estblUnivNm": "\uc735\ud569\ud559\ubd80",
            "estblDprtnNm": "\uc735\ud569\ud559\ubd80 \ub85c\ubd07\ubc0f\uc2a4\ub9c8\ud2b8\uc2dc\uc2a4\ud15c\uacf5\ud559\uc804\uacf5",
            "estblYear": "2022",
            "estblDprtnCd": "1T0103",
            "estblSmstrSctnm": "1\ud559\uae30",
            "estblSmstrSctcd": "CMBS001400001",
            "estblGrade": "2",
            "sbjetSctnm": "\uc804\uacf5\ud544\uc218",
            "sbjetNm": "\ub85c\ubd07\uc804\uae30\uc804\uc790\uacf5\ud559\uae30\ucd08",
            "sbjetDvnno": "001",
            "sbjetCd": "CROS0202",
            "gubun": null,
            "pckgeRqstPssblYn": "Y",
            "pckgeRqstCnt": "4",
            "name": null,
            "rmrk": "(\ud55c\uad6d\uc5b4+\uc601\uc5b4)<br>",
            "appcrCnt": "7",
            "attlcPrscpCnt": "20",
            "lssnsTimeInfo": "\uc6d4 8B,9A,9B<br/>\uc218 7A,7B,8A",
            "lssnsRealTimeInfo": "\uc6d4 16:30 ~ 18:00<br/>\uc218 15:00 ~ 16:30",
            "prctsTime": "0",
            "doPlan": "Kor",
            "thryTime": "3",
            "totalPrfssNm": "\uc190\uc601\uc12d",
            "mngetEstblYn": "Y",
            "code": null,
            "crdit": "3",
            "expniSllbsYn": "N",
            "bldngSn": null,
            "bldngCd": null,
            "bldngNm": null,
            "lssnsLcttmUntcd": null,
            "sbjetSctcd2": null,
            "rmnmCd": "108",
            "isApi": null,
            "paging": false,
            "rowStatus": "R",
            "pageSort": null
        },
        {
            "rowIndex": 0,
            "success": false,
            "message": null,
            "pageSize": 100,
            "pageNum": 1,
            "lctreMthodNm": "\ub300\uba74",
            "lctrmInfo": "\uc735\ud569\ud559\ubd80(\ud14c\ud06c\ub178\ube4c\ub529)",
            "lctreLnggeSctcd": null,
            "crseNo": "CROS0210-001",
            "estblUnivNm": "\uc735\ud569\ud559\ubd80",
            "estblDprtnNm": "\uc735\ud569\ud559\ubd80 \ub85c\ubd07\ubc0f\uc2a4\ub9c8\ud2b8\uc2dc\uc2a4\ud15c\uacf5\ud559\uc804\uacf5",
            "estblYear": "2022",
            "estblDprtnCd": "1T0103",
            "estblSmstrSctnm": "1\ud559\uae30",
            "estblSmstrSctcd": "CMBS001400001",
            "estblGrade": "4",
            "sbjetSctnm": "\uc804\uacf5\ud544\uc218",
            "sbjetNm": "\ub85c\ubd07\uacf5\ud559\uc124\uacc4 \ud300\ud504\ub85c\uc81d\ud2b81",
            "sbjetDvnno": "001",
            "sbjetCd": "CROS0210",
            "gubun": null,
            "pckgeRqstPssblYn": "Y",
            "pckgeRqstCnt": "3",
            "name": null,
            "rmrk": "(\ud55c\uad6d\uc5b4+\uc601\uc5b4)<br>",
            "appcrCnt": "3",
            "attlcPrscpCnt": "20",
            "lssnsTimeInfo": "\uc6d4 4A,4B<br/>\uc6d4 5A,5B<br/>\uc6d4 6A,6B<br/>\uc6d4 7A,7B",
            "lssnsRealTimeInfo": "\uc6d4 12:00 ~ 13:00<br/>\uc6d4 13:00 ~ 14:00<br/>\uc6d4 14:00 ~ 15:00<br/>\uc6d4 15:00 ~ 16:00",
            "prctsTime": "2",
            "doPlan": "Kor",
            "thryTime": "2",
            "totalPrfssNm": "\uc870\ud604\ubbfc",
            "mngetEstblYn": "Y",
            "code": null,
            "crdit": "3",
            "expniSllbsYn": "N",
            "bldngSn": null,
            "bldngCd": null,
            "bldngNm": null,
            "lssnsLcttmUntcd": null,
            "sbjetSctcd2": null,
            "rmnmCd": "310A",
            "isApi": null,
            "paging": false,
            "rowStatus": "R",
            "pageSort": null
        },
        {
            "rowIndex": 0,
            "success": false,
            "message": null,
            "pageSize": 100,
            "pageNum": 1,
            "lctreMthodNm": "\ub300\uba74",
            "lctrmInfo": "\uc735\ud569\ud559\ubd80(\ud14c\ud06c\ub178\ube4c\ub529)",
            "lctreLnggeSctcd": null,
            "crseNo": "ELEC0483-001",
            "estblUnivNm": "\uc735\ud569\ud559\ubd80",
            "estblDprtnNm": "\uc735\ud569\ud559\ubd80 \ub85c\ubd07\ubc0f\uc2a4\ub9c8\ud2b8\uc2dc\uc2a4\ud15c\uacf5\ud559\uc804\uacf5",
            "estblYear": "2022",
            "estblDprtnCd": "1T0103",
            "estblSmstrSctnm": "1\ud559\uae30",
            "estblSmstrSctcd": "CMBS001400001",
            "estblGrade": "3",
            "sbjetSctnm": "\uc804\uacf5",
            "sbjetNm": "\uc13c\uc11c\uc640\uc561\uce04\uc5d0\uc774\ud130",
            "sbjetDvnno": "001",
            "sbjetCd": "ELEC0483",
            "gubun": null,
            "pckgeRqstPssblYn": "Y",
            "pckgeRqstCnt": "3",
            "name": null,
            "rmrk": "(\ud55c\uad6d\uc5b4+\uc601\uc5b4)<br>",
            "appcrCnt": "8",
            "attlcPrscpCnt": "20",
            "lssnsTimeInfo": "\uc218 2B,3A,3B<br/>\uae08 1A,1B,2A",
            "lssnsRealTimeInfo": "\uc218 10:30 ~ 12:00<br/>\uae08 09:00 ~ 10:30",
            "prctsTime": "0",
            "doPlan": "Kor",
            "thryTime": "3",
            "totalPrfssNm": "\uc870\ud55c\uae38",
            "mngetEstblYn": "Y",
            "code": null,
            "crdit": "3",
            "expniSllbsYn": "N",
            "bldngSn": null,
            "bldngCd": null,
            "bldngNm": null,
            "lssnsLcttmUntcd": null,
            "sbjetSctcd2": null,
            "rmnmCd": "108",
            "isApi": null,
            "paging": false,
            "rowStatus": "R",
            "pageSort": null
        },
        {
            "rowIndex": 0,
            "success": false,
            "message": null,
            "pageSize": 100,
            "pageNum": 1,
            "lctreMthodNm": "\ub300\uba74",
            "lctrmInfo": "\uc735\ud569\ud559\ubd80(\ud14c\ud06c\ub178\ube4c\ub529)",
            "lctreLnggeSctcd": null,
            "crseNo": "CROS0213-001",
            "estblUnivNm": "\uc735\ud569\ud559\ubd80",
            "estblDprtnNm": "\uc735\ud569\ud559\ubd80 \ub85c\ubd07\ubc0f\uc2a4\ub9c8\ud2b8\uc2dc\uc2a4\ud15c\uacf5\ud559\uc804\uacf5",
            "estblYear": "2022",
            "estblDprtnCd": "1T0103",
            "estblSmstrSctnm": "1\ud559\uae30",
            "estblSmstrSctcd": "CMBS001400001",
            "estblGrade": "4",
            "sbjetSctnm": "\uc804\uacf5\ud544\uc218",
            "sbjetNm": "\ub85c\ubd07\ub9e4\ub2c8\ud4f0\ub808\uc774\ud130",
            "sbjetDvnno": "001",
            "sbjetCd": "CROS0213",
            "gubun": null,
            "pckgeRqstPssblYn": "Y",
            "pckgeRqstCnt": "1",
            "name": null,
            "rmrk": "(\ud55c\uad6d\uc5b4+\uc601\uc5b4)<br>",
            "appcrCnt": "4",
            "attlcPrscpCnt": "20",
            "lssnsTimeInfo": "\ud654 1A,1B,2A<br/>\ubaa9 2B,3A,3B",
            "lssnsRealTimeInfo": "\ud654 09:00 ~ 10:30<br/>\ubaa9 10:30 ~ 12:00",
            "prctsTime": "0",
            "doPlan": "Kor",
            "thryTime": "3",
            "totalPrfssNm": "\uc11c\uc815\uc6b1",
            "mngetEstblYn": "Y",
            "code": null,
            "crdit": "3",
            "expniSllbsYn": "N",
            "bldngSn": null,
            "bldngCd": null,
            "bldngNm": null,
            "lssnsLcttmUntcd": null,
            "sbjetSctcd2": null,
            "rmnmCd": "105",
            "isApi": null,
            "paging": false,
            "rowStatus": "R",
            "pageSort": null
        },
        {
            "rowIndex": 0,
            "success": false,
            "message": null,
            "pageSize": 100,
            "pageNum": 1,
            "lctreMthodNm": "\ub300\uba74",
            "lctrmInfo": "\uc735\ud569\ud559\ubd80(\ud14c\ud06c\ub178\ube4c\ub529)",
            "lctreLnggeSctcd": null,
            "crseNo": "CROS0201-001",
            "estblUnivNm": "\uc735\ud569\ud559\ubd80",
            "estblDprtnNm": "\uc735\ud569\ud559\ubd80 \ub85c\ubd07\ubc0f\uc2a4\ub9c8\ud2b8\uc2dc\uc2a4\ud15c\uacf5\ud559\uc804\uacf5",
            "estblYear": "2022",
            "estblDprtnCd": "1T0103",
            "estblSmstrSctnm": "1\ud559\uae30",
            "estblSmstrSctcd": "CMBS001400001",
            "estblGrade": "2",
            "sbjetSctnm": "\uc804\uacf5\ud544\uc218",
            "sbjetNm": "\ub85c\ubd07\uae30\uacc4\uacf5\ud559\uae30\ucd08",
            "sbjetDvnno": "001",
            "sbjetCd": "CROS0201",
            "gubun": null,
            "pckgeRqstPssblYn": "Y",
            "pckgeRqstCnt": "4",
            "name": null,
            "rmrk": "(\ud55c\uad6d\uc5b4+\uc601\uc5b4)<br>",
            "appcrCnt": "7",
            "attlcPrscpCnt": "20",
            "lssnsTimeInfo": "\uc218 1A,1B,2A<br/>\uae08 2B,3A,3B",
            "lssnsRealTimeInfo": "\uc218 09:00 ~ 10:30<br/>\uae08 10:30 ~ 12:00",
            "prctsTime": "0",
            "doPlan": "Kor",
            "thryTime": "3",
            "totalPrfssNm": "\uc870\ud55c\uae38",
            "mngetEstblYn": "Y",
            "code": null,
            "crdit": "3",
            "expniSllbsYn": "N",
            "bldngSn": null,
            "bldngCd": null,
            "bldngNm": null,
            "lssnsLcttmUntcd": null,
            "sbjetSctcd2": null,
            "rmnmCd": "108",
            "isApi": null,
            "paging": false,
            "rowStatus": "R",
            "pageSort": null
        },
        {
            "rowIndex": 0,
            "success": false,
            "message": null,
            "pageSize": 100,
            "pageNum": 1,
            "lctreMthodNm": "\ub300\uba74",
            "lctrmInfo": "\uc735\ud569\ud559\ubd80(\ud14c\ud06c\ub178\ube4c\ub529)",
            "lctreLnggeSctcd": null,
            "crseNo": "CROS0204-001",
            "estblUnivNm": "\uc735\ud569\ud559\ubd80",
            "estblDprtnNm": "\uc735\ud569\ud559\ubd80 \ub85c\ubd07\ubc0f\uc2a4\ub9c8\ud2b8\uc2dc\uc2a4\ud15c\uacf5\ud559\uc804\uacf5",
            "estblYear": "2022",
            "estblDprtnCd": "1T0103",
            "estblSmstrSctnm": "1\ud559\uae30",
            "estblSmstrSctcd": "CMBS001400001",
            "estblGrade": "3",
            "sbjetSctnm": "\uc804\uacf5",
            "sbjetNm": "\ub85c\ubd07\ud604\uc7a5\uae30\uc220\ud2b9\uac15",
            "sbjetDvnno": "001",
            "sbjetCd": "CROS0204",
            "gubun": null,
            "pckgeRqstPssblYn": "Y",
            "pckgeRqstCnt": "0",
            "name": null,
            "rmrk": "(\ud55c\uad6d\uc5b4+\uc601\uc5b4)<br>",
            "appcrCnt": "15",
            "attlcPrscpCnt": "20",
            "lssnsTimeInfo": "\uc218 5A,5B<br/>\uc218 6A,6B<br/>\uc218 7A,7B<br/>\uc218 8A,8B",
            "lssnsRealTimeInfo": "\uc218 13:00 ~ 14:00<br/>\uc218 14:00 ~ 15:00<br/>\uc218 15:00 ~ 16:00<br/>\uc218 16:00 ~ 17:00",
            "prctsTime": "2",
            "doPlan": "Kor",
            "thryTime": "2",
            "totalPrfssNm": "\uc11c\uac11\ud638<br/>\uc870\ud55c\uae38",
            "mngetEstblYn": "Y",
            "code": null,
            "crdit": "3",
            "expniSllbsYn": "N",
            "bldngSn": null,
            "bldngCd": null,
            "bldngNm": null,
            "lssnsLcttmUntcd": null,
            "sbjetSctcd2": null,
            "rmnmCd": "105",
            "isApi": null,
            "paging": false,
            "rowStatus": "R",
            "pageSort": null
        },
        {
            "rowIndex": 0,
            "success": false,
            "message": null,
            "pageSize": 100,
            "pageNum": 1,
            "lctreMthodNm": "\ub300\uba74",
            "lctrmInfo": "\uc735\ud569\ud559\ubd80(\ud14c\ud06c\ub178\ube4c\ub529)",
            "lctreLnggeSctcd": null,
            "crseNo": "MECH0522-004",
            "estblUnivNm": "\uc735\ud569\ud559\ubd80",
            "estblDprtnNm": "\uc735\ud569\ud559\ubd80 \ub85c\ubd07\ubc0f\uc2a4\ub9c8\ud2b8\uc2dc\uc2a4\ud15c\uacf5\ud559\uc804\uacf5",
            "estblYear": "2022",
            "estblDprtnCd": "1T0103",
            "estblSmstrSctnm": "1\ud559\uae30",
            "estblSmstrSctcd": "CMBS001400001",
            "estblGrade": "2",
            "sbjetSctnm": "\uc804\uacf5",
            "sbjetNm": "CAD",
            "sbjetDvnno": "004",
            "sbjetCd": "MECH0522",
            "gubun": null,
            "pckgeRqstPssblYn": "Y",
            "pckgeRqstCnt": "1",
            "name": null,
            "rmrk": "(\ud55c\uad6d\uc5b4+\uc601\uc5b4)<br>",
            "appcrCnt": "5",
            "attlcPrscpCnt": "20",
            "lssnsTimeInfo": "\ubaa9 5A,5B<br/>\ubaa9 6A,6B<br/>\ubaa9 7A,7B<br/>\ubaa9 8A,8B",
            "lssnsRealTimeInfo": "\ubaa9 13:00 ~ 14:00<br/>\ubaa9 14:00 ~ 15:00<br/>\ubaa9 15:00 ~ 16:00<br/>\ubaa9 16:00 ~ 17:00",
            "prctsTime": "2",
            "doPlan": "Kor",
            "thryTime": "2",
            "totalPrfssNm": "\uc11c\uc815\uc6b1",
            "mngetEstblYn": "Y",
            "code": null,
            "crdit": "3",
            "expniSllbsYn": "N",
            "bldngSn": null,
            "bldngCd": null,
            "bldngNm": null,
            "lssnsLcttmUntcd": null,
            "sbjetSctcd2": null,
            "rmnmCd": "211",
            "isApi": null,
            "paging": false,
            "rowStatus": "R",
            "pageSort": null
        }
    ],
    "statusCode": 200
}