{
    "timestamp": "2022-04-28T22:15:41.129",
    "success": true,
    "code": null,
    "msg": null,
    "data": [
        {
            "rowIndex": 0,
            "success": false,
            "message": null,
            "pageSize": 100,
            "pageNum": 1,
            "lctreMthodNm": null,
            "lctrmInfo": null,
            "lctreLnggeSctcd": null,
            "crseNo": null,
            "estblUnivNm": null,
            "estblDprtnNm": null,
            "estblYear": null,
            "estblDprtnCd": null,
            "estblSmstrSctnm": null,
            "estblSmstrSctcd": null,
            "estblGrade": null,
            "sbjetSctnm": null,
            "sbjetNm": null,
            "sbjetDvnno": null,
            "sbjetCd": null,
            "gubun": null,
            "pckgeRqstPssblYn": null,
            "pckgeRqstCnt": null,
            "name": "\uac74\ucd95\uacf5\ud559\uc804\uacf5",
            "rmrk": null,
            "appcrCnt": null,
            "attlcPrscpCnt": null,
            "lssnsTimeInfo": null,
            "lssnsRealTimeInfo": null,
            "prctsTime": null,
            "doPlan": null,
            "thryTime": null,
            "totalPrfssNm": null,
            "mngetEstblYn": null,
            "code": "160I01",
            "crdit": null,
            "expniSllbsYn": null,
            "bldngSn": null,
            "bldngCd": null,
            "bldngNm": null,
            "lssnsLcttmUntcd": null,
            "sbjetSctcd2": null,
            "rmnmCd": null,
            "isApi": null,
            "paging": false,
            "rowStatus": "R",
            "pageSort": null
        },
        {
            "rowIndex": 0,
            "success": false,
            "message": null,
            "pageSize": 100,
            "pageNum": 1,
            "lctreMthodNm": null,
            "lctrmInfo": null,
            "lctreLnggeSctcd": null,
            "crseNo": null,
            "estblUnivNm": null,
            "estblDprtnNm": null,
            "estblYear": null,
            "estblDprtnCd": null,
            "estblSmstrSctnm": null,
            "estblSmstrSctcd": null,
            "estblGrade": null,
            "sbjetSctnm": null,
            "sbjetNm": null,
            "sbjetDvnno": null,
            "sbjetCd": null,
            "gubun": null,
            "pckgeRqstPssblYn": null,
            "pckgeRqstCnt": null,
            "name": "\uac74\ucd95\ud559\uc804\uacf5",
            "rmrk": null,
            "appcrCnt": null,
            "attlcPrscpCnt": null,
            "lssnsTimeInfo": null,
            "lssnsRealTimeInfo": null,
            "prctsTime": null,
            "doPlan": null,
            "thryTime": null,
            "totalPrfssNm": null,
            "mngetEstblYn": null,
            "code": "160I02",
            "crdit": null,
            "expniSllbsYn": null,
            "bldngSn": null,
            "bldngCd": null,
            "bldngNm": null,
            "lssnsLcttmUntcd": null,
            "sbjetSctcd2": null,
            "rmnmCd": null,
            "isApi": null,
            "paging": false,
            "rowStatus": "R",
            "pageSort": null
        },
        {
            "rowIndex": 0,
            "success": false,
            "message": null,
            "pageSize": 100,
            "pageNum": 1,
            "lctreMthodNm": null,
            "lctrmInfo": null,
            "lctreLnggeSctcd": null,
            "crseNo": null,
            "estblUnivNm": null,
            "estblDprtnNm": null,
            "estblYear": null,
            "estblDprtnCd": null,
            "estblSmstrSctnm": null,
            "estblSmstrSctcd": null,
            "estblGrade": null,
            "sbjetSctnm": null,
            "sbjetNm": null,
            "sbjetDvnno": null,
            "sbjetCd": null,
            "gubun": null,
            "pckgeRqstPssblYn": null,
            "pckgeRqstCnt": null,
            "name": "\uace0\ubd84\uc790\uacf5\ud559\uacfc",
            "rmrk": null,
            "appcrCnt": null,
            "attlcPrscpCnt": null,
            "lssnsTimeInfo": null,
            "lssnsRealTimeInfo": null,
            "prctsTime": null,
            "doPlan": null,
            "thryTime": null,
            "totalPrfssNm": null,
            "mngetEstblYn": null,
            "code": "1605",
            "crdit": null,
            "expniSllbsYn": null,
            "bldngSn": null,
            "bldngCd": null,
            "bldngNm": null,
            "lssnsLcttmUntcd": null,
            "sbjetSctcd2": null,
            "rmnmCd": null,
            "isApi": null,
            "paging": false,
            "rowStatus": "R",
            "pageSort": null
        },
        {
            "rowIndex": 0,
            "success": false,
            "message": null,
            "pageSize": 100,
            "pageNum": 1,
            "lctreMthodNm": null,
            "lctrmInfo": null,
            "lctreLnggeSctcd": null,
            "crseNo": null,
            "estblUnivNm": null,
            "estblDprtnNm": null,
            "estblYear": null,
            "estblDprtnCd": null,
            "estblSmstrSctnm": null,
            "estblSmstrSctcd": null,
            "estblGrade": null,
            "sbjetSctnm": null,
            "sbjetNm": null,
            "sbjetDvnno": null,
            "sbjetCd": null,
            "gubun": null,
            "pckgeRqstPssblYn": null,
            "pckgeRqstCnt": null,
            "name": "\uacf5\uac04\uc815\ubcf4\uc735\ud569\uc804\uacf5",
            "rmrk": null,
            "appcrCnt": null,
            "attlcPrscpCnt": null,
            "lssnsTimeInfo": null,
            "lssnsRealTimeInfo": null,
            "prctsTime": null,
            "doPlan": null,
            "thryTime": null,
            "totalPrfssNm": null,
            "mngetEstblYn": null,
            "code": "1614",
            "crdit": null,
            "expniSllbsYn": null,
            "bldngSn": null,
            "bldngCd": null,
            "bldngNm": null,
            "lssnsLcttmUntcd": null,
            "sbjetSctcd2": null,
            "rmnmCd": null,
            "isApi": null,
            "paging": false,
            "rowStatus": "R",
            "pageSort": null
        },
        {
            "rowIndex": 0,
            "success": false,
            "message": null,
            "pageSize": 100,
            "pageNum": 1,
            "lctreMthodNm": null,
            "lctrmInfo": null,
            "lctreLnggeSctcd": null,
            "crseNo": null,
            "estblUnivNm": null,
            "estblDprtnNm": null,
            "estblYear": null,
            "estblDprtnCd": null,
            "estblSmstrSctnm": null,
            "estblSmstrSctcd": null,
            "estblGrade": null,
            "sbjetSctnm": null,
            "sbjetNm": null,
            "sbjetDvnno": null,
            "sbjetCd": null,
            "gubun": null,
            "pckgeRqstPssblYn": null,
            "pckgeRqstCnt": null,
            "name": "\uae08\uc18d\uc2e0\uc18c\uc7ac\uacf5\ud559\uc804\uacf5",
            "rmrk": null,
            "appcrCnt": null,
            "attlcPrscpCnt": null,
            "lssnsTimeInfo": null,
            "lssnsRealTimeInfo": null,
            "prctsTime": null,
            "doPlan": null,
            "thryTime": null,
            "totalPrfssNm": null,
            "mngetEstblYn": null,
            "code": "160903",
            "crdit": null,
            "expniSllbsYn": null,
            "bldngSn": null,
            "bldngCd": null,
            "bldngNm": null,
            "lssnsLcttmUntcd": null,
            "sbjetSctcd2": null,
            "rmnmCd": null,
            "isApi": null,
            "paging": false,
            "rowStatus": "R",
            "pageSort": null
        },
        {
            "rowIndex": 0,
            "success": false,
            "message": null,
            "pageSize": 100,
            "pageNum": 1,
            "lctreMthodNm": null,
            "lctrmInfo": null,
            "lctreLnggeSctcd": null,
            "crseNo": null,
            "estblUnivNm": null,
            "estblDprtnNm": null,
            "estblYear": null,
            "estblDprtnCd": null,
            "estblSmstrSctnm": null,
            "estblSmstrSctcd": null,
            "estblGrade": null,
            "sbjetSctnm": null,
            "sbjetNm": null,
            "sbjetDvnno": null,
            "sbjetCd": null,
            "gubun": null,
            "pckgeRqstPssblYn": null,
            "pckgeRqstCnt": null,
            "name": "\uae30\uacc4\uacf5\ud559\ubd80A",
            "rmrk": null,
            "appcrCnt": null,
            "attlcPrscpCnt": null,
            "lssnsTimeInfo": null,
            "lssnsRealTimeInfo": null,
            "prctsTime": null,
            "doPlan": null,
            "thryTime": null,
            "totalPrfssNm": null,
            "mngetEstblYn": null,
            "code": "1601001",
            "crdit": null,
            "expniSllbsYn": null,
            "bldngSn": null,
            "bldngCd": null,
            "bldngNm": null,
            "lssnsLcttmUntcd": null,
            "sbjetSctcd2": null,
            "rmnmCd": null,
            "isApi": null,
            "paging": false,
            "rowStatus": "R",
            "pageSort": null
        },
        {
            "rowIndex": 0,
            "success": false,
            "message": null,
            "pageSize": 100,
            "pageNum": 1,
            "lctreMthodNm": null,
            "lctrmInfo": null,
            "lctreLnggeSctcd": null,
            "crseNo": null,
            "estblUnivNm": null,
            "estblDprtnNm": null,
            "estblYear": null,
            "estblDprtnCd": null,
            "estblSmstrSctnm": null,
            "estblSmstrSctcd": null,
            "estblGrade": null,
            "sbjetSctnm": null,
            "sbjetNm": null,
            "sbjetDvnno": null,
            "sbjetCd": null,
            "gubun": null,
            "pckgeRqstPssblYn": null,
            "pckgeRqstCnt": null,
            "name": "\uae30\uacc4\uacf5\ud559\ubd80B",
            "rmrk": null,
            "appcrCnt": null,
            "attlcPrscpCnt": null,
            "lssnsTimeInfo": null,
            "lssnsRealTimeInfo": null,
            "prctsTime": null,
            "doPlan": null,
            "thryTime": null,
            "totalPrfssNm": null,
            "mngetEstblYn": null,
            "code": "1601002",
            "crdit": null,
            "expniSllbsYn": null,
            "bldngSn": null,
            "bldngCd": null,
            "bldngNm": null,
            "lssnsLcttmUntcd": null,
            "sbjetSctcd2": null,
            "rmnmCd": null,
            "isApi": null,
            "paging": false,
            "rowStatus": "R",
            "pageSort": null
        },
        {
            "rowIndex": 0,
            "success": false,
            "message": null,
            "pageSize": 100,
            "pageNum": 1,
            "lctreMthodNm": null,
            "lctrmInfo": null,
            "lctreLnggeSctcd": null,
            "crseNo": null,
            "estblUnivNm": null,
            "estblDprtnNm": null,
            "estblYear": null,
            "estblDprtnCd": null,
            "estblSmstrSctnm": null,
            "estblSmstrSctcd": null,
            "estblGrade": null,
            "sbjetSctnm": null,
            "sbjetNm": null,
            "sbjetDvnno": null,
            "sbjetCd": null,
            "gubun": null,
            "pckgeRqstPssblYn": null,
            "pckgeRqstCnt": null,
            "name": "\uae30\uacc4\uacf5\ud559\ubd80C",
            "rmrk": null,
            "appcrCnt": null,
            "attlcPrscpCnt": null,
            "lssnsTimeInfo": null,
            "lssnsRealTimeInfo": null,
            "prctsTime": null,
            "doPlan": null,
            "thryTime": null,
            "totalPrfssNm": null,
            "mngetEstblYn": null,
            "code": "1601003",
            "crdit": null,
            "expniSllbsYn": null,
            "bldngSn": null,
            "bldngCd": null,
            "bldngNm": null,
            "lssnsLcttmUntcd": null,
            "sbjetSctcd2": null,
            "rmnmCd": null,
            "isApi": null,
            "paging": false,
            "rowStatus": "R",
            "pageSort": null
        },
        {
            "rowIndex": 0,
            "success": false,
            "message": null,
            "pageSize": 100,
            "pageNum": 1,
            "lctreMthodNm": null,
            "lctrmInfo": null,
            "lctreLnggeSctcd": null,
            "crseNo": null,
            "estblUnivNm": null,
            "estblDprtnNm": null,
            "estblYear": null,
            "estblDprtnCd": null,
            "estblSmstrSctnm": null,
            "estblSmstrSctcd": null,
            "estblGrade": null,
            "sbjetSctnm": null,
            "sbjetNm": null,
            "sbjetDvnno": null,
            "sbjetCd": null,
            "gubun": null,
            "pckgeRqstPssblYn": null,
            "pckgeRqstCnt": null,
            "name": "\uae30\uacc4\uacf5\ud559\uc804\uacf5",
            "rmrk": null,
            "appcrCnt": null,
            "attlcPrscpCnt": null,
            "lssnsTimeInfo": null,
            "lssnsRealTimeInfo": null,
            "prctsTime": null,
            "doPlan": null,
            "thryTime": null,
            "totalPrfssNm": null,
            "mngetEstblYn": null,
            "code": "160101",
            "crdit": null,
            "expniSllbsYn": null,
            "bldngSn": null,
            "bldngCd": null,
            "bldngNm": null,
            "lssnsLcttmUntcd": null,
            "sbjetSctcd2": null,
            "rmnmCd": null,
            "isApi": null,
            "paging": false,
            "rowStatus": "R",
            "pageSort": null
        },
        {
            "rowIndex": 0,
            "success": false,
            "message": null,
            "pageSize": 100,
            "pageNum": 1,
            "lctreMthodNm": null,
            "lctrmInfo": null,
            "lctreLnggeSctcd": null,
            "crseNo": null,
            "estblUnivNm": null,
            "estblDprtnNm": null,
            "estblYear": null,
            "estblDprtnCd": null,
            "estblSmstrSctnm": null,
            "estblSmstrSctcd": null,
            "estblGrade": null,
            "sbjetSctnm": null,
            "sbjetNm": null,
            "sbjetDvnno": null,
            "sbjetCd": null,
            "gubun": null,
            "pckgeRqstPssblYn": null,
            "pckgeRqstCnt": null,
            "name": "\uae30\uacc4\uc124\uacc4\ud559\uc804\uacf5",
            "rmrk": null,
            "appcrCnt": null,
            "attlcPrscpCnt": null,
            "lssnsTimeInfo": null,
            "lssnsRealTimeInfo": null,
            "prctsTime": null,
            "doPlan": null,
            "thryTime": null,
            "totalPrfssNm": null,
            "mngetEstblYn": null,
            "code": "160102",
            "crdit": null,
            "expniSllbsYn": null,
            "bldngSn": null,
            "bldngCd": null,
            "bldngNm": null,
            "lssnsLcttmUntcd": null,
            "sbjetSctcd2": null,
            "rmnmCd": null,
            "isApi": null,
            "paging": false,
            "rowStatus": "R",
            "pageSort": null
        },
        {
            "rowIndex": 0,
            "success": false,
            "message": null,
            "pageSize": 100,
            "pageNum": 1,
            "lctreMthodNm": null,
            "lctrmInfo": null,
            "lctreLnggeSctcd": null,
            "crseNo": null,
            "estblUnivNm": null,
            "estblDprtnNm": null,
            "estblYear": null,
            "estblDprtnCd": null,
            "estblSmstrSctnm": null,
            "estblSmstrSctcd": null,
            "estblGrade": null,
            "sbjetSctnm": null,
            "sbjetNm": null,
            "sbjetDvnno": null,
            "sbjetCd": null,
            "gubun": null,
            "pckgeRqstPssblYn": null,
            "pckgeRqstCnt": null,
            "name": "\uc12c\uc720\uc2dc\uc2a4\ud15c\uacf5\ud559\uacfc",
            "rmrk": null,
            "appcrCnt": null,
            "attlcPrscpCnt": null,
            "lssnsTimeInfo": null,
            "lssnsRealTimeInfo": null,
            "prctsTime": null,
            "doPlan": null,
            "thryTime": null,
            "totalPrfssNm": null,
            "mngetEstblYn": null,
            "code": "1607",
            "crdit": null,
            "expniSllbsYn": null,
            "bldngSn": null,
            "bldngCd": null,
            "bldngNm": null,
            "lssnsLcttmUntcd": null,
            "sbjetSctcd2": null,
            "rmnmCd": null,
            "isApi": null,
            "paging": false,
            "rowStatus": "R",
            "pageSort": null
        },
        {
            "rowIndex": 0,
            "success": false,
            "message": null,
            "pageSize": 100,
            "pageNum": 1,
            "lctreMthodNm": null,
            "lctrmInfo": null,
            "lctreLnggeSctcd": null,
            "crseNo": null,
            "estblUnivNm": null,
            "estblDprtnNm": null,
            "estblYear": null,
            "estblDprtnCd": null,
            "estblSmstrSctnm": null,
            "estblSmstrSctcd": null,
            "estblGrade": null,
            "sbjetSctnm": null,
            "sbjetNm": null,
            "sbjetDvnno": null,
            "sbjetCd": null,
            "gubun": null,
            "pckgeRqstPssblYn": null,
            "pckgeRqstCnt": null,
            "name": "\uc2e0\uc18c\uc7ac\uacf5\ud559\ubd80A",
            "rmrk": null,
            "appcrCnt": null,
            "attlcPrscpCnt": null,
            "lssnsTimeInfo": null,
            "lssnsRealTimeInfo": null,
            "prctsTime": null,
            "doPlan": null,
            "thryTime": null,
            "totalPrfssNm": null,
            "mngetEstblYn": null,
            "code": "1609001",
            "crdit": null,
            "expniSllbsYn": null,
            "bldngSn": null,
            "bldngCd": null,
            "bldngNm": null,
            "lssnsLcttmUntcd": null,
            "sbjetSctcd2": null,
            "rmnmCd": null,
            "isApi": null,
            "paging": false,
            "rowStatus": "R",
            "pageSort": null
        },
        {
            "rowIndex": 0,
            "success": false,
            "message": null,
            "pageSize": 100,
            "pageNum": 1,
            "lctreMthodNm": null,
            "lctrmInfo": null,
            "lctreLnggeSctcd": null,
            "crseNo": null,
            "estblUnivNm": null,
            "estblDprtnNm": null,
            "estblYear": null,
            "estblDprtnCd": null,
            "estblSmstrSctnm": null,
            "estblSmstrSctcd": null,
            "estblGrade": null,
            "sbjetSctnm": null,
            "sbjetNm": null,
            "sbjetDvnno": null,
            "sbjetCd": null,
            "gubun": null,
            "pckgeRqstPssblYn": null,
            "pckgeRqstCnt": null,
            "name": "\uc2e0\uc18c\uc7ac\uacf5\ud559\ubd80B",
            "rmrk": null,
            "appcrCnt": null,
            "attlcPrscpCnt": null,
            "lssnsTimeInfo": null,
            "lssnsRealTimeInfo": null,
            "prctsTime": null,
            "doPlan": null,
            "thryTime": null,
            "totalPrfssNm": null,
            "mngetEstblYn": null,
            "code": "1609002",
            "crdit": null,
            "expniSllbsYn": null,
            "bldngSn": null,
            "bldngCd": null,
            "bldngNm": null,
            "lssnsLcttmUntcd": null,
            "sbjetSctcd2": null,
            "rmnmCd": null,
            "isApi": null,
            "paging": false,
            "rowStatus": "R",
            "pageSort": null
        },
        {
            "rowIndex": 0,
            "success": false,
            "message": null,
            "pageSize": 100,
            "pageNum": 1,
            "lctreMthodNm": null,
            "lctrmInfo": null,
            "lctreLnggeSctcd": null,
            "crseNo": null,
            "estblUnivNm": null,
            "estblDprtnNm": null,
            "estblYear": null,
            "estblDprtnCd": null,
            "estblSmstrSctnm": null,
            "estblSmstrSctcd": null,
            "estblGrade": null,
            "sbjetSctnm": null,
            "sbjetNm": null,
            "sbjetDvnno": null,
            "sbjetCd": null,
            "gubun": null,
            "pckgeRqstPssblYn": null,
            "pckgeRqstCnt": null,
            "name": "\uc2e0\uc7ac\uc0dd\uc5d0\ub108\uc9c0\uc804\uacf5",
            "rmrk": null,
            "appcrCnt": null,
            "attlcPrscpCnt": null,
            "lssnsTimeInfo": null,
            "lssnsRealTimeInfo": null,
            "prctsTime": null,
            "doPlan": null,
            "thryTime": null,
            "totalPrfssNm": null,
            "mngetEstblYn": null,
            "code": "161101",
            "crdit": null,
            "expniSllbsYn": null,
            "bldngSn": null,
            "bldngCd": null,
            "bldngNm": null,
            "lssnsLcttmUntcd": null,
            "sbjetSctcd2": null,
            "rmnmCd": null,
            "isApi": null,
            "paging": false,
            "rowStatus": "R",
            "pageSort": null
        },
        {
            "rowIndex": 0,
            "success": false,
            "message": null,
            "pageSize": 100,
            "pageNum": 1,
            "lctreMthodNm": null,
            "lctrmInfo": null,
            "lctreLnggeSctcd": null,
            "crseNo": null,
            "estblUnivNm": null,
            "estblDprtnNm": null,
            "estblYear": null,
            "estblDprtnCd": null,
            "estblSmstrSctnm": null,
            "estblSmstrSctcd": null,
            "estblGrade": null,
            "sbjetSctnm": null,
            "sbjetNm": null,
            "sbjetDvnno": null,
            "sbjetCd": null,
            "gubun": null,
            "pckgeRqstPssblYn": null,
            "pckgeRqstCnt": null,
            "name": "\uc5d0\ub108\uc9c0\uacf5\ud559\ubd80",
            "rmrk": null,
            "appcrCnt": null,
            "attlcPrscpCnt": null,
            "lssnsTimeInfo": null,
            "lssnsRealTimeInfo": null,
            "prctsTime": null,
            "doPlan": null,
            "thryTime": null,
            "totalPrfssNm": null,
            "mngetEstblYn": null,
            "code": "1611",
            "crdit": null,
            "expniSllbsYn": null,
            "bldngSn": null,
            "bldngCd": null,
            "bldngNm": null,
            "lssnsLcttmUntcd": null,
            "sbjetSctcd2": null,
            "rmnmCd": null,
            "isApi": null,
            "paging": false,
            "rowStatus": "R",
            "pageSort": null
        },
        {
            "rowIndex": 0,
            "success": false,
            "message": null,
            "pageSize": 100,
            "pageNum": 1,
            "lctreMthodNm": null,
            "lctrmInfo": null,
            "lctreLnggeSctcd": null,
            "crseNo": null,
            "estblUnivNm": null,
            "estblDprtnNm": null,
            "estblYear": null,
            "estblDprtnCd": null,
            "estblSmstrSctnm": null,
            "estblSmstrSctcd": null,
            "estblGrade": null,
            "sbjetSctnm": null,
            "sbjetNm": null,
            "sbjetDvnno": null,
            "sbjetCd": null,
            "gubun": null,
            "pckgeRqstPssblYn": null,
            "pckgeRqstCnt": null,
            "name": "\uc5d0\ub108\uc9c0\ubcc0\ud658\uc804\uacf5",
            "rmrk": null,
            "appcrCnt": null,
            "attlcPrscpCnt": null,
            "lssnsTimeInfo": null,
            "lssnsRealTimeInfo": null,
            "prctsTime": null,
            "doPlan": null,
            "thryTime": null,
            "totalPrfssNm": null,
            "mngetEstblYn": null,
            "code": "161102",
            "crdit": null,
            "expniSllbsYn": null,
            "bldngSn": null,
            "bldngCd": null,
            "bldngNm": null,
            "lssnsLcttmUntcd": null,
            "sbjetSctcd2": null,
            "rmnmCd": null,
            "isApi": null,
            "paging": false,
            "rowStatus": "R",
            "pageSort": null
        },
        {
            "rowIndex": 0,
            "success": false,
            "message": null,
            "pageSize": 100,
            "pageNum": 1,
            "lctreMthodNm": null,
            "lctrmInfo": null,
            "lctreLnggeSctcd": null,
            "crseNo": null,
            "estblUnivNm": null,
            "estblDprtnNm": null,
            "estblYear": null,
            "estblDprtnCd": null,
            "estblSmstrSctnm": null,
            "estblSmstrSctcd": null,
            "estblGrade": null,
            "sbjetSctnm": null,
            "sbjetNm": null,
            "sbjetDvnno": null,
            "sbjetCd": null,
            "gubun": null,
            "pckgeRqstPssblYn": null,
            "pckgeRqstCnt": null,
            "name": "\uc751\uc6a9\ud654\ud559\uacfc",
            "rmrk": null,
            "appcrCnt": null,
            "attlcPrscpCnt": null,
            "lssnsTimeInfo": null,
            "lssnsRealTimeInfo": null,
            "prctsTime": null,
            "doPlan": null,
            "thryTime": null,
            "totalPrfssNm": null,
            "mngetEstblYn": null,
            "code": "1603",
            "crdit": null,
            "expniSllbsYn": null,
            "bldngSn": null,
            "bldngCd": null,
            "bldngNm": null,
            "lssnsLcttmUntcd": null,
            "sbjetSctcd2": null,
            "rmnmCd": null,
            "isApi": null,
            "paging": false,
            "rowStatus": "R",
            "pageSort": null
        },
        {
            "rowIndex": 0,
            "success": false,
            "message": null,
            "pageSize": 100,
            "pageNum": 1,
            "lctreMthodNm": null,
            "lctrmInfo": null,
            "lctreLnggeSctcd": null,
            "crseNo": null,
            "estblUnivNm": null,
            "estblDprtnNm": null,
            "estblYear": null,
            "estblDprtnCd": null,
            "estblSmstrSctnm": null,
            "estblSmstrSctcd": null,
            "estblGrade": null,
            "sbjetSctnm": null,
            "sbjetNm": null,
            "sbjetDvnno": null,
            "sbjetCd": null,
            "gubun": null,
            "pckgeRqstPssblYn": null,
            "pckgeRqstCnt": null,
            "name": "\uc751\uc6a9\ud654\ud559\uc804\uacf5",
            "rmrk": null,
            "appcrCnt": null,
            "attlcPrscpCnt": null,
            "lssnsTimeInfo": null,
            "lssnsRealTimeInfo": null,
            "prctsTime": null,
            "doPlan": null,
            "thryTime": null,
            "totalPrfssNm": null,
            "mngetEstblYn": null,
            "code": "161201",
            "crdit": null,
            "expniSllbsYn": null,
            "bldngSn": null,
            "bldngCd": null,
            "bldngNm": null,
            "lssnsLcttmUntcd": null,
            "sbjetSctcd2": null,
            "rmnmCd": null,
            "isApi": null,
            "paging": false,
            "rowStatus": "R",
            "pageSort": null
        },
        {
            "rowIndex": 0,
            "success": false,
            "message": null,
            "pageSize": 100,
            "pageNum": 1,
            "lctreMthodNm": null,
            "lctrmInfo": null,
            "lctreLnggeSctcd": null,
            "crseNo": null,
            "estblUnivNm": null,
            "estblDprtnNm": null,
            "estblYear": null,
            "estblDprtnCd": null,
            "estblSmstrSctnm": null,
            "estblSmstrSctcd": null,
            "estblGrade": null,
            "sbjetSctnm": null,
            "sbjetNm": null,
            "sbjetDvnno": null,
            "sbjetCd": null,
            "gubun": null,
            "pckgeRqstPssblYn": null,
            "pckgeRqstCnt": null,
            "name": "\uc804\uc790\uc7ac\ub8cc\uacf5\ud559\uc804\uacf5",
            "rmrk": null,
            "appcrCnt": null,
            "attlcPrscpCnt": null,
            "lssnsTimeInfo": null,
            "lssnsRealTimeInfo": null,
            "prctsTime": null,
            "doPlan": null,
            "thryTime": null,
            "totalPrfssNm": null,
            "mngetEstblYn": null,
            "code": "160904",
            "crdit": null,
            "expniSllbsYn": null,
            "bldngSn": null,
            "bldngCd": null,
            "bldngNm": null,
            "lssnsLcttmUntcd": null,
            "sbjetSctcd2": null,
            "rmnmCd": null,
            "isApi": null,
            "paging": false,
            "rowStatus": "R",
            "pageSort": null
        },
        {
            "rowIndex": 0,
            "success": false,
            "message": null,
            "pageSize": 100,
            "pageNum": 1,
            "lctreMthodNm": null,
            "lctrmInfo": null,
            "lctreLnggeSctcd": null,
            "crseNo": null,
            "estblUnivNm": null,
            "estblDprtnNm": null,
            "estblYear": null,
            "estblDprtnCd": null,
            "estblSmstrSctnm": null,
            "estblSmstrSctcd": null,
            "estblGrade": null,
            "sbjetSctnm": null,
            "sbjetNm": null,
            "sbjetDvnno": null,
            "sbjetCd": null,
            "gubun": null,
            "pckgeRqstPssblYn": null,
            "pckgeRqstCnt": null,
            "name": "\ud1a0\ubaa9\uacf5\ud559\uacfc",
            "rmrk": null,
            "appcrCnt": null,
            "attlcPrscpCnt": null,
            "lssnsTimeInfo": null,
            "lssnsRealTimeInfo": null,
            "prctsTime": null,
            "doPlan": null,
            "thryTime": null,
            "totalPrfssNm": null,
            "mngetEstblYn": null,
            "code": "160E",
            "crdit": null,
            "expniSllbsYn": null,
            "bldngSn": null,
            "bldngCd": null,
            "bldngNm": null,
            "lssnsLcttmUntcd": null,
            "sbjetSctcd2": null,
            "rmnmCd": null,
            "isApi": null,
            "paging": false,
            "rowStatus": "R",
            "pageSort": null
        },
        {
            "rowIndex": 0,
            "success": false,
            "message": null,
            "pageSize": 100,
            "pageNum": 1,
            "lctreMthodNm": null,
            "lctrmInfo": null,
            "lctreLnggeSctcd": null,
            "crseNo": null,
            "estblUnivNm": null,
            "estblDprtnNm": null,
            "estblYear": null,
            "estblDprtnCd": null,
            "estblSmstrSctnm": null,
            "estblSmstrSctcd": null,
            "estblGrade": null,
            "sbjetSctnm": null,
            "sbjetNm": null,
            "sbjetDvnno": null,
            "sbjetCd": null,
            "gubun": null,
            "pckgeRqstPssblYn": null,
            "pckgeRqstCnt": null,
            "name": "\ud654\ud559\uacf5\ud559\uacfc",
            "rmrk": null,
            "appcrCnt": null,
            "attlcPrscpCnt": null,
            "lssnsTimeInfo": null,
            "lssnsRealTimeInfo": null,
            "prctsTime": null,
            "doPlan": null,
            "thryTime": null,
            "totalPrfssNm": null,
            "mngetEstblYn": null,
            "code": "1604",
            "crdit": null,
            "expniSllbsYn": null,
            "bldngSn": null,
            "bldngCd": null,
            "bldngNm": null,
            "lssnsLcttmUntcd": null,
            "sbjetSctcd2": null,
            "rmnmCd": null,
            "isApi": null,
            "paging": false,
            "rowStatus": "R",
            "pageSort": null
        },
        {
            "rowIndex": 0,
            "success": false,
            "message": null,
            "pageSize": 100,
            "pageNum": 1,
            "lctreMthodNm": null,
            "lctrmInfo": null,
            "lctreLnggeSctcd": null,
            "crseNo": null,
            "estblUnivNm": null,
            "estblDprtnNm": null,
            "estblYear": null,
            "estblDprtnCd": null,
            "estblSmstrSctnm": null,
            "estblSmstrSctcd": null,
            "estblGrade": null,
            "sbjetSctnm": null,
            "sbjetNm": null,
            "sbjetDvnno": null,
            "sbjetCd": null,
            "gubun": null,
            "pckgeRqstPssblYn": null,
            "pckgeRqstCnt": null,
            "name": "\ud654\ud559\uacf5\ud559\uc804\uacf5",
            "rmrk": null,
            "appcrCnt": null,
            "attlcPrscpCnt": null,
            "lssnsTimeInfo": null,
            "lssnsRealTimeInfo": null,
            "prctsTime": null,
            "doPlan": null,
            "thryTime": null,
            "totalPrfssNm": null,
            "mngetEstblYn": null,
            "code": "161202",
            "crdit": null,
            "expniSllbsYn": null,
            "bldngSn": null,
            "bldngCd": null,
            "bldngNm": null,
            "lssnsLcttmUntcd": null,
            "sbjetSctcd2": null,
            "rmnmCd": null,
            "isApi": null,
            "paging": false,
            "rowStatus": "R",
            "pageSort": null
        },
        {
            "rowIndex": 0,
            "success": false,
            "message": null,
            "pageSize": 100,
            "pageNum": 1,
            "lctreMthodNm": null,
            "lctrmInfo": null,
            "lctreLnggeSctcd": null,
            "crseNo": null,
            "estblUnivNm": null,
            "estblDprtnNm": null,
            "estblYear": null,
            "estblDprtnCd": null,
            "estblSmstrSctnm": null,
            "estblSmstrSctcd": null,
            "estblGrade": null,
            "sbjetSctnm": null,
            "sbjetNm": null,
            "sbjetDvnno": null,
            "sbjetCd": null,
            "gubun": null,
            "pckgeRqstPssblYn": null,
            "pckgeRqstCnt": null,
            "name": "\ud658\uacbd\uacf5\ud559\uacfc",
            "rmrk": null,
            "appcrCnt": null,
            "attlcPrscpCnt": null,
            "lssnsTimeInfo": null,
            "lssnsRealTimeInfo": null,
            "prctsTime": null,
            "doPlan": null,
            "thryTime": null,
            "totalPrfssNm": null,
            "mngetEstblYn": null,
            "code": "1606",
            "crdit": null,
            "expniSllbsYn": null,
            "bldngSn": null,
            "bldngCd": null,
            "bldngNm": null,
            "lssnsLcttmUntcd": null,
            "sbjetSctcd2": null,
            "rmnmCd": null,
            "isApi": null,
            "paging": false,
            "rowStatus": "R",
            "pageSort": null
        }
    ],
    "statusCode": 200
}