{
    "timestamp": "2022-04-28T22:15:42.808",
    "success": true,
    "code": null,
    "msg": null,
    "data": [
        {
            "rowIndex": 0,
            "success": false,
            "message": null,
            "pageSize": 100,
            "pageNum": 1,
            "lctreMthodNm": null,
            "lctrmInfo": null,
            "lctreLnggeSctcd": null,
            "crseNo": null,
            "estblUnivNm": null,
            "estblDprtnNm": null,
            "estblYear": null,
            "estblDprtnCd": null,
            "estblSmstrSctnm": null,
            "estblSmstrSctcd": null,
            "estblGrade": null,
            "sbjetSctnm": null,
            "sbjetNm": null,
            "sbjetDvnno": null,
            "sbjetCd": null,
            "gubun": null,
            "pckgeRqstPssblYn": null,
            "pckgeRqstCnt": null,
            "name": "\uc57d\ud559\uacfc",
            "rmrk": null,
            "appcrCnt": null,
            "attlcPrscpCnt": null,
            "lssnsTimeInfo": null,
            "lssnsRealTimeInfo": null,
            "prctsTime": null,
            "doPlan": null,
            "thryTime": null,
            "totalPrfssNm": null,
            "mngetEstblYn": null,
            "code": "1Q01",
            "crdit": null,
            "expniSllbsYn": null,
            "bldngSn": null,
            "bldngCd": null,
            "bldngNm": null,
            "lssnsLcttmUntcd": null,
            "sbjetSctcd2": null,
            "rmnmCd": null,
            "isApi": null,
            "paging": false,
            "rowStatus": "R",
            "pageSort": null
        },
        {
            "rowIndex": 0,
            "success": false,
            "message": null,
            "pageSize": 100,
            "pageNum": 1,
            "lctreMthodNm": null,
            "lctrmInfo": null,
            "lctreLnggeSctcd": null,
            "crseNo": null,
            "estblUnivNm": null,
            "estblDprtnNm": null,
            "estblYear": null,
            "estblDprtnCd": null,
            "estblSmstrSctnm": null,
            "estblSmstrSctcd": null,
            "estblGrade": null,
            "sbjetSctnm": null,
            "sbjetNm": null,
            "sbjetDvnno": null,
            "sbjetCd": null,
            "gubun": null,
            "pckgeRqstPssblYn": null,
            "pckgeRqstCnt": null,
            "name": "\uc57d\ud559\uacfc",
            "rmrk": null,
            "appcrCnt": null,
            "attlcPrscpCnt": null,
            "lssnsTimeInfo": null,
            "lssnsRealTimeInfo": null,
            "prctsTime": null,
            "doPlan": null,
            "thryTime": null,
            "totalPrfssNm": null,
            "mngetEstblYn": null,
            "code": "1Q02",
            "crdit": null,
            "expniSllbsYn": null,
            "bldngSn": null,
            "bldngCd": null,
            "bldngNm": null,
            "lssnsLcttmUntcd": null,
            "sbjetSctcd2": null,
            "rmnmCd": null,
            "isApi": null,
            "paging": false,
            "rowStatus": "R",
            "pageSort": null
        }
    ],
    "statusCode": 200
}