{
    "timestamp": "2022-04-28T22:15:41.864",
    "success": true,
    "code": null,
    "msg": null,
    "data": [
        {
            "rowIndex": 0,
            "success": false,
            "message": null,
            "pageSize": 100,
            "pageNum": 1,
            "lctreMthodNm": null,
            "lctrmInfo": null,
            "lctreLnggeSctcd": null,
            "crseNo": null,
            "estblUnivNm": null,
            "estblDprtnNm": null,
            "estblYear": null,
            "estblDprtnCd": null,
            "estblSmstrSctnm": null,
            "estblSmstrSctcd": null,
            "estblGrade": null,
            "sbjetSctnm": null,
            "sbjetNm": null,
            "sbjetDvnno": null,
            "sbjetCd": null,
            "gubun": null,
            "pckgeRqstPssblYn": null,
            "pckgeRqstCnt": null,
            "name": "\ub18d\uc0b0\uc5c5\ud559\uacfc",
            "rmrk": null,
            "appcrCnt": null,
            "attlcPrscpCnt": null,
            "lssnsTimeInfo": null,
            "lssnsRealTimeInfo": null,
            "prctsTime": null,
            "doPlan": null,
            "thryTime": null,
            "totalPrfssNm": null,
            "mngetEstblYn": null,
            "code": "170R",
            "crdit": null,
            "expniSllbsYn": null,
            "bldngSn": null,
            "bldngCd": null,
            "bldngNm": null,
            "lssnsLcttmUntcd": null,
            "sbjetSctcd2": null,
            "rmnmCd": null,
            "isApi": null,
            "paging": false,
            "rowStatus": "R",
            "pageSort": null
        },
        {
            "rowIndex": 0,
            "success": false,
            "message": null,
            "pageSize": 100,
            "pageNum": 1,
            "lctreMthodNm": null,
            "lctrmInfo": null,
            "lctreLnggeSctcd": null,
            "crseNo": null,
            "estblUnivNm": null,
            "estblDprtnNm": null,
            "estblYear": null,
            "estblDprtnCd": null,
            "estblSmstrSctnm": null,
            "estblSmstrSctcd": null,
            "estblGrade": null,
            "sbjetSctnm": null,
            "sbjetNm": null,
            "sbjetDvnno": null,
            "sbjetCd": null,
            "gubun": null,
            "pckgeRqstPssblYn": null,
            "pckgeRqstCnt": null,
            "name": "\ub18d\uc5c5\ud1a0\ubaa9.\uc0dd\ubb3c\uc0b0\uc5c5\uacf5\ud559\ubd80",
            "rmrk": null,
            "appcrCnt": null,
            "attlcPrscpCnt": null,
            "lssnsTimeInfo": null,
            "lssnsRealTimeInfo": null,
            "prctsTime": null,
            "doPlan": null,
            "thryTime": null,
            "totalPrfssNm": null,
            "mngetEstblYn": null,
            "code": "170T",
            "crdit": null,
            "expniSllbsYn": null,
            "bldngSn": null,
            "bldngCd": null,
            "bldngNm": null,
            "lssnsLcttmUntcd": null,
            "sbjetSctcd2": null,
            "rmnmCd": null,
            "isApi": null,
            "paging": false,
            "rowStatus": "R",
            "pageSort": null
        },
        {
            "rowIndex": 0,
            "success": false,
            "message": null,
            "pageSize": 100,
            "pageNum": 1,
            "lctreMthodNm": null,
            "lctrmInfo": null,
            "lctreLnggeSctcd": null,
            "crseNo": null,
            "estblUnivNm": null,
            "estblDprtnNm": null,
            "estblYear": null,
            "estblDprtnCd": null,
            "estblSmstrSctnm": null,
            "estblSmstrSctcd": null,
            "estblGrade": null,
            "sbjetSctnm": null,
            "sbjetNm": null,
            "sbjetDvnno": null,
            "sbjetCd": null,
            "gubun": null,
            "pckgeRqstPssblYn": null,
            "pckgeRqstCnt": null,
            "name": "\ub18d\uc5c5\ud1a0\ubaa9\uacf5\ud559\uc804\uacf5",
            "rmrk": null,
            "appcrCnt": null,
            "attlcPrscpCnt": null,
            "lssnsTimeInfo": null,
            "lssnsRealTimeInfo": null,
            "prctsTime": null,
            "doPlan": null,
            "thryTime": null,
            "totalPrfssNm": null,
            "mngetEstblYn": null,
            "code": "170T01",
            "crdit": null,
            "expniSllbsYn": null,
            "bldngSn": null,
            "bldngCd": null,
            "bldngNm": null,
            "lssnsLcttmUntcd": null,
            "sbjetSctcd2": null,
            "rmnmCd": null,
            "isApi": null,
            "paging": false,
            "rowStatus": "R",
            "pageSort": null
        },
        {
            "rowIndex": 0,
            "success": false,
            "message": null,
            "pageSize": 100,
            "pageNum": 1,
            "lctreMthodNm": null,
            "lctrmInfo": null,
            "lctreLnggeSctcd": null,
            "crseNo": null,
            "estblUnivNm": null,
            "estblDprtnNm": null,
            "estblYear": null,
            "estblDprtnCd": null,
            "estblSmstrSctnm": null,
            "estblSmstrSctcd": null,
            "estblGrade": null,
            "sbjetSctnm": null,
            "sbjetNm": null,
            "sbjetDvnno": null,
            "sbjetCd": null,
            "gubun": null,
            "pckgeRqstPssblYn": null,
            "pckgeRqstCnt": null,
            "name": "\ubc14\uc774\uc624\uc12c\uc720\uc18c\uc7ac\ud559\uacfc",
            "rmrk": null,
            "appcrCnt": null,
            "attlcPrscpCnt": null,
            "lssnsTimeInfo": null,
            "lssnsRealTimeInfo": null,
            "prctsTime": null,
            "doPlan": null,
            "thryTime": null,
            "totalPrfssNm": null,
            "mngetEstblYn": null,
            "code": "170Q",
            "crdit": null,
            "expniSllbsYn": null,
            "bldngSn": null,
            "bldngCd": null,
            "bldngNm": null,
            "lssnsLcttmUntcd": null,
            "sbjetSctcd2": null,
            "rmnmCd": null,
            "isApi": null,
            "paging": false,
            "rowStatus": "R",
            "pageSort": null
        },
        {
            "rowIndex": 0,
            "success": false,
            "message": null,
            "pageSize": 100,
            "pageNum": 1,
            "lctreMthodNm": null,
            "lctrmInfo": null,
            "lctreLnggeSctcd": null,
            "crseNo": null,
            "estblUnivNm": null,
            "estblDprtnNm": null,
            "estblYear": null,
            "estblDprtnCd": null,
            "estblSmstrSctnm": null,
            "estblSmstrSctcd": null,
            "estblGrade": null,
            "sbjetSctnm": null,
            "sbjetNm": null,
            "sbjetDvnno": null,
            "sbjetCd": null,
            "gubun": null,
            "pckgeRqstPssblYn": null,
            "pckgeRqstCnt": null,
            "name": "\ubd81\ud55c\ub18d\uc5c5\uac1c\ubc1c\uc735\ud569\uc804\uacf5",
            "rmrk": null,
            "appcrCnt": null,
            "attlcPrscpCnt": null,
            "lssnsTimeInfo": null,
            "lssnsRealTimeInfo": null,
            "prctsTime": null,
            "doPlan": null,
            "thryTime": null,
            "totalPrfssNm": null,
            "mngetEstblYn": null,
            "code": "170X",
            "crdit": null,
            "expniSllbsYn": null,
            "bldngSn": null,
            "bldngCd": null,
            "bldngNm": null,
            "lssnsLcttmUntcd": null,
            "sbjetSctcd2": null,
            "rmnmCd": null,
            "isApi": null,
            "paging": false,
            "rowStatus": "R",
            "pageSort": null
        },
        {
            "rowIndex": 0,
            "success": false,
            "message": null,
            "pageSize": 100,
            "pageNum": 1,
            "lctreMthodNm": null,
            "lctrmInfo": null,
            "lctreLnggeSctcd": null,
            "crseNo": null,
            "estblUnivNm": null,
            "estblDprtnNm": null,
            "estblYear": null,
            "estblDprtnCd": null,
            "estblSmstrSctnm": null,
            "estblSmstrSctcd": null,
            "estblGrade": null,
            "sbjetSctnm": null,
            "sbjetNm": null,
            "sbjetDvnno": null,
            "sbjetCd": null,
            "gubun": null,
            "pckgeRqstPssblYn": null,
            "pckgeRqstCnt": null,
            "name": "\uc0b0\ub9bc\uacfc\ud559.\uc870\uacbd\ud559\ubd80",
            "rmrk": null,
            "appcrCnt": null,
            "attlcPrscpCnt": null,
            "lssnsTimeInfo": null,
            "lssnsRealTimeInfo": null,
            "prctsTime": null,
            "doPlan": null,
            "thryTime": null,
            "totalPrfssNm": null,
            "mngetEstblYn": null,
            "code": "170S",
            "crdit": null,
            "expniSllbsYn": null,
            "bldngSn": null,
            "bldngCd": null,
            "bldngNm": null,
            "lssnsLcttmUntcd": null,
            "sbjetSctcd2": null,
            "rmnmCd": null,
            "isApi": null,
            "paging": false,
            "rowStatus": "R",
            "pageSort": null
        },
        {
            "rowIndex": 0,
            "success": false,
            "message": null,
            "pageSize": 100,
            "pageNum": 1,
            "lctreMthodNm": null,
            "lctrmInfo": null,
            "lctreLnggeSctcd": null,
            "crseNo": null,
            "estblUnivNm": null,
            "estblDprtnNm": null,
            "estblYear": null,
            "estblDprtnCd": null,
            "estblSmstrSctnm": null,
            "estblSmstrSctcd": null,
            "estblGrade": null,
            "sbjetSctnm": null,
            "sbjetNm": null,
            "sbjetDvnno": null,
            "sbjetCd": null,
            "gubun": null,
            "pckgeRqstPssblYn": null,
            "pckgeRqstCnt": null,
            "name": "\uc0dd\ubb3c\uc0b0\uc5c5\uae30\uacc4\uacf5\ud559\uc804\uacf5",
            "rmrk": null,
            "appcrCnt": null,
            "attlcPrscpCnt": null,
            "lssnsTimeInfo": null,
            "lssnsRealTimeInfo": null,
            "prctsTime": null,
            "doPlan": null,
            "thryTime": null,
            "totalPrfssNm": null,
            "mngetEstblYn": null,
            "code": "170T02",
            "crdit": null,
            "expniSllbsYn": null,
            "bldngSn": null,
            "bldngCd": null,
            "bldngNm": null,
            "lssnsLcttmUntcd": null,
            "sbjetSctcd2": null,
            "rmnmCd": null,
            "isApi": null,
            "paging": false,
            "rowStatus": "R",
            "pageSort": null
        },
        {
            "rowIndex": 0,
            "success": false,
            "message": null,
            "pageSize": 100,
            "pageNum": 1,
            "lctreMthodNm": null,
            "lctrmInfo": null,
            "lctreLnggeSctcd": null,
            "crseNo": null,
            "estblUnivNm": null,
            "estblDprtnNm": null,
            "estblYear": null,
            "estblDprtnCd": null,
            "estblSmstrSctnm": null,
            "estblSmstrSctcd": null,
            "estblGrade": null,
            "sbjetSctnm": null,
            "sbjetNm": null,
            "sbjetDvnno": null,
            "sbjetCd": null,
            "gubun": null,
            "pckgeRqstPssblYn": null,
            "pckgeRqstCnt": null,
            "name": "\uc0dd\ubb3c\uc815\ubcf4\ud559\uc735\ud569\uc804\uacf5",
            "rmrk": null,
            "appcrCnt": null,
            "attlcPrscpCnt": null,
            "lssnsTimeInfo": null,
            "lssnsRealTimeInfo": null,
            "prctsTime": null,
            "doPlan": null,
            "thryTime": null,
            "totalPrfssNm": null,
            "mngetEstblYn": null,
            "code": "170V",
            "crdit": null,
            "expniSllbsYn": null,
            "bldngSn": null,
            "bldngCd": null,
            "bldngNm": null,
            "lssnsLcttmUntcd": null,
            "sbjetSctcd2": null,
            "rmnmCd": null,
            "isApi": null,
            "paging": false,
            "rowStatus": "R",
            "pageSort": null
        },
        {
            "rowIndex": 0,
            "success": false,
            "message": null,
            "pageSize": 100,
            "pageNum": 1,
            "lctreMthodNm": null,
            "lctrmInfo": null,
            "lctreLnggeSctcd": null,
            "crseNo": null,
            "estblUnivNm": null,
            "estblDprtnNm": null,
            "estblYear": null,
            "estblDprtnCd": null,
            "estblSmstrSctnm": null,
            "estblSmstrSctcd": null,
            "estblGrade": null,
            "sbjetSctnm": null,
            "sbjetNm": null,
            "sbjetDvnno": null,
            "sbjetCd": null,
            "gubun": null,
            "pckgeRqstPssblYn": null,
            "pckgeRqstCnt": null,
            "name": "\uc2a4\ub9c8\ud2b8\ud31c\uacf5\ud559\uc735\ud569\uc804\uacf5",
            "rmrk": null,
            "appcrCnt": null,
            "attlcPrscpCnt": null,
            "lssnsTimeInfo": null,
            "lssnsRealTimeInfo": null,
            "prctsTime": null,
            "doPlan": null,
            "thryTime": null,
            "totalPrfssNm": null,
            "mngetEstblYn": null,
            "code": "170U",
            "crdit": null,
            "expniSllbsYn": null,
            "bldngSn": null,
            "bldngCd": null,
            "bldngNm": null,
            "lssnsLcttmUntcd": null,
            "sbjetSctcd2": null,
            "rmnmCd": null,
            "isApi": null,
            "paging": false,
            "rowStatus": "R",
            "pageSort": null
        },
        {
            "rowIndex": 0,
            "success": false,
            "message": null,
            "pageSize": 100,
            "pageNum": 1,
            "lctreMthodNm": null,
            "lctrmInfo": null,
            "lctreLnggeSctcd": null,
            "crseNo": null,
            "estblUnivNm": null,
            "estblDprtnNm": null,
            "estblYear": null,
            "estblDprtnCd": null,
            "estblSmstrSctnm": null,
            "estblSmstrSctcd": null,
            "estblGrade": null,
            "sbjetSctnm": null,
            "sbjetNm": null,
            "sbjetDvnno": null,
            "sbjetCd": null,
            "gubun": null,
            "pckgeRqstPssblYn": null,
            "pckgeRqstCnt": null,
            "name": "\uc2dd\ubb3c\uc0dd\uba85\uacfc\ud559\uc804\uacf5",
            "rmrk": null,
            "appcrCnt": null,
            "attlcPrscpCnt": null,
            "lssnsTimeInfo": null,
            "lssnsRealTimeInfo": null,
            "prctsTime": null,
            "doPlan": null,
            "thryTime": null,
            "totalPrfssNm": null,
            "mngetEstblYn": null,
            "code": "170B01",
            "crdit": null,
            "expniSllbsYn": null,
            "bldngSn": null,
            "bldngCd": null,
            "bldngNm": null,
            "lssnsLcttmUntcd": null,
            "sbjetSctcd2": null,
            "rmnmCd": null,
            "isApi": null,
            "paging": false,
            "rowStatus": "R",
            "pageSort": null
        },
        {
            "rowIndex": 0,
            "success": false,
            "message": null,
            "pageSize": 100,
            "pageNum": 1,
            "lctreMthodNm": null,
            "lctrmInfo": null,
            "lctreLnggeSctcd": null,
            "crseNo": null,
            "estblUnivNm": null,
            "estblDprtnNm": null,
            "estblYear": null,
            "estblDprtnCd": null,
            "estblSmstrSctnm": null,
            "estblSmstrSctcd": null,
            "estblGrade": null,
            "sbjetSctnm": null,
            "sbjetNm": null,
            "sbjetDvnno": null,
            "sbjetCd": null,
            "gubun": null,
            "pckgeRqstPssblYn": null,
            "pckgeRqstCnt": null,
            "name": "\uc2dd\ud488\uacf5\ud559\ubd80",
            "rmrk": null,
            "appcrCnt": null,
            "attlcPrscpCnt": null,
            "lssnsTimeInfo": null,
            "lssnsRealTimeInfo": null,
            "prctsTime": null,
            "doPlan": null,
            "thryTime": null,
            "totalPrfssNm": null,
            "mngetEstblYn": null,
            "code": "170P",
            "crdit": null,
            "expniSllbsYn": null,
            "bldngSn": null,
            "bldngCd": null,
            "bldngNm": null,
            "lssnsLcttmUntcd": null,
            "sbjetSctcd2": null,
            "rmnmCd": null,
            "isApi": null,
            "paging": false,
            "rowStatus": "R",
            "pageSort": null
        },
        {
            "rowIndex": 0,
            "success": false,
            "message": null,
            "pageSize": 100,
            "pageNum": 1,
            "lctreMthodNm": null,
            "lctrmInfo": null,
            "lctreLnggeSctcd": null,
            "crseNo": null,
            "estblUnivNm": null,
            "estblDprtnNm": null,
            "estblYear": null,
            "estblDprtnCd": null,
            "estblSmstrSctnm": null,
            "estblSmstrSctcd": null,
            "estblGrade": null,
            "sbjetSctnm": null,
            "sbjetNm": null,
            "sbjetDvnno": null,
            "sbjetCd": null,
            "gubun": null,
            "pckgeRqstPssblYn": null,
            "pckgeRqstCnt": null,
            "name": "\uc2dd\ud488\uc0dd\ubb3c\uacf5\ud559\uc804\uacf5",
            "rmrk": null,
            "appcrCnt": null,
            "attlcPrscpCnt": null,
            "lssnsTimeInfo": null,
            "lssnsRealTimeInfo": null,
            "prctsTime": null,
            "doPlan": null,
            "thryTime": null,
            "totalPrfssNm": null,
            "mngetEstblYn": null,
            "code": "170P01",
            "crdit": null,
            "expniSllbsYn": null,
            "bldngSn": null,
            "bldngCd": null,
            "bldngNm": null,
            "lssnsLcttmUntcd": null,
            "sbjetSctcd2": null,
            "rmnmCd": null,
            "isApi": null,
            "paging": false,
            "rowStatus": "R",
            "pageSort": null
        },
        {
            "rowIndex": 0,
            "success": false,
            "message": null,
            "pageSize": 100,
            "pageNum": 1,
            "lctreMthodNm": null,
            "lctrmInfo": null,
            "lctreLnggeSctcd": null,
            "crseNo": null,
            "estblUnivNm": null,
            "estblDprtnNm": null,
            "estblYear": null,
            "estblDprtnCd": null,
            "estblSmstrSctnm": null,
            "estblSmstrSctcd": null,
            "estblGrade": null,
            "sbjetSctnm": null,
            "sbjetNm": null,
            "sbjetDvnno": null,
            "sbjetCd": null,
            "gubun": null,
            "pckgeRqstPssblYn": null,
            "pckgeRqstCnt": null,
            "name": "\uc2dd\ud488\uc18c\uc7ac\uacf5\ud559\uc804\uacf5",
            "rmrk": null,
            "appcrCnt": null,
            "attlcPrscpCnt": null,
            "lssnsTimeInfo": null,
            "lssnsRealTimeInfo": null,
            "prctsTime": null,
            "doPlan": null,
            "thryTime": null,
            "totalPrfssNm": null,
            "mngetEstblYn": null,
            "code": "170P02",
            "crdit": null,
            "expniSllbsYn": null,
            "bldngSn": null,
            "bldngCd": null,
            "bldngNm": null,
            "lssnsLcttmUntcd": null,
            "sbjetSctcd2": null,
            "rmnmCd": null,
            "isApi": null,
            "paging": false,
            "rowStatus": "R",
            "pageSort": null
        },
        {
            "rowIndex": 0,
            "success": false,
            "message": null,
            "pageSize": 100,
            "pageNum": 1,
            "lctreMthodNm": null,
            "lctrmInfo": null,
            "lctreLnggeSctcd": null,
            "crseNo": null,
            "estblUnivNm": null,
            "estblDprtnNm": null,
            "estblYear": null,
            "estblDprtnCd": null,
            "estblSmstrSctnm": null,
            "estblSmstrSctcd": null,
            "estblGrade": null,
            "sbjetSctnm": null,
            "sbjetNm": null,
            "sbjetDvnno": null,
            "sbjetCd": null,
            "gubun": null,
            "pckgeRqstPssblYn": null,
            "pckgeRqstCnt": null,
            "name": "\uc2dd\ud488\uc751\uc6a9\uacf5\ud559\uc804\uacf5",
            "rmrk": null,
            "appcrCnt": null,
            "attlcPrscpCnt": null,
            "lssnsTimeInfo": null,
            "lssnsRealTimeInfo": null,
            "prctsTime": null,
            "doPlan": null,
            "thryTime": null,
            "totalPrfssNm": null,
            "mngetEstblYn": null,
            "code": "170P03",
            "crdit": null,
            "expniSllbsYn": null,
            "bldngSn": null,
            "bldngCd": null,
            "bldngNm": null,
            "lssnsLcttmUntcd": null,
            "sbjetSctcd2": null,
            "rmnmCd": null,
            "isApi": null,
            "paging": false,
            "rowStatus": "R",
            "pageSort": null
        },
        {
            "rowIndex": 0,
            "success": false,
            "message": null,
            "pageSize": 100,
            "pageNum": 1,
            "lctreMthodNm": null,
            "lctrmInfo": null,
            "lctreLnggeSctcd": null,
            "crseNo": null,
            "estblUnivNm": null,
            "estblDprtnNm": null,
            "estblYear": null,
            "estblDprtnCd": null,
            "estblSmstrSctnm": null,
            "estblSmstrSctcd": null,
            "estblGrade": null,
            "sbjetSctnm": null,
            "sbjetNm": null,
            "sbjetDvnno": null,
            "sbjetCd": null,
            "gubun": null,
            "pckgeRqstPssblYn": null,
            "pckgeRqstCnt": null,
            "name": "\uc2dd\ud488\uc790\uc6d0\uacbd\uc81c\ud559\uacfc",
            "rmrk": null,
            "appcrCnt": null,
            "attlcPrscpCnt": null,
            "lssnsTimeInfo": null,
            "lssnsRealTimeInfo": null,
            "prctsTime": null,
            "doPlan": null,
            "thryTime": null,
            "totalPrfssNm": null,
            "mngetEstblYn": null,
            "code": "170Z",
            "crdit": null,
            "expniSllbsYn": null,
            "bldngSn": null,
            "bldngCd": null,
            "bldngNm": null,
            "lssnsLcttmUntcd": null,
            "sbjetSctcd2": null,
            "rmnmCd": null,
            "isApi": null,
            "paging": false,
            "rowStatus": "R",
            "pageSort": null
        },
        {
            "rowIndex": 0,
            "success": false,
            "message": null,
            "pageSize": 100,
            "pageNum": 1,
            "lctreMthodNm": null,
            "lctrmInfo": null,
            "lctreLnggeSctcd": null,
            "crseNo": null,
            "estblUnivNm": null,
            "estblDprtnNm": null,
            "estblYear": null,
            "estblDprtnCd": null,
            "estblSmstrSctnm": null,
            "estblSmstrSctcd": null,
            "estblGrade": null,
            "sbjetSctnm": null,
            "sbjetNm": null,
            "sbjetDvnno": null,
            "sbjetCd": null,
            "gubun": null,
            "pckgeRqstPssblYn": null,
            "pckgeRqstCnt": null,
            "name": "\uc6d0\uc608\uacfc\ud559\uacfc",
            "rmrk": null,
            "appcrCnt": null,
            "attlcPrscpCnt": null,
            "lssnsTimeInfo": null,
            "lssnsRealTimeInfo": null,
            "prctsTime": null,
            "doPlan": null,
            "thryTime": null,
            "totalPrfssNm": null,
            "mngetEstblYn": null,
            "code": "170O",
            "crdit": null,
            "expniSllbsYn": null,
            "bldngSn": null,
            "bldngCd": null,
            "bldngNm": null,
            "lssnsLcttmUntcd": null,
            "sbjetSctcd2": null,
            "rmnmCd": null,
            "isApi": null,
            "paging": false,
            "rowStatus": "R",
            "pageSort": null
        },
        {
            "rowIndex": 0,
            "success": false,
            "message": null,
            "pageSize": 100,
            "pageNum": 1,
            "lctreMthodNm": null,
            "lctrmInfo": null,
            "lctreLnggeSctcd": null,
            "crseNo": null,
            "estblUnivNm": null,
            "estblDprtnNm": null,
            "estblYear": null,
            "estblDprtnCd": null,
            "estblSmstrSctnm": null,
            "estblSmstrSctcd": null,
            "estblGrade": null,
            "sbjetSctnm": null,
            "sbjetNm": null,
            "sbjetDvnno": null,
            "sbjetCd": null,
            "gubun": null,
            "pckgeRqstPssblYn": null,
            "pckgeRqstCnt": null,
            "name": "\uc6d0\uc608\uc2dd\ud488\uc735\ud569\uc804\uacf5",
            "rmrk": null,
            "appcrCnt": null,
            "attlcPrscpCnt": null,
            "lssnsTimeInfo": null,
            "lssnsRealTimeInfo": null,
            "prctsTime": null,
            "doPlan": null,
            "thryTime": null,
            "totalPrfssNm": null,
            "mngetEstblYn": null,
            "code": "170W",
            "crdit": null,
            "expniSllbsYn": null,
            "bldngSn": null,
            "bldngCd": null,
            "bldngNm": null,
            "lssnsLcttmUntcd": null,
            "sbjetSctcd2": null,
            "rmnmCd": null,
            "isApi": null,
            "paging": false,
            "rowStatus": "R",
            "pageSort": null
        },
        {
            "rowIndex": 0,
            "success": false,
            "message": null,
            "pageSize": 100,
            "pageNum": 1,
            "lctreMthodNm": null,
            "lctrmInfo": null,
            "lctreLnggeSctcd": null,
            "crseNo": null,
            "estblUnivNm": null,
            "estblDprtnNm": null,
            "estblYear": null,
            "estblDprtnCd": null,
            "estblSmstrSctnm": null,
            "estblSmstrSctcd": null,
            "estblGrade": null,
            "sbjetSctnm": null,
            "sbjetNm": null,
            "sbjetDvnno": null,
            "sbjetCd": null,
            "gubun": null,
            "pckgeRqstPssblYn": null,
            "pckgeRqstCnt": null,
            "name": "\uc751\uc6a9\uc0dd\uba85\uacfc\ud559\ubd80",
            "rmrk": null,
            "appcrCnt": null,
            "attlcPrscpCnt": null,
            "lssnsTimeInfo": null,
            "lssnsRealTimeInfo": null,
            "prctsTime": null,
            "doPlan": null,
            "thryTime": null,
            "totalPrfssNm": null,
            "mngetEstblYn": null,
            "code": "170B",
            "crdit": null,
            "expniSllbsYn": null,
            "bldngSn": null,
            "bldngCd": null,
            "bldngNm": null,
            "lssnsLcttmUntcd": null,
            "sbjetSctcd2": null,
            "rmnmCd": null,
            "isApi": null,
            "paging": false,
            "rowStatus": "R",
            "pageSort": null
        },
        {
            "rowIndex": 0,
            "success": false,
            "message": null,
            "pageSize": 100,
            "pageNum": 1,
            "lctreMthodNm": null,
            "lctrmInfo": null,
            "lctreLnggeSctcd": null,
            "crseNo": null,
            "estblUnivNm": null,
            "estblDprtnNm": null,
            "estblYear": null,
            "estblDprtnCd": null,
            "estblSmstrSctnm": null,
            "estblSmstrSctcd": null,
            "estblGrade": null,
            "sbjetSctnm": null,
            "sbjetNm": null,
            "sbjetDvnno": null,
            "sbjetCd": null,
            "gubun": null,
            "pckgeRqstPssblYn": null,
            "pckgeRqstCnt": null,
            "name": "\uc751\uc6a9\uc0dd\ubb3c\ud559\uc804\uacf5",
            "rmrk": null,
            "appcrCnt": null,
            "attlcPrscpCnt": null,
            "lssnsTimeInfo": null,
            "lssnsRealTimeInfo": null,
            "prctsTime": null,
            "doPlan": null,
            "thryTime": null,
            "totalPrfssNm": null,
            "mngetEstblYn": null,
            "code": "170B05",
            "crdit": null,
            "expniSllbsYn": null,
            "bldngSn": null,
            "bldngCd": null,
            "bldngNm": null,
            "lssnsLcttmUntcd": null,
            "sbjetSctcd2": null,
            "rmnmCd": null,
            "isApi": null,
            "paging": false,
            "rowStatus": "R",
            "pageSort": null
        },
        {
            "rowIndex": 0,
            "success": false,
            "message": null,
            "pageSize": 100,
            "pageNum": 1,
            "lctreMthodNm": null,
            "lctrmInfo": null,
            "lctreLnggeSctcd": null,
            "crseNo": null,
            "estblUnivNm": null,
            "estblDprtnNm": null,
            "estblYear": null,
            "estblDprtnCd": null,
            "estblSmstrSctnm": null,
            "estblSmstrSctcd": null,
            "estblGrade": null,
            "sbjetSctnm": null,
            "sbjetNm": null,
            "sbjetDvnno": null,
            "sbjetCd": null,
            "gubun": null,
            "pckgeRqstPssblYn": null,
            "pckgeRqstCnt": null,
            "name": "\uc784\uc0b0\uacf5\ud559\uc804\uacf5",
            "rmrk": null,
            "appcrCnt": null,
            "attlcPrscpCnt": null,
            "lssnsTimeInfo": null,
            "lssnsRealTimeInfo": null,
            "prctsTime": null,
            "doPlan": null,
            "thryTime": null,
            "totalPrfssNm": null,
            "mngetEstblYn": null,
            "code": "170S02",
            "crdit": null,
            "expniSllbsYn": null,
            "bldngSn": null,
            "bldngCd": null,
            "bldngNm": null,
            "lssnsLcttmUntcd": null,
            "sbjetSctcd2": null,
            "rmnmCd": null,
            "isApi": null,
            "paging": false,
            "rowStatus": "R",
            "pageSort": null
        },
        {
            "rowIndex": 0,
            "success": false,
            "message": null,
            "pageSize": 100,
            "pageNum": 1,
            "lctreMthodNm": null,
            "lctrmInfo": null,
            "lctreLnggeSctcd": null,
            "crseNo": null,
            "estblUnivNm": null,
            "estblDprtnNm": null,
            "estblYear": null,
            "estblDprtnCd": null,
            "estblSmstrSctnm": null,
            "estblSmstrSctcd": null,
            "estblGrade": null,
            "sbjetSctnm": null,
            "sbjetNm": null,
            "sbjetDvnno": null,
            "sbjetCd": null,
            "gubun": null,
            "pckgeRqstPssblYn": null,
            "pckgeRqstCnt": null,
            "name": "\uc784\ud559\uc804\uacf5",
            "rmrk": null,
            "appcrCnt": null,
            "attlcPrscpCnt": null,
            "lssnsTimeInfo": null,
            "lssnsRealTimeInfo": null,
            "prctsTime": null,
            "doPlan": null,
            "thryTime": null,
            "totalPrfssNm": null,
            "mngetEstblYn": null,
            "code": "170S01",
            "crdit": null,
            "expniSllbsYn": null,
            "bldngSn": null,
            "bldngCd": null,
            "bldngNm": null,
            "lssnsLcttmUntcd": null,
            "sbjetSctcd2": null,
            "rmnmCd": null,
            "isApi": null,
            "paging": false,
            "rowStatus": "R",
            "pageSort": null
        },
        {
            "rowIndex": 0,
            "success": false,
            "message": null,
            "pageSize": 100,
            "pageNum": 1,
            "lctreMthodNm": null,
            "lctrmInfo": null,
            "lctreLnggeSctcd": null,
            "crseNo": null,
            "estblUnivNm": null,
            "estblDprtnNm": null,
            "estblYear": null,
            "estblDprtnCd": null,
            "estblSmstrSctnm": null,
            "estblSmstrSctcd": null,
            "estblGrade": null,
            "sbjetSctnm": null,
            "sbjetNm": null,
            "sbjetDvnno": null,
            "sbjetCd": null,
            "gubun": null,
            "pckgeRqstPssblYn": null,
            "pckgeRqstCnt": null,
            "name": "\uc870\uacbd\ud559\uc804\uacf5",
            "rmrk": null,
            "appcrCnt": null,
            "attlcPrscpCnt": null,
            "lssnsTimeInfo": null,
            "lssnsRealTimeInfo": null,
            "prctsTime": null,
            "doPlan": null,
            "thryTime": null,
            "totalPrfssNm": null,
            "mngetEstblYn": null,
            "code": "170S03",
            "crdit": null,
            "expniSllbsYn": null,
            "bldngSn": null,
            "bldngCd": null,
            "bldngNm": null,
            "lssnsLcttmUntcd": null,
            "sbjetSctcd2": null,
            "rmnmCd": null,
            "isApi": null,
            "paging": false,
            "rowStatus": "R",
            "pageSort": null
        },
        {
            "rowIndex": 0,
            "success": false,
            "message": null,
            "pageSize": 100,
            "pageNum": 1,
            "lctreMthodNm": null,
            "lctrmInfo": null,
            "lctreLnggeSctcd": null,
            "crseNo": null,
            "estblUnivNm": null,
            "estblDprtnNm": null,
            "estblYear": null,
            "estblDprtnCd": null,
            "estblSmstrSctnm": null,
            "estblSmstrSctcd": null,
            "estblGrade": null,
            "sbjetSctnm": null,
            "sbjetNm": null,
            "sbjetDvnno": null,
            "sbjetCd": null,
            "gubun": null,
            "pckgeRqstPssblYn": null,
            "pckgeRqstCnt": null,
            "name": "\ud658\uacbd\uc0dd\uba85\ud654\ud559\uc804\uacf5",
            "rmrk": null,
            "appcrCnt": null,
            "attlcPrscpCnt": null,
            "lssnsTimeInfo": null,
            "lssnsRealTimeInfo": null,
            "prctsTime": null,
            "doPlan": null,
            "thryTime": null,
            "totalPrfssNm": null,
            "mngetEstblYn": null,
            "code": "170B04",
            "crdit": null,
            "expniSllbsYn": null,
            "bldngSn": null,
            "bldngCd": null,
            "bldngNm": null,
            "lssnsLcttmUntcd": null,
            "sbjetSctcd2": null,
            "rmnmCd": null,
            "isApi": null,
            "paging": false,
            "rowStatus": "R",
            "pageSort": null
        }
    ],
    "statusCode": 200
}