{
    "timestamp": "2022-04-28T22:15:43.483",
    "success": true,
    "code": null,
    "msg": null,
    "data": [
        {
            "rowIndex": 0,
            "success": false,
            "message": null,
            "pageSize": 100,
            "pageNum": 1,
            "lctreMthodNm": null,
            "lctrmInfo": null,
            "lctreLnggeSctcd": null,
            "crseNo": null,
            "estblUnivNm": null,
            "estblDprtnNm": null,
            "estblYear": null,
            "estblDprtnCd": null,
            "estblSmstrSctnm": null,
            "estblSmstrSctcd": null,
            "estblGrade": null,
            "sbjetSctnm": null,
            "sbjetNm": null,
            "sbjetDvnno": null,
            "sbjetCd": null,
            "gubun": null,
            "pckgeRqstPssblYn": null,
            "pckgeRqstCnt": null,
            "name": "\uac74\uc124\ubc29\uc7ac\uacf5\ud559\ubd80",
            "rmrk": null,
            "appcrCnt": null,
            "attlcPrscpCnt": null,
            "lssnsTimeInfo": null,
            "lssnsRealTimeInfo": null,
            "prctsTime": null,
            "doPlan": null,
            "thryTime": null,
            "totalPrfssNm": null,
            "mngetEstblYn": null,
            "code": "1U01",
            "crdit": null,
            "expniSllbsYn": null,
            "bldngSn": null,
            "bldngCd": null,
            "bldngNm": null,
            "lssnsLcttmUntcd": null,
            "sbjetSctcd2": null,
            "rmnmCd": null,
            "isApi": null,
            "paging": false,
            "rowStatus": "R",
            "pageSort": null
        },
        {
            "rowIndex": 0,
            "success": false,
            "message": null,
            "pageSize": 100,
            "pageNum": 1,
            "lctreMthodNm": null,
            "lctrmInfo": null,
            "lctreLnggeSctcd": null,
            "crseNo": null,
            "estblUnivNm": null,
            "estblDprtnNm": null,
            "estblYear": null,
            "estblDprtnCd": null,
            "estblSmstrSctnm": null,
            "estblSmstrSctcd": null,
            "estblGrade": null,
            "sbjetSctnm": null,
            "sbjetNm": null,
            "sbjetDvnno": null,
            "sbjetCd": null,
            "gubun": null,
            "pckgeRqstPssblYn": null,
            "pckgeRqstCnt": null,
            "name": "\uac74\uc124\ubc29\uc7ac\uacf5\ud559\uc804\uacf5",
            "rmrk": null,
            "appcrCnt": null,
            "attlcPrscpCnt": null,
            "lssnsTimeInfo": null,
            "lssnsRealTimeInfo": null,
            "prctsTime": null,
            "doPlan": null,
            "thryTime": null,
            "totalPrfssNm": null,
            "mngetEstblYn": null,
            "code": "1U0101",
            "crdit": null,
            "expniSllbsYn": null,
            "bldngSn": null,
            "bldngCd": null,
            "bldngNm": null,
            "lssnsLcttmUntcd": null,
            "sbjetSctcd2": null,
            "rmnmCd": null,
            "isApi": null,
            "paging": false,
            "rowStatus": "R",
            "pageSort": null
        },
        {
            "rowIndex": 0,
            "success": false,
            "message": null,
            "pageSize": 100,
            "pageNum": 1,
            "lctreMthodNm": null,
            "lctrmInfo": null,
            "lctreLnggeSctcd": null,
            "crseNo": null,
            "estblUnivNm": null,
            "estblDprtnNm": null,
            "estblYear": null,
            "estblDprtnCd": null,
            "estblSmstrSctnm": null,
            "estblSmstrSctcd": null,
            "estblGrade": null,
            "sbjetSctnm": null,
            "sbjetNm": null,
            "sbjetDvnno": null,
            "sbjetCd": null,
            "gubun": null,
            "pckgeRqstPssblYn": null,
            "pckgeRqstCnt": null,
            "name": "\uac74\uc124\ud658\uacbd\uacf5\ud559\uc804\uacf5",
            "rmrk": null,
            "appcrCnt": null,
            "attlcPrscpCnt": null,
            "lssnsTimeInfo": null,
            "lssnsRealTimeInfo": null,
            "prctsTime": null,
            "doPlan": null,
            "thryTime": null,
            "totalPrfssNm": null,
            "mngetEstblYn": null,
            "code": "1U0102",
            "crdit": null,
            "expniSllbsYn": null,
            "bldngSn": null,
            "bldngCd": null,
            "bldngNm": null,
            "lssnsLcttmUntcd": null,
            "sbjetSctcd2": null,
            "rmnmCd": null,
            "isApi": null,
            "paging": false,
            "rowStatus": "R",
            "pageSort": null
        },
        {
            "rowIndex": 0,
            "success": false,
            "message": null,
            "pageSize": 100,
            "pageNum": 1,
            "lctreMthodNm": null,
            "lctrmInfo": null,
            "lctreLnggeSctcd": null,
            "crseNo": null,
            "estblUnivNm": null,
            "estblDprtnNm": null,
            "estblYear": null,
            "estblDprtnCd": null,
            "estblSmstrSctnm": null,
            "estblSmstrSctcd": null,
            "estblGrade": null,
            "sbjetSctnm": null,
            "sbjetNm": null,
            "sbjetDvnno": null,
            "sbjetCd": null,
            "gubun": null,
            "pckgeRqstPssblYn": null,
            "pckgeRqstCnt": null,
            "name": "\ub098\ub178\uc18c\uc7ac\uacf5\ud559\ubd80",
            "rmrk": null,
            "appcrCnt": null,
            "attlcPrscpCnt": null,
            "lssnsTimeInfo": null,
            "lssnsRealTimeInfo": null,
            "prctsTime": null,
            "doPlan": null,
            "thryTime": null,
            "totalPrfssNm": null,
            "mngetEstblYn": null,
            "code": "1U07",
            "crdit": null,
            "expniSllbsYn": null,
            "bldngSn": null,
            "bldngCd": null,
            "bldngNm": null,
            "lssnsLcttmUntcd": null,
            "sbjetSctcd2": null,
            "rmnmCd": null,
            "isApi": null,
            "paging": false,
            "rowStatus": "R",
            "pageSort": null
        },
        {
            "rowIndex": 0,
            "success": false,
            "message": null,
            "pageSize": 100,
            "pageNum": 1,
            "lctreMthodNm": null,
            "lctrmInfo": null,
            "lctreLnggeSctcd": null,
            "crseNo": null,
            "estblUnivNm": null,
            "estblDprtnNm": null,
            "estblYear": null,
            "estblDprtnCd": null,
            "estblSmstrSctnm": null,
            "estblSmstrSctcd": null,
            "estblGrade": null,
            "sbjetSctnm": null,
            "sbjetNm": null,
            "sbjetDvnno": null,
            "sbjetCd": null,
            "gubun": null,
            "pckgeRqstPssblYn": null,
            "pckgeRqstCnt": null,
            "name": "\uc12c\uc720\uacf5\ud559\uc804\uacf5",
            "rmrk": null,
            "appcrCnt": null,
            "attlcPrscpCnt": null,
            "lssnsTimeInfo": null,
            "lssnsRealTimeInfo": null,
            "prctsTime": null,
            "doPlan": null,
            "thryTime": null,
            "totalPrfssNm": null,
            "mngetEstblYn": null,
            "code": "1U0A01",
            "crdit": null,
            "expniSllbsYn": null,
            "bldngSn": null,
            "bldngCd": null,
            "bldngNm": null,
            "lssnsLcttmUntcd": null,
            "sbjetSctcd2": null,
            "rmnmCd": null,
            "isApi": null,
            "paging": false,
            "rowStatus": "R",
            "pageSort": null
        },
        {
            "rowIndex": 0,
            "success": false,
            "message": null,
            "pageSize": 100,
            "pageNum": 1,
            "lctreMthodNm": null,
            "lctrmInfo": null,
            "lctreLnggeSctcd": null,
            "crseNo": null,
            "estblUnivNm": null,
            "estblDprtnNm": null,
            "estblYear": null,
            "estblDprtnCd": null,
            "estblSmstrSctnm": null,
            "estblSmstrSctcd": null,
            "estblGrade": null,
            "sbjetSctnm": null,
            "sbjetNm": null,
            "sbjetDvnno": null,
            "sbjetCd": null,
            "gubun": null,
            "pckgeRqstPssblYn": null,
            "pckgeRqstCnt": null,
            "name": "\uc18c\ud504\ud2b8\uc6e8\uc5b4\ud559\uacfc",
            "rmrk": null,
            "appcrCnt": null,
            "attlcPrscpCnt": null,
            "lssnsTimeInfo": null,
            "lssnsRealTimeInfo": null,
            "prctsTime": null,
            "doPlan": null,
            "thryTime": null,
            "totalPrfssNm": null,
            "mngetEstblYn": null,
            "code": "1U0K",
            "crdit": null,
            "expniSllbsYn": null,
            "bldngSn": null,
            "bldngCd": null,
            "bldngNm": null,
            "lssnsLcttmUntcd": null,
            "sbjetSctcd2": null,
            "rmnmCd": null,
            "isApi": null,
            "paging": false,
            "rowStatus": "R",
            "pageSort": null
        },
        {
            "rowIndex": 0,
            "success": false,
            "message": null,
            "pageSize": 100,
            "pageNum": 1,
            "lctreMthodNm": null,
            "lctrmInfo": null,
            "lctreLnggeSctcd": null,
            "crseNo": null,
            "estblUnivNm": null,
            "estblDprtnNm": null,
            "estblYear": null,
            "estblDprtnCd": null,
            "estblSmstrSctnm": null,
            "estblSmstrSctcd": null,
            "estblGrade": null,
            "sbjetSctnm": null,
            "sbjetNm": null,
            "sbjetDvnno": null,
            "sbjetCd": null,
            "gubun": null,
            "pckgeRqstPssblYn": null,
            "pckgeRqstCnt": null,
            "name": "\uc2dd\ud488\uc678\uc2dd\uc0b0\uc5c5\ud559\uacfc",
            "rmrk": null,
            "appcrCnt": null,
            "attlcPrscpCnt": null,
            "lssnsTimeInfo": null,
            "lssnsRealTimeInfo": null,
            "prctsTime": null,
            "doPlan": null,
            "thryTime": null,
            "totalPrfssNm": null,
            "mngetEstblYn": null,
            "code": "1U08",
            "crdit": null,
            "expniSllbsYn": null,
            "bldngSn": null,
            "bldngCd": null,
            "bldngNm": null,
            "lssnsLcttmUntcd": null,
            "sbjetSctcd2": null,
            "rmnmCd": null,
            "isApi": null,
            "paging": false,
            "rowStatus": "R",
            "pageSort": null
        },
        {
            "rowIndex": 0,
            "success": false,
            "message": null,
            "pageSize": 100,
            "pageNum": 1,
            "lctreMthodNm": null,
            "lctrmInfo": null,
            "lctreLnggeSctcd": null,
            "crseNo": null,
            "estblUnivNm": null,
            "estblDprtnNm": null,
            "estblYear": null,
            "estblDprtnCd": null,
            "estblSmstrSctnm": null,
            "estblSmstrSctcd": null,
            "estblGrade": null,
            "sbjetSctnm": null,
            "sbjetNm": null,
            "sbjetDvnno": null,
            "sbjetCd": null,
            "gubun": null,
            "pckgeRqstPssblYn": null,
            "pckgeRqstCnt": null,
            "name": "\uc2e0\uc18c\uc7ac\uacf5\ud559\uc804\uacf5",
            "rmrk": null,
            "appcrCnt": null,
            "attlcPrscpCnt": null,
            "lssnsTimeInfo": null,
            "lssnsRealTimeInfo": null,
            "prctsTime": null,
            "doPlan": null,
            "thryTime": null,
            "totalPrfssNm": null,
            "mngetEstblYn": null,
            "code": "1U0701",
            "crdit": null,
            "expniSllbsYn": null,
            "bldngSn": null,
            "bldngCd": null,
            "bldngNm": null,
            "lssnsLcttmUntcd": null,
            "sbjetSctcd2": null,
            "rmnmCd": null,
            "isApi": null,
            "paging": false,
            "rowStatus": "R",
            "pageSort": null
        },
        {
            "rowIndex": 0,
            "success": false,
            "message": null,
            "pageSize": 100,
            "pageNum": 1,
            "lctreMthodNm": null,
            "lctrmInfo": null,
            "lctreLnggeSctcd": null,
            "crseNo": null,
            "estblUnivNm": null,
            "estblDprtnNm": null,
            "estblYear": null,
            "estblDprtnCd": null,
            "estblSmstrSctnm": null,
            "estblSmstrSctcd": null,
            "estblGrade": null,
            "sbjetSctnm": null,
            "sbjetNm": null,
            "sbjetDvnno": null,
            "sbjetCd": null,
            "gubun": null,
            "pckgeRqstPssblYn": null,
            "pckgeRqstCnt": null,
            "name": "\uc5d0\ub108\uc9c0\ud654\uacf5\uc804\uacf5",
            "rmrk": null,
            "appcrCnt": null,
            "attlcPrscpCnt": null,
            "lssnsTimeInfo": null,
            "lssnsRealTimeInfo": null,
            "prctsTime": null,
            "doPlan": null,
            "thryTime": null,
            "totalPrfssNm": null,
            "mngetEstblYn": null,
            "code": "1U0703",
            "crdit": null,
            "expniSllbsYn": null,
            "bldngSn": null,
            "bldngCd": null,
            "bldngNm": null,
            "lssnsLcttmUntcd": null,
            "sbjetSctcd2": null,
            "rmnmCd": null,
            "isApi": null,
            "paging": false,
            "rowStatus": "R",
            "pageSort": null
        },
        {
            "rowIndex": 0,
            "success": false,
            "message": null,
            "pageSize": 100,
            "pageNum": 1,
            "lctreMthodNm": null,
            "lctrmInfo": null,
            "lctreLnggeSctcd": null,
            "crseNo": null,
            "estblUnivNm": null,
            "estblDprtnNm": null,
            "estblYear": null,
            "estblDprtnCd": null,
            "estblSmstrSctnm": null,
            "estblSmstrSctcd": null,
            "estblGrade": null,
            "sbjetSctnm": null,
            "sbjetNm": null,
            "sbjetDvnno": null,
            "sbjetCd": null,
            "gubun": null,
            "pckgeRqstPssblYn": null,
            "pckgeRqstCnt": null,
            "name": "\uc735\ubcf5\ud569\uc2dc\uc2a4\ud15c\uacf5\ud559\ubd80",
            "rmrk": null,
            "appcrCnt": null,
            "attlcPrscpCnt": null,
            "lssnsTimeInfo": null,
            "lssnsRealTimeInfo": null,
            "prctsTime": null,
            "doPlan": null,
            "thryTime": null,
            "totalPrfssNm": null,
            "mngetEstblYn": null,
            "code": "1U0I",
            "crdit": null,
            "expniSllbsYn": null,
            "bldngSn": null,
            "bldngCd": null,
            "bldngNm": null,
            "lssnsLcttmUntcd": null,
            "sbjetSctcd2": null,
            "rmnmCd": null,
            "isApi": null,
            "paging": false,
            "rowStatus": "R",
            "pageSort": null
        },
        {
            "rowIndex": 0,
            "success": false,
            "message": null,
            "pageSize": 100,
            "pageNum": 1,
            "lctreMthodNm": null,
            "lctrmInfo": null,
            "lctreLnggeSctcd": null,
            "crseNo": null,
            "estblUnivNm": null,
            "estblDprtnNm": null,
            "estblYear": null,
            "estblDprtnCd": null,
            "estblSmstrSctnm": null,
            "estblSmstrSctcd": null,
            "estblGrade": null,
            "sbjetSctnm": null,
            "sbjetNm": null,
            "sbjetDvnno": null,
            "sbjetCd": null,
            "gubun": null,
            "pckgeRqstPssblYn": null,
            "pckgeRqstCnt": null,
            "name": "\uc790\ub3d9\ucc28\uacf5\ud559\ubd80",
            "rmrk": null,
            "appcrCnt": null,
            "attlcPrscpCnt": null,
            "lssnsTimeInfo": null,
            "lssnsRealTimeInfo": null,
            "prctsTime": null,
            "doPlan": null,
            "thryTime": null,
            "totalPrfssNm": null,
            "mngetEstblYn": null,
            "code": "1U03",
            "crdit": null,
            "expniSllbsYn": null,
            "bldngSn": null,
            "bldngCd": null,
            "bldngNm": null,
            "lssnsLcttmUntcd": null,
            "sbjetSctcd2": null,
            "rmnmCd": null,
            "isApi": null,
            "paging": false,
            "rowStatus": "R",
            "pageSort": null
        },
        {
            "rowIndex": 0,
            "success": false,
            "message": null,
            "pageSize": 100,
            "pageNum": 1,
            "lctreMthodNm": null,
            "lctrmInfo": null,
            "lctreLnggeSctcd": null,
            "crseNo": null,
            "estblUnivNm": null,
            "estblDprtnNm": null,
            "estblYear": null,
            "estblDprtnCd": null,
            "estblSmstrSctnm": null,
            "estblSmstrSctcd": null,
            "estblGrade": null,
            "sbjetSctnm": null,
            "sbjetNm": null,
            "sbjetDvnno": null,
            "sbjetCd": null,
            "gubun": null,
            "pckgeRqstPssblYn": null,
            "pckgeRqstCnt": null,
            "name": "\uc815\ubc00\uae30\uacc4\uacf5\ud559\uacfc",
            "rmrk": null,
            "appcrCnt": null,
            "attlcPrscpCnt": null,
            "lssnsTimeInfo": null,
            "lssnsRealTimeInfo": null,
            "prctsTime": null,
            "doPlan": null,
            "thryTime": null,
            "totalPrfssNm": null,
            "mngetEstblYn": null,
            "code": "1U02",
            "crdit": null,
            "expniSllbsYn": null,
            "bldngSn": null,
            "bldngCd": null,
            "bldngNm": null,
            "lssnsLcttmUntcd": null,
            "sbjetSctcd2": null,
            "rmnmCd": null,
            "isApi": null,
            "paging": false,
            "rowStatus": "R",
            "pageSort": null
        },
        {
            "rowIndex": 0,
            "success": false,
            "message": null,
            "pageSize": 100,
            "pageNum": 1,
            "lctreMthodNm": null,
            "lctrmInfo": null,
            "lctreLnggeSctcd": null,
            "crseNo": null,
            "estblUnivNm": null,
            "estblDprtnNm": null,
            "estblYear": null,
            "estblDprtnCd": null,
            "estblSmstrSctnm": null,
            "estblSmstrSctcd": null,
            "estblGrade": null,
            "sbjetSctnm": null,
            "sbjetNm": null,
            "sbjetDvnno": null,
            "sbjetCd": null,
            "gubun": null,
            "pckgeRqstPssblYn": null,
            "pckgeRqstCnt": null,
            "name": "\uc9c0\ub2a5\ud615\uc790\ub3d9\ucc28\uc804\uacf5",
            "rmrk": null,
            "appcrCnt": null,
            "attlcPrscpCnt": null,
            "lssnsTimeInfo": null,
            "lssnsRealTimeInfo": null,
            "prctsTime": null,
            "doPlan": null,
            "thryTime": null,
            "totalPrfssNm": null,
            "mngetEstblYn": null,
            "code": "1U0302",
            "crdit": null,
            "expniSllbsYn": null,
            "bldngSn": null,
            "bldngCd": null,
            "bldngNm": null,
            "lssnsLcttmUntcd": null,
            "sbjetSctcd2": null,
            "rmnmCd": null,
            "isApi": null,
            "paging": false,
            "rowStatus": "R",
            "pageSort": null
        },
        {
            "rowIndex": 0,
            "success": false,
            "message": null,
            "pageSize": 100,
            "pageNum": 1,
            "lctreMthodNm": null,
            "lctrmInfo": null,
            "lctreLnggeSctcd": null,
            "crseNo": null,
            "estblUnivNm": null,
            "estblDprtnNm": null,
            "estblYear": null,
            "estblDprtnCd": null,
            "estblSmstrSctnm": null,
            "estblSmstrSctcd": null,
            "estblGrade": null,
            "sbjetSctnm": null,
            "sbjetNm": null,
            "sbjetDvnno": null,
            "sbjetCd": null,
            "gubun": null,
            "pckgeRqstPssblYn": null,
            "pckgeRqstCnt": null,
            "name": "\uce58\uc704\uc0dd\ud559\uacfc",
            "rmrk": null,
            "appcrCnt": null,
            "attlcPrscpCnt": null,
            "lssnsTimeInfo": null,
            "lssnsRealTimeInfo": null,
            "prctsTime": null,
            "doPlan": null,
            "thryTime": null,
            "totalPrfssNm": null,
            "mngetEstblYn": null,
            "code": "1U0J",
            "crdit": null,
            "expniSllbsYn": null,
            "bldngSn": null,
            "bldngCd": null,
            "bldngNm": null,
            "lssnsLcttmUntcd": null,
            "sbjetSctcd2": null,
            "rmnmCd": null,
            "isApi": null,
            "paging": false,
            "rowStatus": "R",
            "pageSort": null
        },
        {
            "rowIndex": 0,
            "success": false,
            "message": null,
            "pageSize": 100,
            "pageNum": 1,
            "lctreMthodNm": null,
            "lctrmInfo": null,
            "lctreLnggeSctcd": null,
            "crseNo": null,
            "estblUnivNm": null,
            "estblDprtnNm": null,
            "estblYear": null,
            "estblDprtnCd": null,
            "estblSmstrSctnm": null,
            "estblSmstrSctcd": null,
            "estblGrade": null,
            "sbjetSctnm": null,
            "sbjetNm": null,
            "sbjetDvnno": null,
            "sbjetCd": null,
            "gubun": null,
            "pckgeRqstPssblYn": null,
            "pckgeRqstCnt": null,
            "name": "\uce5c\ud658\uacbd\uc790\ub3d9\ucc28\uc804\uacf5",
            "rmrk": null,
            "appcrCnt": null,
            "attlcPrscpCnt": null,
            "lssnsTimeInfo": null,
            "lssnsRealTimeInfo": null,
            "prctsTime": null,
            "doPlan": null,
            "thryTime": null,
            "totalPrfssNm": null,
            "mngetEstblYn": null,
            "code": "1U0301",
            "crdit": null,
            "expniSllbsYn": null,
            "bldngSn": null,
            "bldngCd": null,
            "bldngNm": null,
            "lssnsLcttmUntcd": null,
            "sbjetSctcd2": null,
            "rmnmCd": null,
            "isApi": null,
            "paging": false,
            "rowStatus": "R",
            "pageSort": null
        },
        {
            "rowIndex": 0,
            "success": false,
            "message": null,
            "pageSize": 100,
            "pageNum": 1,
            "lctreMthodNm": null,
            "lctrmInfo": null,
            "lctreLnggeSctcd": null,
            "crseNo": null,
            "estblUnivNm": null,
            "estblDprtnNm": null,
            "estblYear": null,
            "estblDprtnCd": null,
            "estblSmstrSctnm": null,
            "estblSmstrSctcd": null,
            "estblGrade": null,
            "sbjetSctnm": null,
            "sbjetNm": null,
            "sbjetDvnno": null,
            "sbjetCd": null,
            "gubun": null,
            "pckgeRqstPssblYn": null,
            "pckgeRqstCnt": null,
            "name": "\ud328\uc158\ub514\uc790\uc778\uc804\uacf5",
            "rmrk": null,
            "appcrCnt": null,
            "attlcPrscpCnt": null,
            "lssnsTimeInfo": null,
            "lssnsRealTimeInfo": null,
            "prctsTime": null,
            "doPlan": null,
            "thryTime": null,
            "totalPrfssNm": null,
            "mngetEstblYn": null,
            "code": "1U0A02",
            "crdit": null,
            "expniSllbsYn": null,
            "bldngSn": null,
            "bldngCd": null,
            "bldngNm": null,
            "lssnsLcttmUntcd": null,
            "sbjetSctcd2": null,
            "rmnmCd": null,
            "isApi": null,
            "paging": false,
            "rowStatus": "R",
            "pageSort": null
        },
        {
            "rowIndex": 0,
            "success": false,
            "message": null,
            "pageSize": 100,
            "pageNum": 1,
            "lctreMthodNm": null,
            "lctrmInfo": null,
            "lctreLnggeSctcd": null,
            "crseNo": null,
            "estblUnivNm": null,
            "estblDprtnNm": null,
            "estblYear": null,
            "estblDprtnCd": null,
            "estblSmstrSctnm": null,
            "estblSmstrSctcd": null,
            "estblGrade": null,
            "sbjetSctnm": null,
            "sbjetNm": null,
            "sbjetDvnno": null,
            "sbjetCd": null,
            "gubun": null,
            "pckgeRqstPssblYn": null,
            "pckgeRqstCnt": null,
            "name": "\ud50c\ub79c\ud2b8\uc2dc\uc2a4\ud15c\uc804\uacf5",
            "rmrk": null,
            "appcrCnt": null,
            "attlcPrscpCnt": null,
            "lssnsTimeInfo": null,
            "lssnsRealTimeInfo": null,
            "prctsTime": null,
            "doPlan": null,
            "thryTime": null,
            "totalPrfssNm": null,
            "mngetEstblYn": null,
            "code": "1U0I02",
            "crdit": null,
            "expniSllbsYn": null,
            "bldngSn": null,
            "bldngCd": null,
            "bldngNm": null,
            "lssnsLcttmUntcd": null,
            "sbjetSctcd2": null,
            "rmnmCd": null,
            "isApi": null,
            "paging": false,
            "rowStatus": "R",
            "pageSort": null
        },
        {
            "rowIndex": 0,
            "success": false,
            "message": null,
            "pageSize": 100,
            "pageNum": 1,
            "lctreMthodNm": null,
            "lctrmInfo": null,
            "lctreLnggeSctcd": null,
            "crseNo": null,
            "estblUnivNm": null,
            "estblDprtnNm": null,
            "estblYear": null,
            "estblDprtnCd": null,
            "estblSmstrSctnm": null,
            "estblSmstrSctcd": null,
            "estblGrade": null,
            "sbjetSctnm": null,
            "sbjetNm": null,
            "sbjetDvnno": null,
            "sbjetCd": null,
            "gubun": null,
            "pckgeRqstPssblYn": null,
            "pckgeRqstCnt": null,
            "name": "\ud56d\uacf5\uc704\uc131\uc2dc\uc2a4\ud15c\uc804\uacf5",
            "rmrk": null,
            "appcrCnt": null,
            "attlcPrscpCnt": null,
            "lssnsTimeInfo": null,
            "lssnsRealTimeInfo": null,
            "prctsTime": null,
            "doPlan": null,
            "thryTime": null,
            "totalPrfssNm": null,
            "mngetEstblYn": null,
            "code": "1U0I01",
            "crdit": null,
            "expniSllbsYn": null,
            "bldngSn": null,
            "bldngCd": null,
            "bldngNm": null,
            "lssnsLcttmUntcd": null,
            "sbjetSctcd2": null,
            "rmnmCd": null,
            "isApi": null,
            "paging": false,
            "rowStatus": "R",
            "pageSort": null
        }
    ],
    "statusCode": 200
}