{
    "timestamp": "2022-04-28T22:15:40.644",
    "success": true,
    "code": null,
    "msg": null,
    "data": [
        {
            "rowIndex": 0,
            "success": false,
            "message": null,
            "pageSize": 100,
            "pageNum": 1,
            "lctreMthodNm": null,
            "lctrmInfo": null,
            "lctreLnggeSctcd": null,
            "crseNo": null,
            "estblUnivNm": null,
            "estblDprtnNm": null,
            "estblYear": null,
            "estblDprtnCd": null,
            "estblSmstrSctnm": null,
            "estblSmstrSctcd": null,
            "estblGrade": null,
            "sbjetSctnm": null,
            "sbjetNm": null,
            "sbjetDvnno": null,
            "sbjetCd": null,
            "gubun": null,
            "pckgeRqstPssblYn": null,
            "pckgeRqstCnt": null,
            "name": "IT\uc815\uce58\uc735\ud569\uc804\uacf5",
            "rmrk": null,
            "appcrCnt": null,
            "attlcPrscpCnt": null,
            "lssnsTimeInfo": null,
            "lssnsRealTimeInfo": null,
            "prctsTime": null,
            "doPlan": null,
            "thryTime": null,
            "totalPrfssNm": null,
            "mngetEstblYn": null,
            "code": "120B",
            "crdit": null,
            "expniSllbsYn": null,
            "bldngSn": null,
            "bldngCd": null,
            "bldngNm": null,
            "lssnsLcttmUntcd": null,
            "sbjetSctcd2": null,
            "rmnmCd": null,
            "isApi": null,
            "paging": false,
            "rowStatus": "R",
            "pageSort": null
        },
        {
            "rowIndex": 0,
            "success": false,
            "message": null,
            "pageSize": 100,
            "pageNum": 1,
            "lctreMthodNm": null,
            "lctrmInfo": null,
            "lctreLnggeSctcd": null,
            "crseNo": null,
            "estblUnivNm": null,
            "estblDprtnNm": null,
            "estblYear": null,
            "estblDprtnCd": null,
            "estblSmstrSctnm": null,
            "estblSmstrSctcd": null,
            "estblGrade": null,
            "sbjetSctnm": null,
            "sbjetNm": null,
            "sbjetDvnno": null,
            "sbjetCd": null,
            "gubun": null,
            "pckgeRqstPssblYn": null,
            "pckgeRqstCnt": null,
            "name": "\ub514\uc9c0\ud138\uc815\ubcf4\uad00\ub9ac\uc735\ud569\uc804\uacf5",
            "rmrk": null,
            "appcrCnt": null,
            "attlcPrscpCnt": null,
            "lssnsTimeInfo": null,
            "lssnsRealTimeInfo": null,
            "prctsTime": null,
            "doPlan": null,
            "thryTime": null,
            "totalPrfssNm": null,
            "mngetEstblYn": null,
            "code": "120A",
            "crdit": null,
            "expniSllbsYn": null,
            "bldngSn": null,
            "bldngCd": null,
            "bldngNm": null,
            "lssnsLcttmUntcd": null,
            "sbjetSctcd2": null,
            "rmnmCd": null,
            "isApi": null,
            "paging": false,
            "rowStatus": "R",
            "pageSort": null
        },
        {
            "rowIndex": 0,
            "success": false,
            "message": null,
            "pageSize": 100,
            "pageNum": 1,
            "lctreMthodNm": null,
            "lctrmInfo": null,
            "lctreLnggeSctcd": null,
            "crseNo": null,
            "estblUnivNm": null,
            "estblDprtnNm": null,
            "estblYear": null,
            "estblDprtnCd": null,
            "estblSmstrSctnm": null,
            "estblSmstrSctcd": null,
            "estblGrade": null,
            "sbjetSctnm": null,
            "sbjetNm": null,
            "sbjetDvnno": null,
            "sbjetCd": null,
            "gubun": null,
            "pckgeRqstPssblYn": null,
            "pckgeRqstCnt": null,
            "name": "\ubb38\ud5cc\uc815\ubcf4\ud559\uacfc",
            "rmrk": null,
            "appcrCnt": null,
            "attlcPrscpCnt": null,
            "lssnsTimeInfo": null,
            "lssnsRealTimeInfo": null,
            "prctsTime": null,
            "doPlan": null,
            "thryTime": null,
            "totalPrfssNm": null,
            "mngetEstblYn": null,
            "code": "1204",
            "crdit": null,
            "expniSllbsYn": null,
            "bldngSn": null,
            "bldngCd": null,
            "bldngNm": null,
            "lssnsLcttmUntcd": null,
            "sbjetSctcd2": null,
            "rmnmCd": null,
            "isApi": null,
            "paging": false,
            "rowStatus": "R",
            "pageSort": null
        },
        {
            "rowIndex": 0,
            "success": false,
            "message": null,
            "pageSize": 100,
            "pageNum": 1,
            "lctreMthodNm": null,
            "lctrmInfo": null,
            "lctreLnggeSctcd": null,
            "crseNo": null,
            "estblUnivNm": null,
            "estblDprtnNm": null,
            "estblYear": null,
            "estblDprtnCd": null,
            "estblSmstrSctnm": null,
            "estblSmstrSctcd": null,
            "estblGrade": null,
            "sbjetSctnm": null,
            "sbjetNm": null,
            "sbjetDvnno": null,
            "sbjetCd": null,
            "gubun": null,
            "pckgeRqstPssblYn": null,
            "pckgeRqstCnt": null,
            "name": "\ubbf8\ub514\uc5b4\ucee4\ubba4\ub2c8\ucf00\uc774\uc158\ud559\uacfc",
            "rmrk": null,
            "appcrCnt": null,
            "attlcPrscpCnt": null,
            "lssnsTimeInfo": null,
            "lssnsRealTimeInfo": null,
            "prctsTime": null,
            "doPlan": null,
            "thryTime": null,
            "totalPrfssNm": null,
            "mngetEstblYn": null,
            "code": "120D",
            "crdit": null,
            "expniSllbsYn": null,
            "bldngSn": null,
            "bldngCd": null,
            "bldngNm": null,
            "lssnsLcttmUntcd": null,
            "sbjetSctcd2": null,
            "rmnmCd": null,
            "isApi": null,
            "paging": false,
            "rowStatus": "R",
            "pageSort": null
        },
        {
            "rowIndex": 0,
            "success": false,
            "message": null,
            "pageSize": 100,
            "pageNum": 1,
            "lctreMthodNm": null,
            "lctrmInfo": null,
            "lctreLnggeSctcd": null,
            "crseNo": null,
            "estblUnivNm": null,
            "estblDprtnNm": null,
            "estblYear": null,
            "estblDprtnCd": null,
            "estblSmstrSctnm": null,
            "estblSmstrSctcd": null,
            "estblGrade": null,
            "sbjetSctnm": null,
            "sbjetNm": null,
            "sbjetDvnno": null,
            "sbjetCd": null,
            "gubun": null,
            "pckgeRqstPssblYn": null,
            "pckgeRqstCnt": null,
            "name": "\uc0ac\ud68c\ubcf5\uc9c0\uac70\uc2dc\uc804\uacf5",
            "rmrk": null,
            "appcrCnt": null,
            "attlcPrscpCnt": null,
            "lssnsTimeInfo": null,
            "lssnsRealTimeInfo": null,
            "prctsTime": null,
            "doPlan": null,
            "thryTime": null,
            "totalPrfssNm": null,
            "mngetEstblYn": null,
            "code": "120902",
            "crdit": null,
            "expniSllbsYn": null,
            "bldngSn": null,
            "bldngCd": null,
            "bldngNm": null,
            "lssnsLcttmUntcd": null,
            "sbjetSctcd2": null,
            "rmnmCd": null,
            "isApi": null,
            "paging": false,
            "rowStatus": "R",
            "pageSort": null
        },
        {
            "rowIndex": 0,
            "success": false,
            "message": null,
            "pageSize": 100,
            "pageNum": 1,
            "lctreMthodNm": null,
            "lctrmInfo": null,
            "lctreLnggeSctcd": null,
            "crseNo": null,
            "estblUnivNm": null,
            "estblDprtnNm": null,
            "estblYear": null,
            "estblDprtnCd": null,
            "estblSmstrSctnm": null,
            "estblSmstrSctcd": null,
            "estblGrade": null,
            "sbjetSctnm": null,
            "sbjetNm": null,
            "sbjetDvnno": null,
            "sbjetCd": null,
            "gubun": null,
            "pckgeRqstPssblYn": null,
            "pckgeRqstCnt": null,
            "name": "\uc0ac\ud68c\ubcf5\uc9c0\ubbf8\uc2dc\uc804\uacf5",
            "rmrk": null,
            "appcrCnt": null,
            "attlcPrscpCnt": null,
            "lssnsTimeInfo": null,
            "lssnsRealTimeInfo": null,
            "prctsTime": null,
            "doPlan": null,
            "thryTime": null,
            "totalPrfssNm": null,
            "mngetEstblYn": null,
            "code": "120901",
            "crdit": null,
            "expniSllbsYn": null,
            "bldngSn": null,
            "bldngCd": null,
            "bldngNm": null,
            "lssnsLcttmUntcd": null,
            "sbjetSctcd2": null,
            "rmnmCd": null,
            "isApi": null,
            "paging": false,
            "rowStatus": "R",
            "pageSort": null
        },
        {
            "rowIndex": 0,
            "success": false,
            "message": null,
            "pageSize": 100,
            "pageNum": 1,
            "lctreMthodNm": null,
            "lctrmInfo": null,
            "lctreLnggeSctcd": null,
            "crseNo": null,
            "estblUnivNm": null,
            "estblDprtnNm": null,
            "estblYear": null,
            "estblDprtnCd": null,
            "estblSmstrSctnm": null,
            "estblSmstrSctcd": null,
            "estblGrade": null,
            "sbjetSctnm": null,
            "sbjetNm": null,
            "sbjetDvnno": null,
            "sbjetCd": null,
            "gubun": null,
            "pckgeRqstPssblYn": null,
            "pckgeRqstCnt": null,
            "name": "\uc0ac\ud68c\ubcf5\uc9c0\ud559\ubd80",
            "rmrk": null,
            "appcrCnt": null,
            "attlcPrscpCnt": null,
            "lssnsTimeInfo": null,
            "lssnsRealTimeInfo": null,
            "prctsTime": null,
            "doPlan": null,
            "thryTime": null,
            "totalPrfssNm": null,
            "mngetEstblYn": null,
            "code": "1209",
            "crdit": null,
            "expniSllbsYn": null,
            "bldngSn": null,
            "bldngCd": null,
            "bldngNm": null,
            "lssnsLcttmUntcd": null,
            "sbjetSctcd2": null,
            "rmnmCd": null,
            "isApi": null,
            "paging": false,
            "rowStatus": "R",
            "pageSort": null
        },
        {
            "rowIndex": 0,
            "success": false,
            "message": null,
            "pageSize": 100,
            "pageNum": 1,
            "lctreMthodNm": null,
            "lctrmInfo": null,
            "lctreLnggeSctcd": null,
            "crseNo": null,
            "estblUnivNm": null,
            "estblDprtnNm": null,
            "estblYear": null,
            "estblDprtnCd": null,
            "estblSmstrSctnm": null,
            "estblSmstrSctcd": null,
            "estblGrade": null,
            "sbjetSctnm": null,
            "sbjetNm": null,
            "sbjetDvnno": null,
            "sbjetCd": null,
            "gubun": null,
            "pckgeRqstPssblYn": null,
            "pckgeRqstCnt": null,
            "name": "\uc0ac\ud68c\ud559\uacfc",
            "rmrk": null,
            "appcrCnt": null,
            "attlcPrscpCnt": null,
            "lssnsTimeInfo": null,
            "lssnsRealTimeInfo": null,
            "prctsTime": null,
            "doPlan": null,
            "thryTime": null,
            "totalPrfssNm": null,
            "mngetEstblYn": null,
            "code": "1202",
            "crdit": null,
            "expniSllbsYn": null,
            "bldngSn": null,
            "bldngCd": null,
            "bldngNm": null,
            "lssnsLcttmUntcd": null,
            "sbjetSctcd2": null,
            "rmnmCd": null,
            "isApi": null,
            "paging": false,
            "rowStatus": "R",
            "pageSort": null
        },
        {
            "rowIndex": 0,
            "success": false,
            "message": null,
            "pageSize": 100,
            "pageNum": 1,
            "lctreMthodNm": null,
            "lctrmInfo": null,
            "lctreLnggeSctcd": null,
            "crseNo": null,
            "estblUnivNm": null,
            "estblDprtnNm": null,
            "estblYear": null,
            "estblDprtnCd": null,
            "estblSmstrSctnm": null,
            "estblSmstrSctcd": null,
            "estblGrade": null,
            "sbjetSctnm": null,
            "sbjetNm": null,
            "sbjetDvnno": null,
            "sbjetCd": null,
            "gubun": null,
            "pckgeRqstPssblYn": null,
            "pckgeRqstCnt": null,
            "name": "\uc2ec\ub9ac\uc815\ubcf4\uc735\ud569\uc804\uacf5",
            "rmrk": null,
            "appcrCnt": null,
            "attlcPrscpCnt": null,
            "lssnsTimeInfo": null,
            "lssnsRealTimeInfo": null,
            "prctsTime": null,
            "doPlan": null,
            "thryTime": null,
            "totalPrfssNm": null,
            "mngetEstblYn": null,
            "code": "120C",
            "crdit": null,
            "expniSllbsYn": null,
            "bldngSn": null,
            "bldngCd": null,
            "bldngNm": null,
            "lssnsLcttmUntcd": null,
            "sbjetSctcd2": null,
            "rmnmCd": null,
            "isApi": null,
            "paging": false,
            "rowStatus": "R",
            "pageSort": null
        },
        {
            "rowIndex": 0,
            "success": false,
            "message": null,
            "pageSize": 100,
            "pageNum": 1,
            "lctreMthodNm": null,
            "lctrmInfo": null,
            "lctreLnggeSctcd": null,
            "crseNo": null,
            "estblUnivNm": null,
            "estblDprtnNm": null,
            "estblYear": null,
            "estblDprtnCd": null,
            "estblSmstrSctnm": null,
            "estblSmstrSctcd": null,
            "estblGrade": null,
            "sbjetSctnm": null,
            "sbjetNm": null,
            "sbjetDvnno": null,
            "sbjetCd": null,
            "gubun": null,
            "pckgeRqstPssblYn": null,
            "pckgeRqstCnt": null,
            "name": "\uc2ec\ub9ac\ud559\uacfc",
            "rmrk": null,
            "appcrCnt": null,
            "attlcPrscpCnt": null,
            "lssnsTimeInfo": null,
            "lssnsRealTimeInfo": null,
            "prctsTime": null,
            "doPlan": null,
            "thryTime": null,
            "totalPrfssNm": null,
            "mngetEstblYn": null,
            "code": "1205",
            "crdit": null,
            "expniSllbsYn": null,
            "bldngSn": null,
            "bldngCd": null,
            "bldngNm": null,
            "lssnsLcttmUntcd": null,
            "sbjetSctcd2": null,
            "rmnmCd": null,
            "isApi": null,
            "paging": false,
            "rowStatus": "R",
            "pageSort": null
        },
        {
            "rowIndex": 0,
            "success": false,
            "message": null,
            "pageSize": 100,
            "pageNum": 1,
            "lctreMthodNm": null,
            "lctrmInfo": null,
            "lctreLnggeSctcd": null,
            "crseNo": null,
            "estblUnivNm": null,
            "estblDprtnNm": null,
            "estblYear": null,
            "estblDprtnCd": null,
            "estblSmstrSctnm": null,
            "estblSmstrSctcd": null,
            "estblGrade": null,
            "sbjetSctnm": null,
            "sbjetNm": null,
            "sbjetDvnno": null,
            "sbjetCd": null,
            "gubun": null,
            "pckgeRqstPssblYn": null,
            "pckgeRqstCnt": null,
            "name": "\uc815\uce58\uc678\uad50\ud559\uacfc",
            "rmrk": null,
            "appcrCnt": null,
            "attlcPrscpCnt": null,
            "lssnsTimeInfo": null,
            "lssnsRealTimeInfo": null,
            "prctsTime": null,
            "doPlan": null,
            "thryTime": null,
            "totalPrfssNm": null,
            "mngetEstblYn": null,
            "code": "1201",
            "crdit": null,
            "expniSllbsYn": null,
            "bldngSn": null,
            "bldngCd": null,
            "bldngNm": null,
            "lssnsLcttmUntcd": null,
            "sbjetSctcd2": null,
            "rmnmCd": null,
            "isApi": null,
            "paging": false,
            "rowStatus": "R",
            "pageSort": null
        },
        {
            "rowIndex": 0,
            "success": false,
            "message": null,
            "pageSize": 100,
            "pageNum": 1,
            "lctreMthodNm": null,
            "lctrmInfo": null,
            "lctreLnggeSctcd": null,
            "crseNo": null,
            "estblUnivNm": null,
            "estblDprtnNm": null,
            "estblYear": null,
            "estblDprtnCd": null,
            "estblSmstrSctnm": null,
            "estblSmstrSctcd": null,
            "estblGrade": null,
            "sbjetSctnm": null,
            "sbjetNm": null,
            "sbjetDvnno": null,
            "sbjetCd": null,
            "gubun": null,
            "pckgeRqstPssblYn": null,
            "pckgeRqstCnt": null,
            "name": "\uc9c0\ub9ac\ud559\uacfc",
            "rmrk": null,
            "appcrCnt": null,
            "attlcPrscpCnt": null,
            "lssnsTimeInfo": null,
            "lssnsRealTimeInfo": null,
            "prctsTime": null,
            "doPlan": null,
            "thryTime": null,
            "totalPrfssNm": null,
            "mngetEstblYn": null,
            "code": "1203",
            "crdit": null,
            "expniSllbsYn": null,
            "bldngSn": null,
            "bldngCd": null,
            "bldngNm": null,
            "lssnsLcttmUntcd": null,
            "sbjetSctcd2": null,
            "rmnmCd": null,
            "isApi": null,
            "paging": false,
            "rowStatus": "R",
            "pageSort": null
        }
    ],
    "statusCode": 200
}