{
    "timestamp": "2022-04-28T23:14:50.322",
    "success": true,
    "code": null,
    "msg": null,
    "data": [
        {
            "rowIndex": 0,
            "success": false,
            "message": null,
            "pageSize": 100,
            "pageNum": 1,
            "lctreMthodNm": "\ub300\uba74",
            "lctrmInfo": "\ubc95\uacfc\ub300\ud559(\ubc95\ud559\uc804\ubb38\ub300\ud559\uc6d0)",
            "lctreLnggeSctcd": null,
            "crseNo": "PUAD0453-001",
            "estblUnivNm": "\ud589\uc815\ud559\ubd80",
            "estblDprtnNm": "\ud589\uc815\ud559\ubd80 \uacf5\uacf5\uad00\ub9ac\uc804\uacf5",
            "estblYear": "2022",
            "estblDprtnCd": "1S0101",
            "estblSmstrSctnm": "1\ud559\uae30",
            "estblSmstrSctcd": "CMBS001400001",
            "estblGrade": "3",
            "sbjetSctnm": "\uc804\uacf5",
            "sbjetNm": "\uac08\ub4f1\ud611\uc0c1\ub860",
            "sbjetDvnno": "001",
            "sbjetCd": "PUAD0453",
            "gubun": null,
            "pckgeRqstPssblYn": "Y",
            "pckgeRqstCnt": "63",
            "name": null,
            "rmrk": null,
            "appcrCnt": "42",
            "attlcPrscpCnt": "70",
            "lssnsTimeInfo": "\ud654 1A,1B,2A<br/>\ubaa9 2B,3A,3B",
            "lssnsRealTimeInfo": "\ud654 09:00 ~ 10:30<br/>\ubaa9 10:30 ~ 12:00",
            "prctsTime": "0",
            "doPlan": "Kor",
            "thryTime": "3",
            "totalPrfssNm": "\ud558\ud61c\uc218",
            "mngetEstblYn": "Y",
            "code": null,
            "crdit": "3",
            "expniSllbsYn": "N",
            "bldngSn": null,
            "bldngCd": null,
            "bldngNm": null,
            "lssnsLcttmUntcd": null,
            "sbjetSctcd2": null,
            "rmnmCd": "101",
            "isApi": null,
            "paging": false,
            "rowStatus": "R",
            "pageSort": null
        },
        {
            "rowIndex": 0,
            "success": false,
            "message": null,
            "pageSize": 100,
            "pageNum": 1,
            "lctreMthodNm": "\ub300\uba74",
            "lctrmInfo": "\ubc95\uacfc\ub300\ud559(\ubc95\ud559\uc804\ubb38\ub300\ud559\uc6d0)",
            "lctreLnggeSctcd": null,
            "crseNo": "PUAD0437-001",
            "estblUnivNm": "\ud589\uc815\ud559\ubd80",
            "estblDprtnNm": "\ud589\uc815\ud559\ubd80 \uacf5\uacf5\uad00\ub9ac\uc804\uacf5",
            "estblYear": "2022",
            "estblDprtnCd": "1S0101",
            "estblSmstrSctnm": "1\ud559\uae30",
            "estblSmstrSctcd": "CMBS001400001",
            "estblGrade": "4",
            "sbjetSctnm": "\uc804\uacf5",
            "sbjetNm": "\uc815\ubd80\ud601\uc2e0\ub860",
            "sbjetDvnno": "001",
            "sbjetCd": "PUAD0437",
            "gubun": null,
            "pckgeRqstPssblYn": "Y",
            "pckgeRqstCnt": "10",
            "name": null,
            "rmrk": "\ud50c\ub9bd\ub4dc\ub7ec\ub2dd\uac15\uc88c<br>",
            "appcrCnt": "6",
            "attlcPrscpCnt": "25",
            "lssnsTimeInfo": "\ud654 5B,6A,6B<br/>\ud654 7A,7B,8A",
            "lssnsRealTimeInfo": "\ud654 13:30 ~ 15:00<br/>\ud654 15:00 ~ 16:30",
            "prctsTime": "0",
            "doPlan": "Pre",
            "thryTime": "3",
            "totalPrfssNm": "\ubc15\uc120\uc8fc",
            "mngetEstblYn": "Y",
            "code": null,
            "crdit": "3",
            "expniSllbsYn": "N",
            "bldngSn": null,
            "bldngCd": null,
            "bldngNm": null,
            "lssnsLcttmUntcd": null,
            "sbjetSctcd2": null,
            "rmnmCd": "103",
            "isApi": null,
            "paging": false,
            "rowStatus": "R",
            "pageSort": null
        },
        {
            "rowIndex": 0,
            "success": false,
            "message": null,
            "pageSize": 100,
            "pageNum": 1,
            "lctreMthodNm": "\ube44\ub300\uba74",
            "lctrmInfo": "\ubc95\uacfc\ub300\ud559(\ubc95\ud559\uc804\ubb38\ub300\ud559\uc6d0)",
            "lctreLnggeSctcd": null,
            "crseNo": "JURA0351-001",
            "estblUnivNm": "\ud589\uc815\ud559\ubd80",
            "estblDprtnNm": "\ud589\uc815\ud559\ubd80 \uacf5\uacf5\uad00\ub9ac\uc804\uacf5",
            "estblYear": "2022",
            "estblDprtnCd": "1S0101",
            "estblSmstrSctnm": "1\ud559\uae30",
            "estblSmstrSctcd": "CMBS001400001",
            "estblGrade": "3",
            "sbjetSctnm": "\uc804\uacf5",
            "sbjetNm": "\ud589\uc815\ubc951",
            "sbjetDvnno": "001",
            "sbjetCd": "JURA0351",
            "gubun": null,
            "pckgeRqstPssblYn": "Y",
            "pckgeRqstCnt": "160",
            "name": null,
            "rmrk": null,
            "appcrCnt": "107",
            "attlcPrscpCnt": "99",
            "lssnsTimeInfo": "\ud654 5B,6A,6B<br/>\ubaa9 5B,6A,6B",
            "lssnsRealTimeInfo": "\ud654 13:30 ~ 15:00<br/>\ubaa9 13:30 ~ 15:00",
            "prctsTime": "0",
            "doPlan": "Kor",
            "thryTime": "3",
            "totalPrfssNm": "\uc804\ud6c8",
            "mngetEstblYn": "Y",
            "code": null,
            "crdit": "3",
            "expniSllbsYn": "Y",
            "bldngSn": null,
            "bldngCd": null,
            "bldngNm": null,
            "lssnsLcttmUntcd": null,
            "sbjetSctcd2": null,
            "rmnmCd": "201",
            "isApi": null,
            "paging": false,
            "rowStatus": "R",
            "pageSort": null
        },
        {
            "rowIndex": 0,
            "success": false,
            "message": null,
            "pageSize": 100,
            "pageNum": 1,
            "lctreMthodNm": "\ube44\ub300\uba74",
            "lctrmInfo": "\ubc95\uacfc\ub300\ud559(\ubc95\ud559\uc804\ubb38\ub300\ud559\uc6d0)",
            "lctreLnggeSctcd": null,
            "crseNo": "PUAD0372-001",
            "estblUnivNm": "\ud589\uc815\ud559\ubd80",
            "estblDprtnNm": "\ud589\uc815\ud559\ubd80 \uacf5\uacf5\uad00\ub9ac\uc804\uacf5",
            "estblYear": "2022",
            "estblDprtnCd": "1S0101",
            "estblSmstrSctnm": "1\ud559\uae30",
            "estblSmstrSctcd": "CMBS001400001",
            "estblGrade": "3",
            "sbjetSctnm": "\uc804\uacf5",
            "sbjetNm": "\uc9c0\ubc29\uc7ac\uc815\ub860",
            "sbjetDvnno": "001",
            "sbjetCd": "PUAD0372",
            "gubun": null,
            "pckgeRqstPssblYn": "Y",
            "pckgeRqstCnt": "47",
            "name": null,
            "rmrk": null,
            "appcrCnt": "59",
            "attlcPrscpCnt": "70",
            "lssnsTimeInfo": "\ud654 8B,9A,9B<br/>\ubaa9 8B,9A,9B",
            "lssnsRealTimeInfo": "\ud654 16:30 ~ 18:00<br/>\ubaa9 16:30 ~ 18:00",
            "prctsTime": "0",
            "doPlan": "Kor",
            "thryTime": "3",
            "totalPrfssNm": "\ub0a8\ucc3d\uc6b0",
            "mngetEstblYn": "Y",
            "code": null,
            "crdit": "3",
            "expniSllbsYn": "N",
            "bldngSn": null,
            "bldngCd": null,
            "bldngNm": null,
            "lssnsLcttmUntcd": null,
            "sbjetSctcd2": null,
            "rmnmCd": "201",
            "isApi": null,
            "paging": false,
            "rowStatus": "R",
            "pageSort": null
        }
    ],
    "statusCode": 200
}