{
    "timestamp": "2022-04-28T23:14:46.842",
    "success": true,
    "code": null,
    "msg": null,
    "data": [
        {
            "rowIndex": 0,
            "success": false,
            "message": null,
            "pageSize": 100,
            "pageNum": 1,
            "lctreMthodNm": "\ub300\uba74",
            "lctrmInfo": "\uc0dd\ubb3c\ud559\uad00",
            "lctreLnggeSctcd": null,
            "crseNo": "BIOL0294-002",
            "estblUnivNm": "\uc790\uc5f0\uacfc\ud559\ub300\ud559",
            "estblDprtnNm": "\uc0dd\uba85\uacfc\ud559\ubd80 \uc0dd\ubb3c\ud559\uc804\uacf5",
            "estblYear": "2022",
            "estblDprtnCd": "130701",
            "estblSmstrSctnm": "1\ud559\uae30",
            "estblSmstrSctcd": "CMBS001400001",
            "estblGrade": "2",
            "sbjetSctnm": "\uc804\uacf5",
            "sbjetNm": "\uacc4\ud1b5 \u00b7 \ubd84\ub958\ud559\uc2e4\ud5d8",
            "sbjetDvnno": "002",
            "sbjetCd": "BIOL0294",
            "gubun": null,
            "pckgeRqstPssblYn": "Y",
            "pckgeRqstCnt": "5",
            "name": null,
            "rmrk": null,
            "appcrCnt": "8",
            "attlcPrscpCnt": "15",
            "lssnsTimeInfo": "\uae08 6A,6B<br/>\uae08 7A,7B<br/>\uae08 8A,8B<br/>\uae08 9A,9B",
            "lssnsRealTimeInfo": "\uae08 14:00 ~ 15:00<br/>\uae08 15:00 ~ 16:00<br/>\uae08 16:00 ~ 17:00<br/>\uae08 17:00 ~ 18:00",
            "prctsTime": "4",
            "doPlan": "Kor",
            "thryTime": "0",
            "totalPrfssNm": "\uc724\uc9c4\uc11d<br/>\ucd5c\uad11\uc2dd",
            "mngetEstblYn": "Y",
            "code": null,
            "crdit": "2",
            "expniSllbsYn": "N",
            "bldngSn": null,
            "bldngCd": null,
            "bldngNm": null,
            "lssnsLcttmUntcd": null,
            "sbjetSctcd2": null,
            "rmnmCd": "310",
            "isApi": null,
            "paging": false,
            "rowStatus": "R",
            "pageSort": null
        },
        {
            "rowIndex": 0,
            "success": false,
            "message": null,
            "pageSize": 100,
            "pageNum": 1,
            "lctreMthodNm": "\ub300\uba74",
            "lctrmInfo": "\uc0dd\ubb3c\ud559\uad00",
            "lctreLnggeSctcd": null,
            "crseNo": "BIOL0402-001",
            "estblUnivNm": "\uc790\uc5f0\uacfc\ud559\ub300\ud559",
            "estblDprtnNm": "\uc0dd\uba85\uacfc\ud559\ubd80 \uc0dd\ubb3c\ud559\uc804\uacf5",
            "estblYear": "2022",
            "estblDprtnCd": "130701",
            "estblSmstrSctnm": "1\ud559\uae30",
            "estblSmstrSctcd": "CMBS001400001",
            "estblGrade": "4",
            "sbjetSctnm": "\uc804\uacf5",
            "sbjetNm": "\uc0dd\ubb3c\ud559 \uc5f0\uad6c \ubc0f \uc2e4\ud5d8(\uc885\ud569\uc124\uacc4)",
            "sbjetDvnno": "001",
            "sbjetCd": "BIOL0402",
            "gubun": null,
            "pckgeRqstPssblYn": "Y",
            "pckgeRqstCnt": "17",
            "name": null,
            "rmrk": null,
            "appcrCnt": "20",
            "attlcPrscpCnt": "30",
            "lssnsTimeInfo": "\ud654 5A,5B<br/>\ud654 6A,6B<br/>\ud654 7A,7B<br/>\ud654 8A,8B",
            "lssnsRealTimeInfo": "\ud654 13:00 ~ 14:00<br/>\ud654 14:00 ~ 15:00<br/>\ud654 15:00 ~ 16:00<br/>\ud654 16:00 ~ 17:00",
            "prctsTime": "2",
            "doPlan": "Kor",
            "thryTime": "2",
            "totalPrfssNm": "\uae40\uc815\ud68c",
            "mngetEstblYn": "Y",
            "code": null,
            "crdit": "3",
            "expniSllbsYn": "N",
            "bldngSn": null,
            "bldngCd": null,
            "bldngNm": null,
            "lssnsLcttmUntcd": null,
            "sbjetSctcd2": null,
            "rmnmCd": "B02",
            "isApi": null,
            "paging": false,
            "rowStatus": "R",
            "pageSort": null
        },
        {
            "rowIndex": 0,
            "success": false,
            "message": null,
            "pageSize": 100,
            "pageNum": 1,
            "lctreMthodNm": "\ub300\uba74",
            "lctrmInfo": "\uc0dd\ubb3c\ud559\uad00",
            "lctreLnggeSctcd": null,
            "crseNo": "CLTR0102-001",
            "estblUnivNm": "\uc790\uc5f0\uacfc\ud559\ub300\ud559",
            "estblDprtnNm": "\uc0dd\uba85\uacfc\ud559\ubd80 \uc0dd\ubb3c\ud559\uc804\uacf5",
            "estblYear": "2022",
            "estblDprtnCd": "130701",
            "estblSmstrSctnm": "1\ud559\uae30",
            "estblSmstrSctcd": "CMBS001400001",
            "estblGrade": "1",
            "sbjetSctnm": "\uad50\uc591",
            "sbjetNm": "\uc790\uc5f0\uacfc\ud559\uc758\uc774\ud574",
            "sbjetDvnno": "001",
            "sbjetCd": "CLTR0102",
            "gubun": null,
            "pckgeRqstPssblYn": "N",
            "pckgeRqstCnt": "0",
            "name": null,
            "rmrk": null,
            "appcrCnt": "29",
            "attlcPrscpCnt": "70",
            "lssnsTimeInfo": "\uc218 8B,9A,9B<br/>\uae08 8B,9A,9B",
            "lssnsRealTimeInfo": "\uc218 16:30 ~ 18:00<br/>\uae08 16:30 ~ 18:00",
            "prctsTime": "0",
            "doPlan": "Kor",
            "thryTime": "3",
            "totalPrfssNm": "\uae40\ub3d9\ud76c",
            "mngetEstblYn": "Y",
            "code": null,
            "crdit": "3",
            "expniSllbsYn": "N",
            "bldngSn": null,
            "bldngCd": null,
            "bldngNm": null,
            "lssnsLcttmUntcd": null,
            "sbjetSctcd2": null,
            "rmnmCd": "B04",
            "isApi": null,
            "paging": false,
            "rowStatus": "R",
            "pageSort": null
        },
        {
            "rowIndex": 0,
            "success": false,
            "message": null,
            "pageSize": 100,
            "pageNum": 1,
            "lctreMthodNm": "\ub300\uba74",
            "lctrmInfo": "\uc0dd\uba85\uacf5\ud559\uad00(\uad50\uc591\uacfc\uc815\ub3d9)",
            "lctreLnggeSctcd": null,
            "crseNo": "CLTR0205-007",
            "estblUnivNm": "\uc790\uc5f0\uacfc\ud559\ub300\ud559",
            "estblDprtnNm": "\uc0dd\uba85\uacfc\ud559\ubd80 \uc0dd\ubb3c\ud559\uc804\uacf5",
            "estblYear": "2022",
            "estblDprtnCd": "130701",
            "estblSmstrSctnm": "1\ud559\uae30",
            "estblSmstrSctcd": "CMBS001400001",
            "estblGrade": "1",
            "sbjetSctnm": "\uad50\uc591",
            "sbjetNm": "\ub300\ud559\uae00\uc4f0\uae30",
            "sbjetDvnno": "007",
            "sbjetCd": "CLTR0205",
            "gubun": null,
            "pckgeRqstPssblYn": "N",
            "pckgeRqstCnt": "0",
            "name": null,
            "rmrk": "<b>\uc778\ubb38\uad50\uc591</b><br>",
            "appcrCnt": "19",
            "attlcPrscpCnt": "30",
            "lssnsTimeInfo": "\uc6d4 7A,7B,8A<br/>\uae08 7A,7B,8A",
            "lssnsRealTimeInfo": "\uc6d4 15:00 ~ 16:30<br/>\uae08 15:00 ~ 16:30",
            "prctsTime": "0",
            "doPlan": "Kor",
            "thryTime": "3",
            "totalPrfssNm": "\uae40\uc815\uc2e0",
            "mngetEstblYn": "Y",
            "code": null,
            "crdit": "3",
            "expniSllbsYn": "N",
            "bldngSn": null,
            "bldngCd": null,
            "bldngNm": null,
            "lssnsLcttmUntcd": null,
            "sbjetSctcd2": null,
            "rmnmCd": "209",
            "isApi": null,
            "paging": false,
            "rowStatus": "R",
            "pageSort": null
        },
        {
            "rowIndex": 0,
            "success": false,
            "message": null,
            "pageSize": 100,
            "pageNum": 1,
            "lctreMthodNm": "\ub300\uba74",
            "lctrmInfo": "\uc0dd\ubb3c\ud559\uad00",
            "lctreLnggeSctcd": null,
            "crseNo": "BIED0413-001",
            "estblUnivNm": "\uc790\uc5f0\uacfc\ud559\ub300\ud559",
            "estblDprtnNm": "\uc0dd\uba85\uacfc\ud559\ubd80 \uc0dd\ubb3c\ud559\uc804\uacf5",
            "estblYear": "2022",
            "estblDprtnCd": "130701",
            "estblSmstrSctnm": "1\ud559\uae30",
            "estblSmstrSctcd": "CMBS001400001",
            "estblGrade": "3",
            "sbjetSctnm": "\uc804\uacf5\ud544\uc218",
            "sbjetNm": "\uc0dd\ud0dc\ud559",
            "sbjetDvnno": "001",
            "sbjetCd": "BIED0413",
            "gubun": null,
            "pckgeRqstPssblYn": "Y",
            "pckgeRqstCnt": "35",
            "name": null,
            "rmrk": null,
            "appcrCnt": "35",
            "attlcPrscpCnt": "30",
            "lssnsTimeInfo": "\ud654 8B,9A,9B<br/>\ubaa9 8B,9A,9B",
            "lssnsRealTimeInfo": "\ud654 16:30 ~ 18:00<br/>\ubaa9 16:30 ~ 18:00",
            "prctsTime": "0",
            "doPlan": "Kor",
            "thryTime": "3",
            "totalPrfssNm": "\ucd94\uc5f0\uc2dd",
            "mngetEstblYn": "Y",
            "code": null,
            "crdit": "3",
            "expniSllbsYn": "N",
            "bldngSn": null,
            "bldngCd": null,
            "bldngNm": null,
            "lssnsLcttmUntcd": null,
            "sbjetSctcd2": null,
            "rmnmCd": "318",
            "isApi": null,
            "paging": false,
            "rowStatus": "R",
            "pageSort": null
        },
        {
            "rowIndex": 0,
            "success": false,
            "message": null,
            "pageSize": 100,
            "pageNum": 1,
            "lctreMthodNm": "\ub300\uba74",
            "lctrmInfo": "\uc0dd\ubb3c\ud559\uad00",
            "lctreLnggeSctcd": null,
            "crseNo": "ANSC0432-001",
            "estblUnivNm": "\uc790\uc5f0\uacfc\ud559\ub300\ud559",
            "estblDprtnNm": "\uc0dd\uba85\uacfc\ud559\ubd80 \uc0dd\ubb3c\ud559\uc804\uacf5",
            "estblYear": "2022",
            "estblDprtnCd": "130701",
            "estblSmstrSctnm": "1\ud559\uae30",
            "estblSmstrSctcd": "CMBS001400001",
            "estblGrade": "3",
            "sbjetSctnm": "\uc804\uacf5",
            "sbjetNm": "\ub3d9\ubb3c\uc0dd\ub9ac\ud559",
            "sbjetDvnno": "001",
            "sbjetCd": "ANSC0432",
            "gubun": null,
            "pckgeRqstPssblYn": "Y",
            "pckgeRqstCnt": "29",
            "name": null,
            "rmrk": null,
            "appcrCnt": "29",
            "attlcPrscpCnt": "30",
            "lssnsTimeInfo": "\ud654 2B,3A,3B<br/>\ubaa9 1A,1B,2A",
            "lssnsRealTimeInfo": "\ud654 10:30 ~ 12:00<br/>\ubaa9 09:00 ~ 10:30",
            "prctsTime": "0",
            "doPlan": "Kor",
            "thryTime": "3",
            "totalPrfssNm": "\uc190\uc885\uacbd",
            "mngetEstblYn": "Y",
            "code": null,
            "crdit": "3",
            "expniSllbsYn": "Y",
            "bldngSn": null,
            "bldngCd": null,
            "bldngNm": null,
            "lssnsLcttmUntcd": null,
            "sbjetSctcd2": null,
            "rmnmCd": "318",
            "isApi": null,
            "paging": false,
            "rowStatus": "R",
            "pageSort": null
        },
        {
            "rowIndex": 0,
            "success": false,
            "message": null,
            "pageSize": 100,
            "pageNum": 1,
            "lctreMthodNm": "\ub300\uba74",
            "lctrmInfo": "\uc0dd\ubb3c\ud559\uad00",
            "lctreLnggeSctcd": null,
            "crseNo": "BIOC0622-001",
            "estblUnivNm": "\uc790\uc5f0\uacfc\ud559\ub300\ud559",
            "estblDprtnNm": "\uc0dd\uba85\uacfc\ud559\ubd80 \uc0dd\ubb3c\ud559\uc804\uacf5",
            "estblYear": "2022",
            "estblDprtnCd": "130701",
            "estblSmstrSctnm": "1\ud559\uae30",
            "estblSmstrSctcd": "CMBS001400001",
            "estblGrade": "2",
            "sbjetSctnm": "\uc804\uacf5\ud544\uc218",
            "sbjetNm": "\uc138\ud3ec\uc0dd\ubb3c\ud559",
            "sbjetDvnno": "001",
            "sbjetCd": "BIOC0622",
            "gubun": null,
            "pckgeRqstPssblYn": "Y",
            "pckgeRqstCnt": "37",
            "name": null,
            "rmrk": null,
            "appcrCnt": "43",
            "attlcPrscpCnt": "30",
            "lssnsTimeInfo": "\uc6d4 5B,6A,6B<br/>\uc218 5B,6A,6B",
            "lssnsRealTimeInfo": "\uc6d4 13:30 ~ 15:00<br/>\uc218 13:30 ~ 15:00",
            "prctsTime": "0",
            "doPlan": "Kor",
            "thryTime": "3",
            "totalPrfssNm": "\uae40\uc815\ud68c",
            "mngetEstblYn": "Y",
            "code": null,
            "crdit": "3",
            "expniSllbsYn": "Y",
            "bldngSn": null,
            "bldngCd": null,
            "bldngNm": null,
            "lssnsLcttmUntcd": null,
            "sbjetSctcd2": null,
            "rmnmCd": "318",
            "isApi": null,
            "paging": false,
            "rowStatus": "R",
            "pageSort": null
        },
        {
            "rowIndex": 0,
            "success": false,
            "message": null,
            "pageSize": 100,
            "pageNum": 1,
            "lctreMthodNm": "\ub300\uba74",
            "lctrmInfo": "\uc0dd\ubb3c\ud559\uad00",
            "lctreLnggeSctcd": null,
            "crseNo": "BIOL0374-001",
            "estblUnivNm": "\uc790\uc5f0\uacfc\ud559\ub300\ud559",
            "estblDprtnNm": "\uc0dd\uba85\uacfc\ud559\ubd80 \uc0dd\ubb3c\ud559\uc804\uacf5",
            "estblYear": "2022",
            "estblDprtnCd": "130701",
            "estblSmstrSctnm": "1\ud559\uae30",
            "estblSmstrSctcd": "CMBS001400001",
            "estblGrade": "3",
            "sbjetSctnm": "\uc804\uacf5",
            "sbjetNm": "\uc2dd\ubb3c\ubc1c\uc0dd\ud559",
            "sbjetDvnno": "001",
            "sbjetCd": "BIOL0374",
            "gubun": null,
            "pckgeRqstPssblYn": "Y",
            "pckgeRqstCnt": "23",
            "name": null,
            "rmrk": null,
            "appcrCnt": "23",
            "attlcPrscpCnt": "30",
            "lssnsTimeInfo": "\uc6d4 8B,9A,9B<br/>\uc218 8B,9A,9B",
            "lssnsRealTimeInfo": "\uc6d4 16:30 ~ 18:00<br/>\uc218 16:30 ~ 18:00",
            "prctsTime": "0",
            "doPlan": "Kor",
            "thryTime": "3",
            "totalPrfssNm": "\uae40\uc815\ud68c",
            "mngetEstblYn": "Y",
            "code": null,
            "crdit": "3",
            "expniSllbsYn": "N",
            "bldngSn": null,
            "bldngCd": null,
            "bldngNm": null,
            "lssnsLcttmUntcd": null,
            "sbjetSctcd2": null,
            "rmnmCd": "318",
            "isApi": null,
            "paging": false,
            "rowStatus": "R",
            "pageSort": null
        },
        {
            "rowIndex": 0,
            "success": false,
            "message": null,
            "pageSize": 100,
            "pageNum": 1,
            "lctreMthodNm": "\ube44\ub300\uba74",
            "lctrmInfo": "\uc0dd\uba85\uacf5\ud559\uad00(\uad50\uc591\uacfc\uc815\ub3d9)",
            "lctreLnggeSctcd": null,
            "crseNo": "CLTR0108-002",
            "estblUnivNm": "\uc790\uc5f0\uacfc\ud559\ub300\ud559",
            "estblDprtnNm": "\uc0dd\uba85\uacfc\ud559\ubd80 \uc0dd\ubb3c\ud559\uc804\uacf5",
            "estblYear": "2022",
            "estblDprtnCd": "130701",
            "estblSmstrSctnm": "1\ud559\uae30",
            "estblSmstrSctcd": "CMBS001400001",
            "estblGrade": "*",
            "sbjetSctnm": "\uad50\uc591",
            "sbjetNm": "\uc0dd\uba85\uc758\uc2e0\ube44",
            "sbjetDvnno": "002",
            "sbjetCd": "CLTR0108",
            "gubun": null,
            "pckgeRqstPssblYn": "Y",
            "pckgeRqstCnt": "105",
            "name": null,
            "rmrk": "\uc804\ud559\ub144\uc120\ud0dd<br>",
            "appcrCnt": "73",
            "attlcPrscpCnt": "70",
            "lssnsTimeInfo": "\ud654 8B,9A,9B<br/>\ubaa9 8B,9A,9B",
            "lssnsRealTimeInfo": "\ud654 16:30 ~ 18:00<br/>\ubaa9 16:30 ~ 18:00",
            "prctsTime": "0",
            "doPlan": "Kor",
            "thryTime": "3",
            "totalPrfssNm": "\ucd5c\uc7ac\uc2e0",
            "mngetEstblYn": "Y",
            "code": null,
            "crdit": "3",
            "expniSllbsYn": "N",
            "bldngSn": null,
            "bldngCd": null,
            "bldngNm": null,
            "lssnsLcttmUntcd": null,
            "sbjetSctcd2": null,
            "rmnmCd": "104-1",
            "isApi": null,
            "paging": false,
            "rowStatus": "R",
            "pageSort": null
        },
        {
            "rowIndex": 0,
            "success": false,
            "message": null,
            "pageSize": 100,
            "pageNum": 1,
            "lctreMthodNm": "\ub300\uba74",
            "lctrmInfo": "\uc0dd\ubb3c\ud559\uad00",
            "lctreLnggeSctcd": null,
            "crseNo": "BIED0411-001",
            "estblUnivNm": "\uc790\uc5f0\uacfc\ud559\ub300\ud559",
            "estblDprtnNm": "\uc0dd\uba85\uacfc\ud559\ubd80 \uc0dd\ubb3c\ud559\uc804\uacf5",
            "estblYear": "2022",
            "estblDprtnCd": "130701",
            "estblSmstrSctnm": "1\ud559\uae30",
            "estblSmstrSctcd": "CMBS001400001",
            "estblGrade": "3",
            "sbjetSctnm": "\uc804\uacf5",
            "sbjetNm": "\uc2dd\ubb3c\uc0dd\ub9ac\ud559",
            "sbjetDvnno": "001",
            "sbjetCd": "BIED0411",
            "gubun": null,
            "pckgeRqstPssblYn": "Y",
            "pckgeRqstCnt": "48",
            "name": null,
            "rmrk": null,
            "appcrCnt": "39",
            "attlcPrscpCnt": "30",
            "lssnsTimeInfo": "\ud654 5B,6A,6B<br/>\ubaa9 5B,6A,6B",
            "lssnsRealTimeInfo": "\ud654 13:30 ~ 15:00<br/>\ubaa9 13:30 ~ 15:00",
            "prctsTime": "0",
            "doPlan": "Kor",
            "thryTime": "3",
            "totalPrfssNm": "\uc724\ud638\uc131",
            "mngetEstblYn": "Y",
            "code": null,
            "crdit": "3",
            "expniSllbsYn": "Y",
            "bldngSn": null,
            "bldngCd": null,
            "bldngNm": null,
            "lssnsLcttmUntcd": null,
            "sbjetSctcd2": null,
            "rmnmCd": "B01",
            "isApi": null,
            "paging": false,
            "rowStatus": "R",
            "pageSort": null
        },
        {
            "rowIndex": 0,
            "success": false,
            "message": null,
            "pageSize": 100,
            "pageNum": 1,
            "lctreMthodNm": "\ub300\uba74",
            "lctrmInfo": "\uc0dd\ubb3c\ud559\uad00",
            "lctreLnggeSctcd": null,
            "crseNo": "BIED0631-001",
            "estblUnivNm": "\uc790\uc5f0\uacfc\ud559\ub300\ud559",
            "estblDprtnNm": "\uc0dd\uba85\uacfc\ud559\ubd80 \uc0dd\ubb3c\ud559\uc804\uacf5",
            "estblYear": "2022",
            "estblDprtnCd": "130701",
            "estblSmstrSctnm": "1\ud559\uae30",
            "estblSmstrSctcd": "CMBS001400001",
            "estblGrade": "3",
            "sbjetSctnm": "\uc804\uacf5\ud544\uc218",
            "sbjetNm": "\ubc1c\uc0dd\ud559",
            "sbjetDvnno": "001",
            "sbjetCd": "BIED0631",
            "gubun": null,
            "pckgeRqstPssblYn": "Y",
            "pckgeRqstCnt": "50",
            "name": null,
            "rmrk": null,
            "appcrCnt": "44",
            "attlcPrscpCnt": "30",
            "lssnsTimeInfo": "\uc6d4 2B,3A,3B<br/>\uc218 1A,1B,2A",
            "lssnsRealTimeInfo": "\uc6d4 10:30 ~ 12:00<br/>\uc218 09:00 ~ 10:30",
            "prctsTime": "0",
            "doPlan": "Kor",
            "thryTime": "3",
            "totalPrfssNm": "\uc815\uc7ac\ucc3d",
            "mngetEstblYn": "Y",
            "code": null,
            "crdit": "3",
            "expniSllbsYn": "N",
            "bldngSn": null,
            "bldngCd": null,
            "bldngNm": null,
            "lssnsLcttmUntcd": null,
            "sbjetSctcd2": null,
            "rmnmCd": "318",
            "isApi": null,
            "paging": false,
            "rowStatus": "R",
            "pageSort": null
        },
        {
            "rowIndex": 0,
            "success": false,
            "message": null,
            "pageSize": 100,
            "pageNum": 1,
            "lctreMthodNm": "\ub300\uba74",
            "lctrmInfo": "\uc0dd\ubb3c\ud559\uad00",
            "lctreLnggeSctcd": null,
            "crseNo": "BIOL0497-001",
            "estblUnivNm": "\uc790\uc5f0\uacfc\ud559\ub300\ud559",
            "estblDprtnNm": "\uc0dd\uba85\uacfc\ud559\ubd80 \uc0dd\ubb3c\ud559\uc804\uacf5",
            "estblYear": "2022",
            "estblDprtnCd": "130701",
            "estblSmstrSctnm": "1\ud559\uae30",
            "estblSmstrSctcd": "CMBS001400001",
            "estblGrade": "4",
            "sbjetSctnm": "\uc804\uacf5",
            "sbjetNm": "\uc218\uc11c\uc0dd\ubb3c\uc2e4\uc2b5",
            "sbjetDvnno": "001",
            "sbjetCd": "BIOL0497",
            "gubun": null,
            "pckgeRqstPssblYn": "Y",
            "pckgeRqstCnt": "6",
            "name": null,
            "rmrk": null,
            "appcrCnt": "7",
            "attlcPrscpCnt": "20",
            "lssnsTimeInfo": "\ud1a0 1A,1B<br/>\ud1a0 2A,2B<br/>\ud1a0 3A,3B<br/>\ud1a0 4A,4B",
            "lssnsRealTimeInfo": "\ud1a0 09:00 ~ 10:00<br/>\ud1a0 10:00 ~ 11:00<br/>\ud1a0 11:00 ~ 12:00<br/>\ud1a0 12:00 ~ 13:00",
            "prctsTime": "4",
            "doPlan": "Kor",
            "thryTime": "0",
            "totalPrfssNm": "\uae40\ud55c\uc21c",
            "mngetEstblYn": "Y",
            "code": null,
            "crdit": "2",
            "expniSllbsYn": "N",
            "bldngSn": null,
            "bldngCd": null,
            "bldngNm": null,
            "lssnsLcttmUntcd": null,
            "sbjetSctcd2": null,
            "rmnmCd": "318",
            "isApi": null,
            "paging": false,
            "rowStatus": "R",
            "pageSort": null
        },
        {
            "rowIndex": 0,
            "success": false,
            "message": null,
            "pageSize": 100,
            "pageNum": 1,
            "lctreMthodNm": "\ub300\uba74",
            "lctrmInfo": "\ud654\ud559\uad00",
            "lctreLnggeSctcd": null,
            "crseNo": "CLTR0226-003",
            "estblUnivNm": "\uc790\uc5f0\uacfc\ud559\ub300\ud559",
            "estblDprtnNm": "\uc0dd\uba85\uacfc\ud559\ubd80 \uc0dd\ubb3c\ud559\uc804\uacf5",
            "estblYear": "2022",
            "estblDprtnCd": "130701",
            "estblSmstrSctnm": "1\ud559\uae30",
            "estblSmstrSctcd": "CMBS001400001",
            "estblGrade": "1",
            "sbjetSctnm": "\uad50\uc591",
            "sbjetNm": "\ud654\ud559\uc2e4\ud5d8 I",
            "sbjetDvnno": "003",
            "sbjetCd": "CLTR0226",
            "gubun": null,
            "pckgeRqstPssblYn": "N",
            "pckgeRqstCnt": "0",
            "name": null,
            "rmrk": null,
            "appcrCnt": "21",
            "attlcPrscpCnt": "24",
            "lssnsTimeInfo": "\uc218 3A,3B<br/>\uc218 4A,4B",
            "lssnsRealTimeInfo": "\uc218 11:00 ~ 12:00<br/>\uc218 12:00 ~ 13:00",
            "prctsTime": "2",
            "doPlan": "Kor",
            "thryTime": "0",
            "totalPrfssNm": "\uc774\ud64d\uc778",
            "mngetEstblYn": "Y",
            "code": null,
            "crdit": "1",
            "expniSllbsYn": "N",
            "bldngSn": null,
            "bldngCd": null,
            "bldngNm": null,
            "lssnsLcttmUntcd": null,
            "sbjetSctcd2": null,
            "rmnmCd": "118",
            "isApi": null,
            "paging": false,
            "rowStatus": "R",
            "pageSort": null
        },
        {
            "rowIndex": 0,
            "success": false,
            "message": null,
            "pageSize": 100,
            "pageNum": 1,
            "lctreMthodNm": "\ub300\uba74",
            "lctrmInfo": "\uc0dd\ubb3c\ud559\uad00",
            "lctreLnggeSctcd": null,
            "crseNo": "CLTR0233-001",
            "estblUnivNm": "\uc790\uc5f0\uacfc\ud559\ub300\ud559",
            "estblDprtnNm": "\uc0dd\uba85\uacfc\ud559\ubd80 \uc0dd\ubb3c\ud559\uc804\uacf5",
            "estblYear": "2022",
            "estblDprtnCd": "130701",
            "estblSmstrSctnm": "1\ud559\uae30",
            "estblSmstrSctcd": "CMBS001400001",
            "estblGrade": "1",
            "sbjetSctnm": "\uad50\uc591",
            "sbjetNm": "\uc0dd\ubb3c\ud559\uc2e4\ud5d8 I",
            "sbjetDvnno": "001",
            "sbjetCd": "CLTR0233",
            "gubun": null,
            "pckgeRqstPssblYn": "N",
            "pckgeRqstCnt": "0",
            "name": null,
            "rmrk": null,
            "appcrCnt": "17",
            "attlcPrscpCnt": "20",
            "lssnsTimeInfo": "\ud654 5A,5B<br/>\ud654 6A,6B",
            "lssnsRealTimeInfo": "\ud654 13:00 ~ 14:00<br/>\ud654 14:00 ~ 15:00",
            "prctsTime": "2",
            "doPlan": "Kor",
            "thryTime": "0",
            "totalPrfssNm": "\uc774\uc601\ubbf8",
            "mngetEstblYn": "Y",
            "code": null,
            "crdit": "1",
            "expniSllbsYn": "N",
            "bldngSn": null,
            "bldngCd": null,
            "bldngNm": null,
            "lssnsLcttmUntcd": null,
            "sbjetSctcd2": null,
            "rmnmCd": "202",
            "isApi": null,
            "paging": false,
            "rowStatus": "R",
            "pageSort": null
        },
        {
            "rowIndex": 0,
            "success": false,
            "message": null,
            "pageSize": 100,
            "pageNum": 1,
            "lctreMthodNm": "\ub300\uba74",
            "lctrmInfo": "\uc0dd\ubb3c\ud559\uad00",
            "lctreLnggeSctcd": null,
            "crseNo": "CLTR0246-002",
            "estblUnivNm": "\uc790\uc5f0\uacfc\ud559\ub300\ud559",
            "estblDprtnNm": "\uc0dd\uba85\uacfc\ud559\ubd80 \uc0dd\ubb3c\ud559\uc804\uacf5",
            "estblYear": "2022",
            "estblDprtnCd": "130701",
            "estblSmstrSctnm": "1\ud559\uae30",
            "estblSmstrSctcd": "CMBS001400001",
            "estblGrade": "1",
            "sbjetSctnm": "\uad50\uc591",
            "sbjetNm": "\uc77c\ubc18\uc0dd\uba85\uacfc\ud559\u2160",
            "sbjetDvnno": "002",
            "sbjetCd": "CLTR0246",
            "gubun": null,
            "pckgeRqstPssblYn": "N",
            "pckgeRqstCnt": "0",
            "name": null,
            "rmrk": null,
            "appcrCnt": "32",
            "attlcPrscpCnt": "65",
            "lssnsTimeInfo": "\ud654 8B,9A,9B<br/>\ubaa9 8B,9A,9B",
            "lssnsRealTimeInfo": "\ud654 16:30 ~ 18:00<br/>\ubaa9 16:30 ~ 18:00",
            "prctsTime": "0",
            "doPlan": "Kor",
            "thryTime": "3",
            "totalPrfssNm": "\uc724\ud638\uc131",
            "mngetEstblYn": "Y",
            "code": null,
            "crdit": "3",
            "expniSllbsYn": "N",
            "bldngSn": null,
            "bldngCd": null,
            "bldngNm": null,
            "lssnsLcttmUntcd": null,
            "sbjetSctcd2": null,
            "rmnmCd": "B04",
            "isApi": null,
            "paging": false,
            "rowStatus": "R",
            "pageSort": null
        },
        {
            "rowIndex": 0,
            "success": false,
            "message": null,
            "pageSize": 100,
            "pageNum": 1,
            "lctreMthodNm": "\ub300\uba74",
            "lctrmInfo": "\uc0dd\ubb3c\ud559\uad00",
            "lctreLnggeSctcd": null,
            "crseNo": "BIED0532-001",
            "estblUnivNm": "\uc790\uc5f0\uacfc\ud559\ub300\ud559",
            "estblDprtnNm": "\uc0dd\uba85\uacfc\ud559\ubd80 \uc0dd\ubb3c\ud559\uc804\uacf5",
            "estblYear": "2022",
            "estblDprtnCd": "130701",
            "estblSmstrSctnm": "1\ud559\uae30",
            "estblSmstrSctcd": "CMBS001400001",
            "estblGrade": "2",
            "sbjetSctnm": "\uc804\uacf5\uae30\ucd08",
            "sbjetNm": "\uc2dd\ubb3c\ud615\ud0dc\ud559",
            "sbjetDvnno": "001",
            "sbjetCd": "BIED0532",
            "gubun": null,
            "pckgeRqstPssblYn": "Y",
            "pckgeRqstCnt": "24",
            "name": null,
            "rmrk": null,
            "appcrCnt": "33",
            "attlcPrscpCnt": "30",
            "lssnsTimeInfo": "\ud654 2B,3A,3B<br/>\ubaa9 2B,3A,3B",
            "lssnsRealTimeInfo": "\ud654 10:30 ~ 12:00<br/>\ubaa9 10:30 ~ 12:00",
            "prctsTime": "0",
            "doPlan": "Kor",
            "thryTime": "3",
            "totalPrfssNm": "\uae40\ud55c\uc21c",
            "mngetEstblYn": "Y",
            "code": null,
            "crdit": "3",
            "expniSllbsYn": "N",
            "bldngSn": null,
            "bldngCd": null,
            "bldngNm": null,
            "lssnsLcttmUntcd": null,
            "sbjetSctcd2": null,
            "rmnmCd": "B02",
            "isApi": null,
            "paging": false,
            "rowStatus": "R",
            "pageSort": null
        },
        {
            "rowIndex": 0,
            "success": false,
            "message": null,
            "pageSize": 100,
            "pageNum": 1,
            "lctreMthodNm": "\ub300\uba74",
            "lctrmInfo": "\ud654\ud559\uad00",
            "lctreLnggeSctcd": null,
            "crseNo": "CLTR0226-004",
            "estblUnivNm": "\uc790\uc5f0\uacfc\ud559\ub300\ud559",
            "estblDprtnNm": "\uc0dd\uba85\uacfc\ud559\ubd80 \uc0dd\ubb3c\ud559\uc804\uacf5",
            "estblYear": "2022",
            "estblDprtnCd": "130701",
            "estblSmstrSctnm": "1\ud559\uae30",
            "estblSmstrSctcd": "CMBS001400001",
            "estblGrade": "1",
            "sbjetSctnm": "\uad50\uc591",
            "sbjetNm": "\ud654\ud559\uc2e4\ud5d8 I",
            "sbjetDvnno": "004",
            "sbjetCd": "CLTR0226",
            "gubun": null,
            "pckgeRqstPssblYn": "N",
            "pckgeRqstCnt": "0",
            "name": null,
            "rmrk": null,
            "appcrCnt": "16",
            "attlcPrscpCnt": "24",
            "lssnsTimeInfo": "\uc218 3A,3B<br/>\uc218 4A,4B",
            "lssnsRealTimeInfo": "\uc218 11:00 ~ 12:00<br/>\uc218 12:00 ~ 13:00",
            "prctsTime": "2",
            "doPlan": "Kor",
            "thryTime": "0",
            "totalPrfssNm": "\ubc31\uc2b9\ubbfc",
            "mngetEstblYn": "Y",
            "code": null,
            "crdit": "1",
            "expniSllbsYn": "N",
            "bldngSn": null,
            "bldngCd": null,
            "bldngNm": null,
            "lssnsLcttmUntcd": null,
            "sbjetSctcd2": null,
            "rmnmCd": "119",
            "isApi": null,
            "paging": false,
            "rowStatus": "R",
            "pageSort": null
        },
        {
            "rowIndex": 0,
            "success": false,
            "message": null,
            "pageSize": 100,
            "pageNum": 1,
            "lctreMthodNm": "\ub300\uba74",
            "lctrmInfo": "\uc0dd\ubb3c\ud559\uad00",
            "lctreLnggeSctcd": null,
            "crseNo": "BIED0313-001",
            "estblUnivNm": "\uc790\uc5f0\uacfc\ud559\ub300\ud559",
            "estblDprtnNm": "\uc0dd\uba85\uacfc\ud559\ubd80 \uc0dd\ubb3c\ud559\uc804\uacf5",
            "estblYear": "2022",
            "estblDprtnCd": "130701",
            "estblSmstrSctnm": "1\ud559\uae30",
            "estblSmstrSctcd": "CMBS001400001",
            "estblGrade": "2",
            "sbjetSctnm": "\uc804\uacf5\ud544\uc218",
            "sbjetNm": "\uc2dd\ubb3c\uacc4\ud1b5\ud559",
            "sbjetDvnno": "001",
            "sbjetCd": "BIED0313",
            "gubun": null,
            "pckgeRqstPssblYn": "Y",
            "pckgeRqstCnt": "23",
            "name": null,
            "rmrk": null,
            "appcrCnt": "24",
            "attlcPrscpCnt": "30",
            "lssnsTimeInfo": "\uc218 8B,9A,9B<br/>\uae08 8B,9A,9B",
            "lssnsRealTimeInfo": "\uc218 16:30 ~ 18:00<br/>\uae08 16:30 ~ 18:00",
            "prctsTime": "0",
            "doPlan": "Kor",
            "thryTime": "3",
            "totalPrfssNm": "\ubc15\uc7ac\ud64d",
            "mngetEstblYn": "Y",
            "code": null,
            "crdit": "3",
            "expniSllbsYn": "N",
            "bldngSn": null,
            "bldngCd": null,
            "bldngNm": null,
            "lssnsLcttmUntcd": null,
            "sbjetSctcd2": null,
            "rmnmCd": "B02",
            "isApi": null,
            "paging": false,
            "rowStatus": "R",
            "pageSort": null
        },
        {
            "rowIndex": 0,
            "success": false,
            "message": null,
            "pageSize": 100,
            "pageNum": 1,
            "lctreMthodNm": "\ub300\uba74",
            "lctrmInfo": "\uc0dd\ubb3c\ud559\uad00",
            "lctreLnggeSctcd": null,
            "crseNo": "BIOC0621-001",
            "estblUnivNm": "\uc790\uc5f0\uacfc\ud559\ub300\ud559",
            "estblDprtnNm": "\uc0dd\uba85\uacfc\ud559\ubd80 \uc0dd\ubb3c\ud559\uc804\uacf5",
            "estblYear": "2022",
            "estblDprtnCd": "130701",
            "estblSmstrSctnm": "1\ud559\uae30",
            "estblSmstrSctcd": "CMBS001400001",
            "estblGrade": "3",
            "sbjetSctnm": "\uc804\uacf5\ud544\uc218",
            "sbjetNm": "\uc720\uc804\ud559",
            "sbjetDvnno": "001",
            "sbjetCd": "BIOC0621",
            "gubun": null,
            "pckgeRqstPssblYn": "Y",
            "pckgeRqstCnt": "39",
            "name": null,
            "rmrk": null,
            "appcrCnt": "33",
            "attlcPrscpCnt": "30",
            "lssnsTimeInfo": "\ud654 7A,7B,8A<br/>\ubaa9 7A,7B,8A",
            "lssnsRealTimeInfo": "\ud654 15:00 ~ 16:30<br/>\ubaa9 15:00 ~ 16:30",
            "prctsTime": "0",
            "doPlan": "Kor",
            "thryTime": "3",
            "totalPrfssNm": "\uae40\uc5b8\uacbd",
            "mngetEstblYn": "Y",
            "code": null,
            "crdit": "3",
            "expniSllbsYn": "Y",
            "bldngSn": null,
            "bldngCd": null,
            "bldngNm": null,
            "lssnsLcttmUntcd": null,
            "sbjetSctcd2": null,
            "rmnmCd": "318",
            "isApi": null,
            "paging": false,
            "rowStatus": "R",
            "pageSort": null
        },
        {
            "rowIndex": 0,
            "success": false,
            "message": null,
            "pageSize": 100,
            "pageNum": 1,
            "lctreMthodNm": "\ub300\uba74",
            "lctrmInfo": "\uc0dd\ubb3c\ud559\uad00",
            "lctreLnggeSctcd": null,
            "crseNo": "BIOL0301-001",
            "estblUnivNm": "\uc790\uc5f0\uacfc\ud559\ub300\ud559",
            "estblDprtnNm": "\uc0dd\uba85\uacfc\ud559\ubd80 \uc0dd\ubb3c\ud559\uc804\uacf5",
            "estblYear": "2022",
            "estblDprtnCd": "130701",
            "estblSmstrSctnm": "1\ud559\uae30",
            "estblSmstrSctcd": "CMBS001400001",
            "estblGrade": "3",
            "sbjetSctnm": "\uc804\uacf5",
            "sbjetNm": "\ubc1c\uc0dd \u00b7 \uc720\uc804\ud559\uc2e4\ud5d8",
            "sbjetDvnno": "001",
            "sbjetCd": "BIOL0301",
            "gubun": null,
            "pckgeRqstPssblYn": "Y",
            "pckgeRqstCnt": "23",
            "name": null,
            "rmrk": null,
            "appcrCnt": "21",
            "attlcPrscpCnt": "20",
            "lssnsTimeInfo": "\uae08 1A,1B<br/>\uae08 2A,2B<br/>\uae08 3A,3B<br/>\uae08 4A,4B",
            "lssnsRealTimeInfo": "\uae08 09:00 ~ 10:00<br/>\uae08 10:00 ~ 11:00<br/>\uae08 11:00 ~ 12:00<br/>\uae08 12:00 ~ 13:00",
            "prctsTime": "4",
            "doPlan": "Kor",
            "thryTime": "0",
            "totalPrfssNm": "\uae40\uc5b8\uacbd<br/>\uae40\uc815\ud68c<br/>\uc720\uc815\uc544",
            "mngetEstblYn": "Y",
            "code": null,
            "crdit": "2",
            "expniSllbsYn": "N",
            "bldngSn": null,
            "bldngCd": null,
            "bldngNm": null,
            "lssnsLcttmUntcd": null,
            "sbjetSctcd2": null,
            "rmnmCd": "202",
            "isApi": null,
            "paging": false,
            "rowStatus": "R",
            "pageSort": null
        },
        {
            "rowIndex": 0,
            "success": false,
            "message": null,
            "pageSize": 100,
            "pageNum": 1,
            "lctreMthodNm": "\ub300\uba74",
            "lctrmInfo": "\ud654\ud559\uad00",
            "lctreLnggeSctcd": null,
            "crseNo": "CHEM0203-002",
            "estblUnivNm": "\uc790\uc5f0\uacfc\ud559\ub300\ud559",
            "estblDprtnNm": "\uc0dd\uba85\uacfc\ud559\ubd80 \uc0dd\ubb3c\ud559\uc804\uacf5",
            "estblYear": "2022",
            "estblDprtnCd": "130701",
            "estblSmstrSctnm": "1\ud559\uae30",
            "estblSmstrSctcd": "CMBS001400001",
            "estblGrade": "2",
            "sbjetSctnm": "\uc804\uacf5",
            "sbjetNm": "\uc720\uae30\ud654\ud5591",
            "sbjetDvnno": "002",
            "sbjetCd": "CHEM0203",
            "gubun": null,
            "pckgeRqstPssblYn": "Y",
            "pckgeRqstCnt": "24",
            "name": null,
            "rmrk": null,
            "appcrCnt": "27",
            "attlcPrscpCnt": "30",
            "lssnsTimeInfo": "\ud654 5B,6A,6B<br/>\ubaa9 5B,6A,6B",
            "lssnsRealTimeInfo": "\ud654 13:30 ~ 15:00<br/>\ubaa9 13:30 ~ 15:00",
            "prctsTime": "0",
            "doPlan": "Kor",
            "thryTime": "3",
            "totalPrfssNm": "\ud669\uae38\ud0dc",
            "mngetEstblYn": "Y",
            "code": null,
            "crdit": "3",
            "expniSllbsYn": "Y",
            "bldngSn": null,
            "bldngCd": null,
            "bldngNm": null,
            "lssnsLcttmUntcd": null,
            "sbjetSctcd2": null,
            "rmnmCd": "120",
            "isApi": null,
            "paging": false,
            "rowStatus": "R",
            "pageSort": null
        },
        {
            "rowIndex": 0,
            "success": false,
            "message": null,
            "pageSize": 100,
            "pageNum": 1,
            "lctreMthodNm": "\ub300\uba74",
            "lctrmInfo": "\uc0dd\ubb3c\ud559\uad00",
            "lctreLnggeSctcd": null,
            "crseNo": "CLTR0213-001",
            "estblUnivNm": "\uc790\uc5f0\uacfc\ud559\ub300\ud559",
            "estblDprtnNm": "\uc0dd\uba85\uacfc\ud559\ubd80 \uc0dd\ubb3c\ud559\uc804\uacf5",
            "estblYear": "2022",
            "estblDprtnCd": "130701",
            "estblSmstrSctnm": "1\ud559\uae30",
            "estblSmstrSctcd": "CMBS001400001",
            "estblGrade": "1",
            "sbjetSctnm": "\uad50\uc591",
            "sbjetNm": "\ubb3c\ub9ac\ud559 I",
            "sbjetDvnno": "001",
            "sbjetCd": "CLTR0213",
            "gubun": null,
            "pckgeRqstPssblYn": "N",
            "pckgeRqstCnt": "0",
            "name": null,
            "rmrk": null,
            "appcrCnt": "57",
            "attlcPrscpCnt": "65",
            "lssnsTimeInfo": "\uc6d4 8B,9A,9B<br/>\uc218 7A,7B,8A",
            "lssnsRealTimeInfo": "\uc6d4 16:30 ~ 18:00<br/>\uc218 15:00 ~ 16:30",
            "prctsTime": "0",
            "doPlan": "Kor",
            "thryTime": "3",
            "totalPrfssNm": "\uae40\ucc2c",
            "mngetEstblYn": "N",
            "code": null,
            "crdit": "3",
            "expniSllbsYn": "N",
            "bldngSn": null,
            "bldngCd": null,
            "bldngNm": null,
            "lssnsLcttmUntcd": null,
            "sbjetSctcd2": null,
            "rmnmCd": "B04",
            "isApi": null,
            "paging": false,
            "rowStatus": "R",
            "pageSort": null
        },
        {
            "rowIndex": 0,
            "success": false,
            "message": null,
            "pageSize": 100,
            "pageNum": 1,
            "lctreMthodNm": "\ub300\uba74",
            "lctrmInfo": "\uc0dd\ubb3c\ud559\uad00",
            "lctreLnggeSctcd": null,
            "crseNo": "CLTR0215-002",
            "estblUnivNm": "\uc790\uc5f0\uacfc\ud559\ub300\ud559",
            "estblDprtnNm": "\uc0dd\uba85\uacfc\ud559\ubd80 \uc0dd\ubb3c\ud559\uc804\uacf5",
            "estblYear": "2022",
            "estblDprtnCd": "130701",
            "estblSmstrSctnm": "1\ud559\uae30",
            "estblSmstrSctcd": "CMBS001400001",
            "estblGrade": "1",
            "sbjetSctnm": "\uad50\uc591",
            "sbjetNm": "\ud654\ud559 I",
            "sbjetDvnno": "002",
            "sbjetCd": "CLTR0215",
            "gubun": null,
            "pckgeRqstPssblYn": "N",
            "pckgeRqstCnt": "0",
            "name": null,
            "rmrk": null,
            "appcrCnt": "45",
            "attlcPrscpCnt": "65",
            "lssnsTimeInfo": "\ud654 1A,1B,2A<br/>\ubaa9 2B,3A,3B",
            "lssnsRealTimeInfo": "\ud654 09:00 ~ 10:30<br/>\ubaa9 10:30 ~ 12:00",
            "prctsTime": "0",
            "doPlan": "Kor",
            "thryTime": "3",
            "totalPrfssNm": "\uc870\ud615\ud654",
            "mngetEstblYn": "Y",
            "code": null,
            "crdit": "3",
            "expniSllbsYn": "N",
            "bldngSn": null,
            "bldngCd": null,
            "bldngNm": null,
            "lssnsLcttmUntcd": null,
            "sbjetSctcd2": null,
            "rmnmCd": "B04",
            "isApi": null,
            "paging": false,
            "rowStatus": "R",
            "pageSort": null
        },
        {
            "rowIndex": 0,
            "success": false,
            "message": null,
            "pageSize": 100,
            "pageNum": 1,
            "lctreMthodNm": "\ub300\uba74",
            "lctrmInfo": "\uc0dd\ubb3c\ud559\uad00",
            "lctreLnggeSctcd": null,
            "crseNo": "BIOL0294-001",
            "estblUnivNm": "\uc790\uc5f0\uacfc\ud559\ub300\ud559",
            "estblDprtnNm": "\uc0dd\uba85\uacfc\ud559\ubd80 \uc0dd\ubb3c\ud559\uc804\uacf5",
            "estblYear": "2022",
            "estblDprtnCd": "130701",
            "estblSmstrSctnm": "1\ud559\uae30",
            "estblSmstrSctcd": "CMBS001400001",
            "estblGrade": "2",
            "sbjetSctnm": "\uc804\uacf5",
            "sbjetNm": "\uacc4\ud1b5 \u00b7 \ubd84\ub958\ud559\uc2e4\ud5d8",
            "sbjetDvnno": "001",
            "sbjetCd": "BIOL0294",
            "gubun": null,
            "pckgeRqstPssblYn": "Y",
            "pckgeRqstCnt": "21",
            "name": null,
            "rmrk": null,
            "appcrCnt": "15",
            "attlcPrscpCnt": "15",
            "lssnsTimeInfo": "\uae08 1A,1B<br/>\uae08 2A,2B<br/>\uae08 3A,3B<br/>\uae08 4A,4B",
            "lssnsRealTimeInfo": "\uae08 09:00 ~ 10:00<br/>\uae08 10:00 ~ 11:00<br/>\uae08 11:00 ~ 12:00<br/>\uae08 12:00 ~ 13:00",
            "prctsTime": "4",
            "doPlan": "Kor",
            "thryTime": "0",
            "totalPrfssNm": "\uc724\uc9c4\uc11d<br/>\ucd5c\uad11\uc2dd",
            "mngetEstblYn": "Y",
            "code": null,
            "crdit": "2",
            "expniSllbsYn": "N",
            "bldngSn": null,
            "bldngCd": null,
            "bldngNm": null,
            "lssnsLcttmUntcd": null,
            "sbjetSctcd2": null,
            "rmnmCd": "310",
            "isApi": null,
            "paging": false,
            "rowStatus": "R",
            "pageSort": null
        },
        {
            "rowIndex": 0,
            "success": false,
            "message": null,
            "pageSize": 100,
            "pageNum": 1,
            "lctreMthodNm": "\ub300\uba74",
            "lctrmInfo": "\uc0dd\ubb3c\ud559\uad00",
            "lctreLnggeSctcd": null,
            "crseNo": "CLTR0233-002",
            "estblUnivNm": "\uc790\uc5f0\uacfc\ud559\ub300\ud559",
            "estblDprtnNm": "\uc0dd\uba85\uacfc\ud559\ubd80 \uc0dd\ubb3c\ud559\uc804\uacf5",
            "estblYear": "2022",
            "estblDprtnCd": "130701",
            "estblSmstrSctnm": "1\ud559\uae30",
            "estblSmstrSctcd": "CMBS001400001",
            "estblGrade": "1",
            "sbjetSctnm": "\uad50\uc591",
            "sbjetNm": "\uc0dd\ubb3c\ud559\uc2e4\ud5d8 I",
            "sbjetDvnno": "002",
            "sbjetCd": "CLTR0233",
            "gubun": null,
            "pckgeRqstPssblYn": "N",
            "pckgeRqstCnt": "0",
            "name": null,
            "rmrk": null,
            "appcrCnt": "15",
            "attlcPrscpCnt": "20",
            "lssnsTimeInfo": "\ubaa9 5A,5B<br/>\ubaa9 6A,6B",
            "lssnsRealTimeInfo": "\ubaa9 13:00 ~ 14:00<br/>\ubaa9 14:00 ~ 15:00",
            "prctsTime": "2",
            "doPlan": "Kor",
            "thryTime": "0",
            "totalPrfssNm": "\uc774\uc601\ubbf8",
            "mngetEstblYn": "Y",
            "code": null,
            "crdit": "1",
            "expniSllbsYn": "N",
            "bldngSn": null,
            "bldngCd": null,
            "bldngNm": null,
            "lssnsLcttmUntcd": null,
            "sbjetSctcd2": null,
            "rmnmCd": "202",
            "isApi": null,
            "paging": false,
            "rowStatus": "R",
            "pageSort": null
        }
    ],
    "statusCode": 200
}