{
    "timestamp": "2022-04-28T23:14:47.726",
    "success": true,
    "code": null,
    "msg": null,
    "data": [
        {
            "rowIndex": 0,
            "success": false,
            "message": null,
            "pageSize": 100,
            "pageNum": 1,
            "lctreMthodNm": "\ub300\uba74",
            "lctrmInfo": "\uc790\uc5f0\uacfc\ud559\ub300\ud559",
            "lctreLnggeSctcd": null,
            "crseNo": "CLTR0212-001",
            "estblUnivNm": "\uc790\uc5f0\uacfc\ud559\ub300\ud559",
            "estblDprtnNm": "\uc218\ud559\uacfc",
            "estblYear": "2022",
            "estblDprtnCd": "1301",
            "estblSmstrSctnm": "1\ud559\uae30",
            "estblSmstrSctcd": "CMBS001400001",
            "estblGrade": "*",
            "sbjetSctnm": "\uad50\uc591",
            "sbjetNm": "\uc218\ud559 II",
            "sbjetDvnno": "001",
            "sbjetCd": "CLTR0212",
            "gubun": null,
            "pckgeRqstPssblYn": "Y",
            "pckgeRqstCnt": "19",
            "name": null,
            "rmrk": "\uc804\ud559\ub144\uc120\ud0dd<br>",
            "appcrCnt": "34",
            "attlcPrscpCnt": "65",
            "lssnsTimeInfo": "\ud654 8B,9A,9B<br/>\ubaa9 8B,9A,9B",
            "lssnsRealTimeInfo": "\ud654 16:30 ~ 18:00<br/>\ubaa9 16:30 ~ 18:00",
            "prctsTime": "0",
            "doPlan": "Kor",
            "thryTime": "3",
            "totalPrfssNm": "\ubc15\uc885\uc721",
            "mngetEstblYn": "Y",
            "code": null,
            "crdit": "3",
            "expniSllbsYn": "N",
            "bldngSn": null,
            "bldngCd": null,
            "bldngNm": null,
            "lssnsLcttmUntcd": null,
            "sbjetSctcd2": null,
            "rmnmCd": "318",
            "isApi": null,
            "paging": false,
            "rowStatus": "R",
            "pageSort": null
        },
        {
            "rowIndex": 0,
            "success": false,
            "message": null,
            "pageSize": 100,
            "pageNum": 1,
            "lctreMthodNm": "\ub300\uba74",
            "lctrmInfo": "\uc790\uc5f0\uacfc\ud559\ub300\ud559",
            "lctreLnggeSctcd": null,
            "crseNo": "MATH0211-001",
            "estblUnivNm": "\uc790\uc5f0\uacfc\ud559\ub300\ud559",
            "estblDprtnNm": "\uc218\ud559\uacfc",
            "estblYear": "2022",
            "estblDprtnCd": "1301",
            "estblSmstrSctnm": "1\ud559\uae30",
            "estblSmstrSctcd": "CMBS001400001",
            "estblGrade": "2",
            "sbjetSctnm": "\uc804\uacf5",
            "sbjetNm": "\ud574\uc11d\ud5591\uc2e4\uc2b5",
            "sbjetDvnno": "001",
            "sbjetCd": "MATH0211",
            "gubun": null,
            "pckgeRqstPssblYn": "Y",
            "pckgeRqstCnt": "13",
            "name": null,
            "rmrk": "(\ud55c\uad6d\uc5b4+\uc601\uc5b4)<br>",
            "appcrCnt": "13",
            "attlcPrscpCnt": "20",
            "lssnsTimeInfo": "\uc6d4 5A,5B<br/>\uc6d4 6A,6B",
            "lssnsRealTimeInfo": "\uc6d4 13:00 ~ 14:00<br/>\uc6d4 14:00 ~ 15:00",
            "prctsTime": "2",
            "doPlan": "Kor",
            "thryTime": "0",
            "totalPrfssNm": "\uae40\uc131\ud559",
            "mngetEstblYn": "Y",
            "code": null,
            "crdit": "1",
            "expniSllbsYn": "N",
            "bldngSn": null,
            "bldngCd": null,
            "bldngNm": null,
            "lssnsLcttmUntcd": null,
            "sbjetSctcd2": null,
            "rmnmCd": "219",
            "isApi": null,
            "paging": false,
            "rowStatus": "R",
            "pageSort": null
        },
        {
            "rowIndex": 0,
            "success": false,
            "message": null,
            "pageSize": 100,
            "pageNum": 1,
            "lctreMthodNm": "\ub300\uba74",
            "lctrmInfo": "\uc790\uc5f0\uacfc\ud559\ub300\ud559",
            "lctreLnggeSctcd": null,
            "crseNo": "MATH0231-001",
            "estblUnivNm": "\uc790\uc5f0\uacfc\ud559\ub300\ud559",
            "estblDprtnNm": "\uc218\ud559\uacfc",
            "estblYear": "2022",
            "estblDprtnCd": "1301",
            "estblSmstrSctnm": "1\ud559\uae30",
            "estblSmstrSctcd": "CMBS001400001",
            "estblGrade": "2",
            "sbjetSctnm": "\uc804\uacf5",
            "sbjetNm": "\uc120\ud615\ub300\uc218\ud5591",
            "sbjetDvnno": "001",
            "sbjetCd": "MATH0231",
            "gubun": null,
            "pckgeRqstPssblYn": "Y",
            "pckgeRqstCnt": "37",
            "name": null,
            "rmrk": "(\ud55c\uad6d\uc5b4+\uc601\uc5b4)<br>",
            "appcrCnt": "35",
            "attlcPrscpCnt": "40",
            "lssnsTimeInfo": "\ud654 5B,6A,6B<br/>\ubaa9 5B,6A,6B",
            "lssnsRealTimeInfo": "\ud654 13:30 ~ 15:00<br/>\ubaa9 13:30 ~ 15:00",
            "prctsTime": "0",
            "doPlan": "Kor",
            "thryTime": "3",
            "totalPrfssNm": "\ubc30\uc6a9\uc8fc",
            "mngetEstblYn": "Y",
            "code": null,
            "crdit": "3",
            "expniSllbsYn": "Y",
            "bldngSn": null,
            "bldngCd": null,
            "bldngNm": null,
            "lssnsLcttmUntcd": null,
            "sbjetSctcd2": null,
            "rmnmCd": "219",
            "isApi": null,
            "paging": false,
            "rowStatus": "R",
            "pageSort": null
        },
        {
            "rowIndex": 0,
            "success": false,
            "message": null,
            "pageSize": 100,
            "pageNum": 1,
            "lctreMthodNm": "\ub300\uba74",
            "lctrmInfo": "\uc790\uc5f0\uacfc\ud559\ub300\ud559",
            "lctreLnggeSctcd": null,
            "crseNo": "MATH0254-001",
            "estblUnivNm": "\uc790\uc5f0\uacfc\ud559\ub300\ud559",
            "estblDprtnNm": "\uc218\ud559\uacfc",
            "estblYear": "2022",
            "estblDprtnCd": "1301",
            "estblSmstrSctnm": "1\ud559\uae30",
            "estblSmstrSctcd": "CMBS001400001",
            "estblGrade": "3",
            "sbjetSctnm": "\uc804\uacf5",
            "sbjetNm": "\uc870\ud569\ub860",
            "sbjetDvnno": "001",
            "sbjetCd": "MATH0254",
            "gubun": null,
            "pckgeRqstPssblYn": "Y",
            "pckgeRqstCnt": "19",
            "name": null,
            "rmrk": "(\uc601\uc5b4)<br>",
            "appcrCnt": "29",
            "attlcPrscpCnt": "40",
            "lssnsTimeInfo": "\uc6d4 1A,1B,2A<br/>\uc218 2B,3A,3B",
            "lssnsRealTimeInfo": "\uc6d4 09:00 ~ 10:30<br/>\uc218 10:30 ~ 12:00",
            "prctsTime": "0",
            "doPlan": "Eng",
            "thryTime": "3",
            "totalPrfssNm": "\uc2dc\uac70\uc2a4 \ub9c8\ud06c \ud560\ubc84",
            "mngetEstblYn": "Y",
            "code": null,
            "crdit": "3",
            "expniSllbsYn": "N",
            "bldngSn": null,
            "bldngCd": null,
            "bldngNm": null,
            "lssnsLcttmUntcd": null,
            "sbjetSctcd2": null,
            "rmnmCd": "318",
            "isApi": null,
            "paging": false,
            "rowStatus": "R",
            "pageSort": null
        },
        {
            "rowIndex": 0,
            "success": false,
            "message": null,
            "pageSize": 100,
            "pageNum": 1,
            "lctreMthodNm": "\ub300\uba74",
            "lctrmInfo": "\uc790\uc5f0\uacfc\ud559\ub300\ud559",
            "lctreLnggeSctcd": null,
            "crseNo": "MATH0200-001",
            "estblUnivNm": "\uc790\uc5f0\uacfc\ud559\ub300\ud559",
            "estblDprtnNm": "\uc218\ud559\uacfc",
            "estblYear": "2022",
            "estblDprtnCd": "1301",
            "estblSmstrSctnm": "1\ud559\uae30",
            "estblSmstrSctcd": "CMBS001400001",
            "estblGrade": "1",
            "sbjetSctnm": "\uc804\uacf5\uae30\ucd08",
            "sbjetNm": "\ud604\ub300\uc218\ud559\uc758 \uc18c\uac1c",
            "sbjetDvnno": "001",
            "sbjetCd": "MATH0200",
            "gubun": null,
            "pckgeRqstPssblYn": "N",
            "pckgeRqstCnt": "0",
            "name": null,
            "rmrk": "(\ud55c\uad6d\uc5b4+\uc601\uc5b4)<br>",
            "appcrCnt": "39",
            "attlcPrscpCnt": "40",
            "lssnsTimeInfo": "\uae08 7A,7B,8A<br/>\uae08 8B,9A,9B",
            "lssnsRealTimeInfo": "\uae08 15:00 ~ 16:30<br/>\uae08 16:30 ~ 18:00",
            "prctsTime": "0",
            "doPlan": "Kor",
            "thryTime": "3",
            "totalPrfssNm": "\uae40\uc131\ud559",
            "mngetEstblYn": "Y",
            "code": null,
            "crdit": "3",
            "expniSllbsYn": "N",
            "bldngSn": null,
            "bldngCd": null,
            "bldngNm": null,
            "lssnsLcttmUntcd": null,
            "sbjetSctcd2": null,
            "rmnmCd": "219",
            "isApi": null,
            "paging": false,
            "rowStatus": "R",
            "pageSort": null
        },
        {
            "rowIndex": 0,
            "success": false,
            "message": null,
            "pageSize": 100,
            "pageNum": 1,
            "lctreMthodNm": "\ub300\uba74",
            "lctrmInfo": "\uc790\uc5f0\uacfc\ud559\ub300\ud559",
            "lctreLnggeSctcd": null,
            "crseNo": "MATH0206-002",
            "estblUnivNm": "\uc790\uc5f0\uacfc\ud559\ub300\ud559",
            "estblDprtnNm": "\uc218\ud559\uacfc",
            "estblYear": "2022",
            "estblDprtnCd": "1301",
            "estblSmstrSctnm": "1\ud559\uae30",
            "estblSmstrSctcd": "CMBS001400001",
            "estblGrade": "2",
            "sbjetSctnm": "\uc804\uacf5",
            "sbjetNm": "\uc0c1\ubbf8\ubd84\ubc29\uc815\uc2dd1",
            "sbjetDvnno": "002",
            "sbjetCd": "MATH0206",
            "gubun": null,
            "pckgeRqstPssblYn": "Y",
            "pckgeRqstCnt": "16",
            "name": null,
            "rmrk": "(\ud55c\uad6d\uc5b4+\uc601\uc5b4)<br>",
            "appcrCnt": "25",
            "attlcPrscpCnt": "40",
            "lssnsTimeInfo": "\ud654 2B,3A,3B<br/>\ubaa9 1A,1B,2A",
            "lssnsRealTimeInfo": "\ud654 10:30 ~ 12:00<br/>\ubaa9 09:00 ~ 10:30",
            "prctsTime": "0",
            "doPlan": "Kor",
            "thryTime": "3",
            "totalPrfssNm": "\uc624\uc81c\ud55c",
            "mngetEstblYn": "Y",
            "code": null,
            "crdit": "3",
            "expniSllbsYn": "N",
            "bldngSn": null,
            "bldngCd": null,
            "bldngNm": null,
            "lssnsLcttmUntcd": null,
            "sbjetSctcd2": null,
            "rmnmCd": "219",
            "isApi": null,
            "paging": false,
            "rowStatus": "R",
            "pageSort": null
        },
        {
            "rowIndex": 0,
            "success": false,
            "message": null,
            "pageSize": 100,
            "pageNum": 1,
            "lctreMthodNm": "\ub300\uba74",
            "lctrmInfo": "\uc790\uc5f0\uacfc\ud559\ub300\ud559",
            "lctreLnggeSctcd": null,
            "crseNo": "TCHR0471-001",
            "estblUnivNm": "\uc790\uc5f0\uacfc\ud559\ub300\ud559",
            "estblDprtnNm": "\uc218\ud559\uacfc",
            "estblYear": "2022",
            "estblDprtnCd": "1301",
            "estblSmstrSctnm": "1\ud559\uae30",
            "estblSmstrSctcd": "CMBS001400001",
            "estblGrade": "4",
            "sbjetSctnm": "\uad50\uc9c1",
            "sbjetNm": "\uc218\ud559 \ub17c\ub9ac \ubc0f \ub17c\uc220\uc9c0\ub3c4",
            "sbjetDvnno": "001",
            "sbjetCd": "TCHR0471",
            "gubun": null,
            "pckgeRqstPssblYn": "Y",
            "pckgeRqstCnt": "22",
            "name": null,
            "rmrk": null,
            "appcrCnt": "21",
            "attlcPrscpCnt": "30",
            "lssnsTimeInfo": "\ud654 8A,8B<br/>\ud654 9A,9B<br/>\ubaa9 8A,8B<br/>\ubaa9 9A,9B",
            "lssnsRealTimeInfo": "\ud654 16:00 ~ 17:00<br/>\ud654 17:00 ~ 18:00<br/>\ubaa9 16:00 ~ 17:00<br/>\ubaa9 17:00 ~ 18:00",
            "prctsTime": "0",
            "doPlan": "Kor",
            "thryTime": "3",
            "totalPrfssNm": "\uc774\ubd09\uc8fc",
            "mngetEstblYn": "N",
            "code": null,
            "crdit": "3",
            "expniSllbsYn": "N",
            "bldngSn": null,
            "bldngCd": null,
            "bldngNm": null,
            "lssnsLcttmUntcd": null,
            "sbjetSctcd2": null,
            "rmnmCd": "101",
            "isApi": null,
            "paging": false,
            "rowStatus": "R",
            "pageSort": null
        },
        {
            "rowIndex": 0,
            "success": false,
            "message": null,
            "pageSize": 100,
            "pageNum": 1,
            "lctreMthodNm": "\ub300\uba74",
            "lctrmInfo": "\uc790\uc5f0\uacfc\ud559\ub300\ud559",
            "lctreLnggeSctcd": null,
            "crseNo": "MATH0241-001",
            "estblUnivNm": "\uc790\uc5f0\uacfc\ud559\ub300\ud559",
            "estblDprtnNm": "\uc218\ud559\uacfc",
            "estblYear": "2022",
            "estblDprtnCd": "1301",
            "estblSmstrSctnm": "1\ud559\uae30",
            "estblSmstrSctcd": "CMBS001400001",
            "estblGrade": "2",
            "sbjetSctnm": "\uc804\uacf5",
            "sbjetNm": "\uc120\ud615\ub300\uc218\ud5591\uc2e4\uc2b5",
            "sbjetDvnno": "001",
            "sbjetCd": "MATH0241",
            "gubun": null,
            "pckgeRqstPssblYn": "Y",
            "pckgeRqstCnt": "7",
            "name": null,
            "rmrk": "(\ud55c\uad6d\uc5b4+\uc601\uc5b4)<br>",
            "appcrCnt": "8",
            "attlcPrscpCnt": "20",
            "lssnsTimeInfo": "\uc6d4 10A,10B<br/>\uc6d4 11A,11B",
            "lssnsRealTimeInfo": "\uc6d4 18:00 ~ 19:00<br/>\uc6d4 19:00 ~ 20:00",
            "prctsTime": "2",
            "doPlan": "Kor",
            "thryTime": "0",
            "totalPrfssNm": "\ubb38\uc131\ud658",
            "mngetEstblYn": "Y",
            "code": null,
            "crdit": "1",
            "expniSllbsYn": "N",
            "bldngSn": null,
            "bldngCd": null,
            "bldngNm": null,
            "lssnsLcttmUntcd": null,
            "sbjetSctcd2": null,
            "rmnmCd": "219",
            "isApi": null,
            "paging": false,
            "rowStatus": "R",
            "pageSort": null
        },
        {
            "rowIndex": 0,
            "success": false,
            "message": null,
            "pageSize": 100,
            "pageNum": 1,
            "lctreMthodNm": "\ub300\uba74",
            "lctrmInfo": "\uc790\uc5f0\uacfc\ud559\ub300\ud559",
            "lctreLnggeSctcd": null,
            "crseNo": "MATH0419-001",
            "estblUnivNm": "\uc790\uc5f0\uacfc\ud559\ub300\ud559",
            "estblDprtnNm": "\uc218\ud559\uacfc",
            "estblYear": "2022",
            "estblDprtnCd": "1301",
            "estblSmstrSctnm": "1\ud559\uae30",
            "estblSmstrSctcd": "CMBS001400001",
            "estblGrade": "2",
            "sbjetSctnm": "\uc804\uacf5",
            "sbjetNm": "\ubca1\ud130\ud574\uc11d\ud559",
            "sbjetDvnno": "001",
            "sbjetCd": "MATH0419",
            "gubun": null,
            "pckgeRqstPssblYn": "Y",
            "pckgeRqstCnt": "51",
            "name": null,
            "rmrk": "(\ud55c\uad6d\uc5b4+\uc601\uc5b4)<br>",
            "appcrCnt": "40",
            "attlcPrscpCnt": "40",
            "lssnsTimeInfo": "\uc6d4 1A,1B,2A<br/>\uc218 2B,3A,3B",
            "lssnsRealTimeInfo": "\uc6d4 09:00 ~ 10:30<br/>\uc218 10:30 ~ 12:00",
            "prctsTime": "0",
            "doPlan": "Kor",
            "thryTime": "3",
            "totalPrfssNm": "\uc11c\uc560\ub839",
            "mngetEstblYn": "Y",
            "code": null,
            "crdit": "3",
            "expniSllbsYn": "N",
            "bldngSn": null,
            "bldngCd": null,
            "bldngNm": null,
            "lssnsLcttmUntcd": null,
            "sbjetSctcd2": null,
            "rmnmCd": "219",
            "isApi": null,
            "paging": false,
            "rowStatus": "R",
            "pageSort": null
        },
        {
            "rowIndex": 0,
            "success": false,
            "message": null,
            "pageSize": 100,
            "pageNum": 1,
            "lctreMthodNm": "\ub300\uba74",
            "lctrmInfo": "\uc790\uc5f0\uacfc\ud559\ub300\ud559",
            "lctreLnggeSctcd": null,
            "crseNo": "MATH0492-001",
            "estblUnivNm": "\uc790\uc5f0\uacfc\ud559\ub300\ud559",
            "estblDprtnNm": "\uc218\ud559\uacfc",
            "estblYear": "2022",
            "estblDprtnCd": "1301",
            "estblSmstrSctnm": "1\ud559\uae30",
            "estblSmstrSctcd": "CMBS001400001",
            "estblGrade": "1",
            "sbjetSctnm": "\uc804\uacf5",
            "sbjetNm": "\uc218\ud559\uc0ac\uac1c\ub860",
            "sbjetDvnno": "001",
            "sbjetCd": "MATH0492",
            "gubun": null,
            "pckgeRqstPssblYn": "N",
            "pckgeRqstCnt": "0",
            "name": null,
            "rmrk": "(\ud55c\uad6d\uc5b4+\uc601\uc5b4)<br>",
            "appcrCnt": "37",
            "attlcPrscpCnt": "40",
            "lssnsTimeInfo": "\uc6d4 5B,6A,6B<br/>\uae08 5B,6A,6B",
            "lssnsRealTimeInfo": "\uc6d4 13:30 ~ 15:00<br/>\uae08 13:30 ~ 15:00",
            "prctsTime": "0",
            "doPlan": "Kor",
            "thryTime": "3",
            "totalPrfssNm": "\ubc15\uc885\uc721<br/>\uc591\uc2b9\uc5fd<br/>\uc784\uc815\uc6b1",
            "mngetEstblYn": "Y",
            "code": null,
            "crdit": "3",
            "expniSllbsYn": "N",
            "bldngSn": null,
            "bldngCd": null,
            "bldngNm": null,
            "lssnsLcttmUntcd": null,
            "sbjetSctcd2": null,
            "rmnmCd": "318",
            "isApi": null,
            "paging": false,
            "rowStatus": "R",
            "pageSort": null
        },
        {
            "rowIndex": 0,
            "success": false,
            "message": null,
            "pageSize": 100,
            "pageNum": 1,
            "lctreMthodNm": "\ub300\uba74",
            "lctrmInfo": "\uc790\uc5f0\uacfc\ud559\ub300\ud559",
            "lctreLnggeSctcd": null,
            "crseNo": "MATH0201-002",
            "estblUnivNm": "\uc790\uc5f0\uacfc\ud559\ub300\ud559",
            "estblDprtnNm": "\uc218\ud559\uacfc",
            "estblYear": "2022",
            "estblDprtnCd": "1301",
            "estblSmstrSctnm": "1\ud559\uae30",
            "estblSmstrSctcd": "CMBS001400001",
            "estblGrade": "2",
            "sbjetSctnm": "\uc804\uacf5",
            "sbjetNm": "\ud574\uc11d\ud5591",
            "sbjetDvnno": "002",
            "sbjetCd": "MATH0201",
            "gubun": null,
            "pckgeRqstPssblYn": "Y",
            "pckgeRqstCnt": "24",
            "name": null,
            "rmrk": "(\ud55c\uad6d\uc5b4+\uc601\uc5b4)<br>",
            "appcrCnt": "30",
            "attlcPrscpCnt": "40",
            "lssnsTimeInfo": "\ud654 1A,1B,2A<br/>\ubaa9 2B,3A,3B",
            "lssnsRealTimeInfo": "\ud654 09:00 ~ 10:30<br/>\ubaa9 10:30 ~ 12:00",
            "prctsTime": "0",
            "doPlan": "Kor",
            "thryTime": "3",
            "totalPrfssNm": "\uc774\ubbfc\uae30",
            "mngetEstblYn": "Y",
            "code": null,
            "crdit": "3",
            "expniSllbsYn": "Y",
            "bldngSn": null,
            "bldngCd": null,
            "bldngNm": null,
            "lssnsLcttmUntcd": null,
            "sbjetSctcd2": null,
            "rmnmCd": "219",
            "isApi": null,
            "paging": false,
            "rowStatus": "R",
            "pageSort": null
        },
        {
            "rowIndex": 0,
            "success": false,
            "message": null,
            "pageSize": 100,
            "pageNum": 1,
            "lctreMthodNm": "\ub300\uba74",
            "lctrmInfo": "\uc790\uc5f0\uacfc\ud559\ub300\ud559",
            "lctreLnggeSctcd": null,
            "crseNo": "MATH0206-001",
            "estblUnivNm": "\uc790\uc5f0\uacfc\ud559\ub300\ud559",
            "estblDprtnNm": "\uc218\ud559\uacfc",
            "estblYear": "2022",
            "estblDprtnCd": "1301",
            "estblSmstrSctnm": "1\ud559\uae30",
            "estblSmstrSctcd": "CMBS001400001",
            "estblGrade": "2",
            "sbjetSctnm": "\uc804\uacf5",
            "sbjetNm": "\uc0c1\ubbf8\ubd84\ubc29\uc815\uc2dd1",
            "sbjetDvnno": "001",
            "sbjetCd": "MATH0206",
            "gubun": null,
            "pckgeRqstPssblYn": "Y",
            "pckgeRqstCnt": "28",
            "name": null,
            "rmrk": "(\ud55c\uad6d\uc5b4+\uc601\uc5b4)<br>",
            "appcrCnt": "36",
            "attlcPrscpCnt": "40",
            "lssnsTimeInfo": "\ud654 8B,9A,9B<br/>\ubaa9 8B,9A,9B",
            "lssnsRealTimeInfo": "\ud654 16:30 ~ 18:00<br/>\ubaa9 16:30 ~ 18:00",
            "prctsTime": "0",
            "doPlan": "Kor",
            "thryTime": "3",
            "totalPrfssNm": "\ub3c4\uc601\ud574",
            "mngetEstblYn": "Y",
            "code": null,
            "crdit": "3",
            "expniSllbsYn": "N",
            "bldngSn": null,
            "bldngCd": null,
            "bldngNm": null,
            "lssnsLcttmUntcd": null,
            "sbjetSctcd2": null,
            "rmnmCd": "219",
            "isApi": null,
            "paging": false,
            "rowStatus": "R",
            "pageSort": null
        },
        {
            "rowIndex": 0,
            "success": false,
            "message": null,
            "pageSize": 100,
            "pageNum": 1,
            "lctreMthodNm": "\ub300\uba74",
            "lctrmInfo": "\uc790\uc5f0\uacfc\ud559\ub300\ud559",
            "lctreLnggeSctcd": null,
            "crseNo": "MATH0231-002",
            "estblUnivNm": "\uc790\uc5f0\uacfc\ud559\ub300\ud559",
            "estblDprtnNm": "\uc218\ud559\uacfc",
            "estblYear": "2022",
            "estblDprtnCd": "1301",
            "estblSmstrSctnm": "1\ud559\uae30",
            "estblSmstrSctcd": "CMBS001400001",
            "estblGrade": "2",
            "sbjetSctnm": "\uc804\uacf5",
            "sbjetNm": "\uc120\ud615\ub300\uc218\ud5591",
            "sbjetDvnno": "002",
            "sbjetCd": "MATH0231",
            "gubun": null,
            "pckgeRqstPssblYn": "Y",
            "pckgeRqstCnt": "23",
            "name": null,
            "rmrk": "(\ud55c\uad6d\uc5b4+\uc601\uc5b4)<br>",
            "appcrCnt": "36",
            "attlcPrscpCnt": "40",
            "lssnsTimeInfo": "\uc6d4 2B,3A,3B<br/>\uae08 1A,1B,2A",
            "lssnsRealTimeInfo": "\uc6d4 10:30 ~ 12:00<br/>\uae08 09:00 ~ 10:30",
            "prctsTime": "0",
            "doPlan": "Kor",
            "thryTime": "3",
            "totalPrfssNm": "\ubb38\uc131\ud658",
            "mngetEstblYn": "Y",
            "code": null,
            "crdit": "3",
            "expniSllbsYn": "Y",
            "bldngSn": null,
            "bldngCd": null,
            "bldngNm": null,
            "lssnsLcttmUntcd": null,
            "sbjetSctcd2": null,
            "rmnmCd": "219",
            "isApi": null,
            "paging": false,
            "rowStatus": "R",
            "pageSort": null
        },
        {
            "rowIndex": 0,
            "success": false,
            "message": null,
            "pageSize": 100,
            "pageNum": 1,
            "lctreMthodNm": "\ub300\uba74",
            "lctrmInfo": "\uc790\uc5f0\uacfc\ud559\ub300\ud559",
            "lctreLnggeSctcd": null,
            "crseNo": "MATH0415-001",
            "estblUnivNm": "\uc790\uc5f0\uacfc\ud559\ub300\ud559",
            "estblDprtnNm": "\uc218\ud559\uacfc",
            "estblYear": "2022",
            "estblDprtnCd": "1301",
            "estblSmstrSctnm": "1\ud559\uae30",
            "estblSmstrSctcd": "CMBS001400001",
            "estblGrade": "3",
            "sbjetSctnm": "\uc804\uacf5",
            "sbjetNm": "\uc704\uc0c1\uc218\ud5591\ubc0f\uc2e4\uc2b5",
            "sbjetDvnno": "001",
            "sbjetCd": "MATH0415",
            "gubun": null,
            "pckgeRqstPssblYn": "Y",
            "pckgeRqstCnt": "21",
            "name": null,
            "rmrk": "(\ud55c\uad6d\uc5b4+\uc601\uc5b4)<br>",
            "appcrCnt": "28",
            "attlcPrscpCnt": "40",
            "lssnsTimeInfo": "\uc6d4 10A,10B<br/>\uc6d4 11A,11B<br/>\ud654 2B,3A,3B<br/>\ubaa9 1A,1B,2A",
            "lssnsRealTimeInfo": "\uc6d4 18:00 ~ 19:00<br/>\uc6d4 19:00 ~ 20:00<br/>\ud654 10:30 ~ 12:00<br/>\ubaa9 09:00 ~ 10:30",
            "prctsTime": "2",
            "doPlan": "Kor",
            "thryTime": "3",
            "totalPrfssNm": "\ubc30\uc6a9\uc8fc",
            "mngetEstblYn": "Y",
            "code": null,
            "crdit": "4",
            "expniSllbsYn": "N",
            "bldngSn": null,
            "bldngCd": null,
            "bldngNm": null,
            "lssnsLcttmUntcd": null,
            "sbjetSctcd2": null,
            "rmnmCd": "318",
            "isApi": null,
            "paging": false,
            "rowStatus": "R",
            "pageSort": null
        },
        {
            "rowIndex": 0,
            "success": false,
            "message": null,
            "pageSize": 100,
            "pageNum": 1,
            "lctreMthodNm": "\ub300\uba74",
            "lctrmInfo": "\uc790\uc5f0\uacfc\ud559\ub300\ud559",
            "lctreLnggeSctcd": null,
            "crseNo": "MATH0422-001",
            "estblUnivNm": "\uc790\uc5f0\uacfc\ud559\ub300\ud559",
            "estblDprtnNm": "\uc218\ud559\uacfc",
            "estblYear": "2022",
            "estblDprtnCd": "1301",
            "estblSmstrSctnm": "1\ud559\uae30",
            "estblSmstrSctcd": "CMBS001400001",
            "estblGrade": "4",
            "sbjetSctnm": "\uc804\uacf5",
            "sbjetNm": "\uc751\uc6a9\uc218\ud559\uac1c\ub860",
            "sbjetDvnno": "001",
            "sbjetCd": "MATH0422",
            "gubun": null,
            "pckgeRqstPssblYn": "Y",
            "pckgeRqstCnt": "21",
            "name": null,
            "rmrk": "(\ud55c\uad6d\uc5b4+\uc601\uc5b4)<br>",
            "appcrCnt": "21",
            "attlcPrscpCnt": "30",
            "lssnsTimeInfo": "\ud654 7A,7B,8A<br/>\ubaa9 7A,7B,8A",
            "lssnsRealTimeInfo": "\ud654 15:00 ~ 16:30<br/>\ubaa9 15:00 ~ 16:30",
            "prctsTime": "0",
            "doPlan": "Kor",
            "thryTime": "3",
            "totalPrfssNm": "\ucd5c\ud558\uc601",
            "mngetEstblYn": "Y",
            "code": null,
            "crdit": "3",
            "expniSllbsYn": "N",
            "bldngSn": null,
            "bldngCd": null,
            "bldngNm": null,
            "lssnsLcttmUntcd": null,
            "sbjetSctcd2": null,
            "rmnmCd": "318",
            "isApi": null,
            "paging": false,
            "rowStatus": "R",
            "pageSort": null
        },
        {
            "rowIndex": 0,
            "success": false,
            "message": null,
            "pageSize": 100,
            "pageNum": 1,
            "lctreMthodNm": "\ub300\uba74",
            "lctrmInfo": "\uc790\uc5f0\uacfc\ud559\ub300\ud559",
            "lctreLnggeSctcd": null,
            "crseNo": "TCHR0578-001",
            "estblUnivNm": "\uc790\uc5f0\uacfc\ud559\ub300\ud559",
            "estblDprtnNm": "\uc218\ud559\uacfc",
            "estblYear": "2022",
            "estblDprtnCd": "1301",
            "estblSmstrSctnm": "1\ud559\uae30",
            "estblSmstrSctcd": "CMBS001400001",
            "estblGrade": "3",
            "sbjetSctnm": "\uad50\uc9c1",
            "sbjetNm": "\uc911\ud559\uad50\uc218\ud559\uad50\uc7ac\uc5f0\uad6c\ubc0f\uc9c0\ub3c4\ubc95",
            "sbjetDvnno": "001",
            "sbjetCd": "TCHR0578",
            "gubun": null,
            "pckgeRqstPssblYn": "Y",
            "pckgeRqstCnt": "27",
            "name": null,
            "rmrk": null,
            "appcrCnt": "30",
            "attlcPrscpCnt": "30",
            "lssnsTimeInfo": "\uc6d4 8B,9A,9B<br/>\uc218 7A,7B,8A",
            "lssnsRealTimeInfo": "\uc6d4 16:30 ~ 18:00<br/>\uc218 15:00 ~ 16:30",
            "prctsTime": "0",
            "doPlan": "Kor",
            "thryTime": "3",
            "totalPrfssNm": "\uc774\ubd09\uc8fc",
            "mngetEstblYn": "N",
            "code": null,
            "crdit": "3",
            "expniSllbsYn": "N",
            "bldngSn": null,
            "bldngCd": null,
            "bldngNm": null,
            "lssnsLcttmUntcd": null,
            "sbjetSctcd2": null,
            "rmnmCd": "101",
            "isApi": null,
            "paging": false,
            "rowStatus": "R",
            "pageSort": null
        },
        {
            "rowIndex": 0,
            "success": false,
            "message": null,
            "pageSize": 100,
            "pageNum": 1,
            "lctreMthodNm": "\ub300\uba74",
            "lctrmInfo": "KNU\uae00\ub85c\ubc8c\ud504\ub77c\uc790",
            "lctreLnggeSctcd": null,
            "crseNo": "CLTR0242-001",
            "estblUnivNm": "\uc790\uc5f0\uacfc\ud559\ub300\ud559",
            "estblDprtnNm": "\uc218\ud559\uacfc",
            "estblYear": "2022",
            "estblDprtnCd": "1301",
            "estblSmstrSctnm": "1\ud559\uae30",
            "estblSmstrSctcd": "CMBS001400001",
            "estblGrade": "*",
            "sbjetSctnm": "\uad50\uc591",
            "sbjetNm": "\uc778\ubb38\uc0ac\ud68c\uc218\ud559",
            "sbjetDvnno": "001",
            "sbjetCd": "CLTR0242",
            "gubun": null,
            "pckgeRqstPssblYn": "Y",
            "pckgeRqstCnt": "9",
            "name": null,
            "rmrk": "\uc804\ud559\ub144\uc120\ud0dd<br>",
            "appcrCnt": "11",
            "attlcPrscpCnt": "65",
            "lssnsTimeInfo": "\uc6d4 7A,7B,8A<br/>\uae08 7A,7B,8A",
            "lssnsRealTimeInfo": "\uc6d4 15:00 ~ 16:30<br/>\uae08 15:00 ~ 16:30",
            "prctsTime": "0",
            "doPlan": "Kor",
            "thryTime": "3",
            "totalPrfssNm": "\uae40\ud61c\uc9c4",
            "mngetEstblYn": "Y",
            "code": null,
            "crdit": "3",
            "expniSllbsYn": "N",
            "bldngSn": null,
            "bldngCd": null,
            "bldngNm": null,
            "lssnsLcttmUntcd": null,
            "sbjetSctcd2": null,
            "rmnmCd": "501",
            "isApi": null,
            "paging": false,
            "rowStatus": "R",
            "pageSort": null
        },
        {
            "rowIndex": 0,
            "success": false,
            "message": null,
            "pageSize": 100,
            "pageNum": 1,
            "lctreMthodNm": "\ub300\uba74",
            "lctrmInfo": "\uc790\uc5f0\uacfc\ud559\ub300\ud559",
            "lctreLnggeSctcd": null,
            "crseNo": "MATH0231-003",
            "estblUnivNm": "\uc790\uc5f0\uacfc\ud559\ub300\ud559",
            "estblDprtnNm": "\uc218\ud559\uacfc",
            "estblYear": "2022",
            "estblDprtnCd": "1301",
            "estblSmstrSctnm": "1\ud559\uae30",
            "estblSmstrSctcd": "CMBS001400001",
            "estblGrade": "2",
            "sbjetSctnm": "\uc804\uacf5",
            "sbjetNm": "\uc120\ud615\ub300\uc218\ud5591",
            "sbjetDvnno": "003",
            "sbjetCd": "MATH0231",
            "gubun": null,
            "pckgeRqstPssblYn": "Y",
            "pckgeRqstCnt": "56",
            "name": null,
            "rmrk": "(\ud55c\uad6d\uc5b4+\uc601\uc5b4)<br>",
            "appcrCnt": "42",
            "attlcPrscpCnt": "40",
            "lssnsTimeInfo": "\ud654 7A,7B,8A<br/>\ubaa9 7A,7B,8A",
            "lssnsRealTimeInfo": "\ud654 15:00 ~ 16:30<br/>\ubaa9 15:00 ~ 16:30",
            "prctsTime": "0",
            "doPlan": "Kor",
            "thryTime": "3",
            "totalPrfssNm": "\ubc15\uc885\uc721",
            "mngetEstblYn": "Y",
            "code": null,
            "crdit": "3",
            "expniSllbsYn": "Y",
            "bldngSn": null,
            "bldngCd": null,
            "bldngNm": null,
            "lssnsLcttmUntcd": null,
            "sbjetSctcd2": null,
            "rmnmCd": "219",
            "isApi": null,
            "paging": false,
            "rowStatus": "R",
            "pageSort": null
        },
        {
            "rowIndex": 0,
            "success": false,
            "message": null,
            "pageSize": 100,
            "pageNum": 1,
            "lctreMthodNm": "\ub300\uba74",
            "lctrmInfo": "\uc790\uc5f0\uacfc\ud559\ub300\ud559",
            "lctreLnggeSctcd": null,
            "crseNo": "MATH0410-001",
            "estblUnivNm": "\uc790\uc5f0\uacfc\ud559\ub300\ud559",
            "estblDprtnNm": "\uc218\ud559\uacfc",
            "estblYear": "2022",
            "estblDprtnCd": "1301",
            "estblSmstrSctnm": "1\ud559\uae30",
            "estblSmstrSctcd": "CMBS001400001",
            "estblGrade": "3",
            "sbjetSctnm": "\uc804\uacf5",
            "sbjetNm": "\ud3b8\ubbf8\ubd84\ubc29\uc815\uc2dd",
            "sbjetDvnno": "001",
            "sbjetCd": "MATH0410",
            "gubun": null,
            "pckgeRqstPssblYn": "Y",
            "pckgeRqstCnt": "45",
            "name": null,
            "rmrk": "(\ud55c\uad6d\uc5b4+\uc601\uc5b4)<br>",
            "appcrCnt": "36",
            "attlcPrscpCnt": "40",
            "lssnsTimeInfo": "\uc6d4 8B,9A,9B<br/>\uc218 7A,7B,8A",
            "lssnsRealTimeInfo": "\uc6d4 16:30 ~ 18:00<br/>\uc218 15:00 ~ 16:30",
            "prctsTime": "0",
            "doPlan": "Kor",
            "thryTime": "3",
            "totalPrfssNm": "\uc624\uc81c\ud55c",
            "mngetEstblYn": "Y",
            "code": null,
            "crdit": "3",
            "expniSllbsYn": "N",
            "bldngSn": null,
            "bldngCd": null,
            "bldngNm": null,
            "lssnsLcttmUntcd": null,
            "sbjetSctcd2": null,
            "rmnmCd": "318",
            "isApi": null,
            "paging": false,
            "rowStatus": "R",
            "pageSort": null
        },
        {
            "rowIndex": 0,
            "success": false,
            "message": null,
            "pageSize": 100,
            "pageNum": 1,
            "lctreMthodNm": "\ub300\uba74",
            "lctrmInfo": "\uc790\uc5f0\uacfc\ud559\ub300\ud559",
            "lctreLnggeSctcd": null,
            "crseNo": "MATH0411-001",
            "estblUnivNm": "\uc790\uc5f0\uacfc\ud559\ub300\ud559",
            "estblDprtnNm": "\uc218\ud559\uacfc",
            "estblYear": "2022",
            "estblDprtnCd": "1301",
            "estblSmstrSctnm": "1\ud559\uae30",
            "estblSmstrSctcd": "CMBS001400001",
            "estblGrade": "3",
            "sbjetSctnm": "\uc804\uacf5",
            "sbjetNm": "\ubcf5\uc18c\ud568\uc218\ub8601\ubc0f\uc2e4\uc2b5",
            "sbjetDvnno": "001",
            "sbjetCd": "MATH0411",
            "gubun": null,
            "pckgeRqstPssblYn": "Y",
            "pckgeRqstCnt": "27",
            "name": null,
            "rmrk": "(\ud55c\uad6d\uc5b4+\uc601\uc5b4)<br>",
            "appcrCnt": "28",
            "attlcPrscpCnt": "40",
            "lssnsTimeInfo": "\ud654 1A,1B,2A<br/>\ubaa9 10A,10B<br/>\ubaa9 11A,11B<br/>\ubaa9 2B,3A,3B",
            "lssnsRealTimeInfo": "\ud654 09:00 ~ 10:30<br/>\ubaa9 10:30 ~ 12:00<br/>\ubaa9 18:00 ~ 19:00<br/>\ubaa9 19:00 ~ 20:00",
            "prctsTime": "2",
            "doPlan": "Kor",
            "thryTime": "3",
            "totalPrfssNm": "\uae40\uc131\uad8c",
            "mngetEstblYn": "Y",
            "code": null,
            "crdit": "4",
            "expniSllbsYn": "N",
            "bldngSn": null,
            "bldngCd": null,
            "bldngNm": null,
            "lssnsLcttmUntcd": null,
            "sbjetSctcd2": null,
            "rmnmCd": "318",
            "isApi": null,
            "paging": false,
            "rowStatus": "R",
            "pageSort": null
        },
        {
            "rowIndex": 0,
            "success": false,
            "message": null,
            "pageSize": 100,
            "pageNum": 1,
            "lctreMthodNm": "\ub300\uba74",
            "lctrmInfo": "\uc790\uc5f0\uacfc\ud559\ub300\ud559",
            "lctreLnggeSctcd": null,
            "crseNo": "MATH0407-001",
            "estblUnivNm": "\uc790\uc5f0\uacfc\ud559\ub300\ud559",
            "estblDprtnNm": "\uc218\ud559\uacfc",
            "estblYear": "2022",
            "estblDprtnCd": "1301",
            "estblSmstrSctnm": "1\ud559\uae30",
            "estblSmstrSctcd": "CMBS001400001",
            "estblGrade": "4",
            "sbjetSctnm": "\uc804\uacf5",
            "sbjetNm": "\uc870\ud569\uc704\uc0c1\uc218\ud559",
            "sbjetDvnno": "001",
            "sbjetCd": "MATH0407",
            "gubun": null,
            "pckgeRqstPssblYn": "Y",
            "pckgeRqstCnt": "8",
            "name": null,
            "rmrk": "(\ud55c\uad6d\uc5b4+\uc601\uc5b4)<br>",
            "appcrCnt": "5",
            "attlcPrscpCnt": "30",
            "lssnsTimeInfo": "\ud654 1A,1B,2A<br/>\ubaa9 2B,3A,3B",
            "lssnsRealTimeInfo": "\ud654 09:00 ~ 10:30<br/>\ubaa9 10:30 ~ 12:00",
            "prctsTime": "0",
            "doPlan": "Kor",
            "thryTime": "3",
            "totalPrfssNm": "\uc591\uc2b9\uc5fd",
            "mngetEstblYn": "Y",
            "code": null,
            "crdit": "3",
            "expniSllbsYn": "N",
            "bldngSn": null,
            "bldngCd": null,
            "bldngNm": null,
            "lssnsLcttmUntcd": null,
            "sbjetSctcd2": null,
            "rmnmCd": "319",
            "isApi": null,
            "paging": false,
            "rowStatus": "R",
            "pageSort": null
        },
        {
            "rowIndex": 0,
            "success": false,
            "message": null,
            "pageSize": 100,
            "pageNum": 1,
            "lctreMthodNm": "\ub300\uba74",
            "lctrmInfo": "\uc790\uc5f0\uacfc\ud559\ub300\ud559",
            "lctreLnggeSctcd": null,
            "crseNo": "MATH0201-001",
            "estblUnivNm": "\uc790\uc5f0\uacfc\ud559\ub300\ud559",
            "estblDprtnNm": "\uc218\ud559\uacfc",
            "estblYear": "2022",
            "estblDprtnCd": "1301",
            "estblSmstrSctnm": "1\ud559\uae30",
            "estblSmstrSctcd": "CMBS001400001",
            "estblGrade": "2",
            "sbjetSctnm": "\uc804\uacf5",
            "sbjetNm": "\ud574\uc11d\ud5591",
            "sbjetDvnno": "001",
            "sbjetCd": "MATH0201",
            "gubun": null,
            "pckgeRqstPssblYn": "Y",
            "pckgeRqstCnt": "37",
            "name": null,
            "rmrk": "(\ud55c\uad6d\uc5b4+\uc601\uc5b4)<br>",
            "appcrCnt": "37",
            "attlcPrscpCnt": "40",
            "lssnsTimeInfo": "\uc6d4 8B,9A,9B<br/>\uc218 7A,7B,8A",
            "lssnsRealTimeInfo": "\uc6d4 16:30 ~ 18:00<br/>\uc218 15:00 ~ 16:30",
            "prctsTime": "0",
            "doPlan": "Kor",
            "thryTime": "3",
            "totalPrfssNm": "\uae40\uc131\ud559",
            "mngetEstblYn": "Y",
            "code": null,
            "crdit": "3",
            "expniSllbsYn": "Y",
            "bldngSn": null,
            "bldngCd": null,
            "bldngNm": null,
            "lssnsLcttmUntcd": null,
            "sbjetSctcd2": null,
            "rmnmCd": "219",
            "isApi": null,
            "paging": false,
            "rowStatus": "R",
            "pageSort": null
        },
        {
            "rowIndex": 0,
            "success": false,
            "message": null,
            "pageSize": 100,
            "pageNum": 1,
            "lctreMthodNm": "\ub300\uba74",
            "lctrmInfo": "\uc790\uc5f0\uacfc\ud559\ub300\ud559",
            "lctreLnggeSctcd": null,
            "crseNo": "MATH0271-001",
            "estblUnivNm": "\uc790\uc5f0\uacfc\ud559\ub300\ud559",
            "estblDprtnNm": "\uc218\ud559\uacfc",
            "estblYear": "2022",
            "estblDprtnCd": "1301",
            "estblSmstrSctnm": "1\ud559\uae30",
            "estblSmstrSctcd": "CMBS001400001",
            "estblGrade": "4",
            "sbjetSctnm": "\uc804\uacf5",
            "sbjetNm": "\uae30\ud558\ud559\uac1c\ub860",
            "sbjetDvnno": "001",
            "sbjetCd": "MATH0271",
            "gubun": null,
            "pckgeRqstPssblYn": "Y",
            "pckgeRqstCnt": "8",
            "name": null,
            "rmrk": "(\ud55c\uad6d\uc5b4+\uc601\uc5b4)<br>",
            "appcrCnt": "9",
            "attlcPrscpCnt": "30",
            "lssnsTimeInfo": "\uc6d4 8B,9A,9B<br/>\uc218 7A,7B,8A",
            "lssnsRealTimeInfo": "\uc6d4 16:30 ~ 18:00<br/>\uc218 15:00 ~ 16:30",
            "prctsTime": "0",
            "doPlan": "Kor",
            "thryTime": "3",
            "totalPrfssNm": "\uc11c\uc560\ub839",
            "mngetEstblYn": "Y",
            "code": null,
            "crdit": "3",
            "expniSllbsYn": "Y",
            "bldngSn": null,
            "bldngCd": null,
            "bldngNm": null,
            "lssnsLcttmUntcd": null,
            "sbjetSctcd2": null,
            "rmnmCd": "319",
            "isApi": null,
            "paging": false,
            "rowStatus": "R",
            "pageSort": null
        },
        {
            "rowIndex": 0,
            "success": false,
            "message": null,
            "pageSize": 100,
            "pageNum": 1,
            "lctreMthodNm": "\ub300\uba74",
            "lctrmInfo": "\uc0dd\ubb3c\ud559\uad00",
            "lctreLnggeSctcd": null,
            "crseNo": "CLTR0213-001",
            "estblUnivNm": "\uc790\uc5f0\uacfc\ud559\ub300\ud559",
            "estblDprtnNm": "\uc218\ud559\uacfc",
            "estblYear": "2022",
            "estblDprtnCd": "1301",
            "estblSmstrSctnm": "1\ud559\uae30",
            "estblSmstrSctcd": "CMBS001400001",
            "estblGrade": "1",
            "sbjetSctnm": "\uad50\uc591",
            "sbjetNm": "\ubb3c\ub9ac\ud559 I",
            "sbjetDvnno": "001",
            "sbjetCd": "CLTR0213",
            "gubun": null,
            "pckgeRqstPssblYn": "N",
            "pckgeRqstCnt": "0",
            "name": null,
            "rmrk": null,
            "appcrCnt": "57",
            "attlcPrscpCnt": "65",
            "lssnsTimeInfo": "\uc6d4 8B,9A,9B<br/>\uc218 7A,7B,8A",
            "lssnsRealTimeInfo": "\uc6d4 16:30 ~ 18:00<br/>\uc218 15:00 ~ 16:30",
            "prctsTime": "0",
            "doPlan": "Kor",
            "thryTime": "3",
            "totalPrfssNm": "\uae40\ucc2c",
            "mngetEstblYn": "Y",
            "code": null,
            "crdit": "3",
            "expniSllbsYn": "N",
            "bldngSn": null,
            "bldngCd": null,
            "bldngNm": null,
            "lssnsLcttmUntcd": null,
            "sbjetSctcd2": null,
            "rmnmCd": "B04",
            "isApi": null,
            "paging": false,
            "rowStatus": "R",
            "pageSort": null
        },
        {
            "rowIndex": 0,
            "success": false,
            "message": null,
            "pageSize": 100,
            "pageNum": 1,
            "lctreMthodNm": "\ub300\uba74",
            "lctrmInfo": "\uc790\uc5f0\uacfc\ud559\ub300\ud559",
            "lctreLnggeSctcd": null,
            "crseNo": "MATH0413-001",
            "estblUnivNm": "\uc790\uc5f0\uacfc\ud559\ub300\ud559",
            "estblDprtnNm": "\uc218\ud559\uacfc",
            "estblYear": "2022",
            "estblDprtnCd": "1301",
            "estblSmstrSctnm": "1\ud559\uae30",
            "estblSmstrSctcd": "CMBS001400001",
            "estblGrade": "3",
            "sbjetSctnm": "\uc804\uacf5",
            "sbjetNm": "\ud604\ub300\ub300\uc218\ud5591\ubc0f\uc2e4\uc2b5",
            "sbjetDvnno": "001",
            "sbjetCd": "MATH0413",
            "gubun": null,
            "pckgeRqstPssblYn": "Y",
            "pckgeRqstCnt": "28",
            "name": null,
            "rmrk": "(\ud55c\uad6d\uc5b4+\uc601\uc5b4)<br>",
            "appcrCnt": "31",
            "attlcPrscpCnt": "40",
            "lssnsTimeInfo": "\ud654 10A,10B<br/>\ud654 11A,11B<br/>\ud654 5B,6A,6B<br/>\ubaa9 5B,6A,6B",
            "lssnsRealTimeInfo": "\ud654 13:30 ~ 15:00<br/>\ud654 18:00 ~ 19:00<br/>\ud654 19:00 ~ 20:00<br/>\ubaa9 13:30 ~ 15:00",
            "prctsTime": "2",
            "doPlan": "Kor",
            "thryTime": "3",
            "totalPrfssNm": "\uc784\uc815\uc6b1",
            "mngetEstblYn": "Y",
            "code": null,
            "crdit": "4",
            "expniSllbsYn": "N",
            "bldngSn": null,
            "bldngCd": null,
            "bldngNm": null,
            "lssnsLcttmUntcd": null,
            "sbjetSctcd2": null,
            "rmnmCd": "318",
            "isApi": null,
            "paging": false,
            "rowStatus": "R",
            "pageSort": null
        },
        {
            "rowIndex": 0,
            "success": false,
            "message": null,
            "pageSize": 100,
            "pageNum": 1,
            "lctreMthodNm": "\ub300\uba74",
            "lctrmInfo": "\uc0dd\uba85\uacf5\ud559\uad00(\uad50\uc591\uacfc\uc815\ub3d9)",
            "lctreLnggeSctcd": null,
            "crseNo": "CLTR0221-002",
            "estblUnivNm": "\uc790\uc5f0\uacfc\ud559\ub300\ud559",
            "estblDprtnNm": "\uc218\ud559\uacfc",
            "estblYear": "2022",
            "estblDprtnCd": "1301",
            "estblSmstrSctnm": "1\ud559\uae30",
            "estblSmstrSctcd": "CMBS001400001",
            "estblGrade": "1",
            "sbjetSctnm": "\uad50\uc591",
            "sbjetNm": "\ud1b5\uacc4\ud559",
            "sbjetDvnno": "002",
            "sbjetCd": "CLTR0221",
            "gubun": null,
            "pckgeRqstPssblYn": "N",
            "pckgeRqstCnt": "0",
            "name": null,
            "rmrk": null,
            "appcrCnt": "58",
            "attlcPrscpCnt": "65",
            "lssnsTimeInfo": "\uc218 1A,1B,2A<br/>\uae08 2B,3A,3B",
            "lssnsRealTimeInfo": "\uc218 09:00 ~ 10:30<br/>\uae08 10:30 ~ 12:00",
            "prctsTime": "0",
            "doPlan": "Kor",
            "thryTime": "3",
            "totalPrfssNm": "\uc624\uc9c0\uc740",
            "mngetEstblYn": "Y",
            "code": null,
            "crdit": "3",
            "expniSllbsYn": "N",
            "bldngSn": null,
            "bldngCd": null,
            "bldngNm": null,
            "lssnsLcttmUntcd": null,
            "sbjetSctcd2": null,
            "rmnmCd": "315",
            "isApi": null,
            "paging": false,
            "rowStatus": "R",
            "pageSort": null
        },
        {
            "rowIndex": 0,
            "success": false,
            "message": null,
            "pageSize": 100,
            "pageNum": 1,
            "lctreMthodNm": "\ub300\uba74",
            "lctrmInfo": "\uc790\uc5f0\uacfc\ud559\ub300\ud559",
            "lctreLnggeSctcd": null,
            "crseNo": "MATH0211-002",
            "estblUnivNm": "\uc790\uc5f0\uacfc\ud559\ub300\ud559",
            "estblDprtnNm": "\uc218\ud559\uacfc",
            "estblYear": "2022",
            "estblDprtnCd": "1301",
            "estblSmstrSctnm": "1\ud559\uae30",
            "estblSmstrSctcd": "CMBS001400001",
            "estblGrade": "2",
            "sbjetSctnm": "\uc804\uacf5",
            "sbjetNm": "\ud574\uc11d\ud5591\uc2e4\uc2b5",
            "sbjetDvnno": "002",
            "sbjetCd": "MATH0211",
            "gubun": null,
            "pckgeRqstPssblYn": "Y",
            "pckgeRqstCnt": "5",
            "name": null,
            "rmrk": "(\ud55c\uad6d\uc5b4+\uc601\uc5b4)<br>",
            "appcrCnt": "7",
            "attlcPrscpCnt": "20",
            "lssnsTimeInfo": "\ud654 10A,10B<br/>\ud654 11A,11B",
            "lssnsRealTimeInfo": "\ud654 18:00 ~ 19:00<br/>\ud654 19:00 ~ 20:00",
            "prctsTime": "2",
            "doPlan": "Kor",
            "thryTime": "0",
            "totalPrfssNm": "\uc774\ubbfc\uae30",
            "mngetEstblYn": "Y",
            "code": null,
            "crdit": "1",
            "expniSllbsYn": "N",
            "bldngSn": null,
            "bldngCd": null,
            "bldngNm": null,
            "lssnsLcttmUntcd": null,
            "sbjetSctcd2": null,
            "rmnmCd": "219",
            "isApi": null,
            "paging": false,
            "rowStatus": "R",
            "pageSort": null
        },
        {
            "rowIndex": 0,
            "success": false,
            "message": null,
            "pageSize": 100,
            "pageNum": 1,
            "lctreMthodNm": "\ub300\uba74",
            "lctrmInfo": "\uc790\uc5f0\uacfc\ud559\ub300\ud559",
            "lctreLnggeSctcd": null,
            "crseNo": "MTED0482-001",
            "estblUnivNm": "\uc790\uc5f0\uacfc\ud559\ub300\ud559",
            "estblDprtnNm": "\uc218\ud559\uacfc",
            "estblYear": "2022",
            "estblDprtnCd": "1301",
            "estblSmstrSctnm": "1\ud559\uae30",
            "estblSmstrSctcd": "CMBS001400001",
            "estblGrade": "4",
            "sbjetSctnm": "\uc804\uacf5",
            "sbjetNm": "\uc2e4\ud568\uc218\ub860",
            "sbjetDvnno": "001",
            "sbjetCd": "MTED0482",
            "gubun": null,
            "pckgeRqstPssblYn": "Y",
            "pckgeRqstCnt": "12",
            "name": null,
            "rmrk": "(\ud55c\uad6d\uc5b4+\uc601\uc5b4)<br>",
            "appcrCnt": "12",
            "attlcPrscpCnt": "30",
            "lssnsTimeInfo": "\ud654 5B,6A,6B<br/>\ubaa9 5B,6A,6B",
            "lssnsRealTimeInfo": "\ud654 13:30 ~ 15:00<br/>\ubaa9 13:30 ~ 15:00",
            "prctsTime": "0",
            "doPlan": "Kor",
            "thryTime": "3",
            "totalPrfssNm": "\uae40\uc131\ud559",
            "mngetEstblYn": "Y",
            "code": null,
            "crdit": "3",
            "expniSllbsYn": "Y",
            "bldngSn": null,
            "bldngCd": null,
            "bldngNm": null,
            "lssnsLcttmUntcd": null,
            "sbjetSctcd2": null,
            "rmnmCd": "319",
            "isApi": null,
            "paging": false,
            "rowStatus": "R",
            "pageSort": null
        },
        {
            "rowIndex": 0,
            "success": false,
            "message": null,
            "pageSize": 100,
            "pageNum": 1,
            "lctreMthodNm": "\ub300\uba74",
            "lctrmInfo": "\uc0dd\uba85\uacf5\ud559\uad00(\uad50\uc591\uacfc\uc815\ub3d9)",
            "lctreLnggeSctcd": null,
            "crseNo": "CLTR0211-001",
            "estblUnivNm": "\uc790\uc5f0\uacfc\ud559\ub300\ud559",
            "estblDprtnNm": "\uc218\ud559\uacfc",
            "estblYear": "2022",
            "estblDprtnCd": "1301",
            "estblSmstrSctnm": "1\ud559\uae30",
            "estblSmstrSctcd": "CMBS001400001",
            "estblGrade": "1",
            "sbjetSctnm": "\uad50\uc591",
            "sbjetNm": "\uc218\ud559 I",
            "sbjetDvnno": "001",
            "sbjetCd": "CLTR0211",
            "gubun": null,
            "pckgeRqstPssblYn": "N",
            "pckgeRqstCnt": "0",
            "name": null,
            "rmrk": "(\ud55c\uad6d\uc5b4+\uc601\uc5b4)<br>",
            "appcrCnt": "37",
            "attlcPrscpCnt": "65",
            "lssnsTimeInfo": "\ud654 7A,7B,8A<br/>\ubaa9 7A,7B,8A",
            "lssnsRealTimeInfo": "\ud654 15:00 ~ 16:30<br/>\ubaa9 15:00 ~ 16:30",
            "prctsTime": "0",
            "doPlan": "Kor",
            "thryTime": "3",
            "totalPrfssNm": "\uc591\uc2b9\uc5fd",
            "mngetEstblYn": "Y",
            "code": null,
            "crdit": "3",
            "expniSllbsYn": "N",
            "bldngSn": null,
            "bldngCd": null,
            "bldngNm": null,
            "lssnsLcttmUntcd": null,
            "sbjetSctcd2": null,
            "rmnmCd": "104-1",
            "isApi": null,
            "paging": false,
            "rowStatus": "R",
            "pageSort": null
        },
        {
            "rowIndex": 0,
            "success": false,
            "message": null,
            "pageSize": 100,
            "pageNum": 1,
            "lctreMthodNm": "\ub300\uba74",
            "lctrmInfo": "\uc790\uc5f0\uacfc\ud559\ub300\ud559",
            "lctreLnggeSctcd": null,
            "crseNo": "MATH0241-002",
            "estblUnivNm": "\uc790\uc5f0\uacfc\ud559\ub300\ud559",
            "estblDprtnNm": "\uc218\ud559\uacfc",
            "estblYear": "2022",
            "estblDprtnCd": "1301",
            "estblSmstrSctnm": "1\ud559\uae30",
            "estblSmstrSctcd": "CMBS001400001",
            "estblGrade": "2",
            "sbjetSctnm": "\uc804\uacf5",
            "sbjetNm": "\uc120\ud615\ub300\uc218\ud5591\uc2e4\uc2b5",
            "sbjetDvnno": "002",
            "sbjetCd": "MATH0241",
            "gubun": null,
            "pckgeRqstPssblYn": "Y",
            "pckgeRqstCnt": "17",
            "name": null,
            "rmrk": "(\ud55c\uad6d\uc5b4+\uc601\uc5b4)<br>",
            "appcrCnt": "16",
            "attlcPrscpCnt": "20",
            "lssnsTimeInfo": "\ubaa9 10A,10B<br/>\ubaa9 11A,11B",
            "lssnsRealTimeInfo": "\ubaa9 18:00 ~ 19:00<br/>\ubaa9 19:00 ~ 20:00",
            "prctsTime": "2",
            "doPlan": "Kor",
            "thryTime": "0",
            "totalPrfssNm": "\ubc15\uc885\uc721",
            "mngetEstblYn": "Y",
            "code": null,
            "crdit": "1",
            "expniSllbsYn": "N",
            "bldngSn": null,
            "bldngCd": null,
            "bldngNm": null,
            "lssnsLcttmUntcd": null,
            "sbjetSctcd2": null,
            "rmnmCd": "219",
            "isApi": null,
            "paging": false,
            "rowStatus": "R",
            "pageSort": null
        },
        {
            "rowIndex": 0,
            "success": false,
            "message": null,
            "pageSize": 100,
            "pageNum": 1,
            "lctreMthodNm": "\ub300\uba74",
            "lctrmInfo": null,
            "lctreLnggeSctcd": null,
            "crseNo": "TCHR0522-013",
            "estblUnivNm": "\uc790\uc5f0\uacfc\ud559\ub300\ud559",
            "estblDprtnNm": "\uc218\ud559\uacfc",
            "estblYear": "2022",
            "estblDprtnCd": "1301",
            "estblSmstrSctnm": "1\ud559\uae30",
            "estblSmstrSctcd": "CMBS001400001",
            "estblGrade": "4",
            "sbjetSctnm": "\uad50\uc9c1",
            "sbjetNm": "\ud559\uad50\ud604\uc7a5\uc2e4\uc2b5",
            "sbjetDvnno": "013",
            "sbjetCd": "TCHR0522",
            "gubun": null,
            "pckgeRqstPssblYn": "Y",
            "pckgeRqstCnt": "6",
            "name": null,
            "rmrk": null,
            "appcrCnt": "11",
            "attlcPrscpCnt": "30",
            "lssnsTimeInfo": null,
            "lssnsRealTimeInfo": null,
            "prctsTime": "4",
            "doPlan": "Kor",
            "thryTime": "0",
            "totalPrfssNm": "\uc774\ud604\uc2dd",
            "mngetEstblYn": "Y",
            "code": null,
            "crdit": "2",
            "expniSllbsYn": "N",
            "bldngSn": null,
            "bldngCd": null,
            "bldngNm": null,
            "lssnsLcttmUntcd": null,
            "sbjetSctcd2": null,
            "rmnmCd": null,
            "isApi": null,
            "paging": false,
            "rowStatus": "R",
            "pageSort": null
        }
    ],
    "statusCode": 200
}