{
    "timestamp": "2022-04-28T23:14:46.76",
    "success": true,
    "code": null,
    "msg": null,
    "data": [
        {
            "rowIndex": 0,
            "success": false,
            "message": null,
            "pageSize": 100,
            "pageNum": 1,
            "lctreMthodNm": "\ub300\uba74",
            "lctrmInfo": "\ud654\ud559\uad00",
            "lctreLnggeSctcd": null,
            "crseNo": "CLTR0215-003",
            "estblUnivNm": "\uc790\uc5f0\uacfc\ud559\ub300\ud559",
            "estblDprtnNm": "\ubb3c\ub9ac\ud559\uacfc",
            "estblYear": "2022",
            "estblDprtnCd": "130A",
            "estblSmstrSctnm": "1\ud559\uae30",
            "estblSmstrSctcd": "CMBS001400001",
            "estblGrade": "1",
            "sbjetSctnm": "\uad50\uc591",
            "sbjetNm": "\ud654\ud559 I",
            "sbjetDvnno": "003",
            "sbjetCd": "CLTR0215",
            "gubun": null,
            "pckgeRqstPssblYn": "N",
            "pckgeRqstCnt": "0",
            "name": null,
            "rmrk": null,
            "appcrCnt": "48",
            "attlcPrscpCnt": "65",
            "lssnsTimeInfo": "\ud654 1A,1B,2A<br/>\ubaa9 2B,3A,3B",
            "lssnsRealTimeInfo": "\ud654 09:00 ~ 10:30<br/>\ubaa9 10:30 ~ 12:00",
            "prctsTime": "0",
            "doPlan": "Kor",
            "thryTime": "3",
            "totalPrfssNm": "\uc774\uac15\ud638",
            "mngetEstblYn": "Y",
            "code": null,
            "crdit": "3",
            "expniSllbsYn": "N",
            "bldngSn": null,
            "bldngCd": null,
            "bldngNm": null,
            "lssnsLcttmUntcd": null,
            "sbjetSctcd2": null,
            "rmnmCd": "120",
            "isApi": null,
            "paging": false,
            "rowStatus": "R",
            "pageSort": null
        },
        {
            "rowIndex": 0,
            "success": false,
            "message": null,
            "pageSize": 100,
            "pageNum": 1,
            "lctreMthodNm": "\ub300\uba74",
            "lctrmInfo": "\uc81c1\uacfc\ud559\uad00",
            "lctreLnggeSctcd": null,
            "crseNo": "PHYS0241-001",
            "estblUnivNm": "\uc790\uc5f0\uacfc\ud559\ub300\ud559",
            "estblDprtnNm": "\ubb3c\ub9ac\ud559\uacfc",
            "estblYear": "2022",
            "estblDprtnCd": "130A",
            "estblSmstrSctnm": "1\ud559\uae30",
            "estblSmstrSctcd": "CMBS001400001",
            "estblGrade": "2",
            "sbjetSctnm": "\uc804\uacf5\ud544\uc218",
            "sbjetNm": "\uc218\ub9ac\ubb3c\ub9ac1",
            "sbjetDvnno": "001",
            "sbjetCd": "PHYS0241",
            "gubun": null,
            "pckgeRqstPssblYn": "Y",
            "pckgeRqstCnt": "68",
            "name": null,
            "rmrk": null,
            "appcrCnt": "84",
            "attlcPrscpCnt": "80",
            "lssnsTimeInfo": "\uc6d4 1A,1B,2A<br/>\uc218 2B,3A,3B",
            "lssnsRealTimeInfo": "\uc6d4 09:00 ~ 10:30<br/>\uc218 10:30 ~ 12:00",
            "prctsTime": "0",
            "doPlan": "Kor",
            "thryTime": "3",
            "totalPrfssNm": "\ubc30\uaddc\uc815",
            "mngetEstblYn": "Y",
            "code": null,
            "crdit": "3",
            "expniSllbsYn": "N",
            "bldngSn": null,
            "bldngCd": null,
            "bldngNm": null,
            "lssnsLcttmUntcd": null,
            "sbjetSctcd2": null,
            "rmnmCd": "120",
            "isApi": null,
            "paging": false,
            "rowStatus": "R",
            "pageSort": null
        },
        {
            "rowIndex": 0,
            "success": false,
            "message": null,
            "pageSize": 100,
            "pageNum": 1,
            "lctreMthodNm": "\ub300\uba74",
            "lctrmInfo": "\uc81c1\uacfc\ud559\uad00",
            "lctreLnggeSctcd": null,
            "crseNo": "PHYS0351-001",
            "estblUnivNm": "\uc790\uc5f0\uacfc\ud559\ub300\ud559",
            "estblDprtnNm": "\ubb3c\ub9ac\ud559\uacfc",
            "estblYear": "2022",
            "estblDprtnCd": "130A",
            "estblSmstrSctnm": "1\ud559\uae30",
            "estblSmstrSctcd": "CMBS001400001",
            "estblGrade": "3",
            "sbjetSctnm": "\uc804\uacf5",
            "sbjetNm": "\uc804\uacf5\ud0d0\uad6c\ud504\ub85c\uc81d\ud2b81",
            "sbjetDvnno": "001",
            "sbjetCd": "PHYS0351",
            "gubun": null,
            "pckgeRqstPssblYn": "Y",
            "pckgeRqstCnt": "35",
            "name": null,
            "rmrk": "(\ud55c\uad6d\uc5b4+\uc601\uc5b4)<br>\uc2e0\uaddc\uc804\uc784\uad50\uc6d0 \ub2f4\ub2f9\uc608\uc815",
            "appcrCnt": "30",
            "attlcPrscpCnt": "40",
            "lssnsTimeInfo": "\uc6d4 1A,1B<br/>\uc6d4 2A,2B<br/>\uc6d4 3A,3B",
            "lssnsRealTimeInfo": "\uc6d4 09:00 ~ 10:00<br/>\uc6d4 10:00 ~ 11:00<br/>\uc6d4 11:00 ~ 12:00",
            "prctsTime": "2",
            "doPlan": "Kor",
            "thryTime": "1",
            "totalPrfssNm": "\ubc15\uc815\uc2dd",
            "mngetEstblYn": "Y",
            "code": null,
            "crdit": "2",
            "expniSllbsYn": "N",
            "bldngSn": null,
            "bldngCd": null,
            "bldngNm": null,
            "lssnsLcttmUntcd": null,
            "sbjetSctcd2": null,
            "rmnmCd": "119",
            "isApi": null,
            "paging": false,
            "rowStatus": "R",
            "pageSort": null
        },
        {
            "rowIndex": 0,
            "success": false,
            "message": null,
            "pageSize": 100,
            "pageNum": 1,
            "lctreMthodNm": "\ub300\uba74",
            "lctrmInfo": "\uc81c1\uacfc\ud559\uad00",
            "lctreLnggeSctcd": null,
            "crseNo": "TCHR0676-001",
            "estblUnivNm": "\uc790\uc5f0\uacfc\ud559\ub300\ud559",
            "estblDprtnNm": "\ubb3c\ub9ac\ud559\uacfc",
            "estblYear": "2022",
            "estblDprtnCd": "130A",
            "estblSmstrSctnm": "1\ud559\uae30",
            "estblSmstrSctcd": "CMBS001400001",
            "estblGrade": "4",
            "sbjetSctnm": "\uad50\uc9c1",
            "sbjetNm": "\ubb3c\ub9ac\uad50\uc7ac\uc5f0\uad6c\ubc0f\uc9c0\ub3c4\ubc95",
            "sbjetDvnno": "001",
            "sbjetCd": "TCHR0676",
            "gubun": null,
            "pckgeRqstPssblYn": "Y",
            "pckgeRqstCnt": "10",
            "name": null,
            "rmrk": null,
            "appcrCnt": "14",
            "attlcPrscpCnt": "40",
            "lssnsTimeInfo": "\uc6d4 7A,7B<br/>\uc6d4 8A,8B<br/>\uc6d4 9A,9B<br/>\uc218 5A,5B<br/>\uc218 6A,6B",
            "lssnsRealTimeInfo": "\uc6d4 15:00 ~ 16:00<br/>\uc6d4 16:00 ~ 17:00<br/>\uc6d4 17:00 ~ 18:00<br/>\uc218 13:00 ~ 14:00<br/>\uc218 14:00 ~ 15:00",
            "prctsTime": "0",
            "doPlan": "Kor",
            "thryTime": "3",
            "totalPrfssNm": "\ud558\uc0c1\uc6b0",
            "mngetEstblYn": "N",
            "code": null,
            "crdit": "3",
            "expniSllbsYn": "N",
            "bldngSn": null,
            "bldngCd": null,
            "bldngNm": null,
            "lssnsLcttmUntcd": null,
            "sbjetSctcd2": null,
            "rmnmCd": "313",
            "isApi": null,
            "paging": false,
            "rowStatus": "R",
            "pageSort": null
        },
        {
            "rowIndex": 0,
            "success": false,
            "message": null,
            "pageSize": 100,
            "pageNum": 1,
            "lctreMthodNm": "\ub300\uba74",
            "lctrmInfo": "\uc81c1\uacfc\ud559\uad00",
            "lctreLnggeSctcd": null,
            "crseNo": "PHYS0363-001",
            "estblUnivNm": "\uc790\uc5f0\uacfc\ud559\ub300\ud559",
            "estblDprtnNm": "\ubb3c\ub9ac\ud559\uacfc",
            "estblYear": "2022",
            "estblDprtnCd": "130A",
            "estblSmstrSctnm": "1\ud559\uae30",
            "estblSmstrSctcd": "CMBS001400001",
            "estblGrade": "3",
            "sbjetSctnm": "\uc804\uacf5",
            "sbjetNm": "\uc804\uc790\uacc4\uce21\ubc0f\uc2e4\uc2b5",
            "sbjetDvnno": "001",
            "sbjetCd": "PHYS0363",
            "gubun": null,
            "pckgeRqstPssblYn": "Y",
            "pckgeRqstCnt": "42",
            "name": null,
            "rmrk": null,
            "appcrCnt": "44",
            "attlcPrscpCnt": "42",
            "lssnsTimeInfo": "\ud654 5A,5B<br/>\ud654 6A,6B<br/>\ubaa9 5A,5B<br/>\ubaa9 6A,6B",
            "lssnsRealTimeInfo": "\ud654 13:00 ~ 14:00<br/>\ud654 14:00 ~ 15:00<br/>\ubaa9 13:00 ~ 14:00<br/>\ubaa9 14:00 ~ 15:00",
            "prctsTime": "2",
            "doPlan": "Kor",
            "thryTime": "2",
            "totalPrfssNm": "\ub3c4\uc911\ud68c",
            "mngetEstblYn": "Y",
            "code": null,
            "crdit": "3",
            "expniSllbsYn": "N",
            "bldngSn": null,
            "bldngCd": null,
            "bldngNm": null,
            "lssnsLcttmUntcd": null,
            "sbjetSctcd2": null,
            "rmnmCd": "206B06-1",
            "isApi": null,
            "paging": false,
            "rowStatus": "R",
            "pageSort": null
        },
        {
            "rowIndex": 0,
            "success": false,
            "message": null,
            "pageSize": 100,
            "pageNum": 1,
            "lctreMthodNm": "\ub300\uba74",
            "lctrmInfo": "\uc81c1\uacfc\ud559\uad00",
            "lctreLnggeSctcd": null,
            "crseNo": "PHYS0455-001",
            "estblUnivNm": "\uc790\uc5f0\uacfc\ud559\ub300\ud559",
            "estblDprtnNm": "\ubb3c\ub9ac\ud559\uacfc",
            "estblYear": "2022",
            "estblDprtnCd": "130A",
            "estblSmstrSctnm": "1\ud559\uae30",
            "estblSmstrSctcd": "CMBS001400001",
            "estblGrade": "4",
            "sbjetSctnm": "\uc804\uacf5",
            "sbjetNm": "\uace0\uae09\uc751\uc6a9\uc804\uc0b0\ubb3c\ub9ac",
            "sbjetDvnno": "001",
            "sbjetCd": "PHYS0455",
            "gubun": null,
            "pckgeRqstPssblYn": "Y",
            "pckgeRqstCnt": "11",
            "name": null,
            "rmrk": "\ud50c\ub9bd\ub4dc\ub7ec\ub2dd\uac15\uc88c<br>",
            "appcrCnt": "10",
            "attlcPrscpCnt": "30",
            "lssnsTimeInfo": "\ud654 8B,9A,9B<br/>\ubaa9 8B,9A,9B",
            "lssnsRealTimeInfo": "\ud654 16:30 ~ 18:00<br/>\ubaa9 16:30 ~ 18:00",
            "prctsTime": "0",
            "doPlan": "Pre",
            "thryTime": "3",
            "totalPrfssNm": "\ubb38\ucc3d\uc131",
            "mngetEstblYn": "Y",
            "code": null,
            "crdit": "3",
            "expniSllbsYn": "N",
            "bldngSn": null,
            "bldngCd": null,
            "bldngNm": null,
            "lssnsLcttmUntcd": null,
            "sbjetSctcd2": null,
            "rmnmCd": "206",
            "isApi": null,
            "paging": false,
            "rowStatus": "R",
            "pageSort": null
        },
        {
            "rowIndex": 0,
            "success": false,
            "message": null,
            "pageSize": 100,
            "pageNum": 1,
            "lctreMthodNm": "\ub300\uba74",
            "lctrmInfo": "\uc81c1\uacfc\ud559\uad00",
            "lctreLnggeSctcd": null,
            "crseNo": "TCHR0636-001",
            "estblUnivNm": "\uc790\uc5f0\uacfc\ud559\ub300\ud559",
            "estblDprtnNm": "\ubb3c\ub9ac\ud559\uacfc",
            "estblYear": "2022",
            "estblDprtnCd": "130A",
            "estblSmstrSctnm": "1\ud559\uae30",
            "estblSmstrSctcd": "CMBS001400001",
            "estblGrade": "3",
            "sbjetSctnm": "\uad50\uc9c1",
            "sbjetNm": "\ubb3c\ub9ac\uad50\uc721\ub860",
            "sbjetDvnno": "001",
            "sbjetCd": "TCHR0636",
            "gubun": null,
            "pckgeRqstPssblYn": "Y",
            "pckgeRqstCnt": "22",
            "name": null,
            "rmrk": null,
            "appcrCnt": "23",
            "attlcPrscpCnt": "40",
            "lssnsTimeInfo": "\ud654 7A,7B,8A<br/>\ubaa9 7A,7B,8A",
            "lssnsRealTimeInfo": "\ud654 15:00 ~ 16:30<br/>\ubaa9 15:00 ~ 16:30",
            "prctsTime": "0",
            "doPlan": "Kor",
            "thryTime": "3",
            "totalPrfssNm": "\ud558\uc0c1\uc6b0",
            "mngetEstblYn": "N",
            "code": null,
            "crdit": "3",
            "expniSllbsYn": "N",
            "bldngSn": null,
            "bldngCd": null,
            "bldngNm": null,
            "lssnsLcttmUntcd": null,
            "sbjetSctcd2": null,
            "rmnmCd": "316",
            "isApi": null,
            "paging": false,
            "rowStatus": "R",
            "pageSort": null
        },
        {
            "rowIndex": 0,
            "success": false,
            "message": null,
            "pageSize": 100,
            "pageNum": 1,
            "lctreMthodNm": "\ub300\uba74",
            "lctrmInfo": "\uc0dd\uba85\uacf5\ud559\uad00(\uad50\uc591\uacfc\uc815\ub3d9)",
            "lctreLnggeSctcd": null,
            "crseNo": "CLTR0205-009",
            "estblUnivNm": "\uc790\uc5f0\uacfc\ud559\ub300\ud559",
            "estblDprtnNm": "\ubb3c\ub9ac\ud559\uacfc",
            "estblYear": "2022",
            "estblDprtnCd": "130A",
            "estblSmstrSctnm": "1\ud559\uae30",
            "estblSmstrSctcd": "CMBS001400001",
            "estblGrade": "1",
            "sbjetSctnm": "\uad50\uc591",
            "sbjetNm": "\ub300\ud559\uae00\uc4f0\uae30",
            "sbjetDvnno": "009",
            "sbjetCd": "CLTR0205",
            "gubun": null,
            "pckgeRqstPssblYn": "N",
            "pckgeRqstCnt": "0",
            "name": null,
            "rmrk": "<b>\uc778\ubb38\uad50\uc591</b><br>",
            "appcrCnt": "29",
            "attlcPrscpCnt": "30",
            "lssnsTimeInfo": "\uc6d4 5B,6A,6B<br/>\uae08 5B,6A,6B",
            "lssnsRealTimeInfo": "\uc6d4 13:30 ~ 15:00<br/>\uae08 13:30 ~ 15:00",
            "prctsTime": "0",
            "doPlan": "Kor",
            "thryTime": "3",
            "totalPrfssNm": "\uc815\ud61c\uc601",
            "mngetEstblYn": "Y",
            "code": null,
            "crdit": "3",
            "expniSllbsYn": "N",
            "bldngSn": null,
            "bldngCd": null,
            "bldngNm": null,
            "lssnsLcttmUntcd": null,
            "sbjetSctcd2": null,
            "rmnmCd": "319",
            "isApi": null,
            "paging": false,
            "rowStatus": "R",
            "pageSort": null
        },
        {
            "rowIndex": 0,
            "success": false,
            "message": null,
            "pageSize": 100,
            "pageNum": 1,
            "lctreMthodNm": "\ub300\uba74",
            "lctrmInfo": "\uc81c1\uacfc\ud559\uad00",
            "lctreLnggeSctcd": null,
            "crseNo": "PHYS0621-001",
            "estblUnivNm": "\uc790\uc5f0\uacfc\ud559\ub300\ud559",
            "estblDprtnNm": "\ubb3c\ub9ac\ud559\uacfc",
            "estblYear": "2022",
            "estblDprtnCd": "130A",
            "estblSmstrSctnm": "1\ud559\uae30",
            "estblSmstrSctcd": "CMBS001400001",
            "estblGrade": "4",
            "sbjetSctnm": "\uc804\uacf5",
            "sbjetNm": "\uace0\uccb4\ubb3c\ub9ac\ud559",
            "sbjetDvnno": "001",
            "sbjetCd": "PHYS0621",
            "gubun": null,
            "pckgeRqstPssblYn": "Y",
            "pckgeRqstCnt": "35",
            "name": null,
            "rmrk": null,
            "appcrCnt": "33",
            "attlcPrscpCnt": "40",
            "lssnsTimeInfo": "\ud654 7A,7B,8A<br/>\ubaa9 7A,7B,8A",
            "lssnsRealTimeInfo": "\ud654 15:00 ~ 16:30<br/>\ubaa9 15:00 ~ 16:30",
            "prctsTime": "0",
            "doPlan": "Kor",
            "thryTime": "3",
            "totalPrfssNm": "\ubc15\uc9c0\uc0c1",
            "mngetEstblYn": "Y",
            "code": null,
            "crdit": "3",
            "expniSllbsYn": "N",
            "bldngSn": null,
            "bldngCd": null,
            "bldngNm": null,
            "lssnsLcttmUntcd": null,
            "sbjetSctcd2": null,
            "rmnmCd": "120",
            "isApi": null,
            "paging": false,
            "rowStatus": "R",
            "pageSort": null
        },
        {
            "rowIndex": 0,
            "success": false,
            "message": null,
            "pageSize": 100,
            "pageNum": 1,
            "lctreMthodNm": "\ub300\uba74",
            "lctrmInfo": "\uc81c1\uacfc\ud559\uad00",
            "lctreLnggeSctcd": null,
            "crseNo": "PHYS0479-001",
            "estblUnivNm": "\uc790\uc5f0\uacfc\ud559\ub300\ud559",
            "estblDprtnNm": "\ubb3c\ub9ac\ud559\uacfc",
            "estblYear": "2022",
            "estblDprtnCd": "130A",
            "estblSmstrSctnm": "1\ud559\uae30",
            "estblSmstrSctcd": "CMBS001400001",
            "estblGrade": "4",
            "sbjetSctnm": "\uc804\uacf5\ud544\uc218",
            "sbjetNm": "\ucca8\ub2e8\uacfc\ud559\uceec\ub85c\ud034\uc5c4(\ucea1\uc2a4\ud1a4\ub514\uc790\uc778) 1",
            "sbjetDvnno": "001",
            "sbjetCd": "PHYS0479",
            "gubun": null,
            "pckgeRqstPssblYn": "Y",
            "pckgeRqstCnt": "55",
            "name": null,
            "rmrk": null,
            "appcrCnt": "58",
            "attlcPrscpCnt": "60",
            "lssnsTimeInfo": "\uc218 9A,9B",
            "lssnsRealTimeInfo": "\uc218 17:00 ~ 18:00",
            "prctsTime": "0",
            "doPlan": "Kor",
            "thryTime": "1",
            "totalPrfssNm": "\uc870\uc5f0\uc815",
            "mngetEstblYn": "Y",
            "code": null,
            "crdit": "1",
            "expniSllbsYn": "N",
            "bldngSn": null,
            "bldngCd": null,
            "bldngNm": null,
            "lssnsLcttmUntcd": null,
            "sbjetSctcd2": null,
            "rmnmCd": "120",
            "isApi": null,
            "paging": false,
            "rowStatus": "R",
            "pageSort": null
        },
        {
            "rowIndex": 0,
            "success": false,
            "message": null,
            "pageSize": 100,
            "pageNum": 1,
            "lctreMthodNm": "\ub300\uba74",
            "lctrmInfo": "\uc81c1\uacfc\ud559\uad00",
            "lctreLnggeSctcd": null,
            "crseNo": "PHYS0494-001",
            "estblUnivNm": "\uc790\uc5f0\uacfc\ud559\ub300\ud559",
            "estblDprtnNm": "\ubb3c\ub9ac\ud559\uacfc",
            "estblYear": "2022",
            "estblDprtnCd": "130A",
            "estblSmstrSctnm": "1\ud559\uae30",
            "estblSmstrSctcd": "CMBS001400001",
            "estblGrade": "4",
            "sbjetSctnm": "\uc804\uacf5",
            "sbjetNm": "\uc0c1\ub300\ub860\uacfc\uc6b0\uc8fc",
            "sbjetDvnno": "001",
            "sbjetCd": "PHYS0494",
            "gubun": null,
            "pckgeRqstPssblYn": "Y",
            "pckgeRqstCnt": "28",
            "name": null,
            "rmrk": null,
            "appcrCnt": "27",
            "attlcPrscpCnt": "40",
            "lssnsTimeInfo": "\uc6d4 8B,9A,9B<br/>\uc218 7A,7B,8A",
            "lssnsRealTimeInfo": "\uc6d4 16:30 ~ 18:00<br/>\uc218 15:00 ~ 16:30",
            "prctsTime": "0",
            "doPlan": "Kor",
            "thryTime": "3",
            "totalPrfssNm": "\uc548\ucc3d\ud604",
            "mngetEstblYn": "Y",
            "code": null,
            "crdit": "3",
            "expniSllbsYn": "N",
            "bldngSn": null,
            "bldngCd": null,
            "bldngNm": null,
            "lssnsLcttmUntcd": null,
            "sbjetSctcd2": null,
            "rmnmCd": "206",
            "isApi": null,
            "paging": false,
            "rowStatus": "R",
            "pageSort": null
        },
        {
            "rowIndex": 0,
            "success": false,
            "message": null,
            "pageSize": 100,
            "pageNum": 1,
            "lctreMthodNm": "\ud63c\ud569",
            "lctrmInfo": "\uc81c1\uacfc\ud559\uad00",
            "lctreLnggeSctcd": null,
            "crseNo": "PHYS0261-001",
            "estblUnivNm": "\uc790\uc5f0\uacfc\ud559\ub300\ud559",
            "estblDprtnNm": "\ubb3c\ub9ac\ud559\uacfc",
            "estblYear": "2022",
            "estblDprtnCd": "130A",
            "estblSmstrSctnm": "1\ud559\uae30",
            "estblSmstrSctcd": "CMBS001400001",
            "estblGrade": "2",
            "sbjetSctnm": "\uc804\uacf5\ud544\uc218",
            "sbjetNm": "\ubb3c\ub9ac\ud559\uc2e4\ud5d8III",
            "sbjetDvnno": "001",
            "sbjetCd": "PHYS0261",
            "gubun": null,
            "pckgeRqstPssblYn": "Y",
            "pckgeRqstCnt": "21",
            "name": null,
            "rmrk": null,
            "appcrCnt": "32",
            "attlcPrscpCnt": "30",
            "lssnsTimeInfo": "\uc6d4 5A,5B<br/>\uc6d4 6A,6B<br/>\uc6d4 7A,7B",
            "lssnsRealTimeInfo": "\uc6d4 13:00 ~ 14:00<br/>\uc6d4 14:00 ~ 15:00<br/>\uc6d4 15:00 ~ 16:00",
            "prctsTime": "2",
            "doPlan": "Kor",
            "thryTime": "1",
            "totalPrfssNm": "\uc5ec\uc900\uc5fd",
            "mngetEstblYn": "Y",
            "code": null,
            "crdit": "2",
            "expniSllbsYn": "N",
            "bldngSn": null,
            "bldngCd": null,
            "bldngNm": null,
            "lssnsLcttmUntcd": null,
            "sbjetSctcd2": null,
            "rmnmCd": "B01-2",
            "isApi": null,
            "paging": false,
            "rowStatus": "R",
            "pageSort": null
        },
        {
            "rowIndex": 0,
            "success": false,
            "message": null,
            "pageSize": 100,
            "pageNum": 1,
            "lctreMthodNm": "\ub300\uba74",
            "lctrmInfo": "\uc81c1\uacfc\ud559\uad00",
            "lctreLnggeSctcd": null,
            "crseNo": "PHYS0341-001",
            "estblUnivNm": "\uc790\uc5f0\uacfc\ud559\ub300\ud559",
            "estblDprtnNm": "\ubb3c\ub9ac\ud559\uacfc",
            "estblYear": "2022",
            "estblDprtnCd": "130A",
            "estblSmstrSctnm": "1\ud559\uae30",
            "estblSmstrSctcd": "CMBS001400001",
            "estblGrade": "3",
            "sbjetSctnm": "\uc804\uacf5\ud544\uc218",
            "sbjetNm": "\uc5f4\ubb3c\ub9ac",
            "sbjetDvnno": "001",
            "sbjetCd": "PHYS0341",
            "gubun": null,
            "pckgeRqstPssblYn": "Y",
            "pckgeRqstCnt": "64",
            "name": null,
            "rmrk": "(\uc601\uc5b4)<br>",
            "appcrCnt": "66",
            "attlcPrscpCnt": "70",
            "lssnsTimeInfo": "\ud654 8B,9A,9B<br/>\ubaa9 8B,9A,9B",
            "lssnsRealTimeInfo": "\ud654 16:30 ~ 18:00<br/>\ubaa9 16:30 ~ 18:00",
            "prctsTime": "0",
            "doPlan": "Eng",
            "thryTime": "3",
            "totalPrfssNm": "\ud30c\ub098\uc694\ud2f0\uc2a4 \ubca0\ub124\ud0c0\ud1a0\uc2a4",
            "mngetEstblYn": "Y",
            "code": null,
            "crdit": "3",
            "expniSllbsYn": "Y",
            "bldngSn": null,
            "bldngCd": null,
            "bldngNm": null,
            "lssnsLcttmUntcd": null,
            "sbjetSctcd2": null,
            "rmnmCd": "120",
            "isApi": null,
            "paging": false,
            "rowStatus": "R",
            "pageSort": null
        },
        {
            "rowIndex": 0,
            "success": false,
            "message": null,
            "pageSize": 100,
            "pageNum": 1,
            "lctreMthodNm": "\ud63c\ud569",
            "lctrmInfo": "\uc81c1\uacfc\ud559\uad00",
            "lctreLnggeSctcd": null,
            "crseNo": "PHYS0261-002",
            "estblUnivNm": "\uc790\uc5f0\uacfc\ud559\ub300\ud559",
            "estblDprtnNm": "\ubb3c\ub9ac\ud559\uacfc",
            "estblYear": "2022",
            "estblDprtnCd": "130A",
            "estblSmstrSctnm": "1\ud559\uae30",
            "estblSmstrSctcd": "CMBS001400001",
            "estblGrade": "2",
            "sbjetSctnm": "\uc804\uacf5\ud544\uc218",
            "sbjetNm": "\ubb3c\ub9ac\ud559\uc2e4\ud5d8III",
            "sbjetDvnno": "002",
            "sbjetCd": "PHYS0261",
            "gubun": null,
            "pckgeRqstPssblYn": "Y",
            "pckgeRqstCnt": "31",
            "name": null,
            "rmrk": null,
            "appcrCnt": "33",
            "attlcPrscpCnt": "35",
            "lssnsTimeInfo": "\uc218 5A,5B<br/>\uc218 6A,6B<br/>\uc218 7A,7B",
            "lssnsRealTimeInfo": "\uc218 13:00 ~ 14:00<br/>\uc218 14:00 ~ 15:00<br/>\uc218 15:00 ~ 16:00",
            "prctsTime": "2",
            "doPlan": "Kor",
            "thryTime": "1",
            "totalPrfssNm": "\uc5ec\uc900\uc5fd",
            "mngetEstblYn": "Y",
            "code": null,
            "crdit": "2",
            "expniSllbsYn": "N",
            "bldngSn": null,
            "bldngCd": null,
            "bldngNm": null,
            "lssnsLcttmUntcd": null,
            "sbjetSctcd2": null,
            "rmnmCd": "B01-2",
            "isApi": null,
            "paging": false,
            "rowStatus": "R",
            "pageSort": null
        },
        {
            "rowIndex": 0,
            "success": false,
            "message": null,
            "pageSize": 100,
            "pageNum": 1,
            "lctreMthodNm": "\ub300\uba74",
            "lctrmInfo": "\uc81c1\uacfc\ud559\uad00",
            "lctreLnggeSctcd": null,
            "crseNo": "CLTR0213-005",
            "estblUnivNm": "\uc790\uc5f0\uacfc\ud559\ub300\ud559",
            "estblDprtnNm": "\ubb3c\ub9ac\ud559\uacfc",
            "estblYear": "2022",
            "estblDprtnCd": "130A",
            "estblSmstrSctnm": "1\ud559\uae30",
            "estblSmstrSctcd": "CMBS001400001",
            "estblGrade": "1",
            "sbjetSctnm": "\uad50\uc591",
            "sbjetNm": "\ubb3c\ub9ac\ud559 I",
            "sbjetDvnno": "005",
            "sbjetCd": "CLTR0213",
            "gubun": null,
            "pckgeRqstPssblYn": "N",
            "pckgeRqstCnt": "0",
            "name": null,
            "rmrk": null,
            "appcrCnt": "63",
            "attlcPrscpCnt": "65",
            "lssnsTimeInfo": "\uc6d4 8B,9A,9B<br/>\uc218 7A,7B,8A",
            "lssnsRealTimeInfo": "\uc6d4 16:30 ~ 18:00<br/>\uc218 15:00 ~ 16:30",
            "prctsTime": "0",
            "doPlan": "Kor",
            "thryTime": "3",
            "totalPrfssNm": "\uc774\uc138\uc6b1",
            "mngetEstblYn": "Y",
            "code": null,
            "crdit": "3",
            "expniSllbsYn": "N",
            "bldngSn": null,
            "bldngCd": null,
            "bldngNm": null,
            "lssnsLcttmUntcd": null,
            "sbjetSctcd2": null,
            "rmnmCd": "120",
            "isApi": null,
            "paging": false,
            "rowStatus": "R",
            "pageSort": null
        },
        {
            "rowIndex": 0,
            "success": false,
            "message": null,
            "pageSize": 100,
            "pageNum": 1,
            "lctreMthodNm": "\ub300\uba74",
            "lctrmInfo": "\uc81c1\uacfc\ud559\uad00",
            "lctreLnggeSctcd": null,
            "crseNo": "PHYS0312-001",
            "estblUnivNm": "\uc790\uc5f0\uacfc\ud559\ub300\ud559",
            "estblDprtnNm": "\ubb3c\ub9ac\ud559\uacfc",
            "estblYear": "2022",
            "estblDprtnCd": "130A",
            "estblSmstrSctnm": "1\ud559\uae30",
            "estblSmstrSctcd": "CMBS001400001",
            "estblGrade": "3",
            "sbjetSctnm": "\uc804\uacf5\ud544\uc218",
            "sbjetNm": "\uc804\uc790\uae30\ud559\ubc0f\uc5f0\uc2b52",
            "sbjetDvnno": "001",
            "sbjetCd": "PHYS0312",
            "gubun": null,
            "pckgeRqstPssblYn": "Y",
            "pckgeRqstCnt": "77",
            "name": null,
            "rmrk": null,
            "appcrCnt": "77",
            "attlcPrscpCnt": "80",
            "lssnsTimeInfo": "\uc6d4 5A,5B<br/>\uc6d4 6A,6B<br/>\uc218 1A,1B,2A<br/>\uae08 2B,3A,3B",
            "lssnsRealTimeInfo": "\uc6d4 13:00 ~ 14:00<br/>\uc6d4 14:00 ~ 15:00<br/>\uc218 09:00 ~ 10:30<br/>\uae08 10:30 ~ 12:00",
            "prctsTime": "2",
            "doPlan": "Kor",
            "thryTime": "3",
            "totalPrfssNm": "\ubc15\ud658\ubc30",
            "mngetEstblYn": "Y",
            "code": null,
            "crdit": "4",
            "expniSllbsYn": "N",
            "bldngSn": null,
            "bldngCd": null,
            "bldngNm": null,
            "lssnsLcttmUntcd": null,
            "sbjetSctcd2": null,
            "rmnmCd": "120",
            "isApi": null,
            "paging": false,
            "rowStatus": "R",
            "pageSort": null
        },
        {
            "rowIndex": 0,
            "success": false,
            "message": null,
            "pageSize": 100,
            "pageNum": 1,
            "lctreMthodNm": "\ub300\uba74",
            "lctrmInfo": "\uc81c4\ud569\ub3d9\uac15\uc758\ub3d9",
            "lctreLnggeSctcd": null,
            "crseNo": "CLTR0223-004",
            "estblUnivNm": "\uc790\uc5f0\uacfc\ud559\ub300\ud559",
            "estblDprtnNm": "\ubb3c\ub9ac\ud559\uacfc",
            "estblYear": "2022",
            "estblDprtnCd": "130A",
            "estblSmstrSctnm": "1\ud559\uae30",
            "estblSmstrSctcd": "CMBS001400001",
            "estblGrade": "1",
            "sbjetSctnm": "\uad50\uc591",
            "sbjetNm": "\ubb3c\ub9ac\ud559\uc2e4\ud5d8 I",
            "sbjetDvnno": "004",
            "sbjetCd": "CLTR0223",
            "gubun": null,
            "pckgeRqstPssblYn": "N",
            "pckgeRqstCnt": "0",
            "name": null,
            "rmrk": null,
            "appcrCnt": "19",
            "attlcPrscpCnt": "20",
            "lssnsTimeInfo": "\uc218 1A,1B<br/>\uc218 2A,2B",
            "lssnsRealTimeInfo": "\uc218 09:00 ~ 10:00<br/>\uc218 10:00 ~ 11:00",
            "prctsTime": "2",
            "doPlan": "Kor",
            "thryTime": "0",
            "totalPrfssNm": "\uc591\uae30\uc6d0",
            "mngetEstblYn": "Y",
            "code": null,
            "crdit": "1",
            "expniSllbsYn": "N",
            "bldngSn": null,
            "bldngCd": null,
            "bldngNm": null,
            "lssnsLcttmUntcd": null,
            "sbjetSctcd2": null,
            "rmnmCd": "310",
            "isApi": null,
            "paging": false,
            "rowStatus": "R",
            "pageSort": null
        },
        {
            "rowIndex": 0,
            "success": false,
            "message": null,
            "pageSize": 100,
            "pageNum": 1,
            "lctreMthodNm": "\ub300\uba74",
            "lctrmInfo": "\uc81c1\uacfc\ud559\uad00",
            "lctreLnggeSctcd": null,
            "crseNo": "PHYS0201-001",
            "estblUnivNm": "\uc790\uc5f0\uacfc\ud559\ub300\ud559",
            "estblDprtnNm": "\ubb3c\ub9ac\ud559\uacfc",
            "estblYear": "2022",
            "estblDprtnCd": "130A",
            "estblSmstrSctnm": "1\ud559\uae30",
            "estblSmstrSctcd": "CMBS001400001",
            "estblGrade": "1",
            "sbjetSctnm": "\uc804\uacf5\uae30\ucd08",
            "sbjetNm": "\ubb3c\ub9ac\uc804\uacf5\uc18c\uac1c",
            "sbjetDvnno": "001",
            "sbjetCd": "PHYS0201",
            "gubun": null,
            "pckgeRqstPssblYn": "N",
            "pckgeRqstCnt": "0",
            "name": null,
            "rmrk": null,
            "appcrCnt": "73",
            "attlcPrscpCnt": "70",
            "lssnsTimeInfo": "\ud654 5B,6A,6B<br/>\ubaa9 5B,6A,6B",
            "lssnsRealTimeInfo": "\ud654 13:30 ~ 15:00<br/>\ubaa9 13:30 ~ 15:00",
            "prctsTime": "0",
            "doPlan": "Kor",
            "thryTime": "3",
            "totalPrfssNm": "\uc870\uc5f0\uc815",
            "mngetEstblYn": "Y",
            "code": null,
            "crdit": "3",
            "expniSllbsYn": "N",
            "bldngSn": null,
            "bldngCd": null,
            "bldngNm": null,
            "lssnsLcttmUntcd": null,
            "sbjetSctcd2": null,
            "rmnmCd": "120",
            "isApi": null,
            "paging": false,
            "rowStatus": "R",
            "pageSort": null
        },
        {
            "rowIndex": 0,
            "success": false,
            "message": null,
            "pageSize": 100,
            "pageNum": 1,
            "lctreMthodNm": "\ub300\uba74",
            "lctrmInfo": "\uc81c1\uacfc\ud559\uad00",
            "lctreLnggeSctcd": null,
            "crseNo": "CLTR0211-006",
            "estblUnivNm": "\uc790\uc5f0\uacfc\ud559\ub300\ud559",
            "estblDprtnNm": "\ubb3c\ub9ac\ud559\uacfc",
            "estblYear": "2022",
            "estblDprtnCd": "130A",
            "estblSmstrSctnm": "1\ud559\uae30",
            "estblSmstrSctcd": "CMBS001400001",
            "estblGrade": "1",
            "sbjetSctnm": "\uad50\uc591",
            "sbjetNm": "\uc218\ud559 I",
            "sbjetDvnno": "006",
            "sbjetCd": "CLTR0211",
            "gubun": null,
            "pckgeRqstPssblYn": "N",
            "pckgeRqstCnt": "0",
            "name": null,
            "rmrk": null,
            "appcrCnt": "66",
            "attlcPrscpCnt": "65",
            "lssnsTimeInfo": "\uc6d4 2B,3A,3B<br/>\uae08 1A,1B,2A",
            "lssnsRealTimeInfo": "\uc6d4 10:30 ~ 12:00<br/>\uae08 09:00 ~ 10:30",
            "prctsTime": "0",
            "doPlan": "Kor",
            "thryTime": "3",
            "totalPrfssNm": "\ubc15\uc18c\uc724",
            "mngetEstblYn": "Y",
            "code": null,
            "crdit": "3",
            "expniSllbsYn": "N",
            "bldngSn": null,
            "bldngCd": null,
            "bldngNm": null,
            "lssnsLcttmUntcd": null,
            "sbjetSctcd2": null,
            "rmnmCd": "120",
            "isApi": null,
            "paging": false,
            "rowStatus": "R",
            "pageSort": null
        },
        {
            "rowIndex": 0,
            "success": false,
            "message": null,
            "pageSize": 100,
            "pageNum": 1,
            "lctreMthodNm": "\ub300\uba74",
            "lctrmInfo": "\uc81c1\uacfc\ud559\uad00",
            "lctreLnggeSctcd": null,
            "crseNo": "PHYS0331-001",
            "estblUnivNm": "\uc790\uc5f0\uacfc\ud559\ub300\ud559",
            "estblDprtnNm": "\ubb3c\ub9ac\ud559\uacfc",
            "estblYear": "2022",
            "estblDprtnCd": "130A",
            "estblSmstrSctnm": "1\ud559\uae30",
            "estblSmstrSctcd": "CMBS001400001",
            "estblGrade": "3",
            "sbjetSctnm": "\uc804\uacf5",
            "sbjetNm": "\uc591\uc790\ubb3c\ub9ac\ubc0f\uc5f0\uc2b51",
            "sbjetDvnno": "001",
            "sbjetCd": "PHYS0331",
            "gubun": null,
            "pckgeRqstPssblYn": "Y",
            "pckgeRqstCnt": "66",
            "name": null,
            "rmrk": null,
            "appcrCnt": "71",
            "attlcPrscpCnt": "70",
            "lssnsTimeInfo": "\uc6d4 7A,7B,8A<br/>\uc218 5A,5B<br/>\uc218 6A,6B<br/>\uae08 7A,7B,8A",
            "lssnsRealTimeInfo": "\uc6d4 15:00 ~ 16:30<br/>\uc218 13:00 ~ 14:00<br/>\uc218 14:00 ~ 15:00<br/>\uae08 15:00 ~ 16:30",
            "prctsTime": "2",
            "doPlan": "Kor",
            "thryTime": "3",
            "totalPrfssNm": "\ub178\ucc3d\uc11d",
            "mngetEstblYn": "Y",
            "code": null,
            "crdit": "4",
            "expniSllbsYn": "N",
            "bldngSn": null,
            "bldngCd": null,
            "bldngNm": null,
            "lssnsLcttmUntcd": null,
            "sbjetSctcd2": null,
            "rmnmCd": "120",
            "isApi": null,
            "paging": false,
            "rowStatus": "R",
            "pageSort": null
        },
        {
            "rowIndex": 0,
            "success": false,
            "message": null,
            "pageSize": 100,
            "pageNum": 1,
            "lctreMthodNm": "\ub300\uba74",
            "lctrmInfo": "\uc0dd\uba85\uacf5\ud559\uad00(\uad50\uc591\uacfc\uc815\ub3d9)",
            "lctreLnggeSctcd": null,
            "crseNo": "CLTR0205-008",
            "estblUnivNm": "\uc790\uc5f0\uacfc\ud559\ub300\ud559",
            "estblDprtnNm": "\ubb3c\ub9ac\ud559\uacfc",
            "estblYear": "2022",
            "estblDprtnCd": "130A",
            "estblSmstrSctnm": "1\ud559\uae30",
            "estblSmstrSctcd": "CMBS001400001",
            "estblGrade": "1",
            "sbjetSctnm": "\uad50\uc591",
            "sbjetNm": "\ub300\ud559\uae00\uc4f0\uae30",
            "sbjetDvnno": "008",
            "sbjetCd": "CLTR0205",
            "gubun": null,
            "pckgeRqstPssblYn": "N",
            "pckgeRqstCnt": "0",
            "name": null,
            "rmrk": "<b>\uc778\ubb38\uad50\uc591</b><br>",
            "appcrCnt": "33",
            "attlcPrscpCnt": "30",
            "lssnsTimeInfo": "\uc6d4 5B,6A,6B<br/>\uae08 5B,6A,6B",
            "lssnsRealTimeInfo": "\uc6d4 13:30 ~ 15:00<br/>\uae08 13:30 ~ 15:00",
            "prctsTime": "0",
            "doPlan": "Kor",
            "thryTime": "3",
            "totalPrfssNm": "\uc11c\uc815\ud604",
            "mngetEstblYn": "Y",
            "code": null,
            "crdit": "3",
            "expniSllbsYn": "N",
            "bldngSn": null,
            "bldngCd": null,
            "bldngNm": null,
            "lssnsLcttmUntcd": null,
            "sbjetSctcd2": null,
            "rmnmCd": "104-1",
            "isApi": null,
            "paging": false,
            "rowStatus": "R",
            "pageSort": null
        },
        {
            "rowIndex": 0,
            "success": false,
            "message": null,
            "pageSize": 100,
            "pageNum": 1,
            "lctreMthodNm": "\ub300\uba74",
            "lctrmInfo": "\uc81c4\ud569\ub3d9\uac15\uc758\ub3d9",
            "lctreLnggeSctcd": null,
            "crseNo": "CLTR0223-002",
            "estblUnivNm": "\uc790\uc5f0\uacfc\ud559\ub300\ud559",
            "estblDprtnNm": "\ubb3c\ub9ac\ud559\uacfc",
            "estblYear": "2022",
            "estblDprtnCd": "130A",
            "estblSmstrSctnm": "1\ud559\uae30",
            "estblSmstrSctcd": "CMBS001400001",
            "estblGrade": "1",
            "sbjetSctnm": "\uad50\uc591",
            "sbjetNm": "\ubb3c\ub9ac\ud559\uc2e4\ud5d8 I",
            "sbjetDvnno": "002",
            "sbjetCd": "CLTR0223",
            "gubun": null,
            "pckgeRqstPssblYn": "N",
            "pckgeRqstCnt": "0",
            "name": null,
            "rmrk": null,
            "appcrCnt": "19",
            "attlcPrscpCnt": "20",
            "lssnsTimeInfo": "\uc218 1A,1B<br/>\uc218 2A,2B",
            "lssnsRealTimeInfo": "\uc218 09:00 ~ 10:00<br/>\uc218 10:00 ~ 11:00",
            "prctsTime": "2",
            "doPlan": "Kor",
            "thryTime": "0",
            "totalPrfssNm": "\uac15\uacbd\ud0dc",
            "mngetEstblYn": "Y",
            "code": null,
            "crdit": "1",
            "expniSllbsYn": "N",
            "bldngSn": null,
            "bldngCd": null,
            "bldngNm": null,
            "lssnsLcttmUntcd": null,
            "sbjetSctcd2": null,
            "rmnmCd": "311",
            "isApi": null,
            "paging": false,
            "rowStatus": "R",
            "pageSort": null
        },
        {
            "rowIndex": 0,
            "success": false,
            "message": null,
            "pageSize": 100,
            "pageNum": 1,
            "lctreMthodNm": "\ub300\uba74",
            "lctrmInfo": "\uc81c1\uacfc\ud559\uad00",
            "lctreLnggeSctcd": null,
            "crseNo": "PHYS0215-001",
            "estblUnivNm": "\uc790\uc5f0\uacfc\ud559\ub300\ud559",
            "estblDprtnNm": "\ubb3c\ub9ac\ud559\uacfc",
            "estblYear": "2022",
            "estblDprtnCd": "130A",
            "estblSmstrSctnm": "1\ud559\uae30",
            "estblSmstrSctcd": "CMBS001400001",
            "estblGrade": "2",
            "sbjetSctnm": "\uc804\uacf5",
            "sbjetNm": "\ubb3c\ub9ac\ud559III",
            "sbjetDvnno": "001",
            "sbjetCd": "PHYS0215",
            "gubun": null,
            "pckgeRqstPssblYn": "Y",
            "pckgeRqstCnt": "60",
            "name": null,
            "rmrk": null,
            "appcrCnt": "71",
            "attlcPrscpCnt": "70",
            "lssnsTimeInfo": "\ud654 1A,1B,2A<br/>\ubaa9 2B,3A,3B",
            "lssnsRealTimeInfo": "\ud654 09:00 ~ 10:30<br/>\ubaa9 10:30 ~ 12:00",
            "prctsTime": "0",
            "doPlan": "Kor",
            "thryTime": "3",
            "totalPrfssNm": "\uae40\ub3c4\ud615",
            "mngetEstblYn": "Y",
            "code": null,
            "crdit": "3",
            "expniSllbsYn": "N",
            "bldngSn": null,
            "bldngCd": null,
            "bldngNm": null,
            "lssnsLcttmUntcd": null,
            "sbjetSctcd2": null,
            "rmnmCd": "120",
            "isApi": null,
            "paging": false,
            "rowStatus": "R",
            "pageSort": null
        },
        {
            "rowIndex": 0,
            "success": false,
            "message": null,
            "pageSize": 100,
            "pageNum": 1,
            "lctreMthodNm": "\ub300\uba74",
            "lctrmInfo": "\uc81c1\uacfc\ud559\uad00",
            "lctreLnggeSctcd": null,
            "crseNo": "PHYS0481-001",
            "estblUnivNm": "\uc790\uc5f0\uacfc\ud559\ub300\ud559",
            "estblDprtnNm": "\ubb3c\ub9ac\ud559\uacfc",
            "estblYear": "2022",
            "estblDprtnCd": "130A",
            "estblSmstrSctnm": "1\ud559\uae30",
            "estblSmstrSctcd": "CMBS001400001",
            "estblGrade": "4",
            "sbjetSctnm": "\uc804\uacf5",
            "sbjetNm": "\ud575\ubb3c\ub9ac",
            "sbjetDvnno": "001",
            "sbjetCd": "PHYS0481",
            "gubun": null,
            "pckgeRqstPssblYn": "Y",
            "pckgeRqstCnt": "32",
            "name": null,
            "rmrk": null,
            "appcrCnt": "38",
            "attlcPrscpCnt": "40",
            "lssnsTimeInfo": "\uc6d4 1A,1B,2A<br/>\uc218 2B,3A,3B",
            "lssnsRealTimeInfo": "\uc6d4 09:00 ~ 10:30<br/>\uc218 10:30 ~ 12:00",
            "prctsTime": "0",
            "doPlan": "Kor",
            "thryTime": "3",
            "totalPrfssNm": "\uae40\ud64d\uc8fc",
            "mngetEstblYn": "Y",
            "code": null,
            "crdit": "3",
            "expniSllbsYn": "N",
            "bldngSn": null,
            "bldngCd": null,
            "bldngNm": null,
            "lssnsLcttmUntcd": null,
            "sbjetSctcd2": null,
            "rmnmCd": "206",
            "isApi": null,
            "paging": false,
            "rowStatus": "R",
            "pageSort": null
        },
        {
            "rowIndex": 0,
            "success": false,
            "message": null,
            "pageSize": 100,
            "pageNum": 1,
            "lctreMthodNm": "\ub300\uba74",
            "lctrmInfo": "\uc81c1\uacfc\ud559\uad00",
            "lctreLnggeSctcd": null,
            "crseNo": "CLTR0223-003",
            "estblUnivNm": "\uc790\uc5f0\uacfc\ud559\ub300\ud559",
            "estblDprtnNm": "\ubb3c\ub9ac\ud559\uacfc",
            "estblYear": "2022",
            "estblDprtnCd": "130A",
            "estblSmstrSctnm": "1\ud559\uae30",
            "estblSmstrSctcd": "CMBS001400001",
            "estblGrade": "1",
            "sbjetSctnm": "\uad50\uc591",
            "sbjetNm": "\ubb3c\ub9ac\ud559\uc2e4\ud5d8 I",
            "sbjetDvnno": "003",
            "sbjetCd": "CLTR0223",
            "gubun": null,
            "pckgeRqstPssblYn": "N",
            "pckgeRqstCnt": "0",
            "name": null,
            "rmrk": "\uc2e0\uaddc \uc804\uc784\uad50\uc6d0 \ub2f4\ub2f9 \uc608\uc815",
            "appcrCnt": "17",
            "attlcPrscpCnt": "20",
            "lssnsTimeInfo": "\uc218 1A,1B<br/>\uc218 2A,2B",
            "lssnsRealTimeInfo": "\uc218 09:00 ~ 10:00<br/>\uc218 10:00 ~ 11:00",
            "prctsTime": "2",
            "doPlan": "Kor",
            "thryTime": "0",
            "totalPrfssNm": "\ubc15\uc815\uc2dd",
            "mngetEstblYn": "Y",
            "code": null,
            "crdit": "1",
            "expniSllbsYn": "N",
            "bldngSn": null,
            "bldngCd": null,
            "bldngNm": null,
            "lssnsLcttmUntcd": null,
            "sbjetSctcd2": null,
            "rmnmCd": "B02-2",
            "isApi": null,
            "paging": false,
            "rowStatus": "R",
            "pageSort": null
        },
        {
            "rowIndex": 0,
            "success": false,
            "message": null,
            "pageSize": 100,
            "pageNum": 1,
            "lctreMthodNm": "\ub300\uba74",
            "lctrmInfo": "\uc81c1\uacfc\ud559\uad00",
            "lctreLnggeSctcd": null,
            "crseNo": "PHYS0211-001",
            "estblUnivNm": "\uc790\uc5f0\uacfc\ud559\ub300\ud559",
            "estblDprtnNm": "\ubb3c\ub9ac\ud559\uacfc",
            "estblYear": "2022",
            "estblDprtnCd": "130A",
            "estblSmstrSctnm": "1\ud559\uae30",
            "estblSmstrSctcd": "CMBS001400001",
            "estblGrade": "2",
            "sbjetSctnm": "\uc804\uacf5",
            "sbjetNm": "\uc5ed\ud559\ubc0f\uc5f0\uc2b51",
            "sbjetDvnno": "001",
            "sbjetCd": "PHYS0211",
            "gubun": null,
            "pckgeRqstPssblYn": "Y",
            "pckgeRqstCnt": "58",
            "name": null,
            "rmrk": null,
            "appcrCnt": "70",
            "attlcPrscpCnt": "80",
            "lssnsTimeInfo": "\ud654 2B,3A,3B<br/>\ubaa9 1A,1B,2A<br/>\uae08 5A,5B<br/>\uae08 6A,6B",
            "lssnsRealTimeInfo": "\ud654 10:30 ~ 12:00<br/>\ubaa9 09:00 ~ 10:30<br/>\uae08 13:00 ~ 14:00<br/>\uae08 14:00 ~ 15:00",
            "prctsTime": "2",
            "doPlan": "Kor",
            "thryTime": "3",
            "totalPrfssNm": "\uc624\uc6a9\uc11d",
            "mngetEstblYn": "Y",
            "code": null,
            "crdit": "4",
            "expniSllbsYn": "N",
            "bldngSn": null,
            "bldngCd": null,
            "bldngNm": null,
            "lssnsLcttmUntcd": null,
            "sbjetSctcd2": null,
            "rmnmCd": "120",
            "isApi": null,
            "paging": false,
            "rowStatus": "R",
            "pageSort": null
        },
        {
            "rowIndex": 0,
            "success": false,
            "message": null,
            "pageSize": 100,
            "pageNum": 1,
            "lctreMthodNm": "\ub300\uba74",
            "lctrmInfo": "\uc81c1\uacfc\ud559\uad00",
            "lctreLnggeSctcd": null,
            "crseNo": "TCHR0469-001",
            "estblUnivNm": "\uc790\uc5f0\uacfc\ud559\ub300\ud559",
            "estblDprtnNm": "\ubb3c\ub9ac\ud559\uacfc",
            "estblYear": "2022",
            "estblDprtnCd": "130A",
            "estblSmstrSctnm": "1\ud559\uae30",
            "estblSmstrSctcd": "CMBS001400001",
            "estblGrade": "2",
            "sbjetSctnm": "\uad50\uc9c1",
            "sbjetNm": "\ubb3c\ub9ac \ub17c\ub9ac \ubc0f \ub17c\uc220\uc9c0\ub3c4",
            "sbjetDvnno": "001",
            "sbjetCd": "TCHR0469",
            "gubun": null,
            "pckgeRqstPssblYn": "Y",
            "pckgeRqstCnt": "15",
            "name": null,
            "rmrk": null,
            "appcrCnt": "17",
            "attlcPrscpCnt": "40",
            "lssnsTimeInfo": "\uae08 1A,1B<br/>\uae08 2A,2B<br/>\uae08 3A,3B",
            "lssnsRealTimeInfo": "\uae08 09:00 ~ 10:00<br/>\uae08 10:00 ~ 11:00<br/>\uae08 11:00 ~ 12:00",
            "prctsTime": "0",
            "doPlan": "Kor",
            "thryTime": "3",
            "totalPrfssNm": "\uc724\uc740\uc815",
            "mngetEstblYn": "N",
            "code": null,
            "crdit": "3",
            "expniSllbsYn": "N",
            "bldngSn": null,
            "bldngCd": null,
            "bldngNm": null,
            "lssnsLcttmUntcd": null,
            "sbjetSctcd2": null,
            "rmnmCd": "316",
            "isApi": null,
            "paging": false,
            "rowStatus": "R",
            "pageSort": null
        }
    ],
    "statusCode": 200
}