{
    "timestamp": "2022-04-28T23:14:36.366",
    "success": true,
    "code": null,
    "msg": null,
    "data": [
        {
            "rowIndex": 0,
            "success": false,
            "message": null,
            "pageSize": 100,
            "pageNum": 1,
            "lctreMthodNm": "\ub300\uba74",
            "lctrmInfo": "IT\uc735\ubcf5\ud569\uad00(IT\uc735\ubcf5\ud569\uacf5\ud559\uad00)",
            "lctreLnggeSctcd": null,
            "crseNo": "COMP0312-004",
            "estblUnivNm": "\uc0ac\ud68c\uacfc\ud559\ub300\ud559",
            "estblDprtnNm": "IT\uc815\uce58\uc735\ud569\uc804\uacf5",
            "estblYear": "2022",
            "estblDprtnCd": "120B",
            "estblSmstrSctnm": "1\ud559\uae30",
            "estblSmstrSctcd": "CMBS001400001",
            "estblGrade": "3",
            "sbjetSctnm": "\uc735\ud569\uc804\uacf5",
            "sbjetNm": "\uc6b4\uc601\uccb4\uc81c",
            "sbjetDvnno": "004",
            "sbjetCd": "COMP0312",
            "gubun": null,
            "pckgeRqstPssblYn": "Y",
            "pckgeRqstCnt": "57",
            "name": null,
            "rmrk": null,
            "appcrCnt": "56",
            "attlcPrscpCnt": "60",
            "lssnsTimeInfo": "\uc6d4 5B,6A,6B<br/>\uc218 7A,7B,8A",
            "lssnsRealTimeInfo": "\uc6d4 13:30 ~ 15:00<br/>\uc218 15:00 ~ 16:30",
            "prctsTime": "0",
            "doPlan": "Kor",
            "thryTime": "3",
            "totalPrfssNm": "\ud0c1\ubcd1\ucca0",
            "mngetEstblYn": "N",
            "code": null,
            "crdit": "3",
            "expniSllbsYn": "N",
            "bldngSn": null,
            "bldngCd": null,
            "bldngNm": null,
            "lssnsLcttmUntcd": null,
            "sbjetSctcd2": null,
            "rmnmCd": "B101",
            "isApi": null,
            "paging": false,
            "rowStatus": "R",
            "pageSort": null
        },
        {
            "rowIndex": 0,
            "success": false,
            "message": null,
            "pageSize": 100,
            "pageNum": 1,
            "lctreMthodNm": "\ub300\uba74",
            "lctrmInfo": "IT\uc735\ubcf5\ud569\uad00(IT\uc735\ubcf5\ud569\uacf5\ud559\uad00)",
            "lctreLnggeSctcd": null,
            "crseNo": "ITEC0416-001",
            "estblUnivNm": "\uc0ac\ud68c\uacfc\ud559\ub300\ud559",
            "estblDprtnNm": "IT\uc815\uce58\uc735\ud569\uc804\uacf5",
            "estblYear": "2022",
            "estblDprtnCd": "120B",
            "estblSmstrSctnm": "1\ud559\uae30",
            "estblSmstrSctcd": "CMBS001400001",
            "estblGrade": "4",
            "sbjetSctnm": "\uc735\ud569\uc804\uacf5",
            "sbjetNm": "\uace0\uae09\uc6f9\ud504\ub85c\uadf8\ub798\ubc0d",
            "sbjetDvnno": "001",
            "sbjetCd": "ITEC0416",
            "gubun": null,
            "pckgeRqstPssblYn": "Y",
            "pckgeRqstCnt": "90",
            "name": null,
            "rmrk": null,
            "appcrCnt": "39",
            "attlcPrscpCnt": "40",
            "lssnsTimeInfo": "\ud654 1A,1B<br/>\ud654 2A,2B<br/>\ud654 3A,3B<br/>\ud654 4A,4B",
            "lssnsRealTimeInfo": "\ud654 09:00 ~ 10:00<br/>\ud654 10:00 ~ 11:00<br/>\ud654 11:00 ~ 12:00<br/>\ud654 12:00 ~ 13:00",
            "prctsTime": "2",
            "doPlan": "Kor",
            "thryTime": "2",
            "totalPrfssNm": "\ub958\uc740\uacbd",
            "mngetEstblYn": "N",
            "code": null,
            "crdit": "3",
            "expniSllbsYn": "N",
            "bldngSn": null,
            "bldngCd": null,
            "bldngNm": null,
            "lssnsLcttmUntcd": null,
            "sbjetSctcd2": null,
            "rmnmCd": "301",
            "isApi": null,
            "paging": false,
            "rowStatus": "R",
            "pageSort": null
        },
        {
            "rowIndex": 0,
            "success": false,
            "message": null,
            "pageSize": 100,
            "pageNum": 1,
            "lctreMthodNm": "\ub300\uba74",
            "lctrmInfo": "IT\uc735\ubcf5\ud569\uad00(IT\uc735\ubcf5\ud569\uacf5\ud559\uad00)",
            "lctreLnggeSctcd": null,
            "crseNo": "COMP0312-006",
            "estblUnivNm": "\uc0ac\ud68c\uacfc\ud559\ub300\ud559",
            "estblDprtnNm": "IT\uc815\uce58\uc735\ud569\uc804\uacf5",
            "estblYear": "2022",
            "estblDprtnCd": "120B",
            "estblSmstrSctnm": "1\ud559\uae30",
            "estblSmstrSctcd": "CMBS001400001",
            "estblGrade": "3",
            "sbjetSctnm": "\uc735\ud569\uc804\uacf5",
            "sbjetNm": "\uc6b4\uc601\uccb4\uc81c",
            "sbjetDvnno": "006",
            "sbjetCd": "COMP0312",
            "gubun": null,
            "pckgeRqstPssblYn": "Y",
            "pckgeRqstCnt": "128",
            "name": null,
            "rmrk": null,
            "appcrCnt": "105",
            "attlcPrscpCnt": "60",
            "lssnsTimeInfo": "\ud654 2B,3A,3B<br/>\ubaa9 1A,1B,2A",
            "lssnsRealTimeInfo": "\ud654 10:30 ~ 12:00<br/>\ubaa9 09:00 ~ 10:30",
            "prctsTime": "0",
            "doPlan": "Kor",
            "thryTime": "3",
            "totalPrfssNm": "\uae40\uba85\uc11d",
            "mngetEstblYn": "N",
            "code": null,
            "crdit": "3",
            "expniSllbsYn": "N",
            "bldngSn": null,
            "bldngCd": null,
            "bldngNm": null,
            "lssnsLcttmUntcd": null,
            "sbjetSctcd2": null,
            "rmnmCd": "B102",
            "isApi": null,
            "paging": false,
            "rowStatus": "R",
            "pageSort": null
        },
        {
            "rowIndex": 0,
            "success": false,
            "message": null,
            "pageSize": 100,
            "pageNum": 1,
            "lctreMthodNm": "\ub300\uba74",
            "lctrmInfo": "IT\uc735\ubcf5\ud569\uad00(IT\uc735\ubcf5\ud569\uacf5\ud559\uad00)",
            "lctreLnggeSctcd": null,
            "crseNo": "COMP0217-008",
            "estblUnivNm": "\uc0ac\ud68c\uacfc\ud559\ub300\ud559",
            "estblDprtnNm": "IT\uc815\uce58\uc735\ud569\uc804\uacf5",
            "estblYear": "2022",
            "estblDprtnCd": "120B",
            "estblSmstrSctnm": "1\ud559\uae30",
            "estblSmstrSctcd": "CMBS001400001",
            "estblGrade": "2",
            "sbjetSctnm": "\uc735\ud569\uc804\uacf5",
            "sbjetNm": "\uc790\ubc14\ud504\ub85c\uadf8\ub798\ubc0d",
            "sbjetDvnno": "008",
            "sbjetCd": "COMP0217",
            "gubun": null,
            "pckgeRqstPssblYn": "Y",
            "pckgeRqstCnt": "39",
            "name": null,
            "rmrk": null,
            "appcrCnt": "37",
            "attlcPrscpCnt": "40",
            "lssnsTimeInfo": "\uc6d4 10A,10B<br/>\uc6d4 11A,11B<br/>\uc6d4 12A,12B<br/>\uc6d4 13A,13B",
            "lssnsRealTimeInfo": "\uc6d4 18:00 ~ 19:00<br/>\uc6d4 19:00 ~ 20:00<br/>\uc6d4 20:00 ~ 21:00<br/>\uc6d4 21:00 ~ 22:00",
            "prctsTime": "2",
            "doPlan": "Kor",
            "thryTime": "2",
            "totalPrfssNm": "\uc815\ucc3d\uc218",
            "mngetEstblYn": "N",
            "code": null,
            "crdit": "3",
            "expniSllbsYn": "Y",
            "bldngSn": null,
            "bldngCd": null,
            "bldngNm": null,
            "lssnsLcttmUntcd": null,
            "sbjetSctcd2": null,
            "rmnmCd": "301",
            "isApi": null,
            "paging": false,
            "rowStatus": "R",
            "pageSort": null
        },
        {
            "rowIndex": 0,
            "success": false,
            "message": null,
            "pageSize": 100,
            "pageNum": 1,
            "lctreMthodNm": "\ub300\uba74",
            "lctrmInfo": "IT\uc735\ubcf5\ud569\uad00(IT\uc735\ubcf5\ud569\uacf5\ud559\uad00)",
            "lctreLnggeSctcd": null,
            "crseNo": "ITEC0201-013",
            "estblUnivNm": "\uc0ac\ud68c\uacfc\ud559\ub300\ud559",
            "estblDprtnNm": "IT\uc815\uce58\uc735\ud569\uc804\uacf5",
            "estblYear": "2022",
            "estblDprtnCd": "120B",
            "estblSmstrSctnm": "1\ud559\uae30",
            "estblSmstrSctcd": "CMBS001400001",
            "estblGrade": "2",
            "sbjetSctnm": "\uc735\ud569\uc804\uacf5",
            "sbjetNm": "\ucef4\ud4e8\ud130\ud559\uac1c\ub860",
            "sbjetDvnno": "013",
            "sbjetCd": "ITEC0201",
            "gubun": null,
            "pckgeRqstPssblYn": "Y",
            "pckgeRqstCnt": "81",
            "name": null,
            "rmrk": null,
            "appcrCnt": "78",
            "attlcPrscpCnt": "81",
            "lssnsTimeInfo": "\ud654 10A,10B,11A<br/>\ud654 11B,12A,12B",
            "lssnsRealTimeInfo": "\ud654 18:00 ~ 19:30<br/>\ud654 19:30 ~ 21:00",
            "prctsTime": "0",
            "doPlan": "Kor",
            "thryTime": "3",
            "totalPrfssNm": "\uc774\uc131\ud76c",
            "mngetEstblYn": "N",
            "code": null,
            "crdit": "3",
            "expniSllbsYn": "N",
            "bldngSn": null,
            "bldngCd": null,
            "bldngNm": null,
            "lssnsLcttmUntcd": null,
            "sbjetSctcd2": null,
            "rmnmCd": "B102",
            "isApi": null,
            "paging": false,
            "rowStatus": "R",
            "pageSort": null
        },
        {
            "rowIndex": 0,
            "success": false,
            "message": null,
            "pageSize": 100,
            "pageNum": 1,
            "lctreMthodNm": "\ube44\ub300\uba74",
            "lctrmInfo": "IT\uc735\ubcf5\ud569\uad00(IT\uc735\ubcf5\ud569\uacf5\ud559\uad00)",
            "lctreLnggeSctcd": null,
            "crseNo": "COMP0324-002",
            "estblUnivNm": "\uc0ac\ud68c\uacfc\ud559\ub300\ud559",
            "estblDprtnNm": "IT\uc815\uce58\uc735\ud569\uc804\uacf5",
            "estblYear": "2022",
            "estblDprtnCd": "120B",
            "estblSmstrSctnm": "1\ud559\uae30",
            "estblSmstrSctcd": "CMBS001400001",
            "estblGrade": "4",
            "sbjetSctnm": "\uc735\ud569\uc804\uacf5",
            "sbjetNm": "\uc778\uacf5\uc9c0\ub2a5",
            "sbjetDvnno": "002",
            "sbjetCd": "COMP0324",
            "gubun": null,
            "pckgeRqstPssblYn": "Y",
            "pckgeRqstCnt": "77",
            "name": null,
            "rmrk": "(\ud55c\uad6d\uc5b4+\uc601\uc5b4)<br>",
            "appcrCnt": "82",
            "attlcPrscpCnt": "60",
            "lssnsTimeInfo": "\ud654 5B,6A,6B<br/>\ubaa9 2B,3A,3B",
            "lssnsRealTimeInfo": "\ud654 13:30 ~ 15:00<br/>\ubaa9 10:30 ~ 12:00",
            "prctsTime": "0",
            "doPlan": "Kor",
            "thryTime": "3",
            "totalPrfssNm": "\ubc15\uc0c1\ud6a8",
            "mngetEstblYn": "N",
            "code": null,
            "crdit": "3",
            "expniSllbsYn": "N",
            "bldngSn": null,
            "bldngCd": null,
            "bldngNm": null,
            "lssnsLcttmUntcd": null,
            "sbjetSctcd2": null,
            "rmnmCd": "245",
            "isApi": null,
            "paging": false,
            "rowStatus": "R",
            "pageSort": null
        },
        {
            "rowIndex": 0,
            "success": false,
            "message": null,
            "pageSize": 100,
            "pageNum": 1,
            "lctreMthodNm": "\ub300\uba74",
            "lctrmInfo": "IT\ub300\ud5594\ud638\uad00(\uc81c2\ud559\uc0dd\ud68c\uad00)",
            "lctreLnggeSctcd": null,
            "crseNo": "COMP0217-007",
            "estblUnivNm": "\uc0ac\ud68c\uacfc\ud559\ub300\ud559",
            "estblDprtnNm": "IT\uc815\uce58\uc735\ud569\uc804\uacf5",
            "estblYear": "2022",
            "estblDprtnCd": "120B",
            "estblSmstrSctnm": "1\ud559\uae30",
            "estblSmstrSctcd": "CMBS001400001",
            "estblGrade": "2",
            "sbjetSctnm": "\uc735\ud569\uc804\uacf5",
            "sbjetNm": "\uc790\ubc14\ud504\ub85c\uadf8\ub798\ubc0d",
            "sbjetDvnno": "007",
            "sbjetCd": "COMP0217",
            "gubun": null,
            "pckgeRqstPssblYn": "Y",
            "pckgeRqstCnt": "28",
            "name": null,
            "rmrk": null,
            "appcrCnt": "38",
            "attlcPrscpCnt": "40",
            "lssnsTimeInfo": "\uc218 10A,10B<br/>\uc218 11A,11B<br/>\uc218 12A,12B<br/>\uc218 13A,13B",
            "lssnsRealTimeInfo": "\uc218 18:00 ~ 19:00<br/>\uc218 19:00 ~ 20:00<br/>\uc218 20:00 ~ 21:00<br/>\uc218 21:00 ~ 22:00",
            "prctsTime": "2",
            "doPlan": "Kor",
            "thryTime": "2",
            "totalPrfssNm": "\uae40\uc7ac\uc601",
            "mngetEstblYn": "N",
            "code": null,
            "crdit": "3",
            "expniSllbsYn": "Y",
            "bldngSn": null,
            "bldngCd": null,
            "bldngNm": null,
            "lssnsLcttmUntcd": null,
            "sbjetSctcd2": null,
            "rmnmCd": "106",
            "isApi": null,
            "paging": false,
            "rowStatus": "R",
            "pageSort": null
        }
    ],
    "statusCode": 200
}