{
    "timestamp": "2022-04-28T23:14:37.801",
    "success": true,
    "code": null,
    "msg": null,
    "data": [
        {
            "rowIndex": 0,
            "success": false,
            "message": null,
            "pageSize": 100,
            "pageNum": 1,
            "lctreMthodNm": "\ub300\uba74",
            "lctrmInfo": "\uc0ac\ud68c\uacfc\ud559\ub300\ud559",
            "lctreLnggeSctcd": null,
            "crseNo": "WELF0441-001",
            "estblUnivNm": "\uc0ac\ud68c\uacfc\ud559\ub300\ud559",
            "estblDprtnNm": "\uc0ac\ud68c\ubcf5\uc9c0\ud559\ubd80 \uc0ac\ud68c\ubcf5\uc9c0\ubbf8\uc2dc\uc804\uacf5",
            "estblYear": "2022",
            "estblDprtnCd": "120901",
            "estblSmstrSctnm": "1\ud559\uae30",
            "estblSmstrSctcd": "CMBS001400001",
            "estblGrade": "4",
            "sbjetSctnm": "\uc804\uacf5",
            "sbjetNm": "\uc0ac\ud68c\ubcf5\uc9c0 \uc0ac\ub840\uad00\ub9ac\ub860",
            "sbjetDvnno": "001",
            "sbjetCd": "WELF0441",
            "gubun": null,
            "pckgeRqstPssblYn": "Y",
            "pckgeRqstCnt": "10",
            "name": null,
            "rmrk": null,
            "appcrCnt": "18",
            "attlcPrscpCnt": "30",
            "lssnsTimeInfo": "\uc6d4 8B,9A,9B<br/>\uc218 7A,7B,8A",
            "lssnsRealTimeInfo": "\uc6d4 16:30 ~ 18:00<br/>\uc218 15:00 ~ 16:30",
            "prctsTime": "0",
            "doPlan": "Kor",
            "thryTime": "3",
            "totalPrfssNm": "\uc774\uacbd\uc740",
            "mngetEstblYn": "Y",
            "code": null,
            "crdit": "3",
            "expniSllbsYn": "N",
            "bldngSn": null,
            "bldngCd": null,
            "bldngNm": null,
            "lssnsLcttmUntcd": null,
            "sbjetSctcd2": null,
            "rmnmCd": "201",
            "isApi": null,
            "paging": false,
            "rowStatus": "R",
            "pageSort": null
        },
        {
            "rowIndex": 0,
            "success": false,
            "message": null,
            "pageSize": 100,
            "pageNum": 1,
            "lctreMthodNm": "\ub300\uba74",
            "lctrmInfo": "\uc0ac\ud68c\uacfc\ud559\ub300\ud559",
            "lctreLnggeSctcd": null,
            "crseNo": "WELF0287-001",
            "estblUnivNm": "\uc0ac\ud68c\uacfc\ud559\ub300\ud559",
            "estblDprtnNm": "\uc0ac\ud68c\ubcf5\uc9c0\ud559\ubd80 \uc0ac\ud68c\ubcf5\uc9c0\ubbf8\uc2dc\uc804\uacf5",
            "estblYear": "2022",
            "estblDprtnCd": "120901",
            "estblSmstrSctnm": "1\ud559\uae30",
            "estblSmstrSctcd": "CMBS001400001",
            "estblGrade": "4",
            "sbjetSctnm": "\uc804\uacf5",
            "sbjetNm": "\uc0ac\ud68c\ubcf5\uc9c0\uc724\ub9ac\uc640\ucca0\ud559",
            "sbjetDvnno": "001",
            "sbjetCd": "WELF0287",
            "gubun": null,
            "pckgeRqstPssblYn": "Y",
            "pckgeRqstCnt": "20",
            "name": null,
            "rmrk": null,
            "appcrCnt": "26",
            "attlcPrscpCnt": "30",
            "lssnsTimeInfo": "\ud654 8B,9A,9B<br/>\ubaa9 8B,9A,9B",
            "lssnsRealTimeInfo": "\ud654 16:30 ~ 18:00<br/>\ubaa9 16:30 ~ 18:00",
            "prctsTime": "0",
            "doPlan": "Kor",
            "thryTime": "3",
            "totalPrfssNm": "\ucd5c\uad8c\ud638",
            "mngetEstblYn": "Y",
            "code": null,
            "crdit": "3",
            "expniSllbsYn": "N",
            "bldngSn": null,
            "bldngCd": null,
            "bldngNm": null,
            "lssnsLcttmUntcd": null,
            "sbjetSctcd2": null,
            "rmnmCd": "251",
            "isApi": null,
            "paging": false,
            "rowStatus": "R",
            "pageSort": null
        },
        {
            "rowIndex": 0,
            "success": false,
            "message": null,
            "pageSize": 100,
            "pageNum": 1,
            "lctreMthodNm": "\ub300\uba74",
            "lctrmInfo": "\uc0ac\ud68c\uacfc\ud559\ub300\ud559",
            "lctreLnggeSctcd": null,
            "crseNo": "WELF0457-001",
            "estblUnivNm": "\uc0ac\ud68c\uacfc\ud559\ub300\ud559",
            "estblDprtnNm": "\uc0ac\ud68c\ubcf5\uc9c0\ud559\ubd80 \uc0ac\ud68c\ubcf5\uc9c0\ubbf8\uc2dc\uc804\uacf5",
            "estblYear": "2022",
            "estblDprtnCd": "120901",
            "estblSmstrSctnm": "1\ud559\uae30",
            "estblSmstrSctcd": "CMBS001400001",
            "estblGrade": "4",
            "sbjetSctnm": "\uc804\uacf5",
            "sbjetNm": "\uc758\ub8cc\uc0ac\ud68c\uc0ac\uc5c5\ub860",
            "sbjetDvnno": "001",
            "sbjetCd": "WELF0457",
            "gubun": null,
            "pckgeRqstPssblYn": "Y",
            "pckgeRqstCnt": "31",
            "name": null,
            "rmrk": null,
            "appcrCnt": "32",
            "attlcPrscpCnt": "30",
            "lssnsTimeInfo": "\uae08 1A,1B<br/>\uae08 2A,2B<br/>\uae08 3A,3B",
            "lssnsRealTimeInfo": "\uae08 09:00 ~ 10:00<br/>\uae08 10:00 ~ 11:00<br/>\uae08 11:00 ~ 12:00",
            "prctsTime": "0",
            "doPlan": "Kor",
            "thryTime": "3",
            "totalPrfssNm": "\ubc15\uc120\ub780",
            "mngetEstblYn": "Y",
            "code": null,
            "crdit": "3",
            "expniSllbsYn": "Y",
            "bldngSn": null,
            "bldngCd": null,
            "bldngNm": null,
            "lssnsLcttmUntcd": null,
            "sbjetSctcd2": null,
            "rmnmCd": "251",
            "isApi": null,
            "paging": false,
            "rowStatus": "R",
            "pageSort": null
        },
        {
            "rowIndex": 0,
            "success": false,
            "message": null,
            "pageSize": 100,
            "pageNum": 1,
            "lctreMthodNm": "\ub300\uba74",
            "lctrmInfo": "\uc0ac\ud68c\uacfc\ud559\ub300\ud559",
            "lctreLnggeSctcd": null,
            "crseNo": "WELF0484-001",
            "estblUnivNm": "\uc0ac\ud68c\uacfc\ud559\ub300\ud559",
            "estblDprtnNm": "\uc0ac\ud68c\ubcf5\uc9c0\ud559\ubd80 \uc0ac\ud68c\ubcf5\uc9c0\ubbf8\uc2dc\uc804\uacf5",
            "estblYear": "2022",
            "estblDprtnCd": "120901",
            "estblSmstrSctnm": "1\ud559\uae30",
            "estblSmstrSctcd": "CMBS001400001",
            "estblGrade": "4",
            "sbjetSctnm": "\uc804\uacf5",
            "sbjetNm": "\uc0ac\ud68c\ubcf5\uc9c0\ud604\uc7a5\uc2e4\uc2b5\u2160",
            "sbjetDvnno": "001",
            "sbjetCd": "WELF0484",
            "gubun": null,
            "pckgeRqstPssblYn": "Y",
            "pckgeRqstCnt": "21",
            "name": null,
            "rmrk": null,
            "appcrCnt": "23",
            "attlcPrscpCnt": "25",
            "lssnsTimeInfo": "\ud654 5A,5B<br/>\ud654 6A,6B<br/>\ubaa9 5A,5B<br/>\ubaa9 6A,6B",
            "lssnsRealTimeInfo": "\ud654 13:00 ~ 14:00<br/>\ud654 14:00 ~ 15:00<br/>\ubaa9 13:00 ~ 14:00<br/>\ubaa9 14:00 ~ 15:00",
            "prctsTime": "2",
            "doPlan": "Kor",
            "thryTime": "2",
            "totalPrfssNm": "\ucd5c\uad8c\ud638",
            "mngetEstblYn": "Y",
            "code": null,
            "crdit": "3",
            "expniSllbsYn": "N",
            "bldngSn": null,
            "bldngCd": null,
            "bldngNm": null,
            "lssnsLcttmUntcd": null,
            "sbjetSctcd2": null,
            "rmnmCd": "251",
            "isApi": null,
            "paging": false,
            "rowStatus": "R",
            "pageSort": null
        }
    ],
    "statusCode": 200
}