{
    "timestamp": "2022-04-28T23:14:38.7",
    "success": true,
    "code": null,
    "msg": null,
    "data": [
        {
            "rowIndex": 0,
            "success": false,
            "message": null,
            "pageSize": 100,
            "pageNum": 1,
            "lctreMthodNm": "\ube44\ub300\uba74",
            "lctrmInfo": "\uc0ac\ud68c\uacfc\ud559\ub300\ud559",
            "lctreLnggeSctcd": null,
            "crseNo": "PSYC0571-001",
            "estblUnivNm": "\uc0ac\ud68c\uacfc\ud559\ub300\ud559",
            "estblDprtnNm": "\uc2ec\ub9ac\ud559\uacfc",
            "estblYear": "2022",
            "estblDprtnCd": "1205",
            "estblSmstrSctnm": "1\ud559\uae30",
            "estblSmstrSctcd": "CMBS001400001",
            "estblGrade": "4",
            "sbjetSctnm": "\uc804\uacf5",
            "sbjetNm": "\ubd80\ubd80\uc0c1\ub2f4\uacfc \uac00\uc871\uc0c1\ub2f4",
            "sbjetDvnno": "001",
            "sbjetCd": "PSYC0571",
            "gubun": null,
            "pckgeRqstPssblYn": "Y",
            "pckgeRqstCnt": "60",
            "name": null,
            "rmrk": null,
            "appcrCnt": "58",
            "attlcPrscpCnt": "70",
            "lssnsTimeInfo": "\uc6d4 5B,6A,6B<br/>\uc218 5B,6A,6B",
            "lssnsRealTimeInfo": "\uc6d4 13:30 ~ 15:00<br/>\uc218 13:30 ~ 15:00",
            "prctsTime": "0",
            "doPlan": "Kor",
            "thryTime": "3",
            "totalPrfssNm": "\ud5c8\uc7ac\ud64d",
            "mngetEstblYn": "Y",
            "code": null,
            "crdit": "3",
            "expniSllbsYn": "N",
            "bldngSn": null,
            "bldngCd": null,
            "bldngNm": null,
            "lssnsLcttmUntcd": null,
            "sbjetSctcd2": null,
            "rmnmCd": "252",
            "isApi": null,
            "paging": false,
            "rowStatus": "R",
            "pageSort": null
        },
        {
            "rowIndex": 0,
            "success": false,
            "message": null,
            "pageSize": 100,
            "pageNum": 1,
            "lctreMthodNm": "\ube44\ub300\uba74",
            "lctrmInfo": "\uc0ac\ud68c\uacfc\ud559\ub300\ud559",
            "lctreLnggeSctcd": null,
            "crseNo": "PSYC0214-001",
            "estblUnivNm": "\uc0ac\ud68c\uacfc\ud559\ub300\ud559",
            "estblDprtnNm": "\uc2ec\ub9ac\ud559\uacfc",
            "estblYear": "2022",
            "estblDprtnCd": "1205",
            "estblSmstrSctnm": "1\ud559\uae30",
            "estblSmstrSctcd": "CMBS001400001",
            "estblGrade": "3",
            "sbjetSctnm": "\uc804\uacf5",
            "sbjetNm": "\uc2ec\ub9ac\uce58\ub8cc",
            "sbjetDvnno": "001",
            "sbjetCd": "PSYC0214",
            "gubun": null,
            "pckgeRqstPssblYn": "Y",
            "pckgeRqstCnt": "107",
            "name": null,
            "rmrk": null,
            "appcrCnt": "93",
            "attlcPrscpCnt": "90",
            "lssnsTimeInfo": "\ud654 8B,9A,9B<br/>\ubaa9 8B,9A,9B",
            "lssnsRealTimeInfo": "\ud654 16:30 ~ 18:00<br/>\ubaa9 16:30 ~ 18:00",
            "prctsTime": "0",
            "doPlan": "Kor",
            "thryTime": "3",
            "totalPrfssNm": "\uc7a5\ubb38\uc120",
            "mngetEstblYn": "Y",
            "code": null,
            "crdit": "3",
            "expniSllbsYn": "N",
            "bldngSn": null,
            "bldngCd": null,
            "bldngNm": null,
            "lssnsLcttmUntcd": null,
            "sbjetSctcd2": null,
            "rmnmCd": "132",
            "isApi": null,
            "paging": false,
            "rowStatus": "R",
            "pageSort": null
        },
        {
            "rowIndex": 0,
            "success": false,
            "message": null,
            "pageSize": 100,
            "pageNum": 1,
            "lctreMthodNm": "\ube44\ub300\uba74",
            "lctrmInfo": "\uc0ac\ud68c\uacfc\ud559\ub300\ud559",
            "lctreLnggeSctcd": null,
            "crseNo": "PSYC0526-001",
            "estblUnivNm": "\uc0ac\ud68c\uacfc\ud559\ub300\ud559",
            "estblDprtnNm": "\uc2ec\ub9ac\ud559\uacfc",
            "estblYear": "2022",
            "estblDprtnCd": "1205",
            "estblSmstrSctnm": "1\ud559\uae30",
            "estblSmstrSctcd": "CMBS001400001",
            "estblGrade": "4",
            "sbjetSctnm": "\uc804\uacf5",
            "sbjetNm": "\uad11\uace0 \uc2ec\ub9ac",
            "sbjetDvnno": "001",
            "sbjetCd": "PSYC0526",
            "gubun": null,
            "pckgeRqstPssblYn": "Y",
            "pckgeRqstCnt": "85",
            "name": null,
            "rmrk": null,
            "appcrCnt": "75",
            "attlcPrscpCnt": "85",
            "lssnsTimeInfo": "\ud654 7A,7B,8A<br/>\ubaa9 7A,7B,8A",
            "lssnsRealTimeInfo": "\ud654 15:00 ~ 16:30<br/>\ubaa9 15:00 ~ 16:30",
            "prctsTime": "0",
            "doPlan": "Kor",
            "thryTime": "3",
            "totalPrfssNm": "\uae40\uc9c0\ud638",
            "mngetEstblYn": "Y",
            "code": null,
            "crdit": "3",
            "expniSllbsYn": "N",
            "bldngSn": null,
            "bldngCd": null,
            "bldngNm": null,
            "lssnsLcttmUntcd": null,
            "sbjetSctcd2": null,
            "rmnmCd": "252",
            "isApi": null,
            "paging": false,
            "rowStatus": "R",
            "pageSort": null
        },
        {
            "rowIndex": 0,
            "success": false,
            "message": null,
            "pageSize": 100,
            "pageNum": 1,
            "lctreMthodNm": "\ub300\uba74",
            "lctrmInfo": "\uc0ac\ud68c\uacfc\ud559\ub300\ud559",
            "lctreLnggeSctcd": null,
            "crseNo": "PSYC0231-002",
            "estblUnivNm": "\uc0ac\ud68c\uacfc\ud559\ub300\ud559",
            "estblDprtnNm": "\uc2ec\ub9ac\ud559\uacfc",
            "estblYear": "2022",
            "estblDprtnCd": "1205",
            "estblSmstrSctnm": "1\ud559\uae30",
            "estblSmstrSctcd": "CMBS001400001",
            "estblGrade": "3",
            "sbjetSctnm": "\uc804\uacf5",
            "sbjetNm": "\uc2e0\uacbd\uc2ec\ub9ac\ud3c9\uac00",
            "sbjetDvnno": "002",
            "sbjetCd": "PSYC0231",
            "gubun": null,
            "pckgeRqstPssblYn": "Y",
            "pckgeRqstCnt": "54",
            "name": null,
            "rmrk": null,
            "appcrCnt": "33",
            "attlcPrscpCnt": "35",
            "lssnsTimeInfo": "\ud654 5A,5B<br/>\ud654 6A,6B<br/>\ubaa9 5A,5B<br/>\ubaa9 6A,6B",
            "lssnsRealTimeInfo": "\ud654 13:00 ~ 14:00<br/>\ud654 14:00 ~ 15:00<br/>\ubaa9 13:00 ~ 14:00<br/>\ubaa9 14:00 ~ 15:00",
            "prctsTime": "2",
            "doPlan": "Kor",
            "thryTime": "2",
            "totalPrfssNm": "\uac15\ud6a8\uc2e0",
            "mngetEstblYn": "Y",
            "code": null,
            "crdit": "3",
            "expniSllbsYn": "N",
            "bldngSn": null,
            "bldngCd": null,
            "bldngNm": null,
            "lssnsLcttmUntcd": null,
            "sbjetSctcd2": null,
            "rmnmCd": "105-7",
            "isApi": null,
            "paging": false,
            "rowStatus": "R",
            "pageSort": null
        },
        {
            "rowIndex": 0,
            "success": false,
            "message": null,
            "pageSize": 100,
            "pageNum": 1,
            "lctreMthodNm": "\ube44\ub300\uba74",
            "lctrmInfo": "\uc0ac\ud68c\uacfc\ud559\ub300\ud559",
            "lctreLnggeSctcd": null,
            "crseNo": "PSYC0355-001",
            "estblUnivNm": "\uc0ac\ud68c\uacfc\ud559\ub300\ud559",
            "estblDprtnNm": "\uc2ec\ub9ac\ud559\uacfc",
            "estblYear": "2022",
            "estblDprtnCd": "1205",
            "estblSmstrSctnm": "1\ud559\uae30",
            "estblSmstrSctcd": "CMBS001400001",
            "estblGrade": "2",
            "sbjetSctnm": "\uc804\uacf5",
            "sbjetNm": "\uc778\uc9c0\uc2e0\uacbd\uacfc\ud559\uc758 \uae30\ucd08",
            "sbjetDvnno": "001",
            "sbjetCd": "PSYC0355",
            "gubun": null,
            "pckgeRqstPssblYn": "Y",
            "pckgeRqstCnt": "100",
            "name": null,
            "rmrk": null,
            "appcrCnt": "91",
            "attlcPrscpCnt": "90",
            "lssnsTimeInfo": "\uc6d4 8B,9A,9B<br/>\uc218 8B,9A,9B",
            "lssnsRealTimeInfo": "\uc6d4 16:30 ~ 18:00<br/>\uc218 16:30 ~ 18:00",
            "prctsTime": "0",
            "doPlan": "Kor",
            "thryTime": "3",
            "totalPrfssNm": "\uae40\ucd08\ubcf5",
            "mngetEstblYn": "Y",
            "code": null,
            "crdit": "3",
            "expniSllbsYn": "N",
            "bldngSn": null,
            "bldngCd": null,
            "bldngNm": null,
            "lssnsLcttmUntcd": null,
            "sbjetSctcd2": null,
            "rmnmCd": "252",
            "isApi": null,
            "paging": false,
            "rowStatus": "R",
            "pageSort": null
        },
        {
            "rowIndex": 0,
            "success": false,
            "message": null,
            "pageSize": 100,
            "pageNum": 1,
            "lctreMthodNm": "\ube44\ub300\uba74",
            "lctrmInfo": "\uc0ac\ud68c\uacfc\ud559\ub300\ud559",
            "lctreLnggeSctcd": null,
            "crseNo": "PSYC0570-001",
            "estblUnivNm": "\uc0ac\ud68c\uacfc\ud559\ub300\ud559",
            "estblDprtnNm": "\uc2ec\ub9ac\ud559\uacfc",
            "estblYear": "2022",
            "estblDprtnCd": "1205",
            "estblSmstrSctnm": "1\ud559\uae30",
            "estblSmstrSctcd": "CMBS001400001",
            "estblGrade": "2",
            "sbjetSctnm": "\uc804\uacf5",
            "sbjetNm": "\ub178\ud654\uc2ec\ub9ac\ud559",
            "sbjetDvnno": "001",
            "sbjetCd": "PSYC0570",
            "gubun": null,
            "pckgeRqstPssblYn": "Y",
            "pckgeRqstCnt": "95",
            "name": null,
            "rmrk": null,
            "appcrCnt": "63",
            "attlcPrscpCnt": "70",
            "lssnsTimeInfo": "\ud654 1A,1B,2A<br/>\ubaa9 2B,3A,3B",
            "lssnsRealTimeInfo": "\ud654 09:00 ~ 10:30<br/>\ubaa9 10:30 ~ 12:00",
            "prctsTime": "0",
            "doPlan": "Kor",
            "thryTime": "3",
            "totalPrfssNm": "\uc9c4\uc601\uc120",
            "mngetEstblYn": "Y",
            "code": null,
            "crdit": "3",
            "expniSllbsYn": "N",
            "bldngSn": null,
            "bldngCd": null,
            "bldngNm": null,
            "lssnsLcttmUntcd": null,
            "sbjetSctcd2": null,
            "rmnmCd": "252",
            "isApi": null,
            "paging": false,
            "rowStatus": "R",
            "pageSort": null
        },
        {
            "rowIndex": 0,
            "success": false,
            "message": null,
            "pageSize": 100,
            "pageNum": 1,
            "lctreMthodNm": "\ube44\ub300\uba74",
            "lctrmInfo": "\uc0ac\ud68c\uacfc\ud559\ub300\ud559",
            "lctreLnggeSctcd": null,
            "crseNo": "CLTR0078-005",
            "estblUnivNm": "\uc0ac\ud68c\uacfc\ud559\ub300\ud559",
            "estblDprtnNm": "\uc2ec\ub9ac\ud559\uacfc",
            "estblYear": "2022",
            "estblDprtnCd": "1205",
            "estblSmstrSctnm": "1\ud559\uae30",
            "estblSmstrSctcd": "CMBS001400001",
            "estblGrade": "*",
            "sbjetSctnm": "\uad50\uc591",
            "sbjetNm": "\uc2ec\ub9ac\ud559\uc758\uc774\ud574",
            "sbjetDvnno": "005",
            "sbjetCd": "CLTR0078",
            "gubun": null,
            "pckgeRqstPssblYn": "N",
            "pckgeRqstCnt": null,
            "name": null,
            "rmrk": "\uc804\ud559\ub144\uc120\ud0dd<br>",
            "appcrCnt": "69",
            "attlcPrscpCnt": "70",
            "lssnsTimeInfo": "\ud654 7A,7B,8A<br/>\ubaa9 7A,7B,8A",
            "lssnsRealTimeInfo": "\ud654 15:00 ~ 16:30<br/>\ubaa9 15:00 ~ 16:30",
            "prctsTime": "0",
            "doPlan": "Kor",
            "thryTime": "3",
            "totalPrfssNm": "\ubc15\ub098\uc601",
            "mngetEstblYn": "Y",
            "code": null,
            "crdit": "3",
            "expniSllbsYn": "N",
            "bldngSn": null,
            "bldngCd": null,
            "bldngNm": null,
            "lssnsLcttmUntcd": null,
            "sbjetSctcd2": null,
            "rmnmCd": "151",
            "isApi": null,
            "paging": false,
            "rowStatus": "R",
            "pageSort": null
        },
        {
            "rowIndex": 0,
            "success": false,
            "message": null,
            "pageSize": 100,
            "pageNum": 1,
            "lctreMthodNm": "\ub300\uba74",
            "lctrmInfo": "\uc0ac\ud68c\uacfc\ud559\ub300\ud559",
            "lctreLnggeSctcd": null,
            "crseNo": "CLTR0221-001",
            "estblUnivNm": "\uc0ac\ud68c\uacfc\ud559\ub300\ud559",
            "estblDprtnNm": "\uc2ec\ub9ac\ud559\uacfc",
            "estblYear": "2022",
            "estblDprtnCd": "1205",
            "estblSmstrSctnm": "1\ud559\uae30",
            "estblSmstrSctcd": "CMBS001400001",
            "estblGrade": "1",
            "sbjetSctnm": "\uad50\uc591",
            "sbjetNm": "\ud1b5\uacc4\ud559",
            "sbjetDvnno": "001",
            "sbjetCd": "CLTR0221",
            "gubun": null,
            "pckgeRqstPssblYn": "N",
            "pckgeRqstCnt": "0",
            "name": null,
            "rmrk": null,
            "appcrCnt": "65",
            "attlcPrscpCnt": "65",
            "lssnsTimeInfo": "\ud654 7A,7B,8A<br/>\ubaa9 7A,7B,8A",
            "lssnsRealTimeInfo": "\ud654 15:00 ~ 16:30<br/>\ubaa9 15:00 ~ 16:30",
            "prctsTime": "0",
            "doPlan": "Kor",
            "thryTime": "3",
            "totalPrfssNm": "\uc870\uc900\uc6b0",
            "mngetEstblYn": "Y",
            "code": null,
            "crdit": "3",
            "expniSllbsYn": "N",
            "bldngSn": null,
            "bldngCd": null,
            "bldngNm": null,
            "lssnsLcttmUntcd": null,
            "sbjetSctcd2": null,
            "rmnmCd": "352",
            "isApi": null,
            "paging": false,
            "rowStatus": "R",
            "pageSort": null
        },
        {
            "rowIndex": 0,
            "success": false,
            "message": null,
            "pageSize": 100,
            "pageNum": 1,
            "lctreMthodNm": "\ub300\uba74",
            "lctrmInfo": "\uc0ac\ud68c\uacfc\ud559\ub300\ud559",
            "lctreLnggeSctcd": null,
            "crseNo": "PSYC0232-001",
            "estblUnivNm": "\uc0ac\ud68c\uacfc\ud559\ub300\ud559",
            "estblDprtnNm": "\uc2ec\ub9ac\ud559\uacfc",
            "estblYear": "2022",
            "estblDprtnCd": "1205",
            "estblSmstrSctnm": "1\ud559\uae30",
            "estblSmstrSctcd": "CMBS001400001",
            "estblGrade": "2",
            "sbjetSctnm": "\uc804\uacf5",
            "sbjetNm": "\uac10\uac01\uacfc \uc9c0\uac01 \ubc0f \uc2e4\uc2b5",
            "sbjetDvnno": "001",
            "sbjetCd": "PSYC0232",
            "gubun": null,
            "pckgeRqstPssblYn": "N",
            "pckgeRqstCnt": null,
            "name": null,
            "rmrk": null,
            "appcrCnt": "9",
            "attlcPrscpCnt": "40",
            "lssnsTimeInfo": "\uc218 3A,3B<br/>\uc218 4A,4B<br/>\uae08 3A,3B<br/>\uae08 4A,4B",
            "lssnsRealTimeInfo": "\uc218 11:00 ~ 12:00<br/>\uc218 12:00 ~ 13:00<br/>\uae08 11:00 ~ 12:00<br/>\uae08 12:00 ~ 13:00",
            "prctsTime": "2",
            "doPlan": "Kor",
            "thryTime": "2",
            "totalPrfssNm": "\uae40\uc7a5\uc9c4",
            "mngetEstblYn": "Y",
            "code": null,
            "crdit": "3",
            "expniSllbsYn": "N",
            "bldngSn": null,
            "bldngCd": null,
            "bldngNm": null,
            "lssnsLcttmUntcd": null,
            "sbjetSctcd2": null,
            "rmnmCd": "252",
            "isApi": null,
            "paging": false,
            "rowStatus": "R",
            "pageSort": null
        },
        {
            "rowIndex": 0,
            "success": false,
            "message": null,
            "pageSize": 100,
            "pageNum": 1,
            "lctreMthodNm": "\ube44\ub300\uba74",
            "lctrmInfo": "\uc0ac\ud68c\uacfc\ud559\ub300\ud559",
            "lctreLnggeSctcd": null,
            "crseNo": "PSYC0361-001",
            "estblUnivNm": "\uc0ac\ud68c\uacfc\ud559\ub300\ud559",
            "estblDprtnNm": "\uc2ec\ub9ac\ud559\uacfc",
            "estblYear": "2022",
            "estblDprtnCd": "1205",
            "estblSmstrSctnm": "1\ud559\uae30",
            "estblSmstrSctcd": "CMBS001400001",
            "estblGrade": "1",
            "sbjetSctnm": "\uc804\uacf5",
            "sbjetNm": "\ubc1c\ub2ec\uc2ec\ub9ac\ud559",
            "sbjetDvnno": "001",
            "sbjetCd": "PSYC0361",
            "gubun": null,
            "pckgeRqstPssblYn": "N",
            "pckgeRqstCnt": "0",
            "name": null,
            "rmrk": null,
            "appcrCnt": "69",
            "attlcPrscpCnt": "70",
            "lssnsTimeInfo": "\ud654 2B,3A,3B<br/>\ubaa9 1A,1B,2A",
            "lssnsRealTimeInfo": "\ud654 10:30 ~ 12:00<br/>\ubaa9 09:00 ~ 10:30",
            "prctsTime": "0",
            "doPlan": "Kor",
            "thryTime": "3",
            "totalPrfssNm": "\ubc15\ub098\uc601",
            "mngetEstblYn": "Y",
            "code": null,
            "crdit": "3",
            "expniSllbsYn": "N",
            "bldngSn": null,
            "bldngCd": null,
            "bldngNm": null,
            "lssnsLcttmUntcd": null,
            "sbjetSctcd2": null,
            "rmnmCd": "252",
            "isApi": null,
            "paging": false,
            "rowStatus": "R",
            "pageSort": null
        },
        {
            "rowIndex": 0,
            "success": false,
            "message": null,
            "pageSize": 100,
            "pageNum": 1,
            "lctreMthodNm": "\ub300\uba74",
            "lctrmInfo": "\uc0ac\ud68c\uacfc\ud559\ub300\ud559",
            "lctreLnggeSctcd": null,
            "crseNo": "CLTR0205-006",
            "estblUnivNm": "\uc0ac\ud68c\uacfc\ud559\ub300\ud559",
            "estblDprtnNm": "\uc2ec\ub9ac\ud559\uacfc",
            "estblYear": "2022",
            "estblDprtnCd": "1205",
            "estblSmstrSctnm": "1\ud559\uae30",
            "estblSmstrSctcd": "CMBS001400001",
            "estblGrade": "1",
            "sbjetSctnm": "\uad50\uc591",
            "sbjetNm": "\ub300\ud559\uae00\uc4f0\uae30",
            "sbjetDvnno": "006",
            "sbjetCd": "CLTR0205",
            "gubun": null,
            "pckgeRqstPssblYn": "N",
            "pckgeRqstCnt": "0",
            "name": null,
            "rmrk": "<b>\uc778\ubb38\uad50\uc591</b><br>",
            "appcrCnt": "30",
            "attlcPrscpCnt": "30",
            "lssnsTimeInfo": "\uc6d4 8B,9A,9B<br/>\uc218 7A,7B,8A",
            "lssnsRealTimeInfo": "\uc6d4 16:30 ~ 18:00<br/>\uc218 15:00 ~ 16:30",
            "prctsTime": "0",
            "doPlan": "Kor",
            "thryTime": "3",
            "totalPrfssNm": "\uae40\uacbd\ubbf8",
            "mngetEstblYn": "Y",
            "code": null,
            "crdit": "3",
            "expniSllbsYn": "N",
            "bldngSn": null,
            "bldngCd": null,
            "bldngNm": null,
            "lssnsLcttmUntcd": null,
            "sbjetSctcd2": null,
            "rmnmCd": "402",
            "isApi": null,
            "paging": false,
            "rowStatus": "R",
            "pageSort": null
        },
        {
            "rowIndex": 0,
            "success": false,
            "message": null,
            "pageSize": 100,
            "pageNum": 1,
            "lctreMthodNm": "\ub300\uba74",
            "lctrmInfo": "\uc0ac\ud68c\uacfc\ud559\ub300\ud559",
            "lctreLnggeSctcd": null,
            "crseNo": "PSYC0231-001",
            "estblUnivNm": "\uc0ac\ud68c\uacfc\ud559\ub300\ud559",
            "estblDprtnNm": "\uc2ec\ub9ac\ud559\uacfc",
            "estblYear": "2022",
            "estblDprtnCd": "1205",
            "estblSmstrSctnm": "1\ud559\uae30",
            "estblSmstrSctcd": "CMBS001400001",
            "estblGrade": "3",
            "sbjetSctnm": "\uc804\uacf5",
            "sbjetNm": "\uc2e0\uacbd\uc2ec\ub9ac\ud3c9\uac00",
            "sbjetDvnno": "001",
            "sbjetCd": "PSYC0231",
            "gubun": null,
            "pckgeRqstPssblYn": "Y",
            "pckgeRqstCnt": "45",
            "name": null,
            "rmrk": null,
            "appcrCnt": "35",
            "attlcPrscpCnt": "35",
            "lssnsTimeInfo": "\uc6d4 4A,4B<br/>\uc6d4 5A,5B<br/>\uc218 4A,4B<br/>\uc218 5A,5B",
            "lssnsRealTimeInfo": "\uc6d4 12:00 ~ 13:00<br/>\uc6d4 13:00 ~ 14:00<br/>\uc218 12:00 ~ 13:00<br/>\uc218 13:00 ~ 14:00",
            "prctsTime": "2",
            "doPlan": "Kor",
            "thryTime": "2",
            "totalPrfssNm": "\uac15\ud6a8\uc2e0",
            "mngetEstblYn": "Y",
            "code": null,
            "crdit": "3",
            "expniSllbsYn": "N",
            "bldngSn": null,
            "bldngCd": null,
            "bldngNm": null,
            "lssnsLcttmUntcd": null,
            "sbjetSctcd2": null,
            "rmnmCd": "105-7",
            "isApi": null,
            "paging": false,
            "rowStatus": "R",
            "pageSort": null
        },
        {
            "rowIndex": 0,
            "success": false,
            "message": null,
            "pageSize": 100,
            "pageNum": 1,
            "lctreMthodNm": "\ube44\ub300\uba74",
            "lctrmInfo": "\uc0ac\ud68c\uacfc\ud559\ub300\ud559",
            "lctreLnggeSctcd": null,
            "crseNo": "PSYC0449-001",
            "estblUnivNm": "\uc0ac\ud68c\uacfc\ud559\ub300\ud559",
            "estblDprtnNm": "\uc2ec\ub9ac\ud559\uacfc",
            "estblYear": "2022",
            "estblDprtnCd": "1205",
            "estblSmstrSctnm": "1\ud559\uae30",
            "estblSmstrSctcd": "CMBS001400001",
            "estblGrade": "3",
            "sbjetSctnm": "\uc804\uacf5",
            "sbjetNm": "\ud559\uc2b5 \ubc0f \uc9c4\ub85c\uc0c1\ub2f4",
            "sbjetDvnno": "001",
            "sbjetCd": "PSYC0449",
            "gubun": null,
            "pckgeRqstPssblYn": "Y",
            "pckgeRqstCnt": "42",
            "name": null,
            "rmrk": null,
            "appcrCnt": "63",
            "attlcPrscpCnt": "70",
            "lssnsTimeInfo": "\uc6d4 7A,7B,8A<br/>\uc218 7A,7B,8A",
            "lssnsRealTimeInfo": "\uc6d4 15:00 ~ 16:30<br/>\uc218 15:00 ~ 16:30",
            "prctsTime": "0",
            "doPlan": "Kor",
            "thryTime": "3",
            "totalPrfssNm": "\uae40\uc9c0\uadfc",
            "mngetEstblYn": "Y",
            "code": null,
            "crdit": "3",
            "expniSllbsYn": "N",
            "bldngSn": null,
            "bldngCd": null,
            "bldngNm": null,
            "lssnsLcttmUntcd": null,
            "sbjetSctcd2": null,
            "rmnmCd": "252",
            "isApi": null,
            "paging": false,
            "rowStatus": "R",
            "pageSort": null
        },
        {
            "rowIndex": 0,
            "success": false,
            "message": null,
            "pageSize": 100,
            "pageNum": 1,
            "lctreMthodNm": "\ub300\uba74",
            "lctrmInfo": "\uc0ac\ud68c\uacfc\ud559\ub300\ud559",
            "lctreLnggeSctcd": null,
            "crseNo": "PSYC0598-001",
            "estblUnivNm": "\uc0ac\ud68c\uacfc\ud559\ub300\ud559",
            "estblDprtnNm": "\uc2ec\ub9ac\ud559\uacfc",
            "estblYear": "2022",
            "estblDprtnCd": "1205",
            "estblSmstrSctnm": "1\ud559\uae30",
            "estblSmstrSctcd": "CMBS001400001",
            "estblGrade": "3",
            "sbjetSctnm": "\uc804\uacf5",
            "sbjetNm": "\uc778\uc9c0\uc2ec\ub9ac\ud559\ubc0f\uc2e4\uc2b5",
            "sbjetDvnno": "001",
            "sbjetCd": "PSYC0598",
            "gubun": null,
            "pckgeRqstPssblYn": "Y",
            "pckgeRqstCnt": "14",
            "name": null,
            "rmrk": "(\uc601\uc5b4)<br>",
            "appcrCnt": "18",
            "attlcPrscpCnt": "40",
            "lssnsTimeInfo": "\ud654 5A,5B<br/>\ud654 6A,6B<br/>\ubaa9 5A,5B<br/>\ubaa9 6A,6B",
            "lssnsRealTimeInfo": "\ud654 13:00 ~ 14:00<br/>\ud654 14:00 ~ 15:00<br/>\ubaa9 13:00 ~ 14:00<br/>\ubaa9 14:00 ~ 15:00",
            "prctsTime": "2",
            "doPlan": "Eng",
            "thryTime": "2",
            "totalPrfssNm": "\uc9c4\uc601\uc120",
            "mngetEstblYn": "Y",
            "code": null,
            "crdit": "3",
            "expniSllbsYn": "Y",
            "bldngSn": null,
            "bldngCd": null,
            "bldngNm": null,
            "lssnsLcttmUntcd": null,
            "sbjetSctcd2": null,
            "rmnmCd": "252",
            "isApi": null,
            "paging": false,
            "rowStatus": "R",
            "pageSort": null
        },
        {
            "rowIndex": 0,
            "success": false,
            "message": null,
            "pageSize": 100,
            "pageNum": 1,
            "lctreMthodNm": "\ube44\ub300\uba74",
            "lctrmInfo": "\uc0ac\ud68c\uacfc\ud559\ub300\ud559",
            "lctreLnggeSctcd": null,
            "crseNo": "CLTR0078-001",
            "estblUnivNm": "\uc0ac\ud68c\uacfc\ud559\ub300\ud559",
            "estblDprtnNm": "\uc2ec\ub9ac\ud559\uacfc",
            "estblYear": "2022",
            "estblDprtnCd": "1205",
            "estblSmstrSctnm": "1\ud559\uae30",
            "estblSmstrSctcd": "CMBS001400001",
            "estblGrade": "*",
            "sbjetSctnm": "\uad50\uc591",
            "sbjetNm": "\uc2ec\ub9ac\ud559\uc758\uc774\ud574",
            "sbjetDvnno": "001",
            "sbjetCd": "CLTR0078",
            "gubun": null,
            "pckgeRqstPssblYn": "Y",
            "pckgeRqstCnt": "213",
            "name": null,
            "rmrk": "\uc804\ud559\ub144\uc120\ud0dd<br>",
            "appcrCnt": "80",
            "attlcPrscpCnt": "80",
            "lssnsTimeInfo": "\ud654 7A,7B,8A<br/>\ubaa9 7A,7B,8A",
            "lssnsRealTimeInfo": "\ud654 15:00 ~ 16:30<br/>\ubaa9 15:00 ~ 16:30",
            "prctsTime": "0",
            "doPlan": "Kor",
            "thryTime": "3",
            "totalPrfssNm": "\uac15\ud6a8\uc2e0",
            "mngetEstblYn": "Y",
            "code": null,
            "crdit": "3",
            "expniSllbsYn": "N",
            "bldngSn": null,
            "bldngCd": null,
            "bldngNm": null,
            "lssnsLcttmUntcd": null,
            "sbjetSctcd2": null,
            "rmnmCd": "105-7",
            "isApi": null,
            "paging": false,
            "rowStatus": "R",
            "pageSort": null
        },
        {
            "rowIndex": 0,
            "success": false,
            "message": null,
            "pageSize": 100,
            "pageNum": 1,
            "lctreMthodNm": "\ub300\uba74",
            "lctrmInfo": "\uc0ac\ud68c\uacfc\ud559\ub300\ud559",
            "lctreLnggeSctcd": null,
            "crseNo": "CLTR0508-002",
            "estblUnivNm": "\uc0ac\ud68c\uacfc\ud559\ub300\ud559",
            "estblDprtnNm": "\uc2ec\ub9ac\ud559\uacfc",
            "estblYear": "2022",
            "estblDprtnCd": "1205",
            "estblSmstrSctnm": "1\ud559\uae30",
            "estblSmstrSctcd": "CMBS001400001",
            "estblGrade": "1",
            "sbjetSctnm": "\uad50\uc591",
            "sbjetNm": "\uc778\uac04\uacfc \uc5b8\uc5b4",
            "sbjetDvnno": "002",
            "sbjetCd": "CLTR0508",
            "gubun": null,
            "pckgeRqstPssblYn": "N",
            "pckgeRqstCnt": "0",
            "name": null,
            "rmrk": "<b>\uc778\ubb38\uad50\uc591</b><br>",
            "appcrCnt": "70",
            "attlcPrscpCnt": "70",
            "lssnsTimeInfo": "\uc218 1A,1B,2A<br/>\uae08 2B,3A,3B",
            "lssnsRealTimeInfo": "\uc218 09:00 ~ 10:30<br/>\uae08 10:30 ~ 12:00",
            "prctsTime": "0",
            "doPlan": "Kor",
            "thryTime": "3",
            "totalPrfssNm": "\ud64d\uc120\ud76c",
            "mngetEstblYn": "Y",
            "code": null,
            "crdit": "3",
            "expniSllbsYn": "N",
            "bldngSn": null,
            "bldngCd": null,
            "bldngNm": null,
            "lssnsLcttmUntcd": null,
            "sbjetSctcd2": null,
            "rmnmCd": "105-7",
            "isApi": null,
            "paging": false,
            "rowStatus": "R",
            "pageSort": null
        },
        {
            "rowIndex": 0,
            "success": false,
            "message": null,
            "pageSize": 100,
            "pageNum": 1,
            "lctreMthodNm": "\ub300\uba74",
            "lctrmInfo": "\uc0ac\ud68c\uacfc\ud559\ub300\ud559",
            "lctreLnggeSctcd": null,
            "crseNo": "PSYC0301-001",
            "estblUnivNm": "\uc0ac\ud68c\uacfc\ud559\ub300\ud559",
            "estblDprtnNm": "\uc2ec\ub9ac\ud559\uacfc",
            "estblYear": "2022",
            "estblDprtnCd": "1205",
            "estblSmstrSctnm": "1\ud559\uae30",
            "estblSmstrSctcd": "CMBS001400001",
            "estblGrade": "1",
            "sbjetSctnm": "\uc804\uacf5",
            "sbjetNm": "\uc2ec\ub9ac\ud559 \uac1c\ub860",
            "sbjetDvnno": "001",
            "sbjetCd": "PSYC0301",
            "gubun": null,
            "pckgeRqstPssblYn": "N",
            "pckgeRqstCnt": "0",
            "name": null,
            "rmrk": null,
            "appcrCnt": "30",
            "attlcPrscpCnt": "30",
            "lssnsTimeInfo": "\uc6d4 1A,1B,2A<br/>\uae08 1A,1B,2A",
            "lssnsRealTimeInfo": "\uc6d4 09:00 ~ 10:30<br/>\uae08 09:00 ~ 10:30",
            "prctsTime": "0",
            "doPlan": "Kor",
            "thryTime": "3",
            "totalPrfssNm": "\uac15\ud6a8\uc2e0<br/>\uae40\uc7a5\uc9c4<br/>\uae40\uc9c0\uadfc<br/>\uae40\uc9c0\ud638<br/>\ubc15\uc911\uaddc<br/>\uc7a5\ubb38\uc120<br/>\uc9c4\uc601\uc120<br/>\ud5c8\uc7ac\ud64d",
            "mngetEstblYn": "Y",
            "code": null,
            "crdit": "3",
            "expniSllbsYn": "N",
            "bldngSn": null,
            "bldngCd": null,
            "bldngNm": null,
            "lssnsLcttmUntcd": null,
            "sbjetSctcd2": null,
            "rmnmCd": "252",
            "isApi": null,
            "paging": false,
            "rowStatus": "R",
            "pageSort": null
        },
        {
            "rowIndex": 0,
            "success": false,
            "message": null,
            "pageSize": 100,
            "pageNum": 1,
            "lctreMthodNm": "\ub300\uba74",
            "lctrmInfo": "\uc0ac\ubc94\ub300\ud559",
            "lctreLnggeSctcd": null,
            "crseNo": "CLTR0045-016",
            "estblUnivNm": "\uc0ac\ud68c\uacfc\ud559\ub300\ud559",
            "estblDprtnNm": "\uc2ec\ub9ac\ud559\uacfc",
            "estblYear": "2022",
            "estblDprtnCd": "1205",
            "estblSmstrSctnm": "1\ud559\uae30",
            "estblSmstrSctcd": "CMBS001400001",
            "estblGrade": "1",
            "sbjetSctnm": "\uad50\uc591",
            "sbjetNm": "\ub17c\ub9ac\uc640 \ube44\ud310\uc801 \uc0ac\uace0",
            "sbjetDvnno": "016",
            "sbjetCd": "CLTR0045",
            "gubun": null,
            "pckgeRqstPssblYn": "N",
            "pckgeRqstCnt": "0",
            "name": null,
            "rmrk": "<b>\uc778\ubb38\uad50\uc591</b><br>",
            "appcrCnt": "63",
            "attlcPrscpCnt": "70",
            "lssnsTimeInfo": "\ud654 1A,1B,2A<br/>\ubaa9 2B,3A,3B",
            "lssnsRealTimeInfo": "\ud654 09:00 ~ 10:30<br/>\ubaa9 10:30 ~ 12:00",
            "prctsTime": "0",
            "doPlan": "Kor",
            "thryTime": "3",
            "totalPrfssNm": "\uc774\uc0c1\ud658",
            "mngetEstblYn": "N",
            "code": null,
            "crdit": "3",
            "expniSllbsYn": "N",
            "bldngSn": null,
            "bldngCd": null,
            "bldngNm": null,
            "lssnsLcttmUntcd": null,
            "sbjetSctcd2": null,
            "rmnmCd": "217",
            "isApi": null,
            "paging": false,
            "rowStatus": "R",
            "pageSort": null
        },
        {
            "rowIndex": 0,
            "success": false,
            "message": null,
            "pageSize": 100,
            "pageNum": 1,
            "lctreMthodNm": "\ube44\ub300\uba74",
            "lctrmInfo": "\uc0ac\ud68c\uacfc\ud559\ub300\ud559",
            "lctreLnggeSctcd": null,
            "crseNo": "PSYC0448-001",
            "estblUnivNm": "\uc0ac\ud68c\uacfc\ud559\ub300\ud559",
            "estblDprtnNm": "\uc2ec\ub9ac\ud559\uacfc",
            "estblYear": "2022",
            "estblDprtnCd": "1205",
            "estblSmstrSctnm": "1\ud559\uae30",
            "estblSmstrSctcd": "CMBS001400001",
            "estblGrade": "3",
            "sbjetSctnm": "\uc804\uacf5",
            "sbjetNm": "\uc2ec\ub9ac\uc870\uc0ac\ubc29\ubc95\ub860",
            "sbjetDvnno": "001",
            "sbjetCd": "PSYC0448",
            "gubun": null,
            "pckgeRqstPssblYn": "Y",
            "pckgeRqstCnt": "116",
            "name": null,
            "rmrk": null,
            "appcrCnt": "78",
            "attlcPrscpCnt": "70",
            "lssnsTimeInfo": "\uc6d4 2B,3A,3B<br/>\uc218 1A,1B,2A",
            "lssnsRealTimeInfo": "\uc6d4 10:30 ~ 12:00<br/>\uc218 09:00 ~ 10:30",
            "prctsTime": "0",
            "doPlan": "Kor",
            "thryTime": "3",
            "totalPrfssNm": "\ubc15\uc911\uaddc",
            "mngetEstblYn": "Y",
            "code": null,
            "crdit": "3",
            "expniSllbsYn": "N",
            "bldngSn": null,
            "bldngCd": null,
            "bldngNm": null,
            "lssnsLcttmUntcd": null,
            "sbjetSctcd2": null,
            "rmnmCd": "252",
            "isApi": null,
            "paging": false,
            "rowStatus": "R",
            "pageSort": null
        },
        {
            "rowIndex": 0,
            "success": false,
            "message": null,
            "pageSize": 100,
            "pageNum": 1,
            "lctreMthodNm": "\ube44\ub300\uba74",
            "lctrmInfo": "\uc0ac\ud68c\uacfc\ud559\ub300\ud559",
            "lctreLnggeSctcd": null,
            "crseNo": "PSYC0211-001",
            "estblUnivNm": "\uc0ac\ud68c\uacfc\ud559\ub300\ud559",
            "estblDprtnNm": "\uc2ec\ub9ac\ud559\uacfc",
            "estblYear": "2022",
            "estblDprtnCd": "1205",
            "estblSmstrSctnm": "1\ud559\uae30",
            "estblSmstrSctcd": "CMBS001400001",
            "estblGrade": "2",
            "sbjetSctnm": "\uc804\uacf5",
            "sbjetNm": "\uc815\uc2e0\ubcd1\ub9ac\ud559",
            "sbjetDvnno": "001",
            "sbjetCd": "PSYC0211",
            "gubun": null,
            "pckgeRqstPssblYn": "Y",
            "pckgeRqstCnt": "140",
            "name": null,
            "rmrk": null,
            "appcrCnt": "91",
            "attlcPrscpCnt": "90",
            "lssnsTimeInfo": "\ud654 2B,3A,3B<br/>\ubaa9 1A,1B,2A",
            "lssnsRealTimeInfo": "\ud654 10:30 ~ 12:00<br/>\ubaa9 09:00 ~ 10:30",
            "prctsTime": "0",
            "doPlan": "Kor",
            "thryTime": "3",
            "totalPrfssNm": "\uc7a5\ubb38\uc120",
            "mngetEstblYn": "Y",
            "code": null,
            "crdit": "3",
            "expniSllbsYn": "N",
            "bldngSn": null,
            "bldngCd": null,
            "bldngNm": null,
            "lssnsLcttmUntcd": null,
            "sbjetSctcd2": null,
            "rmnmCd": "132",
            "isApi": null,
            "paging": false,
            "rowStatus": "R",
            "pageSort": null
        },
        {
            "rowIndex": 0,
            "success": false,
            "message": null,
            "pageSize": 100,
            "pageNum": 1,
            "lctreMthodNm": "\ub300\uba74",
            "lctrmInfo": "\uc0ac\ud68c\uacfc\ud559\ub300\ud559",
            "lctreLnggeSctcd": null,
            "crseNo": "PSYC0492-001",
            "estblUnivNm": "\uc0ac\ud68c\uacfc\ud559\ub300\ud559",
            "estblDprtnNm": "\uc2ec\ub9ac\ud559\uacfc",
            "estblYear": "2022",
            "estblDprtnCd": "1205",
            "estblSmstrSctnm": "1\ud559\uae30",
            "estblSmstrSctcd": "CMBS001400001",
            "estblGrade": "3",
            "sbjetSctnm": "\uc804\uacf5",
            "sbjetNm": "\uace0\uae09\uc2ec\ub9ac\ud1b5\uacc4 \ubc0f \uc2e4\uc2b5",
            "sbjetDvnno": "001",
            "sbjetCd": "PSYC0492",
            "gubun": null,
            "pckgeRqstPssblYn": "Y",
            "pckgeRqstCnt": "25",
            "name": null,
            "rmrk": null,
            "appcrCnt": "24",
            "attlcPrscpCnt": "40",
            "lssnsTimeInfo": "\ud654 2A,2B<br/>\ud654 3A,3B<br/>\ubaa9 2A,2B<br/>\ubaa9 3A,3B",
            "lssnsRealTimeInfo": "\ud654 10:00 ~ 11:00<br/>\ud654 11:00 ~ 12:00<br/>\ubaa9 10:00 ~ 11:00<br/>\ubaa9 11:00 ~ 12:00",
            "prctsTime": "2",
            "doPlan": "Kor",
            "thryTime": "2",
            "totalPrfssNm": "\ubc15\uc911\uaddc",
            "mngetEstblYn": "Y",
            "code": null,
            "crdit": "3",
            "expniSllbsYn": "N",
            "bldngSn": null,
            "bldngCd": null,
            "bldngNm": null,
            "lssnsLcttmUntcd": null,
            "sbjetSctcd2": null,
            "rmnmCd": "105-7",
            "isApi": null,
            "paging": false,
            "rowStatus": "R",
            "pageSort": null
        }
    ],
    "statusCode": 200
}