{
    "timestamp": "2022-04-28T23:14:37.634",
    "success": true,
    "code": null,
    "msg": null,
    "data": [
        {
            "rowIndex": 0,
            "success": false,
            "message": null,
            "pageSize": 100,
            "pageNum": 1,
            "lctreMthodNm": "\ub300\uba74",
            "lctrmInfo": "\uc0ac\ud68c\uacfc\ud559\ub300\ud559",
            "lctreLnggeSctcd": null,
            "crseNo": "COMM0445-001",
            "estblUnivNm": "\uc0ac\ud68c\uacfc\ud559\ub300\ud559",
            "estblDprtnNm": "\ubbf8\ub514\uc5b4\ucee4\ubba4\ub2c8\ucf00\uc774\uc158\ud559\uacfc",
            "estblYear": "2022",
            "estblDprtnCd": "120D",
            "estblSmstrSctnm": "1\ud559\uae30",
            "estblSmstrSctcd": "CMBS001400001",
            "estblGrade": "2",
            "sbjetSctnm": "\uc804\uacf5",
            "sbjetNm": "\uad11\uace0\ud559\uc6d0\ub860",
            "sbjetDvnno": "001",
            "sbjetCd": "COMM0445",
            "gubun": null,
            "pckgeRqstPssblYn": "Y",
            "pckgeRqstCnt": "79",
            "name": null,
            "rmrk": null,
            "appcrCnt": "53",
            "attlcPrscpCnt": "50",
            "lssnsTimeInfo": "\uc6d4 2B,3A,3B<br/>\uc218 1A,1B,2A",
            "lssnsRealTimeInfo": "\uc6d4 10:30 ~ 12:00<br/>\uc218 09:00 ~ 10:30",
            "prctsTime": "0",
            "doPlan": "Kor",
            "thryTime": "3",
            "totalPrfssNm": "\uae40\uc18c\uc815",
            "mngetEstblYn": "Y",
            "code": null,
            "crdit": "3",
            "expniSllbsYn": "N",
            "bldngSn": null,
            "bldngCd": null,
            "bldngNm": null,
            "lssnsLcttmUntcd": null,
            "sbjetSctcd2": null,
            "rmnmCd": "104",
            "isApi": null,
            "paging": false,
            "rowStatus": "R",
            "pageSort": null
        },
        {
            "rowIndex": 0,
            "success": false,
            "message": null,
            "pageSize": 100,
            "pageNum": 1,
            "lctreMthodNm": "\ube44\ub300\uba74",
            "lctrmInfo": "\uc0ac\ud68c\uacfc\ud559\ub300\ud559",
            "lctreLnggeSctcd": null,
            "crseNo": "CLTR0082-002",
            "estblUnivNm": "\uc0ac\ud68c\uacfc\ud559\ub300\ud559",
            "estblDprtnNm": "\ubbf8\ub514\uc5b4\ucee4\ubba4\ub2c8\ucf00\uc774\uc158\ud559\uacfc",
            "estblYear": "2022",
            "estblDprtnCd": "120D",
            "estblSmstrSctnm": "1\ud559\uae30",
            "estblSmstrSctcd": "CMBS001400001",
            "estblGrade": "*",
            "sbjetSctnm": "\uad50\uc591",
            "sbjetNm": "\ub9e4\uc2a4\ucef4\uacfc \uc0ac\ud68c",
            "sbjetDvnno": "002",
            "sbjetCd": "CLTR0082",
            "gubun": null,
            "pckgeRqstPssblYn": "Y",
            "pckgeRqstCnt": "61",
            "name": null,
            "rmrk": "\uc804\ud559\ub144\uc120\ud0dd<br>",
            "appcrCnt": "74",
            "attlcPrscpCnt": "70",
            "lssnsTimeInfo": "\uc218 8B,9A,9B<br/>\uae08 8B,9A,9B",
            "lssnsRealTimeInfo": "\uc218 16:30 ~ 18:00<br/>\uae08 16:30 ~ 18:00",
            "prctsTime": "0",
            "doPlan": "Kor",
            "thryTime": "3",
            "totalPrfssNm": "\ucd5c\ud604\uc815",
            "mngetEstblYn": "Y",
            "code": null,
            "crdit": "3",
            "expniSllbsYn": "N",
            "bldngSn": null,
            "bldngCd": null,
            "bldngNm": null,
            "lssnsLcttmUntcd": null,
            "sbjetSctcd2": null,
            "rmnmCd": "151",
            "isApi": null,
            "paging": false,
            "rowStatus": "R",
            "pageSort": null
        },
        {
            "rowIndex": 0,
            "success": false,
            "message": null,
            "pageSize": 100,
            "pageNum": 1,
            "lctreMthodNm": "\ube44\ub300\uba74",
            "lctrmInfo": "\uc0ac\ud68c\uacfc\ud559\ub300\ud559",
            "lctreLnggeSctcd": null,
            "crseNo": "COMM0323-002",
            "estblUnivNm": "\uc0ac\ud68c\uacfc\ud559\ub300\ud559",
            "estblDprtnNm": "\ubbf8\ub514\uc5b4\ucee4\ubba4\ub2c8\ucf00\uc774\uc158\ud559\uacfc",
            "estblYear": "2022",
            "estblDprtnCd": "120D",
            "estblSmstrSctnm": "1\ud559\uae30",
            "estblSmstrSctcd": "CMBS001400001",
            "estblGrade": "2",
            "sbjetSctnm": "\uc804\uacf5",
            "sbjetNm": "\uc778\uac04\ucee4\ubba4\ub2c8\ucf00\uc774\uc158",
            "sbjetDvnno": "002",
            "sbjetCd": "COMM0323",
            "gubun": null,
            "pckgeRqstPssblYn": "Y",
            "pckgeRqstCnt": "136",
            "name": null,
            "rmrk": "\uc6d0\uaca9\uac15\uc88c<br>",
            "appcrCnt": "74",
            "attlcPrscpCnt": "75",
            "lssnsTimeInfo": "\ud654 10A,10B,11A<br/>\ud654 8B,9A,9B",
            "lssnsRealTimeInfo": "\ud654 16:30 ~ 18:00<br/>\ud654 18:00 ~ 19:30",
            "prctsTime": "0",
            "doPlan": "Kor",
            "thryTime": "3",
            "totalPrfssNm": "\uc815\uc815\uc8fc",
            "mngetEstblYn": "Y",
            "code": null,
            "crdit": "3",
            "expniSllbsYn": "Y",
            "bldngSn": null,
            "bldngCd": null,
            "bldngNm": null,
            "lssnsLcttmUntcd": null,
            "sbjetSctcd2": null,
            "rmnmCd": "151",
            "isApi": null,
            "paging": false,
            "rowStatus": "R",
            "pageSort": null
        },
        {
            "rowIndex": 0,
            "success": false,
            "message": null,
            "pageSize": 100,
            "pageNum": 1,
            "lctreMthodNm": "\ub300\uba74",
            "lctrmInfo": "\uc0ac\ud68c\uacfc\ud559\ub300\ud559",
            "lctreLnggeSctcd": null,
            "crseNo": "COMM0217-001",
            "estblUnivNm": "\uc0ac\ud68c\uacfc\ud559\ub300\ud559",
            "estblDprtnNm": "\ubbf8\ub514\uc5b4\ucee4\ubba4\ub2c8\ucf00\uc774\uc158\ud559\uacfc",
            "estblYear": "2022",
            "estblDprtnCd": "120D",
            "estblSmstrSctnm": "1\ud559\uae30",
            "estblSmstrSctcd": "CMBS001400001",
            "estblGrade": "2",
            "sbjetSctnm": "\uc804\uacf5",
            "sbjetNm": "\uc0ac\ud68c\uc870\uc0ac\ubc29\ubc95\ub860",
            "sbjetDvnno": "001",
            "sbjetCd": "COMM0217",
            "gubun": null,
            "pckgeRqstPssblYn": "Y",
            "pckgeRqstCnt": "13",
            "name": null,
            "rmrk": null,
            "appcrCnt": "21",
            "attlcPrscpCnt": "40",
            "lssnsTimeInfo": "\uc6d4 1A,1B,2A<br/>\uc218 2B,3A,3B",
            "lssnsRealTimeInfo": "\uc6d4 09:00 ~ 10:30<br/>\uc218 10:30 ~ 12:00",
            "prctsTime": "0",
            "doPlan": "Kor",
            "thryTime": "3",
            "totalPrfssNm": "\uc870\uc131\ud638",
            "mngetEstblYn": "Y",
            "code": null,
            "crdit": "3",
            "expniSllbsYn": "N",
            "bldngSn": null,
            "bldngCd": null,
            "bldngNm": null,
            "lssnsLcttmUntcd": null,
            "sbjetSctcd2": null,
            "rmnmCd": "101",
            "isApi": null,
            "paging": false,
            "rowStatus": "R",
            "pageSort": null
        },
        {
            "rowIndex": 0,
            "success": false,
            "message": null,
            "pageSize": 100,
            "pageNum": 1,
            "lctreMthodNm": "\ub300\uba74",
            "lctrmInfo": "\uc0ac\ud68c\uacfc\ud559\ub300\ud559",
            "lctreLnggeSctcd": null,
            "crseNo": "CLTR0515-002",
            "estblUnivNm": "\uc0ac\ud68c\uacfc\ud559\ub300\ud559",
            "estblDprtnNm": "\ubbf8\ub514\uc5b4\ucee4\ubba4\ub2c8\ucf00\uc774\uc158\ud559\uacfc",
            "estblYear": "2022",
            "estblDprtnCd": "120D",
            "estblSmstrSctnm": "1\ud559\uae30",
            "estblSmstrSctcd": "CMBS001400001",
            "estblGrade": "1",
            "sbjetSctnm": "\uad50\uc591",
            "sbjetNm": "\uacfc\ud559\uae30\uc220\uacfc \uc724\ub9ac",
            "sbjetDvnno": "002",
            "sbjetCd": "CLTR0515",
            "gubun": null,
            "pckgeRqstPssblYn": "N",
            "pckgeRqstCnt": "0",
            "name": null,
            "rmrk": "<b>\uc778\ubb38\uad50\uc591</b><br>",
            "appcrCnt": "69",
            "attlcPrscpCnt": "70",
            "lssnsTimeInfo": "\ud654 1A,1B,2A<br/>\ubaa9 2B,3A,3B",
            "lssnsRealTimeInfo": "\ud654 09:00 ~ 10:30<br/>\ubaa9 10:30 ~ 12:00",
            "prctsTime": "0",
            "doPlan": "Kor",
            "thryTime": "3",
            "totalPrfssNm": "\uc774\ud5a5\uc5f0",
            "mngetEstblYn": "Y",
            "code": null,
            "crdit": "3",
            "expniSllbsYn": "N",
            "bldngSn": null,
            "bldngCd": null,
            "bldngNm": null,
            "lssnsLcttmUntcd": null,
            "sbjetSctcd2": null,
            "rmnmCd": "151",
            "isApi": null,
            "paging": false,
            "rowStatus": "R",
            "pageSort": null
        },
        {
            "rowIndex": 0,
            "success": false,
            "message": null,
            "pageSize": 100,
            "pageNum": 1,
            "lctreMthodNm": "\ube44\ub300\uba74",
            "lctrmInfo": "\uc0ac\ud68c\uacfc\ud559\ub300\ud559",
            "lctreLnggeSctcd": null,
            "crseNo": "COMM0314-001",
            "estblUnivNm": "\uc0ac\ud68c\uacfc\ud559\ub300\ud559",
            "estblDprtnNm": "\ubbf8\ub514\uc5b4\ucee4\ubba4\ub2c8\ucf00\uc774\uc158\ud559\uacfc",
            "estblYear": "2022",
            "estblDprtnCd": "120D",
            "estblSmstrSctnm": "1\ud559\uae30",
            "estblSmstrSctcd": "CMBS001400001",
            "estblGrade": "2",
            "sbjetSctnm": "\uc804\uacf5",
            "sbjetNm": "\uc800\ub110\ub9ac\uc998\uc758 \uc774\ud574",
            "sbjetDvnno": "001",
            "sbjetCd": "COMM0314",
            "gubun": null,
            "pckgeRqstPssblYn": "Y",
            "pckgeRqstCnt": "57",
            "name": null,
            "rmrk": null,
            "appcrCnt": "67",
            "attlcPrscpCnt": "70",
            "lssnsTimeInfo": "\ud654 7A,7B,8A<br/>\ubaa9 7A,7B,8A",
            "lssnsRealTimeInfo": "\ud654 15:00 ~ 16:30<br/>\ubaa9 15:00 ~ 16:30",
            "prctsTime": "0",
            "doPlan": "Kor",
            "thryTime": "3",
            "totalPrfssNm": "\uc870\ucca0\ub798",
            "mngetEstblYn": "Y",
            "code": null,
            "crdit": "3",
            "expniSllbsYn": "N",
            "bldngSn": null,
            "bldngCd": null,
            "bldngNm": null,
            "lssnsLcttmUntcd": null,
            "sbjetSctcd2": null,
            "rmnmCd": "104",
            "isApi": null,
            "paging": false,
            "rowStatus": "R",
            "pageSort": null
        },
        {
            "rowIndex": 0,
            "success": false,
            "message": null,
            "pageSize": 100,
            "pageNum": 1,
            "lctreMthodNm": "\ub300\uba74",
            "lctrmInfo": "\uc0ac\ud68c\uacfc\ud559\ub300\ud559",
            "lctreLnggeSctcd": null,
            "crseNo": "COMM0439-001",
            "estblUnivNm": "\uc0ac\ud68c\uacfc\ud559\ub300\ud559",
            "estblDprtnNm": "\ubbf8\ub514\uc5b4\ucee4\ubba4\ub2c8\ucf00\uc774\uc158\ud559\uacfc",
            "estblYear": "2022",
            "estblDprtnCd": "120D",
            "estblSmstrSctnm": "1\ud559\uae30",
            "estblSmstrSctcd": "CMBS001400001",
            "estblGrade": "3",
            "sbjetSctnm": "\uc804\uacf5",
            "sbjetNm": "\ubb38\ud654\uc815\uce58\ud559",
            "sbjetDvnno": "001",
            "sbjetCd": "COMM0439",
            "gubun": null,
            "pckgeRqstPssblYn": "Y",
            "pckgeRqstCnt": "118",
            "name": null,
            "rmrk": null,
            "appcrCnt": "38",
            "attlcPrscpCnt": "40",
            "lssnsTimeInfo": "\ud654 5B,6A,6B<br/>\ubaa9 5B,6A,6B",
            "lssnsRealTimeInfo": "\ud654 13:30 ~ 15:00<br/>\ubaa9 13:30 ~ 15:00",
            "prctsTime": "0",
            "doPlan": "Kor",
            "thryTime": "3",
            "totalPrfssNm": "\ub0a8\uc7ac\uc77c",
            "mngetEstblYn": "Y",
            "code": null,
            "crdit": "3",
            "expniSllbsYn": "N",
            "bldngSn": null,
            "bldngCd": null,
            "bldngNm": null,
            "lssnsLcttmUntcd": null,
            "sbjetSctcd2": null,
            "rmnmCd": "202",
            "isApi": null,
            "paging": false,
            "rowStatus": "R",
            "pageSort": null
        },
        {
            "rowIndex": 0,
            "success": false,
            "message": null,
            "pageSize": 100,
            "pageNum": 1,
            "lctreMthodNm": "\ub300\uba74",
            "lctrmInfo": "\uc0ac\ud68c\uacfc\ud559\ub300\ud559",
            "lctreLnggeSctcd": null,
            "crseNo": "CLTR0101-004",
            "estblUnivNm": "\uc0ac\ud68c\uacfc\ud559\ub300\ud559",
            "estblDprtnNm": "\ubbf8\ub514\uc5b4\ucee4\ubba4\ub2c8\ucf00\uc774\uc158\ud559\uacfc",
            "estblYear": "2022",
            "estblDprtnCd": "120D",
            "estblSmstrSctnm": "1\ud559\uae30",
            "estblSmstrSctcd": "CMBS001400001",
            "estblGrade": "1",
            "sbjetSctnm": "\uad50\uc591",
            "sbjetNm": "\uc778\uac04\uacfc\uc790\uc5f0",
            "sbjetDvnno": "004",
            "sbjetCd": "CLTR0101",
            "gubun": null,
            "pckgeRqstPssblYn": "N",
            "pckgeRqstCnt": "0",
            "name": null,
            "rmrk": null,
            "appcrCnt": "70",
            "attlcPrscpCnt": "70",
            "lssnsTimeInfo": "\ud654 8B,9A,9B<br/>\ubaa9 8B,9A,9B",
            "lssnsRealTimeInfo": "\ud654 16:30 ~ 18:00<br/>\ubaa9 16:30 ~ 18:00",
            "prctsTime": "0",
            "doPlan": "Kor",
            "thryTime": "3",
            "totalPrfssNm": "\ucd5c\uc7ac\uc6b0",
            "mngetEstblYn": "N",
            "code": null,
            "crdit": "3",
            "expniSllbsYn": "N",
            "bldngSn": null,
            "bldngCd": null,
            "bldngNm": null,
            "lssnsLcttmUntcd": null,
            "sbjetSctcd2": null,
            "rmnmCd": "152",
            "isApi": null,
            "paging": false,
            "rowStatus": "R",
            "pageSort": null
        },
        {
            "rowIndex": 0,
            "success": false,
            "message": null,
            "pageSize": 100,
            "pageNum": 1,
            "lctreMthodNm": "\ube44\ub300\uba74",
            "lctrmInfo": "\uc0ac\ud68c\uacfc\ud559\ub300\ud559",
            "lctreLnggeSctcd": null,
            "crseNo": "COMM0211-002",
            "estblUnivNm": "\uc0ac\ud68c\uacfc\ud559\ub300\ud559",
            "estblDprtnNm": "\ubbf8\ub514\uc5b4\ucee4\ubba4\ub2c8\ucf00\uc774\uc158\ud559\uacfc",
            "estblYear": "2022",
            "estblDprtnCd": "120D",
            "estblSmstrSctnm": "1\ud559\uae30",
            "estblSmstrSctcd": "CMBS001400001",
            "estblGrade": "1",
            "sbjetSctnm": "\uc804\uacf5",
            "sbjetNm": "\uc2e0\ubb38\ubc29\uc1a1\ud559\uac1c\ub860",
            "sbjetDvnno": "002",
            "sbjetCd": "COMM0211",
            "gubun": null,
            "pckgeRqstPssblYn": "N",
            "pckgeRqstCnt": "0",
            "name": null,
            "rmrk": "\uc6d0\uaca9\uac15\uc88c<br>",
            "appcrCnt": "71",
            "attlcPrscpCnt": "70",
            "lssnsTimeInfo": "\uc6d4 10A,10B<br/>\uc6d4 8A,8B<br/>\uc6d4 9A,9B",
            "lssnsRealTimeInfo": "\uc6d4 18:00 ~ 19:00<br/>\uc6d4 16:00 ~ 17:00<br/>\uc6d4 17:00 ~ 18:00",
            "prctsTime": "0",
            "doPlan": "Kor",
            "thryTime": "3",
            "totalPrfssNm": "\uc774\uac15\ud615",
            "mngetEstblYn": "Y",
            "code": null,
            "crdit": "3",
            "expniSllbsYn": "Y",
            "bldngSn": null,
            "bldngCd": null,
            "bldngNm": null,
            "lssnsLcttmUntcd": null,
            "sbjetSctcd2": null,
            "rmnmCd": "202",
            "isApi": null,
            "paging": false,
            "rowStatus": "R",
            "pageSort": null
        },
        {
            "rowIndex": 0,
            "success": false,
            "message": null,
            "pageSize": 100,
            "pageNum": 1,
            "lctreMthodNm": "\ub300\uba74",
            "lctrmInfo": "\uc0ac\ud68c\uacfc\ud559\ub300\ud559",
            "lctreLnggeSctcd": null,
            "crseNo": "COMM0211-001",
            "estblUnivNm": "\uc0ac\ud68c\uacfc\ud559\ub300\ud559",
            "estblDprtnNm": "\ubbf8\ub514\uc5b4\ucee4\ubba4\ub2c8\ucf00\uc774\uc158\ud559\uacfc",
            "estblYear": "2022",
            "estblDprtnCd": "120D",
            "estblSmstrSctnm": "1\ud559\uae30",
            "estblSmstrSctcd": "CMBS001400001",
            "estblGrade": "1",
            "sbjetSctnm": "\uc804\uacf5",
            "sbjetNm": "\uc2e0\ubb38\ubc29\uc1a1\ud559\uac1c\ub860",
            "sbjetDvnno": "001",
            "sbjetCd": "COMM0211",
            "gubun": null,
            "pckgeRqstPssblYn": "N",
            "pckgeRqstCnt": "0",
            "name": null,
            "rmrk": null,
            "appcrCnt": "60",
            "attlcPrscpCnt": "60",
            "lssnsTimeInfo": "\uc6d4 5B,6A,6B<br/>\uc218 5B,6A,6B",
            "lssnsRealTimeInfo": "\uc6d4 13:30 ~ 15:00<br/>\uc218 13:30 ~ 15:00",
            "prctsTime": "0",
            "doPlan": "Kor",
            "thryTime": "3",
            "totalPrfssNm": "\ubc15\ucc2c\uacbd",
            "mngetEstblYn": "Y",
            "code": null,
            "crdit": "3",
            "expniSllbsYn": "N",
            "bldngSn": null,
            "bldngCd": null,
            "bldngNm": null,
            "lssnsLcttmUntcd": null,
            "sbjetSctcd2": null,
            "rmnmCd": "151",
            "isApi": null,
            "paging": false,
            "rowStatus": "R",
            "pageSort": null
        },
        {
            "rowIndex": 0,
            "success": false,
            "message": null,
            "pageSize": 100,
            "pageNum": 1,
            "lctreMthodNm": "\ube44\ub300\uba74",
            "lctrmInfo": "\uc0ac\ud68c\uacfc\ud559\ub300\ud559",
            "lctreLnggeSctcd": null,
            "crseNo": "COMM0219-001",
            "estblUnivNm": "\uc0ac\ud68c\uacfc\ud559\ub300\ud559",
            "estblDprtnNm": "\ubbf8\ub514\uc5b4\ucee4\ubba4\ub2c8\ucf00\uc774\uc158\ud559\uacfc",
            "estblYear": "2022",
            "estblDprtnCd": "120D",
            "estblSmstrSctnm": "1\ud559\uae30",
            "estblSmstrSctcd": "CMBS001400001",
            "estblGrade": "2",
            "sbjetSctnm": "\uc804\uacf5",
            "sbjetNm": "\ubbf8\ub514\uc5b4\ud3b8\uc131\uae30\ud68d\ub860",
            "sbjetDvnno": "001",
            "sbjetCd": "COMM0219",
            "gubun": null,
            "pckgeRqstPssblYn": "Y",
            "pckgeRqstCnt": "86",
            "name": null,
            "rmrk": null,
            "appcrCnt": "76",
            "attlcPrscpCnt": "70",
            "lssnsTimeInfo": "\uc6d4 5B,6A,6B<br/>\uc218 5B,6A,6B",
            "lssnsRealTimeInfo": "\uc6d4 13:30 ~ 15:00<br/>\uc218 13:30 ~ 15:00",
            "prctsTime": "0",
            "doPlan": "Kor",
            "thryTime": "3",
            "totalPrfssNm": "\uc870\uc131\ud638",
            "mngetEstblYn": "Y",
            "code": null,
            "crdit": "3",
            "expniSllbsYn": "N",
            "bldngSn": null,
            "bldngCd": null,
            "bldngNm": null,
            "lssnsLcttmUntcd": null,
            "sbjetSctcd2": null,
            "rmnmCd": "101",
            "isApi": null,
            "paging": false,
            "rowStatus": "R",
            "pageSort": null
        },
        {
            "rowIndex": 0,
            "success": false,
            "message": null,
            "pageSize": 100,
            "pageNum": 1,
            "lctreMthodNm": "\ube44\ub300\uba74",
            "lctrmInfo": "\uc0ac\ud68c\uacfc\ud559\ub300\ud559",
            "lctreLnggeSctcd": null,
            "crseNo": "COMM0220-001",
            "estblUnivNm": "\uc0ac\ud68c\uacfc\ud559\ub300\ud559",
            "estblDprtnNm": "\ubbf8\ub514\uc5b4\ucee4\ubba4\ub2c8\ucf00\uc774\uc158\ud559\uacfc",
            "estblYear": "2022",
            "estblDprtnCd": "120D",
            "estblSmstrSctnm": "1\ud559\uae30",
            "estblSmstrSctcd": "CMBS001400001",
            "estblGrade": "2",
            "sbjetSctnm": "\uc804\uacf5",
            "sbjetNm": "\uc601\uc0c1\ubb38\ud654\ub860",
            "sbjetDvnno": "001",
            "sbjetCd": "COMM0220",
            "gubun": null,
            "pckgeRqstPssblYn": "Y",
            "pckgeRqstCnt": "113",
            "name": null,
            "rmrk": null,
            "appcrCnt": "91",
            "attlcPrscpCnt": "70",
            "lssnsTimeInfo": "\uc6d4 7A,7B,8A<br/>\uc218 7A,7B,8A",
            "lssnsRealTimeInfo": "\uc6d4 15:00 ~ 16:30<br/>\uc218 15:00 ~ 16:30",
            "prctsTime": "0",
            "doPlan": "Kor",
            "thryTime": "3",
            "totalPrfssNm": "\ucd5c\ud604\uc815",
            "mngetEstblYn": "Y",
            "code": null,
            "crdit": "3",
            "expniSllbsYn": "N",
            "bldngSn": null,
            "bldngCd": null,
            "bldngNm": null,
            "lssnsLcttmUntcd": null,
            "sbjetSctcd2": null,
            "rmnmCd": "151",
            "isApi": null,
            "paging": false,
            "rowStatus": "R",
            "pageSort": null
        },
        {
            "rowIndex": 0,
            "success": false,
            "message": null,
            "pageSize": 100,
            "pageNum": 1,
            "lctreMthodNm": "\ub300\uba74",
            "lctrmInfo": "\uc0ac\ud68c\uacfc\ud559\ub300\ud559",
            "lctreLnggeSctcd": null,
            "crseNo": "COMM0627-001",
            "estblUnivNm": "\uc0ac\ud68c\uacfc\ud559\ub300\ud559",
            "estblDprtnNm": "\ubbf8\ub514\uc5b4\ucee4\ubba4\ub2c8\ucf00\uc774\uc158\ud559\uacfc",
            "estblYear": "2022",
            "estblDprtnCd": "120D",
            "estblSmstrSctnm": "1\ud559\uae30",
            "estblSmstrSctcd": "CMBS001400001",
            "estblGrade": "3",
            "sbjetSctnm": "\uc804\uacf5",
            "sbjetNm": "\ubbf8\ub514\uc5b4\ud6a8\uacfc\ub860",
            "sbjetDvnno": "001",
            "sbjetCd": "COMM0627",
            "gubun": null,
            "pckgeRqstPssblYn": "Y",
            "pckgeRqstCnt": "84",
            "name": null,
            "rmrk": "\ud50c\ub9bd\ub4dc\ub7ec\ub2dd\uac15\uc88c<br>",
            "appcrCnt": "39",
            "attlcPrscpCnt": "40",
            "lssnsTimeInfo": "\uc218 1A,1B<br/>\uc218 2A,2B<br/>\uc218 3A,3B",
            "lssnsRealTimeInfo": "\uc218 09:00 ~ 10:00<br/>\uc218 10:00 ~ 11:00<br/>\uc218 11:00 ~ 12:00",
            "prctsTime": "0",
            "doPlan": "Pre",
            "thryTime": "3",
            "totalPrfssNm": "\uc815\uc815\uc8fc",
            "mngetEstblYn": "Y",
            "code": null,
            "crdit": "3",
            "expniSllbsYn": "N",
            "bldngSn": null,
            "bldngCd": null,
            "bldngNm": null,
            "lssnsLcttmUntcd": null,
            "sbjetSctcd2": null,
            "rmnmCd": "202",
            "isApi": null,
            "paging": false,
            "rowStatus": "R",
            "pageSort": null
        },
        {
            "rowIndex": 0,
            "success": false,
            "message": null,
            "pageSize": 100,
            "pageNum": 1,
            "lctreMthodNm": "\ub300\uba74",
            "lctrmInfo": "\uc0ac\ud68c\uacfc\ud559\ub300\ud559",
            "lctreLnggeSctcd": null,
            "crseNo": "MECO0201-001",
            "estblUnivNm": "\uc0ac\ud68c\uacfc\ud559\ub300\ud559",
            "estblDprtnNm": "\ubbf8\ub514\uc5b4\ucee4\ubba4\ub2c8\ucf00\uc774\uc158\ud559\uacfc",
            "estblYear": "2022",
            "estblDprtnCd": "120D",
            "estblSmstrSctnm": "1\ud559\uae30",
            "estblSmstrSctcd": "CMBS001400001",
            "estblGrade": "4",
            "sbjetSctnm": "\uc804\uacf5",
            "sbjetNm": "\ub370\uc774\ud130 \uc800\ub110\ub9ac\uc998",
            "sbjetDvnno": "001",
            "sbjetCd": "MECO0201",
            "gubun": null,
            "pckgeRqstPssblYn": "Y",
            "pckgeRqstCnt": "41",
            "name": null,
            "rmrk": null,
            "appcrCnt": "30",
            "attlcPrscpCnt": "70",
            "lssnsTimeInfo": "\uc6d4 1A,1B,2A<br/>\uc218 2B,3A,3B",
            "lssnsRealTimeInfo": "\uc6d4 09:00 ~ 10:30<br/>\uc218 10:30 ~ 12:00",
            "prctsTime": "0",
            "doPlan": "Kor",
            "thryTime": "3",
            "totalPrfssNm": "\ubc15\ucc2c\uacbd",
            "mngetEstblYn": "Y",
            "code": null,
            "crdit": "3",
            "expniSllbsYn": "N",
            "bldngSn": null,
            "bldngCd": null,
            "bldngNm": null,
            "lssnsLcttmUntcd": null,
            "sbjetSctcd2": null,
            "rmnmCd": "151",
            "isApi": null,
            "paging": false,
            "rowStatus": "R",
            "pageSort": null
        },
        {
            "rowIndex": 0,
            "success": false,
            "message": null,
            "pageSize": 100,
            "pageNum": 1,
            "lctreMthodNm": "\ube44\ub300\uba74",
            "lctrmInfo": "\uc0ac\ud68c\uacfc\ud559\ub300\ud559",
            "lctreLnggeSctcd": null,
            "crseNo": "COMM0323-001",
            "estblUnivNm": "\uc0ac\ud68c\uacfc\ud559\ub300\ud559",
            "estblDprtnNm": "\ubbf8\ub514\uc5b4\ucee4\ubba4\ub2c8\ucf00\uc774\uc158\ud559\uacfc",
            "estblYear": "2022",
            "estblDprtnCd": "120D",
            "estblSmstrSctnm": "1\ud559\uae30",
            "estblSmstrSctcd": "CMBS001400001",
            "estblGrade": "2",
            "sbjetSctnm": "\uc804\uacf5",
            "sbjetNm": "\uc778\uac04\ucee4\ubba4\ub2c8\ucf00\uc774\uc158",
            "sbjetDvnno": "001",
            "sbjetCd": "COMM0323",
            "gubun": null,
            "pckgeRqstPssblYn": "Y",
            "pckgeRqstCnt": "85",
            "name": null,
            "rmrk": null,
            "appcrCnt": "74",
            "attlcPrscpCnt": "75",
            "lssnsTimeInfo": "\ud654 5B,6A,6B<br/>\ubaa9 5B,6A,6B",
            "lssnsRealTimeInfo": "\ud654 13:30 ~ 15:00<br/>\ubaa9 13:30 ~ 15:00",
            "prctsTime": "0",
            "doPlan": "Kor",
            "thryTime": "3",
            "totalPrfssNm": "\uc815\uc815\uc8fc",
            "mngetEstblYn": "Y",
            "code": null,
            "crdit": "3",
            "expniSllbsYn": "N",
            "bldngSn": null,
            "bldngCd": null,
            "bldngNm": null,
            "lssnsLcttmUntcd": null,
            "sbjetSctcd2": null,
            "rmnmCd": "151",
            "isApi": null,
            "paging": false,
            "rowStatus": "R",
            "pageSort": null
        },
        {
            "rowIndex": 0,
            "success": false,
            "message": null,
            "pageSize": 100,
            "pageNum": 1,
            "lctreMthodNm": "\ub300\uba74",
            "lctrmInfo": "\uc0ac\ud68c\uacfc\ud559\ub300\ud559",
            "lctreLnggeSctcd": null,
            "crseNo": "CLTR0508-002",
            "estblUnivNm": "\uc0ac\ud68c\uacfc\ud559\ub300\ud559",
            "estblDprtnNm": "\ubbf8\ub514\uc5b4\ucee4\ubba4\ub2c8\ucf00\uc774\uc158\ud559\uacfc",
            "estblYear": "2022",
            "estblDprtnCd": "120D",
            "estblSmstrSctnm": "1\ud559\uae30",
            "estblSmstrSctcd": "CMBS001400001",
            "estblGrade": "1",
            "sbjetSctnm": "\uad50\uc591",
            "sbjetNm": "\uc778\uac04\uacfc \uc5b8\uc5b4",
            "sbjetDvnno": "002",
            "sbjetCd": "CLTR0508",
            "gubun": null,
            "pckgeRqstPssblYn": "N",
            "pckgeRqstCnt": "0",
            "name": null,
            "rmrk": "<b>\uc778\ubb38\uad50\uc591</b><br>",
            "appcrCnt": "70",
            "attlcPrscpCnt": "70",
            "lssnsTimeInfo": "\uc218 1A,1B,2A<br/>\uae08 2B,3A,3B",
            "lssnsRealTimeInfo": "\uc218 09:00 ~ 10:30<br/>\uae08 10:30 ~ 12:00",
            "prctsTime": "0",
            "doPlan": "Kor",
            "thryTime": "3",
            "totalPrfssNm": "\ud64d\uc120\ud76c",
            "mngetEstblYn": "N",
            "code": null,
            "crdit": "3",
            "expniSllbsYn": "N",
            "bldngSn": null,
            "bldngCd": null,
            "bldngNm": null,
            "lssnsLcttmUntcd": null,
            "sbjetSctcd2": null,
            "rmnmCd": "105-7",
            "isApi": null,
            "paging": false,
            "rowStatus": "R",
            "pageSort": null
        },
        {
            "rowIndex": 0,
            "success": false,
            "message": null,
            "pageSize": 100,
            "pageNum": 1,
            "lctreMthodNm": "\ub300\uba74",
            "lctrmInfo": "\uc0ac\ud68c\uacfc\ud559\ub300\ud559",
            "lctreLnggeSctcd": null,
            "crseNo": "COMM0586-001",
            "estblUnivNm": "\uc0ac\ud68c\uacfc\ud559\ub300\ud559",
            "estblDprtnNm": "\ubbf8\ub514\uc5b4\ucee4\ubba4\ub2c8\ucf00\uc774\uc158\ud559\uacfc",
            "estblYear": "2022",
            "estblDprtnCd": "120D",
            "estblSmstrSctnm": "1\ud559\uae30",
            "estblSmstrSctcd": "CMBS001400001",
            "estblGrade": "3",
            "sbjetSctnm": "\uc804\uacf5",
            "sbjetNm": "\ucf58\ud150\uce20 \ub9c8\ucf00\ud305\ub860",
            "sbjetDvnno": "001",
            "sbjetCd": "COMM0586",
            "gubun": null,
            "pckgeRqstPssblYn": "Y",
            "pckgeRqstCnt": "31",
            "name": null,
            "rmrk": "\ud50c\ub9bd\ub4dc\ub7ec\ub2dd\uac15\uc88c<br>",
            "appcrCnt": "32",
            "attlcPrscpCnt": "50",
            "lssnsTimeInfo": "\uc6d4 7A,7B<br/>\uc6d4 8A,8B<br/>\uc6d4 9A,9B",
            "lssnsRealTimeInfo": "\uc6d4 15:00 ~ 16:00<br/>\uc6d4 16:00 ~ 17:00<br/>\uc6d4 17:00 ~ 18:00",
            "prctsTime": "0",
            "doPlan": "Pre",
            "thryTime": "3",
            "totalPrfssNm": "\uae40\uc18c\uc815",
            "mngetEstblYn": "Y",
            "code": null,
            "crdit": "3",
            "expniSllbsYn": "N",
            "bldngSn": null,
            "bldngCd": null,
            "bldngNm": null,
            "lssnsLcttmUntcd": null,
            "sbjetSctcd2": null,
            "rmnmCd": "104",
            "isApi": null,
            "paging": false,
            "rowStatus": "R",
            "pageSort": null
        },
        {
            "rowIndex": 0,
            "success": false,
            "message": null,
            "pageSize": 100,
            "pageNum": 1,
            "lctreMthodNm": "\ud63c\ud569",
            "lctrmInfo": "\uc0ac\ud68c\uacfc\ud559\ub300\ud559",
            "lctreLnggeSctcd": null,
            "crseNo": "CLTR0067-002",
            "estblUnivNm": "\uc0ac\ud68c\uacfc\ud559\ub300\ud559",
            "estblDprtnNm": "\ubbf8\ub514\uc5b4\ucee4\ubba4\ub2c8\ucf00\uc774\uc158\ud559\uacfc",
            "estblYear": "2022",
            "estblDprtnCd": "120D",
            "estblSmstrSctnm": "1\ud559\uae30",
            "estblSmstrSctcd": "CMBS001400001",
            "estblGrade": "1",
            "sbjetSctnm": "\uad50\uc591",
            "sbjetNm": "\uc0ac\ud68c\ud559\uc758 \uc774\ud574",
            "sbjetDvnno": "002",
            "sbjetCd": "CLTR0067",
            "gubun": null,
            "pckgeRqstPssblYn": "N",
            "pckgeRqstCnt": "0",
            "name": null,
            "rmrk": null,
            "appcrCnt": "63",
            "attlcPrscpCnt": "70",
            "lssnsTimeInfo": "\uc6d4 1A,1B,2A<br/>\uc218 2B,3A,3B",
            "lssnsRealTimeInfo": "\uc6d4 09:00 ~ 10:30<br/>\uc218 10:30 ~ 12:00",
            "prctsTime": "0",
            "doPlan": "Kor",
            "thryTime": "3",
            "totalPrfssNm": "\uc2e0\ud615\uc9c4<br/>\uc721\uc8fc\uc6d0<br/>\uc774\ub3d9\uc9c4<br/>\uc774\uc18c\ud6c8<br/>\uc870\uc8fc\uc740",
            "mngetEstblYn": "N",
            "code": null,
            "crdit": "3",
            "expniSllbsYn": "N",
            "bldngSn": null,
            "bldngCd": null,
            "bldngNm": null,
            "lssnsLcttmUntcd": null,
            "sbjetSctcd2": null,
            "rmnmCd": "401",
            "isApi": null,
            "paging": false,
            "rowStatus": "R",
            "pageSort": null
        },
        {
            "rowIndex": 0,
            "success": false,
            "message": null,
            "pageSize": 100,
            "pageNum": 1,
            "lctreMthodNm": "\ub300\uba74",
            "lctrmInfo": "\uc0ac\ud68c\uacfc\ud559\ub300\ud559",
            "lctreLnggeSctcd": null,
            "crseNo": "CLTR0061-002",
            "estblUnivNm": "\uc0ac\ud68c\uacfc\ud559\ub300\ud559",
            "estblDprtnNm": "\ubbf8\ub514\uc5b4\ucee4\ubba4\ub2c8\ucf00\uc774\uc158\ud559\uacfc",
            "estblYear": "2022",
            "estblDprtnCd": "120D",
            "estblSmstrSctnm": "1\ud559\uae30",
            "estblSmstrSctcd": "CMBS001400001",
            "estblGrade": "1",
            "sbjetSctnm": "\uad50\uc591",
            "sbjetNm": "\uc815\uce58\ud559\uc758 \uc774\ud574",
            "sbjetDvnno": "002",
            "sbjetCd": "CLTR0061",
            "gubun": null,
            "pckgeRqstPssblYn": "N",
            "pckgeRqstCnt": "0",
            "name": null,
            "rmrk": null,
            "appcrCnt": "68",
            "attlcPrscpCnt": "70",
            "lssnsTimeInfo": "\uc6d4 2B,3A,3B<br/>\uae08 1A,1B,2A",
            "lssnsRealTimeInfo": "\uc6d4 10:30 ~ 12:00<br/>\uae08 09:00 ~ 10:30",
            "prctsTime": "0",
            "doPlan": "Kor",
            "thryTime": "3",
            "totalPrfssNm": "\ucd5c\ubcd1\ub355",
            "mngetEstblYn": "Y",
            "code": null,
            "crdit": "3",
            "expniSllbsYn": "N",
            "bldngSn": null,
            "bldngCd": null,
            "bldngNm": null,
            "lssnsLcttmUntcd": null,
            "sbjetSctcd2": null,
            "rmnmCd": "151",
            "isApi": null,
            "paging": false,
            "rowStatus": "R",
            "pageSort": null
        },
        {
            "rowIndex": 0,
            "success": false,
            "message": null,
            "pageSize": 100,
            "pageNum": 1,
            "lctreMthodNm": "\ube44\ub300\uba74",
            "lctrmInfo": "\uc0ac\ud68c\uacfc\ud559\ub300\ud559",
            "lctreLnggeSctcd": null,
            "crseNo": "COMM0531-001",
            "estblUnivNm": "\uc0ac\ud68c\uacfc\ud559\ub300\ud559",
            "estblDprtnNm": "\ubbf8\ub514\uc5b4\ucee4\ubba4\ub2c8\ucf00\uc774\uc158\ud559\uacfc",
            "estblYear": "2022",
            "estblDprtnCd": "120D",
            "estblSmstrSctnm": "1\ud559\uae30",
            "estblSmstrSctcd": "CMBS001400001",
            "estblGrade": "4",
            "sbjetSctnm": "\uc804\uacf5",
            "sbjetNm": "\ubb38\ud654\ucf58\ud150\uce20 \uae30\ud68d\ub860",
            "sbjetDvnno": "001",
            "sbjetCd": "COMM0531",
            "gubun": null,
            "pckgeRqstPssblYn": "Y",
            "pckgeRqstCnt": "139",
            "name": null,
            "rmrk": "\uc6d0\uaca9\uac15\uc88c<br>",
            "appcrCnt": "98",
            "attlcPrscpCnt": "100",
            "lssnsTimeInfo": "\uc218 10A,10B,11A<br/>\uc218 8B,9A,9B",
            "lssnsRealTimeInfo": "\uc218 16:30 ~ 18:00<br/>\uc218 18:00 ~ 19:30",
            "prctsTime": "0",
            "doPlan": "Kor",
            "thryTime": "3",
            "totalPrfssNm": "\uae40\uc5f0\uc2dd",
            "mngetEstblYn": "Y",
            "code": null,
            "crdit": "3",
            "expniSllbsYn": "Y",
            "bldngSn": null,
            "bldngCd": null,
            "bldngNm": null,
            "lssnsLcttmUntcd": null,
            "sbjetSctcd2": null,
            "rmnmCd": "352",
            "isApi": null,
            "paging": false,
            "rowStatus": "R",
            "pageSort": null
        },
        {
            "rowIndex": 0,
            "success": false,
            "message": null,
            "pageSize": 100,
            "pageNum": 1,
            "lctreMthodNm": "\ub300\uba74",
            "lctrmInfo": "\uc0ac\ud68c\uacfc\ud559\ub300\ud559",
            "lctreLnggeSctcd": null,
            "crseNo": "COMM0218-001",
            "estblUnivNm": "\uc0ac\ud68c\uacfc\ud559\ub300\ud559",
            "estblDprtnNm": "\ubbf8\ub514\uc5b4\ucee4\ubba4\ub2c8\ucf00\uc774\uc158\ud559\uacfc",
            "estblYear": "2022",
            "estblDprtnCd": "120D",
            "estblSmstrSctnm": "1\ud559\uae30",
            "estblSmstrSctcd": "CMBS001400001",
            "estblGrade": "2",
            "sbjetSctnm": "\uc804\uacf5",
            "sbjetNm": "\ubbf8\ub514\uc5b4 \uae00\uc4f0\uae30",
            "sbjetDvnno": "001",
            "sbjetCd": "COMM0218",
            "gubun": null,
            "pckgeRqstPssblYn": "Y",
            "pckgeRqstCnt": "49",
            "name": null,
            "rmrk": null,
            "appcrCnt": "34",
            "attlcPrscpCnt": "30",
            "lssnsTimeInfo": "\uae08 5A,5B<br/>\uae08 6A,6B<br/>\uae08 7A,7B<br/>\uae08 8A,8B",
            "lssnsRealTimeInfo": "\uae08 13:00 ~ 14:00<br/>\uae08 14:00 ~ 15:00<br/>\uae08 15:00 ~ 16:00<br/>\uae08 16:00 ~ 17:00",
            "prctsTime": "2",
            "doPlan": "Kor",
            "thryTime": "2",
            "totalPrfssNm": "\uc870\ucca0\ub798",
            "mngetEstblYn": "Y",
            "code": null,
            "crdit": "3",
            "expniSllbsYn": "N",
            "bldngSn": null,
            "bldngCd": null,
            "bldngNm": null,
            "lssnsLcttmUntcd": null,
            "sbjetSctcd2": null,
            "rmnmCd": "404",
            "isApi": null,
            "paging": false,
            "rowStatus": "R",
            "pageSort": null
        },
        {
            "rowIndex": 0,
            "success": false,
            "message": null,
            "pageSize": 100,
            "pageNum": 1,
            "lctreMthodNm": "\ub300\uba74",
            "lctrmInfo": "\uc0ac\ud68c\uacfc\ud559\ub300\ud559",
            "lctreLnggeSctcd": null,
            "crseNo": "COMM0529-001",
            "estblUnivNm": "\uc0ac\ud68c\uacfc\ud559\ub300\ud559",
            "estblDprtnNm": "\ubbf8\ub514\uc5b4\ucee4\ubba4\ub2c8\ucf00\uc774\uc158\ud559\uacfc",
            "estblYear": "2022",
            "estblDprtnCd": "120D",
            "estblSmstrSctnm": "1\ud559\uae30",
            "estblSmstrSctcd": "CMBS001400001",
            "estblGrade": "3",
            "sbjetSctnm": "\uc804\uacf5",
            "sbjetNm": "\uace0\uae09\uae30\uc0ac\uc791\uc131\ub860",
            "sbjetDvnno": "001",
            "sbjetCd": "COMM0529",
            "gubun": null,
            "pckgeRqstPssblYn": "Y",
            "pckgeRqstCnt": "38",
            "name": null,
            "rmrk": "\ud50c\ub9bd\ub4dc\ub7ec\ub2dd\uac15\uc88c<br>",
            "appcrCnt": "24",
            "attlcPrscpCnt": "30",
            "lssnsTimeInfo": "\uc6d4 4A,4B<br/>\uc6d4 5A,5B<br/>\uc6d4 6A,6B<br/>\uc6d4 7A,7B",
            "lssnsRealTimeInfo": "\uc6d4 12:00 ~ 13:00<br/>\uc6d4 13:00 ~ 14:00<br/>\uc6d4 14:00 ~ 15:00<br/>\uc6d4 15:00 ~ 16:00",
            "prctsTime": "2",
            "doPlan": "Pre",
            "thryTime": "2",
            "totalPrfssNm": "\ub0a8\uc7ac\uc77c",
            "mngetEstblYn": "Y",
            "code": null,
            "crdit": "3",
            "expniSllbsYn": "N",
            "bldngSn": null,
            "bldngCd": null,
            "bldngNm": null,
            "lssnsLcttmUntcd": null,
            "sbjetSctcd2": null,
            "rmnmCd": "202",
            "isApi": null,
            "paging": false,
            "rowStatus": "R",
            "pageSort": null
        },
        {
            "rowIndex": 0,
            "success": false,
            "message": null,
            "pageSize": 100,
            "pageNum": 1,
            "lctreMthodNm": "\ub300\uba74",
            "lctrmInfo": "\uc0ac\ud68c\uacfc\ud559\ub300\ud559",
            "lctreLnggeSctcd": null,
            "crseNo": "COMM0593-001",
            "estblUnivNm": "\uc0ac\ud68c\uacfc\ud559\ub300\ud559",
            "estblDprtnNm": "\ubbf8\ub514\uc5b4\ucee4\ubba4\ub2c8\ucf00\uc774\uc158\ud559\uacfc",
            "estblYear": "2022",
            "estblDprtnCd": "120D",
            "estblSmstrSctnm": "1\ud559\uae30",
            "estblSmstrSctcd": "CMBS001400001",
            "estblGrade": "3",
            "sbjetSctnm": "\uc804\uacf5",
            "sbjetNm": "\ubc29\uc1a1\ub274\uc2a4\uc81c\uc791\ub860",
            "sbjetDvnno": "001",
            "sbjetCd": "COMM0593",
            "gubun": null,
            "pckgeRqstPssblYn": "Y",
            "pckgeRqstCnt": "28",
            "name": null,
            "rmrk": "\ud50c\ub9bd\ub4dc\ub7ec\ub2dd\uac15\uc88c<br>",
            "appcrCnt": "15",
            "attlcPrscpCnt": "20",
            "lssnsTimeInfo": "\ubaa9 1A,1B<br/>\ubaa9 2A,2B<br/>\ubaa9 3A,3B<br/>\ubaa9 4A,4B",
            "lssnsRealTimeInfo": "\ubaa9 09:00 ~ 10:00<br/>\ubaa9 10:00 ~ 11:00<br/>\ubaa9 11:00 ~ 12:00<br/>\ubaa9 12:00 ~ 13:00",
            "prctsTime": "2",
            "doPlan": "Pre",
            "thryTime": "2",
            "totalPrfssNm": "\uae40\uc5f0\uc2dd",
            "mngetEstblYn": "Y",
            "code": null,
            "crdit": "3",
            "expniSllbsYn": "N",
            "bldngSn": null,
            "bldngCd": null,
            "bldngNm": null,
            "lssnsLcttmUntcd": null,
            "sbjetSctcd2": null,
            "rmnmCd": "202",
            "isApi": null,
            "paging": false,
            "rowStatus": "R",
            "pageSort": null
        }
    ],
    "statusCode": 200
}