{
    "timestamp": "2022-04-28T23:14:22.312",
    "success": true,
    "code": null,
    "msg": null,
    "data": [
        {
            "rowIndex": 0,
            "success": false,
            "message": null,
            "pageSize": 100,
            "pageNum": 1,
            "lctreMthodNm": "\ub300\uba74",
            "lctrmInfo": "\uc81c4\ud569\ub3d9\uac15\uc758\ub3d9",
            "lctreLnggeSctcd": null,
            "crseNo": "MGMT0401-001",
            "estblUnivNm": "\uacbd\uc0c1\ub300\ud559",
            "estblDprtnNm": "\ube44\uc988\ub2c8\uc2a4\uc778\ud154\ub9ac\uc804\uc2a4\uc735\ud569\uc804\uacf5",
            "estblYear": "2022",
            "estblDprtnCd": "1407",
            "estblSmstrSctnm": "1\ud559\uae30",
            "estblSmstrSctcd": "CMBS001400001",
            "estblGrade": "3",
            "sbjetSctnm": "\uc735\ud569\uc804\uacf5",
            "sbjetNm": "\ub370\uc774\ud130\ubca0\uc774\uc2a4\uc785\ubb38",
            "sbjetDvnno": "001",
            "sbjetCd": "MGMT0401",
            "gubun": null,
            "pckgeRqstPssblYn": "Y",
            "pckgeRqstCnt": "12",
            "name": null,
            "rmrk": null,
            "appcrCnt": "19",
            "attlcPrscpCnt": "45",
            "lssnsTimeInfo": "\ud654 7A,7B,8A<br/>\ubaa9 7A,7B,8A",
            "lssnsRealTimeInfo": "\ud654 15:00 ~ 16:30<br/>\ubaa9 15:00 ~ 16:30",
            "prctsTime": "0",
            "doPlan": "Kor",
            "thryTime": "3",
            "totalPrfssNm": "\uc11c\ucc3d\uad50",
            "mngetEstblYn": "N",
            "code": null,
            "crdit": "3",
            "expniSllbsYn": "N",
            "bldngSn": null,
            "bldngCd": null,
            "bldngNm": null,
            "lssnsLcttmUntcd": null,
            "sbjetSctcd2": null,
            "rmnmCd": "204",
            "isApi": null,
            "paging": false,
            "rowStatus": "R",
            "pageSort": null
        },
        {
            "rowIndex": 0,
            "success": false,
            "message": null,
            "pageSize": 100,
            "pageNum": 1,
            "lctreMthodNm": "\ub300\uba74",
            "lctrmInfo": "\uc81c4\ud569\ub3d9\uac15\uc758\ub3d9",
            "lctreLnggeSctcd": null,
            "crseNo": "MGMT0401-005",
            "estblUnivNm": "\uacbd\uc0c1\ub300\ud559",
            "estblDprtnNm": "\ube44\uc988\ub2c8\uc2a4\uc778\ud154\ub9ac\uc804\uc2a4\uc735\ud569\uc804\uacf5",
            "estblYear": "2022",
            "estblDprtnCd": "1407",
            "estblSmstrSctnm": "1\ud559\uae30",
            "estblSmstrSctcd": "CMBS001400001",
            "estblGrade": "3",
            "sbjetSctnm": "\uc735\ud569\uc804\uacf5",
            "sbjetNm": "\ub370\uc774\ud130\ubca0\uc774\uc2a4\uc785\ubb38",
            "sbjetDvnno": "005",
            "sbjetCd": "MGMT0401",
            "gubun": null,
            "pckgeRqstPssblYn": "Y",
            "pckgeRqstCnt": "67",
            "name": null,
            "rmrk": null,
            "appcrCnt": "42",
            "attlcPrscpCnt": "45",
            "lssnsTimeInfo": "\ud654 2B,3A,3B<br/>\ubaa9 1A,1B,2A",
            "lssnsRealTimeInfo": "\ud654 10:30 ~ 12:00<br/>\ubaa9 09:00 ~ 10:30",
            "prctsTime": "0",
            "doPlan": "Kor",
            "thryTime": "3",
            "totalPrfssNm": "\ubc15\ud604\uc120",
            "mngetEstblYn": "N",
            "code": null,
            "crdit": "3",
            "expniSllbsYn": "N",
            "bldngSn": null,
            "bldngCd": null,
            "bldngNm": null,
            "lssnsLcttmUntcd": null,
            "sbjetSctcd2": null,
            "rmnmCd": "204",
            "isApi": null,
            "paging": false,
            "rowStatus": "R",
            "pageSort": null
        },
        {
            "rowIndex": 0,
            "success": false,
            "message": null,
            "pageSize": 100,
            "pageNum": 1,
            "lctreMthodNm": "\ube44\ub300\uba74",
            "lctrmInfo": "\uc790\uc5f0\uacfc\ud559\ub300\ud559",
            "lctreLnggeSctcd": null,
            "crseNo": "STAT0248-002",
            "estblUnivNm": "\uacbd\uc0c1\ub300\ud559",
            "estblDprtnNm": "\ube44\uc988\ub2c8\uc2a4\uc778\ud154\ub9ac\uc804\uc2a4\uc735\ud569\uc804\uacf5",
            "estblYear": "2022",
            "estblDprtnCd": "1407",
            "estblSmstrSctnm": "1\ud559\uae30",
            "estblSmstrSctcd": "CMBS001400001",
            "estblGrade": "2",
            "sbjetSctnm": "\uc735\ud569\uc804\uacf5",
            "sbjetNm": "R \ud504\ub85c\uadf8\ub798\ubc0d \ubc0f \uc2e4\ud5d8",
            "sbjetDvnno": "002",
            "sbjetCd": "STAT0248",
            "gubun": null,
            "pckgeRqstPssblYn": "Y",
            "pckgeRqstCnt": "58",
            "name": null,
            "rmrk": "(\ud55c\uad6d\uc5b4+\uc601\uc5b4)<br>",
            "appcrCnt": "63",
            "attlcPrscpCnt": "58",
            "lssnsTimeInfo": "\uc6d4 7A,7B<br/>\uc6d4 8A,8B<br/>\uc218 5A,5B<br/>\uc218 6A,6B",
            "lssnsRealTimeInfo": "\uc6d4 15:00 ~ 16:00<br/>\uc6d4 16:00 ~ 17:00<br/>\uc218 13:00 ~ 14:00<br/>\uc218 14:00 ~ 15:00",
            "prctsTime": "2",
            "doPlan": "Kor",
            "thryTime": "2",
            "totalPrfssNm": "\uc1a1\uba85\uc5b8",
            "mngetEstblYn": "N",
            "code": null,
            "crdit": "3",
            "expniSllbsYn": "N",
            "bldngSn": null,
            "bldngCd": null,
            "bldngNm": null,
            "lssnsLcttmUntcd": null,
            "sbjetSctcd2": null,
            "rmnmCd": "418",
            "isApi": null,
            "paging": false,
            "rowStatus": "R",
            "pageSort": null
        },
        {
            "rowIndex": 0,
            "success": false,
            "message": null,
            "pageSize": 100,
            "pageNum": 1,
            "lctreMthodNm": "\ub300\uba74",
            "lctrmInfo": "\uc81c4\ud569\ub3d9\uac15\uc758\ub3d9",
            "lctreLnggeSctcd": null,
            "crseNo": "MGMT0310-003",
            "estblUnivNm": "\uacbd\uc0c1\ub300\ud559",
            "estblDprtnNm": "\ube44\uc988\ub2c8\uc2a4\uc778\ud154\ub9ac\uc804\uc2a4\uc735\ud569\uc804\uacf5",
            "estblYear": "2022",
            "estblDprtnCd": "1407",
            "estblSmstrSctnm": "1\ud559\uae30",
            "estblSmstrSctcd": "CMBS001400001",
            "estblGrade": "2",
            "sbjetSctnm": "\uc735\ud569\uc804\uacf5",
            "sbjetNm": "\uc7ac\ubb34\ud68c\uacc4\uc6d0\ub860",
            "sbjetDvnno": "003",
            "sbjetCd": "MGMT0310",
            "gubun": null,
            "pckgeRqstPssblYn": "Y",
            "pckgeRqstCnt": "77",
            "name": null,
            "rmrk": null,
            "appcrCnt": "59",
            "attlcPrscpCnt": "60",
            "lssnsTimeInfo": "\ud654 2B,3A,3B<br/>\ubaa9 1A,1B,2A",
            "lssnsRealTimeInfo": "\ud654 10:30 ~ 12:00<br/>\ubaa9 09:00 ~ 10:30",
            "prctsTime": "0",
            "doPlan": "Kor",
            "thryTime": "3",
            "totalPrfssNm": "\uae40\uacbd\ud654",
            "mngetEstblYn": "N",
            "code": null,
            "crdit": "3",
            "expniSllbsYn": "N",
            "bldngSn": null,
            "bldngCd": null,
            "bldngNm": null,
            "lssnsLcttmUntcd": null,
            "sbjetSctcd2": null,
            "rmnmCd": "307",
            "isApi": null,
            "paging": false,
            "rowStatus": "R",
            "pageSort": null
        },
        {
            "rowIndex": 0,
            "success": false,
            "message": null,
            "pageSize": 100,
            "pageNum": 1,
            "lctreMthodNm": "\ub300\uba74",
            "lctrmInfo": "\uacbd\uc0c1\ub300\ud559",
            "lctreLnggeSctcd": null,
            "crseNo": "MGMT0310-005",
            "estblUnivNm": "\uacbd\uc0c1\ub300\ud559",
            "estblDprtnNm": "\ube44\uc988\ub2c8\uc2a4\uc778\ud154\ub9ac\uc804\uc2a4\uc735\ud569\uc804\uacf5",
            "estblYear": "2022",
            "estblDprtnCd": "1407",
            "estblSmstrSctnm": "1\ud559\uae30",
            "estblSmstrSctcd": "CMBS001400001",
            "estblGrade": "2",
            "sbjetSctnm": "\uc735\ud569\uc804\uacf5",
            "sbjetNm": "\uc7ac\ubb34\ud68c\uacc4\uc6d0\ub860",
            "sbjetDvnno": "005",
            "sbjetCd": "MGMT0310",
            "gubun": null,
            "pckgeRqstPssblYn": "Y",
            "pckgeRqstCnt": "78",
            "name": null,
            "rmrk": null,
            "appcrCnt": "59",
            "attlcPrscpCnt": "60",
            "lssnsTimeInfo": "\ud654 1A,1B,2A<br/>\ubaa9 2B,3A,3B",
            "lssnsRealTimeInfo": "\ud654 09:00 ~ 10:30<br/>\ubaa9 10:30 ~ 12:00",
            "prctsTime": "0",
            "doPlan": "Kor",
            "thryTime": "3",
            "totalPrfssNm": "\uc11c\uc815\ud654",
            "mngetEstblYn": "N",
            "code": null,
            "crdit": "3",
            "expniSllbsYn": "N",
            "bldngSn": null,
            "bldngCd": null,
            "bldngNm": null,
            "lssnsLcttmUntcd": null,
            "sbjetSctcd2": null,
            "rmnmCd": "227",
            "isApi": null,
            "paging": false,
            "rowStatus": "R",
            "pageSort": null
        },
        {
            "rowIndex": 0,
            "success": false,
            "message": null,
            "pageSize": 100,
            "pageNum": 1,
            "lctreMthodNm": "\ub300\uba74",
            "lctrmInfo": "\uc81c4\ud569\ub3d9\uac15\uc758\ub3d9",
            "lctreLnggeSctcd": null,
            "crseNo": "MGMT0320-003",
            "estblUnivNm": "\uacbd\uc0c1\ub300\ud559",
            "estblDprtnNm": "\ube44\uc988\ub2c8\uc2a4\uc778\ud154\ub9ac\uc804\uc2a4\uc735\ud569\uc804\uacf5",
            "estblYear": "2022",
            "estblDprtnCd": "1407",
            "estblSmstrSctnm": "1\ud559\uae30",
            "estblSmstrSctcd": "CMBS001400001",
            "estblGrade": "2",
            "sbjetSctnm": "\uc735\ud569\uc804\uacf5",
            "sbjetNm": "\uc6d0\uac00\uad00\ub9ac\ud68c\uacc4\uc6d0\ub860",
            "sbjetDvnno": "003",
            "sbjetCd": "MGMT0320",
            "gubun": null,
            "pckgeRqstPssblYn": "Y",
            "pckgeRqstCnt": "112",
            "name": null,
            "rmrk": null,
            "appcrCnt": "69",
            "attlcPrscpCnt": "70",
            "lssnsTimeInfo": "\uc6d4 1A,1B,2A<br/>\uc218 2B,3A,3B",
            "lssnsRealTimeInfo": "\uc6d4 09:00 ~ 10:30<br/>\uc218 10:30 ~ 12:00",
            "prctsTime": "0",
            "doPlan": "Kor",
            "thryTime": "3",
            "totalPrfssNm": "\uae40\uacbd\ud654",
            "mngetEstblYn": "N",
            "code": null,
            "crdit": "3",
            "expniSllbsYn": "N",
            "bldngSn": null,
            "bldngCd": null,
            "bldngNm": null,
            "lssnsLcttmUntcd": null,
            "sbjetSctcd2": null,
            "rmnmCd": "307",
            "isApi": null,
            "paging": false,
            "rowStatus": "R",
            "pageSort": null
        },
        {
            "rowIndex": 0,
            "success": false,
            "message": null,
            "pageSize": 100,
            "pageNum": 1,
            "lctreMthodNm": "\ube44\ub300\uba74",
            "lctrmInfo": "\uc790\uc5f0\uacfc\ud559\ub300\ud559",
            "lctreLnggeSctcd": null,
            "crseNo": "STAT0549-001",
            "estblUnivNm": "\uacbd\uc0c1\ub300\ud559",
            "estblDprtnNm": "\ube44\uc988\ub2c8\uc2a4\uc778\ud154\ub9ac\uc804\uc2a4\uc735\ud569\uc804\uacf5",
            "estblYear": "2022",
            "estblDprtnCd": "1407",
            "estblSmstrSctnm": "1\ud559\uae30",
            "estblSmstrSctcd": "CMBS001400001",
            "estblGrade": "3",
            "sbjetSctnm": "\uc735\ud569\uc804\uacf5",
            "sbjetNm": "\ud1b5\uacc4\uacc4\uc0b0 \ubc0f \uc2e4\ud5d8",
            "sbjetDvnno": "001",
            "sbjetCd": "STAT0549",
            "gubun": null,
            "pckgeRqstPssblYn": "Y",
            "pckgeRqstCnt": "59",
            "name": null,
            "rmrk": "(\ud55c\uad6d\uc5b4+\uc601\uc5b4)<br>",
            "appcrCnt": "69",
            "attlcPrscpCnt": "60",
            "lssnsTimeInfo": "\ud654 5A,5B<br/>\ud654 6A,6B<br/>\ubaa9 5A,5B<br/>\ubaa9 6A,6B",
            "lssnsRealTimeInfo": "\ud654 13:00 ~ 14:00<br/>\ud654 14:00 ~ 15:00<br/>\ubaa9 13:00 ~ 14:00<br/>\ubaa9 14:00 ~ 15:00",
            "prctsTime": "2",
            "doPlan": "Kor",
            "thryTime": "2",
            "totalPrfssNm": "\uc1a1\uc900\ubaa8",
            "mngetEstblYn": "N",
            "code": null,
            "crdit": "3",
            "expniSllbsYn": "N",
            "bldngSn": null,
            "bldngCd": null,
            "bldngNm": null,
            "lssnsLcttmUntcd": null,
            "sbjetSctcd2": null,
            "rmnmCd": "401418",
            "isApi": null,
            "paging": false,
            "rowStatus": "R",
            "pageSort": null
        },
        {
            "rowIndex": 0,
            "success": false,
            "message": null,
            "pageSize": 100,
            "pageNum": 1,
            "lctreMthodNm": "\ube44\ub300\uba74",
            "lctrmInfo": "\uacbd\uc0c1\ub300\ud559",
            "lctreLnggeSctcd": null,
            "crseNo": "MGMT0320-005",
            "estblUnivNm": "\uacbd\uc0c1\ub300\ud559",
            "estblDprtnNm": "\ube44\uc988\ub2c8\uc2a4\uc778\ud154\ub9ac\uc804\uc2a4\uc735\ud569\uc804\uacf5",
            "estblYear": "2022",
            "estblDprtnCd": "1407",
            "estblSmstrSctnm": "1\ud559\uae30",
            "estblSmstrSctcd": "CMBS001400001",
            "estblGrade": "2",
            "sbjetSctnm": "\uc735\ud569\uc804\uacf5",
            "sbjetNm": "\uc6d0\uac00\uad00\ub9ac\ud68c\uacc4\uc6d0\ub860",
            "sbjetDvnno": "005",
            "sbjetCd": "MGMT0320",
            "gubun": null,
            "pckgeRqstPssblYn": "Y",
            "pckgeRqstCnt": "83",
            "name": null,
            "rmrk": null,
            "appcrCnt": "69",
            "attlcPrscpCnt": "70",
            "lssnsTimeInfo": "\uc6d4 5B,6A,6B<br/>\uae08 5B,6A,6B",
            "lssnsRealTimeInfo": "\uc6d4 13:30 ~ 15:00<br/>\uae08 13:30 ~ 15:00",
            "prctsTime": "0",
            "doPlan": "Kor",
            "thryTime": "3",
            "totalPrfssNm": "\uc815\ub3d9\uc9c4",
            "mngetEstblYn": "N",
            "code": null,
            "crdit": "3",
            "expniSllbsYn": "N",
            "bldngSn": null,
            "bldngCd": null,
            "bldngNm": null,
            "lssnsLcttmUntcd": null,
            "sbjetSctcd2": null,
            "rmnmCd": "223",
            "isApi": null,
            "paging": false,
            "rowStatus": "R",
            "pageSort": null
        },
        {
            "rowIndex": 0,
            "success": false,
            "message": null,
            "pageSize": 100,
            "pageNum": 1,
            "lctreMthodNm": "\ube44\ub300\uba74",
            "lctrmInfo": "\uc790\uc5f0\uacfc\ud559\ub300\ud559",
            "lctreLnggeSctcd": null,
            "crseNo": "STAT0248-001",
            "estblUnivNm": "\uacbd\uc0c1\ub300\ud559",
            "estblDprtnNm": "\ube44\uc988\ub2c8\uc2a4\uc778\ud154\ub9ac\uc804\uc2a4\uc735\ud569\uc804\uacf5",
            "estblYear": "2022",
            "estblDprtnCd": "1407",
            "estblSmstrSctnm": "1\ud559\uae30",
            "estblSmstrSctcd": "CMBS001400001",
            "estblGrade": "2",
            "sbjetSctnm": "\uc735\ud569\uc804\uacf5",
            "sbjetNm": "R \ud504\ub85c\uadf8\ub798\ubc0d \ubc0f \uc2e4\ud5d8",
            "sbjetDvnno": "001",
            "sbjetCd": "STAT0248",
            "gubun": null,
            "pckgeRqstPssblYn": "Y",
            "pckgeRqstCnt": "60",
            "name": null,
            "rmrk": "(\ud55c\uad6d\uc5b4+\uc601\uc5b4)<br>",
            "appcrCnt": "63",
            "attlcPrscpCnt": "60",
            "lssnsTimeInfo": "\uc6d4 5A,5B<br/>\uc6d4 6A,6B<br/>\uc218 2A,2B<br/>\uc218 3A,3B",
            "lssnsRealTimeInfo": "\uc6d4 13:00 ~ 14:00<br/>\uc6d4 14:00 ~ 15:00<br/>\uc218 10:00 ~ 11:00<br/>\uc218 11:00 ~ 12:00",
            "prctsTime": "2",
            "doPlan": "Kor",
            "thryTime": "2",
            "totalPrfssNm": "\uc1a1\uba85\uc5b8",
            "mngetEstblYn": "N",
            "code": null,
            "crdit": "3",
            "expniSllbsYn": "N",
            "bldngSn": null,
            "bldngCd": null,
            "bldngNm": null,
            "lssnsLcttmUntcd": null,
            "sbjetSctcd2": null,
            "rmnmCd": "418401",
            "isApi": null,
            "paging": false,
            "rowStatus": "R",
            "pageSort": null
        },
        {
            "rowIndex": 0,
            "success": false,
            "message": null,
            "pageSize": 100,
            "pageNum": 1,
            "lctreMthodNm": "\ub300\uba74",
            "lctrmInfo": "IT\uc735\ubcf5\ud569\uad00(IT\uc735\ubcf5\ud569\uacf5\ud559\uad00)",
            "lctreLnggeSctcd": null,
            "crseNo": "COMP0312-004",
            "estblUnivNm": "\uacbd\uc0c1\ub300\ud559",
            "estblDprtnNm": "\ube44\uc988\ub2c8\uc2a4\uc778\ud154\ub9ac\uc804\uc2a4\uc735\ud569\uc804\uacf5",
            "estblYear": "2022",
            "estblDprtnCd": "1407",
            "estblSmstrSctnm": "1\ud559\uae30",
            "estblSmstrSctcd": "CMBS001400001",
            "estblGrade": "3",
            "sbjetSctnm": "\uc735\ud569\uc804\uacf5",
            "sbjetNm": "\uc6b4\uc601\uccb4\uc81c",
            "sbjetDvnno": "004",
            "sbjetCd": "COMP0312",
            "gubun": null,
            "pckgeRqstPssblYn": "Y",
            "pckgeRqstCnt": "57",
            "name": null,
            "rmrk": null,
            "appcrCnt": "56",
            "attlcPrscpCnt": "60",
            "lssnsTimeInfo": "\uc6d4 5B,6A,6B<br/>\uc218 7A,7B,8A",
            "lssnsRealTimeInfo": "\uc6d4 13:30 ~ 15:00<br/>\uc218 15:00 ~ 16:30",
            "prctsTime": "0",
            "doPlan": "Kor",
            "thryTime": "3",
            "totalPrfssNm": "\ud0c1\ubcd1\ucca0",
            "mngetEstblYn": "N",
            "code": null,
            "crdit": "3",
            "expniSllbsYn": "N",
            "bldngSn": null,
            "bldngCd": null,
            "bldngNm": null,
            "lssnsLcttmUntcd": null,
            "sbjetSctcd2": null,
            "rmnmCd": "B101",
            "isApi": null,
            "paging": false,
            "rowStatus": "R",
            "pageSort": null
        },
        {
            "rowIndex": 0,
            "success": false,
            "message": null,
            "pageSize": 100,
            "pageNum": 1,
            "lctreMthodNm": "\ub300\uba74",
            "lctrmInfo": "\uacbd\uc0c1\ub300\ud559",
            "lctreLnggeSctcd": null,
            "crseNo": "MGMT0221-006",
            "estblUnivNm": "\uacbd\uc0c1\ub300\ud559",
            "estblDprtnNm": "\ube44\uc988\ub2c8\uc2a4\uc778\ud154\ub9ac\uc804\uc2a4\uc735\ud569\uc804\uacf5",
            "estblYear": "2022",
            "estblDprtnCd": "1407",
            "estblSmstrSctnm": "1\ud559\uae30",
            "estblSmstrSctcd": "CMBS001400001",
            "estblGrade": "2",
            "sbjetSctnm": "\uc735\ud569\uc804\uacf5",
            "sbjetNm": "\ub9c8\ucf00\ud305",
            "sbjetDvnno": "006",
            "sbjetCd": "MGMT0221",
            "gubun": null,
            "pckgeRqstPssblYn": "Y",
            "pckgeRqstCnt": "88",
            "name": null,
            "rmrk": null,
            "appcrCnt": "59",
            "attlcPrscpCnt": "60",
            "lssnsTimeInfo": "\uc6d4 2B,3A,3B<br/>\uc218 1A,1B,2A",
            "lssnsRealTimeInfo": "\uc6d4 10:30 ~ 12:00<br/>\uc218 09:00 ~ 10:30",
            "prctsTime": "0",
            "doPlan": "Kor",
            "thryTime": "3",
            "totalPrfssNm": "\uae40\ud55c\uad6c",
            "mngetEstblYn": "N",
            "code": null,
            "crdit": "3",
            "expniSllbsYn": "N",
            "bldngSn": null,
            "bldngCd": null,
            "bldngNm": null,
            "lssnsLcttmUntcd": null,
            "sbjetSctcd2": null,
            "rmnmCd": "227",
            "isApi": null,
            "paging": false,
            "rowStatus": "R",
            "pageSort": null
        },
        {
            "rowIndex": 0,
            "success": false,
            "message": null,
            "pageSize": 100,
            "pageNum": 1,
            "lctreMthodNm": "\ub300\uba74",
            "lctrmInfo": "\uacbd\uc0c1\ub300\ud559",
            "lctreLnggeSctcd": null,
            "crseNo": "MGMT0221-008",
            "estblUnivNm": "\uacbd\uc0c1\ub300\ud559",
            "estblDprtnNm": "\ube44\uc988\ub2c8\uc2a4\uc778\ud154\ub9ac\uc804\uc2a4\uc735\ud569\uc804\uacf5",
            "estblYear": "2022",
            "estblDprtnCd": "1407",
            "estblSmstrSctnm": "1\ud559\uae30",
            "estblSmstrSctcd": "CMBS001400001",
            "estblGrade": "2",
            "sbjetSctnm": "\uc735\ud569\uc804\uacf5",
            "sbjetNm": "\ub9c8\ucf00\ud305",
            "sbjetDvnno": "008",
            "sbjetCd": "MGMT0221",
            "gubun": null,
            "pckgeRqstPssblYn": "Y",
            "pckgeRqstCnt": "46",
            "name": null,
            "rmrk": "(\uc601\uc5b4)<br>",
            "appcrCnt": "56",
            "attlcPrscpCnt": "60",
            "lssnsTimeInfo": "\ud654 5B,6A,6B<br/>\ubaa9 5B,6A,6B",
            "lssnsRealTimeInfo": "\ud654 13:30 ~ 15:00<br/>\ubaa9 13:30 ~ 15:00",
            "prctsTime": "0",
            "doPlan": "Eng",
            "thryTime": "3",
            "totalPrfssNm": "\uc624\ud55c\ub098",
            "mngetEstblYn": "N",
            "code": null,
            "crdit": "3",
            "expniSllbsYn": "N",
            "bldngSn": null,
            "bldngCd": null,
            "bldngNm": null,
            "lssnsLcttmUntcd": null,
            "sbjetSctcd2": null,
            "rmnmCd": "227",
            "isApi": null,
            "paging": false,
            "rowStatus": "R",
            "pageSort": null
        },
        {
            "rowIndex": 0,
            "success": false,
            "message": null,
            "pageSize": 100,
            "pageNum": 1,
            "lctreMthodNm": "\ube44\ub300\uba74",
            "lctrmInfo": "\uc790\uc5f0\uacfc\ud559\ub300\ud559",
            "lctreLnggeSctcd": null,
            "crseNo": "STAT0212-001",
            "estblUnivNm": "\uacbd\uc0c1\ub300\ud559",
            "estblDprtnNm": "\ube44\uc988\ub2c8\uc2a4\uc778\ud154\ub9ac\uc804\uc2a4\uc735\ud569\uc804\uacf5",
            "estblYear": "2022",
            "estblDprtnCd": "1407",
            "estblSmstrSctnm": "1\ud559\uae30",
            "estblSmstrSctcd": "CMBS001400001",
            "estblGrade": "2",
            "sbjetSctnm": "\uc735\ud569\uc804\uacf5",
            "sbjetNm": "\ud1b5\uacc4\uc801\ubc29\ubc95 \ubc0f \uc2e4\ud5d8",
            "sbjetDvnno": "001",
            "sbjetCd": "STAT0212",
            "gubun": null,
            "pckgeRqstPssblYn": "Y",
            "pckgeRqstCnt": "111",
            "name": null,
            "rmrk": "(\ud55c\uad6d\uc5b4+\uc601\uc5b4)<br>",
            "appcrCnt": "68",
            "attlcPrscpCnt": "65",
            "lssnsTimeInfo": "\ud654 5A,5B<br/>\ud654 6A,6B<br/>\ubaa9 5A,5B<br/>\ubaa9 6A,6B",
            "lssnsRealTimeInfo": "\ud654 13:00 ~ 14:00<br/>\ud654 14:00 ~ 15:00<br/>\ubaa9 13:00 ~ 14:00<br/>\ubaa9 14:00 ~ 15:00",
            "prctsTime": "2",
            "doPlan": "Kor",
            "thryTime": "2",
            "totalPrfssNm": "\uc724\uc5f0\uc625",
            "mngetEstblYn": "N",
            "code": null,
            "crdit": "3",
            "expniSllbsYn": "N",
            "bldngSn": null,
            "bldngCd": null,
            "bldngNm": null,
            "lssnsLcttmUntcd": null,
            "sbjetSctcd2": null,
            "rmnmCd": "418401",
            "isApi": null,
            "paging": false,
            "rowStatus": "R",
            "pageSort": null
        },
        {
            "rowIndex": 0,
            "success": false,
            "message": null,
            "pageSize": 100,
            "pageNum": 1,
            "lctreMthodNm": "\ube44\ub300\uba74",
            "lctrmInfo": "\uc790\uc5f0\uacfc\ud559\ub300\ud559",
            "lctreLnggeSctcd": null,
            "crseNo": "STAT0424-001",
            "estblUnivNm": "\uacbd\uc0c1\ub300\ud559",
            "estblDprtnNm": "\ube44\uc988\ub2c8\uc2a4\uc778\ud154\ub9ac\uc804\uc2a4\uc735\ud569\uc804\uacf5",
            "estblYear": "2022",
            "estblDprtnCd": "1407",
            "estblSmstrSctnm": "1\ud559\uae30",
            "estblSmstrSctcd": "CMBS001400001",
            "estblGrade": "4",
            "sbjetSctnm": "\uc735\ud569\uc804\uacf5",
            "sbjetNm": "\ub370\uc774\ud130\ub9c8\uc774\ub2dd \ubc0f \uc2e4\ud5d8",
            "sbjetDvnno": "001",
            "sbjetCd": "STAT0424",
            "gubun": null,
            "pckgeRqstPssblYn": "Y",
            "pckgeRqstCnt": "50",
            "name": null,
            "rmrk": "(\ud55c\uad6d\uc5b4+\uc601\uc5b4)<br>",
            "appcrCnt": "47",
            "attlcPrscpCnt": "50",
            "lssnsTimeInfo": "\uc6d4 2A,2B<br/>\uc6d4 3A,3B<br/>\uc218 2A,2B<br/>\uc218 3A,3B",
            "lssnsRealTimeInfo": "\uc6d4 10:00 ~ 11:00<br/>\uc6d4 11:00 ~ 12:00<br/>\uc218 10:00 ~ 11:00<br/>\uc218 11:00 ~ 12:00",
            "prctsTime": "2",
            "doPlan": "Kor",
            "thryTime": "2",
            "totalPrfssNm": "\uc774\uacbd\uc740",
            "mngetEstblYn": "N",
            "code": null,
            "crdit": "3",
            "expniSllbsYn": "N",
            "bldngSn": null,
            "bldngCd": null,
            "bldngNm": null,
            "lssnsLcttmUntcd": null,
            "sbjetSctcd2": null,
            "rmnmCd": "416B05",
            "isApi": null,
            "paging": false,
            "rowStatus": "R",
            "pageSort": null
        },
        {
            "rowIndex": 0,
            "success": false,
            "message": null,
            "pageSize": 100,
            "pageNum": 1,
            "lctreMthodNm": "\ub300\uba74",
            "lctrmInfo": "\uc81c4\ud569\ub3d9\uac15\uc758\ub3d9",
            "lctreLnggeSctcd": null,
            "crseNo": "MGMT0401-003",
            "estblUnivNm": "\uacbd\uc0c1\ub300\ud559",
            "estblDprtnNm": "\ube44\uc988\ub2c8\uc2a4\uc778\ud154\ub9ac\uc804\uc2a4\uc735\ud569\uc804\uacf5",
            "estblYear": "2022",
            "estblDprtnCd": "1407",
            "estblSmstrSctnm": "1\ud559\uae30",
            "estblSmstrSctcd": "CMBS001400001",
            "estblGrade": "3",
            "sbjetSctnm": "\uc735\ud569\uc804\uacf5",
            "sbjetNm": "\ub370\uc774\ud130\ubca0\uc774\uc2a4\uc785\ubb38",
            "sbjetDvnno": "003",
            "sbjetCd": "MGMT0401",
            "gubun": null,
            "pckgeRqstPssblYn": "Y",
            "pckgeRqstCnt": "5",
            "name": null,
            "rmrk": null,
            "appcrCnt": "7",
            "attlcPrscpCnt": "45",
            "lssnsTimeInfo": "\uc218 1A,1B,2A<br/>\uae08 2B,3A,3B",
            "lssnsRealTimeInfo": "\uc218 09:00 ~ 10:30<br/>\uae08 10:30 ~ 12:00",
            "prctsTime": "0",
            "doPlan": "Kor",
            "thryTime": "3",
            "totalPrfssNm": "\uc774\uc0c8\ub86c",
            "mngetEstblYn": "N",
            "code": null,
            "crdit": "3",
            "expniSllbsYn": "N",
            "bldngSn": null,
            "bldngCd": null,
            "bldngNm": null,
            "lssnsLcttmUntcd": null,
            "sbjetSctcd2": null,
            "rmnmCd": "204",
            "isApi": null,
            "paging": false,
            "rowStatus": "R",
            "pageSort": null
        },
        {
            "rowIndex": 0,
            "success": false,
            "message": null,
            "pageSize": 100,
            "pageNum": 1,
            "lctreMthodNm": "\ub300\uba74",
            "lctrmInfo": "\uacbd\uc0c1\ub300\ud559",
            "lctreLnggeSctcd": null,
            "crseNo": "MGMT0221-005",
            "estblUnivNm": "\uacbd\uc0c1\ub300\ud559",
            "estblDprtnNm": "\ube44\uc988\ub2c8\uc2a4\uc778\ud154\ub9ac\uc804\uc2a4\uc735\ud569\uc804\uacf5",
            "estblYear": "2022",
            "estblDprtnCd": "1407",
            "estblSmstrSctnm": "1\ud559\uae30",
            "estblSmstrSctcd": "CMBS001400001",
            "estblGrade": "2",
            "sbjetSctnm": "\uc735\ud569\uc804\uacf5",
            "sbjetNm": "\ub9c8\ucf00\ud305",
            "sbjetDvnno": "005",
            "sbjetCd": "MGMT0221",
            "gubun": null,
            "pckgeRqstPssblYn": "Y",
            "pckgeRqstCnt": "101",
            "name": null,
            "rmrk": null,
            "appcrCnt": "59",
            "attlcPrscpCnt": "60",
            "lssnsTimeInfo": "\uc6d4 5B,6A,6B<br/>\uc218 5B,6A,6B",
            "lssnsRealTimeInfo": "\uc6d4 13:30 ~ 15:00<br/>\uc218 13:30 ~ 15:00",
            "prctsTime": "0",
            "doPlan": "Kor",
            "thryTime": "3",
            "totalPrfssNm": "\uae40\ud55c\uad6c",
            "mngetEstblYn": "N",
            "code": null,
            "crdit": "3",
            "expniSllbsYn": "N",
            "bldngSn": null,
            "bldngCd": null,
            "bldngNm": null,
            "lssnsLcttmUntcd": null,
            "sbjetSctcd2": null,
            "rmnmCd": "227",
            "isApi": null,
            "paging": false,
            "rowStatus": "R",
            "pageSort": null
        },
        {
            "rowIndex": 0,
            "success": false,
            "message": null,
            "pageSize": 100,
            "pageNum": 1,
            "lctreMthodNm": "\ub300\uba74",
            "lctrmInfo": "\uad6d\uc81c\uacbd\uc0c1\uad00(\uacbd\uc0c1\uc815\ubcf4\uad50\uc721\uad00)",
            "lctreLnggeSctcd": null,
            "crseNo": "MGMT0310-006",
            "estblUnivNm": "\uacbd\uc0c1\ub300\ud559",
            "estblDprtnNm": "\ube44\uc988\ub2c8\uc2a4\uc778\ud154\ub9ac\uc804\uc2a4\uc735\ud569\uc804\uacf5",
            "estblYear": "2022",
            "estblDprtnCd": "1407",
            "estblSmstrSctnm": "1\ud559\uae30",
            "estblSmstrSctcd": "CMBS001400001",
            "estblGrade": null,
            "sbjetSctnm": null,
            "sbjetNm": "\uc7ac\ubb34\ud68c\uacc4\uc6d0\ub860",
            "sbjetDvnno": "006",
            "sbjetCd": "MGMT0310",
            "gubun": null,
            "pckgeRqstPssblYn": "Y",
            "pckgeRqstCnt": "74",
            "name": null,
            "rmrk": null,
            "appcrCnt": "59",
            "attlcPrscpCnt": "60",
            "lssnsTimeInfo": "\ud654 7A,7B,8A<br/>\ubaa9 7A,7B,8A",
            "lssnsRealTimeInfo": "\ud654 15:00 ~ 16:30<br/>\ubaa9 15:00 ~ 16:30",
            "prctsTime": "0",
            "doPlan": "Kor",
            "thryTime": "3",
            "totalPrfssNm": "\uc11c\uc815\ud654",
            "mngetEstblYn": "N",
            "code": null,
            "crdit": "3",
            "expniSllbsYn": "N",
            "bldngSn": null,
            "bldngCd": null,
            "bldngNm": null,
            "lssnsLcttmUntcd": null,
            "sbjetSctcd2": null,
            "rmnmCd": "326",
            "isApi": null,
            "paging": false,
            "rowStatus": "R",
            "pageSort": null
        },
        {
            "rowIndex": 0,
            "success": false,
            "message": null,
            "pageSize": 100,
            "pageNum": 1,
            "lctreMthodNm": "\ub300\uba74",
            "lctrmInfo": "\uc81c4\ud569\ub3d9\uac15\uc758\ub3d9",
            "lctreLnggeSctcd": null,
            "crseNo": "MGMT0401-002",
            "estblUnivNm": "\uacbd\uc0c1\ub300\ud559",
            "estblDprtnNm": "\ube44\uc988\ub2c8\uc2a4\uc778\ud154\ub9ac\uc804\uc2a4\uc735\ud569\uc804\uacf5",
            "estblYear": "2022",
            "estblDprtnCd": "1407",
            "estblSmstrSctnm": "1\ud559\uae30",
            "estblSmstrSctcd": "CMBS001400001",
            "estblGrade": "3",
            "sbjetSctnm": "\uc735\ud569\uc804\uacf5",
            "sbjetNm": "\ub370\uc774\ud130\ubca0\uc774\uc2a4\uc785\ubb38",
            "sbjetDvnno": "002",
            "sbjetCd": "MGMT0401",
            "gubun": null,
            "pckgeRqstPssblYn": "Y",
            "pckgeRqstCnt": "16",
            "name": null,
            "rmrk": null,
            "appcrCnt": "22",
            "attlcPrscpCnt": "45",
            "lssnsTimeInfo": "\ud654 5B,6A,6B<br/>\ubaa9 5B,6A,6B",
            "lssnsRealTimeInfo": "\ud654 13:30 ~ 15:00<br/>\ubaa9 13:30 ~ 15:00",
            "prctsTime": "0",
            "doPlan": "Kor",
            "thryTime": "3",
            "totalPrfssNm": "\uc774\uc0c8\ub86c",
            "mngetEstblYn": "N",
            "code": null,
            "crdit": "3",
            "expniSllbsYn": "N",
            "bldngSn": null,
            "bldngCd": null,
            "bldngNm": null,
            "lssnsLcttmUntcd": null,
            "sbjetSctcd2": null,
            "rmnmCd": "204",
            "isApi": null,
            "paging": false,
            "rowStatus": "R",
            "pageSort": null
        },
        {
            "rowIndex": 0,
            "success": false,
            "message": null,
            "pageSize": 100,
            "pageNum": 1,
            "lctreMthodNm": "\ub300\uba74",
            "lctrmInfo": "IT\uc735\ubcf5\ud569\uad00(IT\uc735\ubcf5\ud569\uacf5\ud559\uad00)",
            "lctreLnggeSctcd": null,
            "crseNo": "COMP0312-006",
            "estblUnivNm": "\uacbd\uc0c1\ub300\ud559",
            "estblDprtnNm": "\ube44\uc988\ub2c8\uc2a4\uc778\ud154\ub9ac\uc804\uc2a4\uc735\ud569\uc804\uacf5",
            "estblYear": "2022",
            "estblDprtnCd": "1407",
            "estblSmstrSctnm": "1\ud559\uae30",
            "estblSmstrSctcd": "CMBS001400001",
            "estblGrade": "3",
            "sbjetSctnm": "\uc735\ud569\uc804\uacf5",
            "sbjetNm": "\uc6b4\uc601\uccb4\uc81c",
            "sbjetDvnno": "006",
            "sbjetCd": "COMP0312",
            "gubun": null,
            "pckgeRqstPssblYn": "Y",
            "pckgeRqstCnt": "128",
            "name": null,
            "rmrk": null,
            "appcrCnt": "105",
            "attlcPrscpCnt": "60",
            "lssnsTimeInfo": "\ud654 2B,3A,3B<br/>\ubaa9 1A,1B,2A",
            "lssnsRealTimeInfo": "\ud654 10:30 ~ 12:00<br/>\ubaa9 09:00 ~ 10:30",
            "prctsTime": "0",
            "doPlan": "Kor",
            "thryTime": "3",
            "totalPrfssNm": "\uae40\uba85\uc11d",
            "mngetEstblYn": "N",
            "code": null,
            "crdit": "3",
            "expniSllbsYn": "N",
            "bldngSn": null,
            "bldngCd": null,
            "bldngNm": null,
            "lssnsLcttmUntcd": null,
            "sbjetSctcd2": null,
            "rmnmCd": "B102",
            "isApi": null,
            "paging": false,
            "rowStatus": "R",
            "pageSort": null
        },
        {
            "rowIndex": 0,
            "success": false,
            "message": null,
            "pageSize": 100,
            "pageNum": 1,
            "lctreMthodNm": "\ub300\uba74",
            "lctrmInfo": "\uc81c4\ud569\ub3d9\uac15\uc758\ub3d9",
            "lctreLnggeSctcd": null,
            "crseNo": "MGMT0310-004",
            "estblUnivNm": "\uacbd\uc0c1\ub300\ud559",
            "estblDprtnNm": "\ube44\uc988\ub2c8\uc2a4\uc778\ud154\ub9ac\uc804\uc2a4\uc735\ud569\uc804\uacf5",
            "estblYear": "2022",
            "estblDprtnCd": "1407",
            "estblSmstrSctnm": "1\ud559\uae30",
            "estblSmstrSctcd": "CMBS001400001",
            "estblGrade": "2",
            "sbjetSctnm": "\uc735\ud569\uc804\uacf5",
            "sbjetNm": "\uc7ac\ubb34\ud68c\uacc4\uc6d0\ub860",
            "sbjetDvnno": "004",
            "sbjetCd": "MGMT0310",
            "gubun": null,
            "pckgeRqstPssblYn": "Y",
            "pckgeRqstCnt": "77",
            "name": null,
            "rmrk": null,
            "appcrCnt": "60",
            "attlcPrscpCnt": "60",
            "lssnsTimeInfo": "\ud654 8B,9A,9B<br/>\ubaa9 8B,9A,9B",
            "lssnsRealTimeInfo": "\ud654 16:30 ~ 18:00<br/>\ubaa9 16:30 ~ 18:00",
            "prctsTime": "0",
            "doPlan": "Kor",
            "thryTime": "3",
            "totalPrfssNm": "\uae40\uacbd\ud654",
            "mngetEstblYn": "N",
            "code": null,
            "crdit": "3",
            "expniSllbsYn": "N",
            "bldngSn": null,
            "bldngCd": null,
            "bldngNm": null,
            "lssnsLcttmUntcd": null,
            "sbjetSctcd2": null,
            "rmnmCd": "307",
            "isApi": null,
            "paging": false,
            "rowStatus": "R",
            "pageSort": null
        },
        {
            "rowIndex": 0,
            "success": false,
            "message": null,
            "pageSize": 100,
            "pageNum": 1,
            "lctreMthodNm": "\ub300\uba74",
            "lctrmInfo": "\uacbd\uc0c1\ub300\ud559",
            "lctreLnggeSctcd": null,
            "crseNo": "MGMT0310-007",
            "estblUnivNm": "\uacbd\uc0c1\ub300\ud559",
            "estblDprtnNm": "\ube44\uc988\ub2c8\uc2a4\uc778\ud154\ub9ac\uc804\uc2a4\uc735\ud569\uc804\uacf5",
            "estblYear": "2022",
            "estblDprtnCd": "1407",
            "estblSmstrSctnm": "1\ud559\uae30",
            "estblSmstrSctcd": "CMBS001400001",
            "estblGrade": "2",
            "sbjetSctnm": "\uc735\ud569\uc804\uacf5",
            "sbjetNm": "\uc7ac\ubb34\ud68c\uacc4\uc6d0\ub860",
            "sbjetDvnno": "007",
            "sbjetCd": "MGMT0310",
            "gubun": null,
            "pckgeRqstPssblYn": "Y",
            "pckgeRqstCnt": "59",
            "name": null,
            "rmrk": null,
            "appcrCnt": "58",
            "attlcPrscpCnt": "60",
            "lssnsTimeInfo": "\uc6d4 7A,7B,8A<br/>\uae08 7A,7B,8A",
            "lssnsRealTimeInfo": "\uc6d4 15:00 ~ 16:30<br/>\uae08 15:00 ~ 16:30",
            "prctsTime": "0",
            "doPlan": "Kor",
            "thryTime": "3",
            "totalPrfssNm": "\uc815\ub3d9\uc9c4",
            "mngetEstblYn": "N",
            "code": null,
            "crdit": "3",
            "expniSllbsYn": "N",
            "bldngSn": null,
            "bldngCd": null,
            "bldngNm": null,
            "lssnsLcttmUntcd": null,
            "sbjetSctcd2": null,
            "rmnmCd": "124",
            "isApi": null,
            "paging": false,
            "rowStatus": "R",
            "pageSort": null
        },
        {
            "rowIndex": 0,
            "success": false,
            "message": null,
            "pageSize": 100,
            "pageNum": 1,
            "lctreMthodNm": "\ub300\uba74",
            "lctrmInfo": "IT\uc735\ubcf5\ud569\uad00(IT\uc735\ubcf5\ud569\uacf5\ud559\uad00)",
            "lctreLnggeSctcd": null,
            "crseNo": "COMP0217-008",
            "estblUnivNm": "\uacbd\uc0c1\ub300\ud559",
            "estblDprtnNm": "\ube44\uc988\ub2c8\uc2a4\uc778\ud154\ub9ac\uc804\uc2a4\uc735\ud569\uc804\uacf5",
            "estblYear": "2022",
            "estblDprtnCd": "1407",
            "estblSmstrSctnm": "1\ud559\uae30",
            "estblSmstrSctcd": "CMBS001400001",
            "estblGrade": "2",
            "sbjetSctnm": "\uc735\ud569\uc804\uacf5",
            "sbjetNm": "\uc790\ubc14\ud504\ub85c\uadf8\ub798\ubc0d",
            "sbjetDvnno": "008",
            "sbjetCd": "COMP0217",
            "gubun": null,
            "pckgeRqstPssblYn": "Y",
            "pckgeRqstCnt": "39",
            "name": null,
            "rmrk": null,
            "appcrCnt": "37",
            "attlcPrscpCnt": "40",
            "lssnsTimeInfo": "\uc6d4 10A,10B<br/>\uc6d4 11A,11B<br/>\uc6d4 12A,12B<br/>\uc6d4 13A,13B",
            "lssnsRealTimeInfo": "\uc6d4 18:00 ~ 19:00<br/>\uc6d4 19:00 ~ 20:00<br/>\uc6d4 20:00 ~ 21:00<br/>\uc6d4 21:00 ~ 22:00",
            "prctsTime": "2",
            "doPlan": "Kor",
            "thryTime": "2",
            "totalPrfssNm": "\uc815\ucc3d\uc218",
            "mngetEstblYn": "N",
            "code": null,
            "crdit": "3",
            "expniSllbsYn": "Y",
            "bldngSn": null,
            "bldngCd": null,
            "bldngNm": null,
            "lssnsLcttmUntcd": null,
            "sbjetSctcd2": null,
            "rmnmCd": "301",
            "isApi": null,
            "paging": false,
            "rowStatus": "R",
            "pageSort": null
        },
        {
            "rowIndex": 0,
            "success": false,
            "message": null,
            "pageSize": 100,
            "pageNum": 1,
            "lctreMthodNm": "\ub300\uba74",
            "lctrmInfo": "IT\uc735\ubcf5\ud569\uad00(IT\uc735\ubcf5\ud569\uacf5\ud559\uad00)",
            "lctreLnggeSctcd": null,
            "crseNo": "ITEC0201-013",
            "estblUnivNm": "\uacbd\uc0c1\ub300\ud559",
            "estblDprtnNm": "\ube44\uc988\ub2c8\uc2a4\uc778\ud154\ub9ac\uc804\uc2a4\uc735\ud569\uc804\uacf5",
            "estblYear": "2022",
            "estblDprtnCd": "1407",
            "estblSmstrSctnm": "1\ud559\uae30",
            "estblSmstrSctcd": "CMBS001400001",
            "estblGrade": "2",
            "sbjetSctnm": "\uc735\ud569\uc804\uacf5",
            "sbjetNm": "\ucef4\ud4e8\ud130\ud559\uac1c\ub860",
            "sbjetDvnno": "013",
            "sbjetCd": "ITEC0201",
            "gubun": null,
            "pckgeRqstPssblYn": "Y",
            "pckgeRqstCnt": "81",
            "name": null,
            "rmrk": null,
            "appcrCnt": "78",
            "attlcPrscpCnt": "81",
            "lssnsTimeInfo": "\ud654 10A,10B,11A<br/>\ud654 11B,12A,12B",
            "lssnsRealTimeInfo": "\ud654 18:00 ~ 19:30<br/>\ud654 19:30 ~ 21:00",
            "prctsTime": "0",
            "doPlan": "Kor",
            "thryTime": "3",
            "totalPrfssNm": "\uc774\uc131\ud76c",
            "mngetEstblYn": "N",
            "code": null,
            "crdit": "3",
            "expniSllbsYn": "N",
            "bldngSn": null,
            "bldngCd": null,
            "bldngNm": null,
            "lssnsLcttmUntcd": null,
            "sbjetSctcd2": null,
            "rmnmCd": "B102",
            "isApi": null,
            "paging": false,
            "rowStatus": "R",
            "pageSort": null
        },
        {
            "rowIndex": 0,
            "success": false,
            "message": null,
            "pageSize": 100,
            "pageNum": 1,
            "lctreMthodNm": "\ub300\uba74",
            "lctrmInfo": "\uacbd\uc0c1\ub300\ud559",
            "lctreLnggeSctcd": null,
            "crseNo": "MGMT0221-007",
            "estblUnivNm": "\uacbd\uc0c1\ub300\ud559",
            "estblDprtnNm": "\ube44\uc988\ub2c8\uc2a4\uc778\ud154\ub9ac\uc804\uc2a4\uc735\ud569\uc804\uacf5",
            "estblYear": "2022",
            "estblDprtnCd": "1407",
            "estblSmstrSctnm": "1\ud559\uae30",
            "estblSmstrSctcd": "CMBS001400001",
            "estblGrade": "2",
            "sbjetSctnm": "\uc735\ud569\uc804\uacf5",
            "sbjetNm": "\ub9c8\ucf00\ud305",
            "sbjetDvnno": "007",
            "sbjetCd": "MGMT0221",
            "gubun": null,
            "pckgeRqstPssblYn": "Y",
            "pckgeRqstCnt": "8",
            "name": null,
            "rmrk": "(\uc601\uc5b4)<br>",
            "appcrCnt": "36",
            "attlcPrscpCnt": "60",
            "lssnsTimeInfo": "\ud654 8B,9A,9B<br/>\ubaa9 8B,9A,9B",
            "lssnsRealTimeInfo": "\ud654 16:30 ~ 18:00<br/>\ubaa9 16:30 ~ 18:00",
            "prctsTime": "0",
            "doPlan": "Eng",
            "thryTime": "3",
            "totalPrfssNm": "\uae40\ud601\uc218",
            "mngetEstblYn": "N",
            "code": null,
            "crdit": "3",
            "expniSllbsYn": "N",
            "bldngSn": null,
            "bldngCd": null,
            "bldngNm": null,
            "lssnsLcttmUntcd": null,
            "sbjetSctcd2": null,
            "rmnmCd": "227",
            "isApi": null,
            "paging": false,
            "rowStatus": "R",
            "pageSort": null
        },
        {
            "rowIndex": 0,
            "success": false,
            "message": null,
            "pageSize": 100,
            "pageNum": 1,
            "lctreMthodNm": "\ub300\uba74",
            "lctrmInfo": "\uacbd\uc0c1\ub300\ud559",
            "lctreLnggeSctcd": null,
            "crseNo": "MGMT0221-002",
            "estblUnivNm": "\uacbd\uc0c1\ub300\ud559",
            "estblDprtnNm": "\ube44\uc988\ub2c8\uc2a4\uc778\ud154\ub9ac\uc804\uc2a4\uc735\ud569\uc804\uacf5",
            "estblYear": "2022",
            "estblDprtnCd": "1407",
            "estblSmstrSctnm": "1\ud559\uae30",
            "estblSmstrSctcd": "CMBS001400001",
            "estblGrade": "2",
            "sbjetSctnm": "\uc735\ud569\uc804\uacf5",
            "sbjetNm": "\ub9c8\ucf00\ud305",
            "sbjetDvnno": "002",
            "sbjetCd": "MGMT0221",
            "gubun": null,
            "pckgeRqstPssblYn": "Y",
            "pckgeRqstCnt": "72",
            "name": null,
            "rmrk": null,
            "appcrCnt": "59",
            "attlcPrscpCnt": "60",
            "lssnsTimeInfo": "\uc6d4 2B,3A,3B<br/>\uc218 1A,1B,2A",
            "lssnsRealTimeInfo": "\uc6d4 10:30 ~ 12:00<br/>\uc218 09:00 ~ 10:30",
            "prctsTime": "0",
            "doPlan": "Kor",
            "thryTime": "3",
            "totalPrfssNm": "\uc1a1\uc885\ud638",
            "mngetEstblYn": "N",
            "code": null,
            "crdit": "3",
            "expniSllbsYn": "N",
            "bldngSn": null,
            "bldngCd": null,
            "bldngNm": null,
            "lssnsLcttmUntcd": null,
            "sbjetSctcd2": null,
            "rmnmCd": "207",
            "isApi": null,
            "paging": false,
            "rowStatus": "R",
            "pageSort": null
        },
        {
            "rowIndex": 0,
            "success": false,
            "message": null,
            "pageSize": 100,
            "pageNum": 1,
            "lctreMthodNm": "\ub300\uba74",
            "lctrmInfo": "\uacbd\uc0c1\ub300\ud559",
            "lctreLnggeSctcd": null,
            "crseNo": "MGMT0310-001",
            "estblUnivNm": "\uacbd\uc0c1\ub300\ud559",
            "estblDprtnNm": "\ube44\uc988\ub2c8\uc2a4\uc778\ud154\ub9ac\uc804\uc2a4\uc735\ud569\uc804\uacf5",
            "estblYear": "2022",
            "estblDprtnCd": "1407",
            "estblSmstrSctnm": "1\ud559\uae30",
            "estblSmstrSctcd": "CMBS001400001",
            "estblGrade": "2",
            "sbjetSctnm": "\uc735\ud569\uc804\uacf5",
            "sbjetNm": "\uc7ac\ubb34\ud68c\uacc4\uc6d0\ub860",
            "sbjetDvnno": "001",
            "sbjetCd": "MGMT0310",
            "gubun": null,
            "pckgeRqstPssblYn": "Y",
            "pckgeRqstCnt": "28",
            "name": null,
            "rmrk": null,
            "appcrCnt": "56",
            "attlcPrscpCnt": "60",
            "lssnsTimeInfo": "\uc6d4 1A,1B,2A<br/>\uc218 2B,3A,3B",
            "lssnsRealTimeInfo": "\uc6d4 09:00 ~ 10:30<br/>\uc218 10:30 ~ 12:00",
            "prctsTime": "0",
            "doPlan": "Kor",
            "thryTime": "3",
            "totalPrfssNm": "\uad8c\uc120\uad6d",
            "mngetEstblYn": "N",
            "code": null,
            "crdit": "3",
            "expniSllbsYn": "N",
            "bldngSn": null,
            "bldngCd": null,
            "bldngNm": null,
            "lssnsLcttmUntcd": null,
            "sbjetSctcd2": null,
            "rmnmCd": "215",
            "isApi": null,
            "paging": false,
            "rowStatus": "R",
            "pageSort": null
        },
        {
            "rowIndex": 0,
            "success": false,
            "message": null,
            "pageSize": 100,
            "pageNum": 1,
            "lctreMthodNm": "\ub300\uba74",
            "lctrmInfo": "\uc81c4\ud569\ub3d9\uac15\uc758\ub3d9",
            "lctreLnggeSctcd": null,
            "crseNo": "MGMT0401-004",
            "estblUnivNm": "\uacbd\uc0c1\ub300\ud559",
            "estblDprtnNm": "\ube44\uc988\ub2c8\uc2a4\uc778\ud154\ub9ac\uc804\uc2a4\uc735\ud569\uc804\uacf5",
            "estblYear": "2022",
            "estblDprtnCd": "1407",
            "estblSmstrSctnm": "1\ud559\uae30",
            "estblSmstrSctcd": "CMBS001400001",
            "estblGrade": "3",
            "sbjetSctnm": "\uc735\ud569\uc804\uacf5",
            "sbjetNm": "\ub370\uc774\ud130\ubca0\uc774\uc2a4\uc785\ubb38",
            "sbjetDvnno": "004",
            "sbjetCd": "MGMT0401",
            "gubun": null,
            "pckgeRqstPssblYn": "Y",
            "pckgeRqstCnt": "52",
            "name": null,
            "rmrk": null,
            "appcrCnt": "43",
            "attlcPrscpCnt": "45",
            "lssnsTimeInfo": "\uc6d4 8B,9A,9B<br/>\uc218 7A,7B,8A",
            "lssnsRealTimeInfo": "\uc6d4 16:30 ~ 18:00<br/>\uc218 15:00 ~ 16:30",
            "prctsTime": "0",
            "doPlan": "Kor",
            "thryTime": "3",
            "totalPrfssNm": "\ubc15\ud604\uc120",
            "mngetEstblYn": "N",
            "code": null,
            "crdit": "3",
            "expniSllbsYn": "N",
            "bldngSn": null,
            "bldngCd": null,
            "bldngNm": null,
            "lssnsLcttmUntcd": null,
            "sbjetSctcd2": null,
            "rmnmCd": "204",
            "isApi": null,
            "paging": false,
            "rowStatus": "R",
            "pageSort": null
        },
        {
            "rowIndex": 0,
            "success": false,
            "message": null,
            "pageSize": 100,
            "pageNum": 1,
            "lctreMthodNm": "\ub300\uba74",
            "lctrmInfo": "\uad6d\uc81c\uacbd\uc0c1\uad00(\uacbd\uc0c1\uc815\ubcf4\uad50\uc721\uad00)",
            "lctreLnggeSctcd": null,
            "crseNo": "BUIN0212-001",
            "estblUnivNm": "\uacbd\uc0c1\ub300\ud559",
            "estblDprtnNm": "\ube44\uc988\ub2c8\uc2a4\uc778\ud154\ub9ac\uc804\uc2a4\uc735\ud569\uc804\uacf5",
            "estblYear": "2022",
            "estblDprtnCd": "1407",
            "estblSmstrSctnm": "1\ud559\uae30",
            "estblSmstrSctcd": "CMBS001400001",
            "estblGrade": "4",
            "sbjetSctnm": "\uc735\ud569\uc804\uacf5",
            "sbjetNm": "\ube44\uc988\ub2c8\uc2a4\uc778\ud154\ub9ac\uc804\uc2a4 \uc0ac\ub840\uc5f0\uad6c",
            "sbjetDvnno": "001",
            "sbjetCd": "BUIN0212",
            "gubun": null,
            "pckgeRqstPssblYn": "Y",
            "pckgeRqstCnt": "17",
            "name": null,
            "rmrk": "(\uc601\uc5b4)<br>",
            "appcrCnt": "24",
            "attlcPrscpCnt": "40",
            "lssnsTimeInfo": "\uc6d4 10A,10B,11A<br/>\uc6d4 11B,12A,12B",
            "lssnsRealTimeInfo": "\uc6d4 18:00 ~ 19:30<br/>\uc6d4 19:30 ~ 21:00",
            "prctsTime": "0",
            "doPlan": "Eng",
            "thryTime": "3",
            "totalPrfssNm": "\uae40\uc0c1\ud604",
            "mngetEstblYn": "Y",
            "code": null,
            "crdit": "3",
            "expniSllbsYn": "N",
            "bldngSn": null,
            "bldngCd": null,
            "bldngNm": null,
            "lssnsLcttmUntcd": null,
            "sbjetSctcd2": null,
            "rmnmCd": "326",
            "isApi": null,
            "paging": false,
            "rowStatus": "R",
            "pageSort": null
        },
        {
            "rowIndex": 0,
            "success": false,
            "message": null,
            "pageSize": 100,
            "pageNum": 1,
            "lctreMthodNm": "\ub300\uba74",
            "lctrmInfo": "\uacbd\uc0c1\ub300\ud559",
            "lctreLnggeSctcd": null,
            "crseNo": "MGMT0310-008",
            "estblUnivNm": "\uacbd\uc0c1\ub300\ud559",
            "estblDprtnNm": "\ube44\uc988\ub2c8\uc2a4\uc778\ud154\ub9ac\uc804\uc2a4\uc735\ud569\uc804\uacf5",
            "estblYear": "2022",
            "estblDprtnCd": "1407",
            "estblSmstrSctnm": "1\ud559\uae30",
            "estblSmstrSctcd": "CMBS001400001",
            "estblGrade": "2",
            "sbjetSctnm": "\uc735\ud569\uc804\uacf5",
            "sbjetNm": "\uc7ac\ubb34\ud68c\uacc4\uc6d0\ub860",
            "sbjetDvnno": "008",
            "sbjetCd": "MGMT0310",
            "gubun": null,
            "pckgeRqstPssblYn": "Y",
            "pckgeRqstCnt": "8",
            "name": null,
            "rmrk": null,
            "appcrCnt": "31",
            "attlcPrscpCnt": "60",
            "lssnsTimeInfo": "\ud654 8B,9A,9B<br/>\ubaa9 8B,9A,9B",
            "lssnsRealTimeInfo": "\ud654 16:30 ~ 18:00<br/>\ubaa9 16:30 ~ 18:00",
            "prctsTime": "0",
            "doPlan": "Kor",
            "thryTime": "3",
            "totalPrfssNm": "\uc774\uae30\uc138",
            "mngetEstblYn": "N",
            "code": null,
            "crdit": "3",
            "expniSllbsYn": "N",
            "bldngSn": null,
            "bldngCd": null,
            "bldngNm": null,
            "lssnsLcttmUntcd": null,
            "sbjetSctcd2": null,
            "rmnmCd": "201",
            "isApi": null,
            "paging": false,
            "rowStatus": "R",
            "pageSort": null
        },
        {
            "rowIndex": 0,
            "success": false,
            "message": null,
            "pageSize": 100,
            "pageNum": 1,
            "lctreMthodNm": "\ub300\uba74",
            "lctrmInfo": "\uacbd\uc0c1\ub300\ud559",
            "lctreLnggeSctcd": null,
            "crseNo": "MGMT0320-001",
            "estblUnivNm": "\uacbd\uc0c1\ub300\ud559",
            "estblDprtnNm": "\ube44\uc988\ub2c8\uc2a4\uc778\ud154\ub9ac\uc804\uc2a4\uc735\ud569\uc804\uacf5",
            "estblYear": "2022",
            "estblDprtnCd": "1407",
            "estblSmstrSctnm": "1\ud559\uae30",
            "estblSmstrSctcd": "CMBS001400001",
            "estblGrade": "2",
            "sbjetSctnm": "\uc735\ud569\uc804\uacf5",
            "sbjetNm": "\uc6d0\uac00\uad00\ub9ac\ud68c\uacc4\uc6d0\ub860",
            "sbjetDvnno": "001",
            "sbjetCd": "MGMT0320",
            "gubun": null,
            "pckgeRqstPssblYn": "Y",
            "pckgeRqstCnt": "35",
            "name": null,
            "rmrk": "(\uc601\uc5b4)<br>\ud50c\ub9bd\ub4dc\ub7ec\ub2dd\uac15\uc88c<br>",
            "appcrCnt": "36",
            "attlcPrscpCnt": "70",
            "lssnsTimeInfo": "\uc6d4 7A,7B<br/>\uc218 10A,10B<br/>\uc218 9A,9B",
            "lssnsRealTimeInfo": "\uc6d4 15:00 ~ 16:00<br/>\uc218 18:00 ~ 19:00<br/>\uc218 17:00 ~ 18:00",
            "prctsTime": "0",
            "doPlan": "Pre",
            "thryTime": "3",
            "totalPrfssNm": "\uad6c\uad11\uc8fc",
            "mngetEstblYn": "N",
            "code": null,
            "crdit": "3",
            "expniSllbsYn": "N",
            "bldngSn": null,
            "bldngCd": null,
            "bldngNm": null,
            "lssnsLcttmUntcd": null,
            "sbjetSctcd2": null,
            "rmnmCd": "219",
            "isApi": null,
            "paging": false,
            "rowStatus": "R",
            "pageSort": null
        },
        {
            "rowIndex": 0,
            "success": false,
            "message": null,
            "pageSize": 100,
            "pageNum": 1,
            "lctreMthodNm": "\ube44\ub300\uba74",
            "lctrmInfo": "\uacbd\uc0c1\ub300\ud559",
            "lctreLnggeSctcd": null,
            "crseNo": "MGMT0320-004",
            "estblUnivNm": "\uacbd\uc0c1\ub300\ud559",
            "estblDprtnNm": "\ube44\uc988\ub2c8\uc2a4\uc778\ud154\ub9ac\uc804\uc2a4\uc735\ud569\uc804\uacf5",
            "estblYear": "2022",
            "estblDprtnCd": "1407",
            "estblSmstrSctnm": "1\ud559\uae30",
            "estblSmstrSctcd": "CMBS001400001",
            "estblGrade": "2",
            "sbjetSctnm": "\uc735\ud569\uc804\uacf5",
            "sbjetNm": "\uc6d0\uac00\uad00\ub9ac\ud68c\uacc4\uc6d0\ub860",
            "sbjetDvnno": "004",
            "sbjetCd": "MGMT0320",
            "gubun": null,
            "pckgeRqstPssblYn": "Y",
            "pckgeRqstCnt": "118",
            "name": null,
            "rmrk": null,
            "appcrCnt": "70",
            "attlcPrscpCnt": "70",
            "lssnsTimeInfo": "\ud654 7A,7B,8A<br/>\ubaa9 7A,7B,8A",
            "lssnsRealTimeInfo": "\ud654 15:00 ~ 16:30<br/>\ubaa9 15:00 ~ 16:30",
            "prctsTime": "0",
            "doPlan": "Kor",
            "thryTime": "3",
            "totalPrfssNm": "\uc815\ub3d9\uc9c4",
            "mngetEstblYn": "N",
            "code": null,
            "crdit": "3",
            "expniSllbsYn": "N",
            "bldngSn": null,
            "bldngCd": null,
            "bldngNm": null,
            "lssnsLcttmUntcd": null,
            "sbjetSctcd2": null,
            "rmnmCd": "201",
            "isApi": null,
            "paging": false,
            "rowStatus": "R",
            "pageSort": null
        },
        {
            "rowIndex": 0,
            "success": false,
            "message": null,
            "pageSize": 100,
            "pageNum": 1,
            "lctreMthodNm": "\ub300\uba74",
            "lctrmInfo": "\uc81c4\ud569\ub3d9\uac15\uc758\ub3d9",
            "lctreLnggeSctcd": null,
            "crseNo": "MGMT0312-001",
            "estblUnivNm": "\uacbd\uc0c1\ub300\ud559",
            "estblDprtnNm": "\ube44\uc988\ub2c8\uc2a4\uc778\ud154\ub9ac\uc804\uc2a4\uc735\ud569\uc804\uacf5",
            "estblYear": "2022",
            "estblDprtnCd": "1407",
            "estblSmstrSctnm": "1\ud559\uae30",
            "estblSmstrSctcd": "CMBS001400001",
            "estblGrade": "3",
            "sbjetSctnm": "\uc735\ud569\uc804\uacf5",
            "sbjetNm": "\uc7ac\ubb34\uc81c\ud45c\ubd84\uc11d",
            "sbjetDvnno": "001",
            "sbjetCd": "MGMT0312",
            "gubun": null,
            "pckgeRqstPssblYn": "Y",
            "pckgeRqstCnt": "130",
            "name": null,
            "rmrk": null,
            "appcrCnt": "63",
            "attlcPrscpCnt": "70",
            "lssnsTimeInfo": "\uc6d4 8B,9A,9B<br/>\uc218 7A,7B,8A",
            "lssnsRealTimeInfo": "\uc6d4 16:30 ~ 18:00<br/>\uc218 15:00 ~ 16:30",
            "prctsTime": "0",
            "doPlan": "Kor",
            "thryTime": "3",
            "totalPrfssNm": "\uae40\uacbd\ud654",
            "mngetEstblYn": "N",
            "code": null,
            "crdit": "3",
            "expniSllbsYn": "N",
            "bldngSn": null,
            "bldngCd": null,
            "bldngNm": null,
            "lssnsLcttmUntcd": null,
            "sbjetSctcd2": null,
            "rmnmCd": "307",
            "isApi": null,
            "paging": false,
            "rowStatus": "R",
            "pageSort": null
        },
        {
            "rowIndex": 0,
            "success": false,
            "message": null,
            "pageSize": 100,
            "pageNum": 1,
            "lctreMthodNm": "\ub300\uba74",
            "lctrmInfo": "\uacbd\uc0c1\ub300\ud559",
            "lctreLnggeSctcd": null,
            "crseNo": "MGMT0320-002",
            "estblUnivNm": "\uacbd\uc0c1\ub300\ud559",
            "estblDprtnNm": "\ube44\uc988\ub2c8\uc2a4\uc778\ud154\ub9ac\uc804\uc2a4\uc735\ud569\uc804\uacf5",
            "estblYear": "2022",
            "estblDprtnCd": "1407",
            "estblSmstrSctnm": "1\ud559\uae30",
            "estblSmstrSctcd": "CMBS001400001",
            "estblGrade": "2",
            "sbjetSctnm": "\uc735\ud569\uc804\uacf5",
            "sbjetNm": "\uc6d0\uac00\uad00\ub9ac\ud68c\uacc4\uc6d0\ub860",
            "sbjetDvnno": "002",
            "sbjetCd": "MGMT0320",
            "gubun": null,
            "pckgeRqstPssblYn": "Y",
            "pckgeRqstCnt": "54",
            "name": null,
            "rmrk": "(\uc601\uc5b4)<br>",
            "appcrCnt": "27",
            "attlcPrscpCnt": "70",
            "lssnsTimeInfo": "\uc6d4 8B,9A,9B<br/>\uc218 7A,7B,8A",
            "lssnsRealTimeInfo": "\uc6d4 16:30 ~ 18:00<br/>\uc218 15:00 ~ 16:30",
            "prctsTime": "0",
            "doPlan": "Eng",
            "thryTime": "3",
            "totalPrfssNm": "\uad6c\uad11\uc8fc",
            "mngetEstblYn": "N",
            "code": null,
            "crdit": "3",
            "expniSllbsYn": "N",
            "bldngSn": null,
            "bldngCd": null,
            "bldngNm": null,
            "lssnsLcttmUntcd": null,
            "sbjetSctcd2": null,
            "rmnmCd": "219",
            "isApi": null,
            "paging": false,
            "rowStatus": "R",
            "pageSort": null
        },
        {
            "rowIndex": 0,
            "success": false,
            "message": null,
            "pageSize": 100,
            "pageNum": 1,
            "lctreMthodNm": "\ub300\uba74",
            "lctrmInfo": "\uacbd\uc0c1\ub300\ud559",
            "lctreLnggeSctcd": null,
            "crseNo": "MGMT0221-004",
            "estblUnivNm": "\uacbd\uc0c1\ub300\ud559",
            "estblDprtnNm": "\ube44\uc988\ub2c8\uc2a4\uc778\ud154\ub9ac\uc804\uc2a4\uc735\ud569\uc804\uacf5",
            "estblYear": "2022",
            "estblDprtnCd": "1407",
            "estblSmstrSctnm": "1\ud559\uae30",
            "estblSmstrSctcd": "CMBS001400001",
            "estblGrade": "2",
            "sbjetSctnm": "\uc735\ud569\uc804\uacf5",
            "sbjetNm": "\ub9c8\ucf00\ud305",
            "sbjetDvnno": "004",
            "sbjetCd": "MGMT0221",
            "gubun": null,
            "pckgeRqstPssblYn": "Y",
            "pckgeRqstCnt": "67",
            "name": null,
            "rmrk": null,
            "appcrCnt": "59",
            "attlcPrscpCnt": "60",
            "lssnsTimeInfo": "\ud654 8B,9A,9B<br/>\ubaa9 8B,9A,9B",
            "lssnsRealTimeInfo": "\ud654 16:30 ~ 18:00<br/>\ubaa9 16:30 ~ 18:00",
            "prctsTime": "0",
            "doPlan": "Kor",
            "thryTime": "3",
            "totalPrfssNm": "\uac15\ubcf4\ud604",
            "mngetEstblYn": "N",
            "code": null,
            "crdit": "3",
            "expniSllbsYn": "N",
            "bldngSn": null,
            "bldngCd": null,
            "bldngNm": null,
            "lssnsLcttmUntcd": null,
            "sbjetSctcd2": null,
            "rmnmCd": "223",
            "isApi": null,
            "paging": false,
            "rowStatus": "R",
            "pageSort": null
        },
        {
            "rowIndex": 0,
            "success": false,
            "message": null,
            "pageSize": 100,
            "pageNum": 1,
            "lctreMthodNm": "\ube44\ub300\uba74",
            "lctrmInfo": "IT\uc735\ubcf5\ud569\uad00(IT\uc735\ubcf5\ud569\uacf5\ud559\uad00)",
            "lctreLnggeSctcd": null,
            "crseNo": "COMP0324-002",
            "estblUnivNm": "\uacbd\uc0c1\ub300\ud559",
            "estblDprtnNm": "\ube44\uc988\ub2c8\uc2a4\uc778\ud154\ub9ac\uc804\uc2a4\uc735\ud569\uc804\uacf5",
            "estblYear": "2022",
            "estblDprtnCd": "1407",
            "estblSmstrSctnm": "1\ud559\uae30",
            "estblSmstrSctcd": "CMBS001400001",
            "estblGrade": "4",
            "sbjetSctnm": "\uc735\ud569\uc804\uacf5",
            "sbjetNm": "\uc778\uacf5\uc9c0\ub2a5",
            "sbjetDvnno": "002",
            "sbjetCd": "COMP0324",
            "gubun": null,
            "pckgeRqstPssblYn": "Y",
            "pckgeRqstCnt": "77",
            "name": null,
            "rmrk": "(\ud55c\uad6d\uc5b4+\uc601\uc5b4)<br>",
            "appcrCnt": "82",
            "attlcPrscpCnt": "60",
            "lssnsTimeInfo": "\ud654 5B,6A,6B<br/>\ubaa9 2B,3A,3B",
            "lssnsRealTimeInfo": "\ud654 13:30 ~ 15:00<br/>\ubaa9 10:30 ~ 12:00",
            "prctsTime": "0",
            "doPlan": "Kor",
            "thryTime": "3",
            "totalPrfssNm": "\ubc15\uc0c1\ud6a8",
            "mngetEstblYn": "N",
            "code": null,
            "crdit": "3",
            "expniSllbsYn": "N",
            "bldngSn": null,
            "bldngCd": null,
            "bldngNm": null,
            "lssnsLcttmUntcd": null,
            "sbjetSctcd2": null,
            "rmnmCd": "245",
            "isApi": null,
            "paging": false,
            "rowStatus": "R",
            "pageSort": null
        },
        {
            "rowIndex": 0,
            "success": false,
            "message": null,
            "pageSize": 100,
            "pageNum": 1,
            "lctreMthodNm": "\ub300\uba74",
            "lctrmInfo": "\uacbd\uc0c1\ub300\ud559",
            "lctreLnggeSctcd": null,
            "crseNo": "MGMT0221-001",
            "estblUnivNm": "\uacbd\uc0c1\ub300\ud559",
            "estblDprtnNm": "\ube44\uc988\ub2c8\uc2a4\uc778\ud154\ub9ac\uc804\uc2a4\uc735\ud569\uc804\uacf5",
            "estblYear": "2022",
            "estblDprtnCd": "1407",
            "estblSmstrSctnm": "1\ud559\uae30",
            "estblSmstrSctcd": "CMBS001400001",
            "estblGrade": "2",
            "sbjetSctnm": "\uc735\ud569\uc804\uacf5",
            "sbjetNm": "\ub9c8\ucf00\ud305",
            "sbjetDvnno": "001",
            "sbjetCd": "MGMT0221",
            "gubun": null,
            "pckgeRqstPssblYn": "Y",
            "pckgeRqstCnt": "71",
            "name": null,
            "rmrk": null,
            "appcrCnt": "57",
            "attlcPrscpCnt": "60",
            "lssnsTimeInfo": "\uc6d4 1A,1B,2A<br/>\uc218 2B,3A,3B",
            "lssnsRealTimeInfo": "\uc6d4 09:00 ~ 10:30<br/>\uc218 10:30 ~ 12:00",
            "prctsTime": "0",
            "doPlan": "Kor",
            "thryTime": "3",
            "totalPrfssNm": "\uc1a1\uc885\ud638",
            "mngetEstblYn": "N",
            "code": null,
            "crdit": "3",
            "expniSllbsYn": "N",
            "bldngSn": null,
            "bldngCd": null,
            "bldngNm": null,
            "lssnsLcttmUntcd": null,
            "sbjetSctcd2": null,
            "rmnmCd": "207",
            "isApi": null,
            "paging": false,
            "rowStatus": "R",
            "pageSort": null
        },
        {
            "rowIndex": 0,
            "success": false,
            "message": null,
            "pageSize": 100,
            "pageNum": 1,
            "lctreMthodNm": "\ub300\uba74",
            "lctrmInfo": "\uacbd\uc0c1\ub300\ud559",
            "lctreLnggeSctcd": null,
            "crseNo": "MGMT0221-003",
            "estblUnivNm": "\uacbd\uc0c1\ub300\ud559",
            "estblDprtnNm": "\ube44\uc988\ub2c8\uc2a4\uc778\ud154\ub9ac\uc804\uc2a4\uc735\ud569\uc804\uacf5",
            "estblYear": "2022",
            "estblDprtnCd": "1407",
            "estblSmstrSctnm": "1\ud559\uae30",
            "estblSmstrSctcd": "CMBS001400001",
            "estblGrade": "2",
            "sbjetSctnm": "\uc735\ud569\uc804\uacf5",
            "sbjetNm": "\ub9c8\ucf00\ud305",
            "sbjetDvnno": "003",
            "sbjetCd": "MGMT0221",
            "gubun": null,
            "pckgeRqstPssblYn": "Y",
            "pckgeRqstCnt": "70",
            "name": null,
            "rmrk": null,
            "appcrCnt": "58",
            "attlcPrscpCnt": "60",
            "lssnsTimeInfo": "\ud654 7A,7B,8A<br/>\ubaa9 7A,7B,8A",
            "lssnsRealTimeInfo": "\ud654 15:00 ~ 16:30<br/>\ubaa9 15:00 ~ 16:30",
            "prctsTime": "0",
            "doPlan": "Kor",
            "thryTime": "3",
            "totalPrfssNm": "\uac15\ubcf4\ud604",
            "mngetEstblYn": "N",
            "code": null,
            "crdit": "3",
            "expniSllbsYn": "N",
            "bldngSn": null,
            "bldngCd": null,
            "bldngNm": null,
            "lssnsLcttmUntcd": null,
            "sbjetSctcd2": null,
            "rmnmCd": "223",
            "isApi": null,
            "paging": false,
            "rowStatus": "R",
            "pageSort": null
        },
        {
            "rowIndex": 0,
            "success": false,
            "message": null,
            "pageSize": 100,
            "pageNum": 1,
            "lctreMthodNm": "\ub300\uba74",
            "lctrmInfo": "\uacbd\uc0c1\ub300\ud559",
            "lctreLnggeSctcd": null,
            "crseNo": "MGMT0310-002",
            "estblUnivNm": "\uacbd\uc0c1\ub300\ud559",
            "estblDprtnNm": "\ube44\uc988\ub2c8\uc2a4\uc778\ud154\ub9ac\uc804\uc2a4\uc735\ud569\uc804\uacf5",
            "estblYear": "2022",
            "estblDprtnCd": "1407",
            "estblSmstrSctnm": "1\ud559\uae30",
            "estblSmstrSctcd": "CMBS001400001",
            "estblGrade": "2",
            "sbjetSctnm": "\uc735\ud569\uc804\uacf5",
            "sbjetNm": "\uc7ac\ubb34\ud68c\uacc4\uc6d0\ub860",
            "sbjetDvnno": "002",
            "sbjetCd": "MGMT0310",
            "gubun": null,
            "pckgeRqstPssblYn": "Y",
            "pckgeRqstCnt": "60",
            "name": null,
            "rmrk": null,
            "appcrCnt": "59",
            "attlcPrscpCnt": "60",
            "lssnsTimeInfo": "\ud654 5B,6A,6B<br/>\ubaa9 5B,6A,6B",
            "lssnsRealTimeInfo": "\ud654 13:30 ~ 15:00<br/>\ubaa9 13:30 ~ 15:00",
            "prctsTime": "0",
            "doPlan": "Kor",
            "thryTime": "3",
            "totalPrfssNm": "\ubc15\uc120\uc601",
            "mngetEstblYn": "N",
            "code": null,
            "crdit": "3",
            "expniSllbsYn": "N",
            "bldngSn": null,
            "bldngCd": null,
            "bldngNm": null,
            "lssnsLcttmUntcd": null,
            "sbjetSctcd2": null,
            "rmnmCd": "215",
            "isApi": null,
            "paging": false,
            "rowStatus": "R",
            "pageSort": null
        },
        {
            "rowIndex": 0,
            "success": false,
            "message": null,
            "pageSize": 100,
            "pageNum": 1,
            "lctreMthodNm": "\ub300\uba74",
            "lctrmInfo": "IT\ub300\ud5594\ud638\uad00(\uc81c2\ud559\uc0dd\ud68c\uad00)",
            "lctreLnggeSctcd": null,
            "crseNo": "COMP0217-007",
            "estblUnivNm": "\uacbd\uc0c1\ub300\ud559",
            "estblDprtnNm": "\ube44\uc988\ub2c8\uc2a4\uc778\ud154\ub9ac\uc804\uc2a4\uc735\ud569\uc804\uacf5",
            "estblYear": "2022",
            "estblDprtnCd": "1407",
            "estblSmstrSctnm": "1\ud559\uae30",
            "estblSmstrSctcd": "CMBS001400001",
            "estblGrade": "2",
            "sbjetSctnm": "\uc735\ud569\uc804\uacf5",
            "sbjetNm": "\uc790\ubc14\ud504\ub85c\uadf8\ub798\ubc0d",
            "sbjetDvnno": "007",
            "sbjetCd": "COMP0217",
            "gubun": null,
            "pckgeRqstPssblYn": "Y",
            "pckgeRqstCnt": "28",
            "name": null,
            "rmrk": null,
            "appcrCnt": "38",
            "attlcPrscpCnt": "40",
            "lssnsTimeInfo": "\uc218 10A,10B<br/>\uc218 11A,11B<br/>\uc218 12A,12B<br/>\uc218 13A,13B",
            "lssnsRealTimeInfo": "\uc218 18:00 ~ 19:00<br/>\uc218 19:00 ~ 20:00<br/>\uc218 20:00 ~ 21:00<br/>\uc218 21:00 ~ 22:00",
            "prctsTime": "2",
            "doPlan": "Kor",
            "thryTime": "2",
            "totalPrfssNm": "\uae40\uc7ac\uc601",
            "mngetEstblYn": "N",
            "code": null,
            "crdit": "3",
            "expniSllbsYn": "Y",
            "bldngSn": null,
            "bldngCd": null,
            "bldngNm": null,
            "lssnsLcttmUntcd": null,
            "sbjetSctcd2": null,
            "rmnmCd": "106",
            "isApi": null,
            "paging": false,
            "rowStatus": "R",
            "pageSort": null
        }
    ],
    "statusCode": 200
}