{
    "timestamp": "2022-04-28T23:14:10.505",
    "success": true,
    "code": null,
    "msg": null,
    "data": [
        {
            "rowIndex": 0,
            "success": false,
            "message": null,
            "pageSize": 100,
            "pageNum": 1,
            "lctreMthodNm": "\ub300\uba74",
            "lctrmInfo": "IT\uc735\ubcf5\ud569\uad00(IT\uc735\ubcf5\ud569\uacf5\ud559\uad00)",
            "lctreLnggeSctcd": null,
            "crseNo": "CLTR0211-041",
            "estblUnivNm": "IT\ub300\ud559",
            "estblDprtnNm": "\uc804\uae30\uacf5\ud559\uacfc",
            "estblYear": "2022",
            "estblDprtnCd": "1O03",
            "estblSmstrSctnm": "1\ud559\uae30",
            "estblSmstrSctcd": "CMBS001400001",
            "estblGrade": "1",
            "sbjetSctnm": "\uc804\uacf5\uae30\ubc18",
            "sbjetNm": "\uc218\ud559 I",
            "sbjetDvnno": "041",
            "sbjetCd": "CLTR0211",
            "gubun": null,
            "pckgeRqstPssblYn": "N",
            "pckgeRqstCnt": "0",
            "name": null,
            "rmrk": null,
            "appcrCnt": "36",
            "attlcPrscpCnt": "50",
            "lssnsTimeInfo": "\uc6d4 2B,3A,3B<br/>\uae08 1A,1B,2A",
            "lssnsRealTimeInfo": "\uc6d4 10:30 ~ 12:00<br/>\uae08 09:00 ~ 10:30",
            "prctsTime": "0",
            "doPlan": "Kor",
            "thryTime": "3",
            "totalPrfssNm": "\ucd5c\uc724\ud76c",
            "mngetEstblYn": "Y",
            "code": null,
            "crdit": "3",
            "expniSllbsYn": "Y",
            "bldngSn": null,
            "bldngCd": null,
            "bldngNm": null,
            "lssnsLcttmUntcd": null,
            "sbjetSctcd2": null,
            "rmnmCd": "427",
            "isApi": null,
            "paging": false,
            "rowStatus": "R",
            "pageSort": null
        },
        {
            "rowIndex": 0,
            "success": false,
            "message": null,
            "pageSize": 100,
            "pageNum": 1,
            "lctreMthodNm": "\ub300\uba74",
            "lctrmInfo": "\uacf5\ub3008\ud638\uad00",
            "lctreLnggeSctcd": null,
            "crseNo": "EECS0201-002",
            "estblUnivNm": "IT\ub300\ud559",
            "estblDprtnNm": "\uc804\uae30\uacf5\ud559\uacfc",
            "estblYear": "2022",
            "estblDprtnCd": "1O03",
            "estblSmstrSctnm": "1\ud559\uae30",
            "estblSmstrSctcd": "CMBS001400001",
            "estblGrade": "1",
            "sbjetSctnm": "\uc804\uacf5\uae30\ubc18",
            "sbjetNm": "C\ud504\ub85c\uadf8\ub798\ubc0d\uacfc\uc2e4\uc2b5",
            "sbjetDvnno": "002",
            "sbjetCd": "EECS0201",
            "gubun": null,
            "pckgeRqstPssblYn": "N",
            "pckgeRqstCnt": "0",
            "name": null,
            "rmrk": null,
            "appcrCnt": "26",
            "attlcPrscpCnt": "30",
            "lssnsTimeInfo": "\ud654 1A,1B<br/>\ud654 2A,2B<br/>\ud654 3A,3B<br/>\ud654 4A,4B",
            "lssnsRealTimeInfo": "\ud654 09:00 ~ 10:00<br/>\ud654 10:00 ~ 11:00<br/>\ud654 11:00 ~ 12:00<br/>\ud654 12:00 ~ 13:00",
            "prctsTime": "2",
            "doPlan": "Kor",
            "thryTime": "2",
            "totalPrfssNm": "\uae40\ud615\ud45c",
            "mngetEstblYn": "Y",
            "code": null,
            "crdit": "3",
            "expniSllbsYn": "Y",
            "bldngSn": null,
            "bldngCd": null,
            "bldngNm": null,
            "lssnsLcttmUntcd": null,
            "sbjetSctcd2": null,
            "rmnmCd": "301",
            "isApi": null,
            "paging": false,
            "rowStatus": "R",
            "pageSort": null
        },
        {
            "rowIndex": 0,
            "success": false,
            "message": null,
            "pageSize": 100,
            "pageNum": 1,
            "lctreMthodNm": "\ub300\uba74",
            "lctrmInfo": "IT\uc735\ubcf5\ud569\uad00(IT\uc735\ubcf5\ud569\uacf5\ud559\uad00)\uacf5\ub3008\ud638\uad00",
            "lctreLnggeSctcd": null,
            "crseNo": "ELEE0215-001",
            "estblUnivNm": "IT\ub300\ud559",
            "estblDprtnNm": "\uc804\uae30\uacf5\ud559\uacfc",
            "estblYear": "2022",
            "estblDprtnCd": "1O03",
            "estblSmstrSctnm": "1\ud559\uae30",
            "estblSmstrSctcd": "CMBS001400001",
            "estblGrade": "1",
            "sbjetSctnm": "\uacf5\ud559\uc804\uacf5",
            "sbjetNm": "\uc804\uae30\uacf5\ud559\uc138\ubbf8\ub098 1",
            "sbjetDvnno": "001",
            "sbjetCd": "ELEE0215",
            "gubun": null,
            "pckgeRqstPssblYn": "N",
            "pckgeRqstCnt": "0",
            "name": null,
            "rmrk": null,
            "appcrCnt": "41",
            "attlcPrscpCnt": "40",
            "lssnsTimeInfo": "\uc218 5B,6A,6B<br/>\uae08 5B,6A,6B",
            "lssnsRealTimeInfo": "\uc218 13:30 ~ 15:00<br/>\uae08 13:30 ~ 15:00",
            "prctsTime": "0",
            "doPlan": "Kor",
            "thryTime": "3",
            "totalPrfssNm": "\uc815\uc7ac\uc815",
            "mngetEstblYn": "Y",
            "code": null,
            "crdit": "3",
            "expniSllbsYn": "Y",
            "bldngSn": null,
            "bldngCd": null,
            "bldngNm": null,
            "lssnsLcttmUntcd": null,
            "sbjetSctcd2": null,
            "rmnmCd": "422301",
            "isApi": null,
            "paging": false,
            "rowStatus": "R",
            "pageSort": null
        },
        {
            "rowIndex": 0,
            "success": false,
            "message": null,
            "pageSize": 100,
            "pageNum": 1,
            "lctreMthodNm": "\ube44\ub300\uba74",
            "lctrmInfo": "IT\uc735\ubcf5\ud569\uad00(IT\uc735\ubcf5\ud569\uacf5\ud559\uad00)",
            "lctreLnggeSctcd": null,
            "crseNo": "CLTR0045-027",
            "estblUnivNm": "IT\ub300\ud559",
            "estblDprtnNm": "\uc804\uae30\uacf5\ud559\uacfc",
            "estblYear": "2022",
            "estblDprtnCd": "1O03",
            "estblSmstrSctnm": "1\ud559\uae30",
            "estblSmstrSctcd": "CMBS001400001",
            "estblGrade": "1",
            "sbjetSctnm": "\uae30\ubcf8\uc18c\uc591",
            "sbjetNm": "\ub17c\ub9ac\uc640 \ube44\ud310\uc801 \uc0ac\uace0",
            "sbjetDvnno": "027",
            "sbjetCd": "CLTR0045",
            "gubun": null,
            "pckgeRqstPssblYn": "N",
            "pckgeRqstCnt": "0",
            "name": null,
            "rmrk": "<b>\uc778\ubb38\uad50\uc591</b><br>",
            "appcrCnt": "73",
            "attlcPrscpCnt": "70",
            "lssnsTimeInfo": "\uc6d4 1A,1B,2A<br/>\uc218 2B,3A,3B",
            "lssnsRealTimeInfo": "\uc6d4 09:00 ~ 10:30<br/>\uc218 10:30 ~ 12:00",
            "prctsTime": "0",
            "doPlan": "Kor",
            "thryTime": "3",
            "totalPrfssNm": "\uc11d\uc601\uc9c4",
            "mngetEstblYn": "Y",
            "code": null,
            "crdit": "3",
            "expniSllbsYn": "Y",
            "bldngSn": null,
            "bldngCd": null,
            "bldngNm": null,
            "lssnsLcttmUntcd": null,
            "sbjetSctcd2": null,
            "rmnmCd": "422",
            "isApi": null,
            "paging": false,
            "rowStatus": "R",
            "pageSort": null
        },
        {
            "rowIndex": 0,
            "success": false,
            "message": null,
            "pageSize": 100,
            "pageNum": 1,
            "lctreMthodNm": "\ub300\uba74",
            "lctrmInfo": "IT\uc735\ubcf5\ud569\uad00(IT\uc735\ubcf5\ud569\uacf5\ud559\uad00)",
            "lctreLnggeSctcd": null,
            "crseNo": "CLTR0211-040",
            "estblUnivNm": "IT\ub300\ud559",
            "estblDprtnNm": "\uc804\uae30\uacf5\ud559\uacfc",
            "estblYear": "2022",
            "estblDprtnCd": "1O03",
            "estblSmstrSctnm": "1\ud559\uae30",
            "estblSmstrSctcd": "CMBS001400001",
            "estblGrade": "1",
            "sbjetSctnm": "\uc804\uacf5\uae30\ubc18",
            "sbjetNm": "\uc218\ud559 I",
            "sbjetDvnno": "040",
            "sbjetCd": "CLTR0211",
            "gubun": null,
            "pckgeRqstPssblYn": "N",
            "pckgeRqstCnt": "0",
            "name": null,
            "rmrk": null,
            "appcrCnt": "25",
            "attlcPrscpCnt": "50",
            "lssnsTimeInfo": "\uc6d4 2B,3A,3B<br/>\uae08 1A,1B,2A",
            "lssnsRealTimeInfo": "\uc6d4 10:30 ~ 12:00<br/>\uae08 09:00 ~ 10:30",
            "prctsTime": "0",
            "doPlan": "Kor",
            "thryTime": "3",
            "totalPrfssNm": "\uc815\uc6d0\uade0",
            "mngetEstblYn": "Y",
            "code": null,
            "crdit": "3",
            "expniSllbsYn": "Y",
            "bldngSn": null,
            "bldngCd": null,
            "bldngNm": null,
            "lssnsLcttmUntcd": null,
            "sbjetSctcd2": null,
            "rmnmCd": "421",
            "isApi": null,
            "paging": false,
            "rowStatus": "R",
            "pageSort": null
        },
        {
            "rowIndex": 0,
            "success": false,
            "message": null,
            "pageSize": 100,
            "pageNum": 1,
            "lctreMthodNm": "\ub300\uba74",
            "lctrmInfo": "IT\uc735\ubcf5\ud569\uad00(IT\uc735\ubcf5\ud569\uacf5\ud559\uad00)",
            "lctreLnggeSctcd": null,
            "crseNo": "EECS0410-001",
            "estblUnivNm": "IT\ub300\ud559",
            "estblDprtnNm": "\uc804\uae30\uacf5\ud559\uacfc",
            "estblYear": "2022",
            "estblDprtnCd": "1O03",
            "estblSmstrSctnm": "1\ud559\uae30",
            "estblSmstrSctcd": "CMBS001400001",
            "estblGrade": "4",
            "sbjetSctnm": "\uacf5\ud559\uc804\uacf5",
            "sbjetNm": "\uace0\uc804\uc555\uacf5\ud559",
            "sbjetDvnno": "001",
            "sbjetCd": "EECS0410",
            "gubun": null,
            "pckgeRqstPssblYn": "Y",
            "pckgeRqstCnt": "36",
            "name": null,
            "rmrk": null,
            "appcrCnt": "30",
            "attlcPrscpCnt": "60",
            "lssnsTimeInfo": "\uc6d4 8B,9A,9B<br/>\uc218 7A,7B,8A",
            "lssnsRealTimeInfo": "\uc6d4 16:30 ~ 18:00<br/>\uc218 15:00 ~ 16:30",
            "prctsTime": "0",
            "doPlan": "Kor",
            "thryTime": "3",
            "totalPrfssNm": "\uc774\uc138\ud76c",
            "mngetEstblYn": "Y",
            "code": null,
            "crdit": "3",
            "expniSllbsYn": "Y",
            "bldngSn": null,
            "bldngCd": null,
            "bldngNm": null,
            "lssnsLcttmUntcd": null,
            "sbjetSctcd2": null,
            "rmnmCd": "422",
            "isApi": null,
            "paging": false,
            "rowStatus": "R",
            "pageSort": null
        },
        {
            "rowIndex": 0,
            "success": false,
            "message": null,
            "pageSize": 100,
            "pageNum": 1,
            "lctreMthodNm": "\ub300\uba74",
            "lctrmInfo": "IT\uc735\ubcf5\ud569\uad00(IT\uc735\ubcf5\ud569\uacf5\ud559\uad00)",
            "lctreLnggeSctcd": null,
            "crseNo": "ELEC0246-010",
            "estblUnivNm": "IT\ub300\ud559",
            "estblDprtnNm": "\uc804\uae30\uacf5\ud559\uacfc",
            "estblYear": "2022",
            "estblDprtnCd": "1O03",
            "estblSmstrSctnm": "1\ud559\uae30",
            "estblSmstrSctcd": "CMBS001400001",
            "estblGrade": "3",
            "sbjetSctnm": "\uacf5\ud559\uc804\uacf5",
            "sbjetNm": "\uc804\uc790\ud68c\ub85c2",
            "sbjetDvnno": "010",
            "sbjetCd": "ELEC0246",
            "gubun": null,
            "pckgeRqstPssblYn": "Y",
            "pckgeRqstCnt": "74",
            "name": null,
            "rmrk": "(\uc601\uc5b4)<br>",
            "appcrCnt": "51",
            "attlcPrscpCnt": "50",
            "lssnsTimeInfo": "\ud654 8B,9A,9B<br/>\ubaa9 8B,9A,9B",
            "lssnsRealTimeInfo": "\ud654 16:30 ~ 18:00<br/>\ubaa9 16:30 ~ 18:00",
            "prctsTime": "0",
            "doPlan": "Eng",
            "thryTime": "3",
            "totalPrfssNm": "\uae40\ud64d\uc900",
            "mngetEstblYn": "Y",
            "code": null,
            "crdit": "3",
            "expniSllbsYn": "Y",
            "bldngSn": null,
            "bldngCd": null,
            "bldngNm": null,
            "lssnsLcttmUntcd": null,
            "sbjetSctcd2": null,
            "rmnmCd": "421",
            "isApi": null,
            "paging": false,
            "rowStatus": "R",
            "pageSort": null
        },
        {
            "rowIndex": 0,
            "success": false,
            "message": null,
            "pageSize": 100,
            "pageNum": 1,
            "lctreMthodNm": "\ub300\uba74",
            "lctrmInfo": "IT\uc735\ubcf5\ud569\uad00(IT\uc735\ubcf5\ud569\uacf5\ud559\uad00)",
            "lctreLnggeSctcd": null,
            "crseNo": "CLTR0205-031",
            "estblUnivNm": "IT\ub300\ud559",
            "estblDprtnNm": "\uc804\uae30\uacf5\ud559\uacfc",
            "estblYear": "2022",
            "estblDprtnCd": "1O03",
            "estblSmstrSctnm": "1\ud559\uae30",
            "estblSmstrSctcd": "CMBS001400001",
            "estblGrade": "3",
            "sbjetSctnm": "\uae30\ubcf8\uc18c\uc591",
            "sbjetNm": "\ub300\ud559\uae00\uc4f0\uae30",
            "sbjetDvnno": "031",
            "sbjetCd": "CLTR0205",
            "gubun": null,
            "pckgeRqstPssblYn": "Y",
            "pckgeRqstCnt": "41",
            "name": null,
            "rmrk": "<b>\uc778\ubb38\uad50\uc591</b><br>",
            "appcrCnt": "30",
            "attlcPrscpCnt": "30",
            "lssnsTimeInfo": "\ud654 2B,3A,3B<br/>\ubaa9 1A,1B,2A",
            "lssnsRealTimeInfo": "\ud654 10:30 ~ 12:00<br/>\ubaa9 09:00 ~ 10:30",
            "prctsTime": "0",
            "doPlan": "Kor",
            "thryTime": "3",
            "totalPrfssNm": "\uae40\ub3d9\ud604",
            "mngetEstblYn": "Y",
            "code": null,
            "crdit": "3",
            "expniSllbsYn": "Y",
            "bldngSn": null,
            "bldngCd": null,
            "bldngNm": null,
            "lssnsLcttmUntcd": null,
            "sbjetSctcd2": null,
            "rmnmCd": "421",
            "isApi": null,
            "paging": false,
            "rowStatus": "R",
            "pageSort": null
        },
        {
            "rowIndex": 0,
            "success": false,
            "message": null,
            "pageSize": 100,
            "pageNum": 1,
            "lctreMthodNm": "\ub300\uba74",
            "lctrmInfo": "IT\uc735\ubcf5\ud569\uad00(IT\uc735\ubcf5\ud569\uacf5\ud559\uad00)",
            "lctreLnggeSctcd": null,
            "crseNo": "ELEC0241-009",
            "estblUnivNm": "IT\ub300\ud559",
            "estblDprtnNm": "\uc804\uae30\uacf5\ud559\uacfc",
            "estblYear": "2022",
            "estblDprtnCd": "1O03",
            "estblSmstrSctnm": "1\ud559\uae30",
            "estblSmstrSctcd": "CMBS001400001",
            "estblGrade": "2",
            "sbjetSctnm": "\uacf5\ud559\uc804\uacf5",
            "sbjetNm": "\uc804\uc790\uc7a51",
            "sbjetDvnno": "009",
            "sbjetCd": "ELEC0241",
            "gubun": null,
            "pckgeRqstPssblYn": "Y",
            "pckgeRqstCnt": "51",
            "name": null,
            "rmrk": null,
            "appcrCnt": "52",
            "attlcPrscpCnt": "50",
            "lssnsTimeInfo": "\ud654 1A,1B,2A<br/>\ubaa9 2B,3A,3B",
            "lssnsRealTimeInfo": "\ud654 09:00 ~ 10:30<br/>\ubaa9 10:30 ~ 12:00",
            "prctsTime": "0",
            "doPlan": "Kor",
            "thryTime": "3",
            "totalPrfssNm": "\ucd5c\ud64d\uc21c",
            "mngetEstblYn": "Y",
            "code": null,
            "crdit": "3",
            "expniSllbsYn": "Y",
            "bldngSn": null,
            "bldngCd": null,
            "bldngNm": null,
            "lssnsLcttmUntcd": null,
            "sbjetSctcd2": null,
            "rmnmCd": "427",
            "isApi": null,
            "paging": false,
            "rowStatus": "R",
            "pageSort": null
        },
        {
            "rowIndex": 0,
            "success": false,
            "message": null,
            "pageSize": 100,
            "pageNum": 1,
            "lctreMthodNm": "\ub300\uba74",
            "lctrmInfo": "\uacf5\ub3008\ud638\uad00IT\uc735\ubcf5\ud569\uad00(IT\uc735\ubcf5\ud569\uacf5\ud559\uad00)",
            "lctreLnggeSctcd": null,
            "crseNo": "ELEC0334-002",
            "estblUnivNm": "IT\ub300\ud559",
            "estblDprtnNm": "\uc804\uae30\uacf5\ud559\uacfc",
            "estblYear": "2022",
            "estblDprtnCd": "1O03",
            "estblSmstrSctnm": "1\ud559\uae30",
            "estblSmstrSctcd": "CMBS001400001",
            "estblGrade": "3",
            "sbjetSctnm": "\uacf5\ud559\uc804\uacf5",
            "sbjetNm": "\uc804\ub825\uc804\uc790",
            "sbjetDvnno": "002",
            "sbjetCd": "ELEC0334",
            "gubun": null,
            "pckgeRqstPssblYn": "Y",
            "pckgeRqstCnt": "82",
            "name": null,
            "rmrk": null,
            "appcrCnt": "53",
            "attlcPrscpCnt": "50",
            "lssnsTimeInfo": "\uc218 2B,3A,3B<br/>\uae08 2B,3A,3B",
            "lssnsRealTimeInfo": "\uc218 10:30 ~ 12:00<br/>\uae08 10:30 ~ 12:00",
            "prctsTime": "0",
            "doPlan": "Kor",
            "thryTime": "3",
            "totalPrfssNm": "\uc815\uc7ac\uc815",
            "mngetEstblYn": "Y",
            "code": null,
            "crdit": "3",
            "expniSllbsYn": "Y",
            "bldngSn": null,
            "bldngCd": null,
            "bldngNm": null,
            "lssnsLcttmUntcd": null,
            "sbjetSctcd2": null,
            "rmnmCd": "201422",
            "isApi": null,
            "paging": false,
            "rowStatus": "R",
            "pageSort": null
        },
        {
            "rowIndex": 0,
            "success": false,
            "message": null,
            "pageSize": 100,
            "pageNum": 1,
            "lctreMthodNm": "\ub300\uba74",
            "lctrmInfo": "\uacf5\ub3008\ud638\uad00",
            "lctreLnggeSctcd": null,
            "crseNo": "ELEC0243-010",
            "estblUnivNm": "IT\ub300\ud559",
            "estblDprtnNm": "\uc804\uae30\uacf5\ud559\uacfc",
            "estblYear": "2022",
            "estblDprtnCd": "1O03",
            "estblSmstrSctnm": "1\ud559\uae30",
            "estblSmstrSctcd": "CMBS001400001",
            "estblGrade": "2",
            "sbjetSctnm": "\uacf5\ud559\uc804\uacf5",
            "sbjetNm": "\ud68c\ub85c\uc774\ub8601",
            "sbjetDvnno": "010",
            "sbjetCd": "ELEC0243",
            "gubun": null,
            "pckgeRqstPssblYn": "Y",
            "pckgeRqstCnt": "45",
            "name": null,
            "rmrk": null,
            "appcrCnt": "50",
            "attlcPrscpCnt": "50",
            "lssnsTimeInfo": "\ud654 7A,7B,8A<br/>\ubaa9 7A,7B,8A",
            "lssnsRealTimeInfo": "\ud654 15:00 ~ 16:30<br/>\ubaa9 15:00 ~ 16:30",
            "prctsTime": "0",
            "doPlan": "Kor",
            "thryTime": "3",
            "totalPrfssNm": "\uae40\ud615\ud45c",
            "mngetEstblYn": "Y",
            "code": null,
            "crdit": "3",
            "expniSllbsYn": "Y",
            "bldngSn": null,
            "bldngCd": null,
            "bldngNm": null,
            "lssnsLcttmUntcd": null,
            "sbjetSctcd2": null,
            "rmnmCd": "201",
            "isApi": null,
            "paging": false,
            "rowStatus": "R",
            "pageSort": null
        },
        {
            "rowIndex": 0,
            "success": false,
            "message": null,
            "pageSize": 100,
            "pageNum": 1,
            "lctreMthodNm": "\ub300\uba74",
            "lctrmInfo": "IT\uc735\ubcf5\ud569\uad00(IT\uc735\ubcf5\ud569\uacf5\ud559\uad00)",
            "lctreLnggeSctcd": null,
            "crseNo": "ELEC0246-009",
            "estblUnivNm": "IT\ub300\ud559",
            "estblDprtnNm": "\uc804\uae30\uacf5\ud559\uacfc",
            "estblYear": "2022",
            "estblDprtnCd": "1O03",
            "estblSmstrSctnm": "1\ud559\uae30",
            "estblSmstrSctcd": "CMBS001400001",
            "estblGrade": "3",
            "sbjetSctnm": "\uacf5\ud559\uc804\uacf5",
            "sbjetNm": "\uc804\uc790\ud68c\ub85c2",
            "sbjetDvnno": "009",
            "sbjetCd": "ELEC0246",
            "gubun": null,
            "pckgeRqstPssblYn": "Y",
            "pckgeRqstCnt": "72",
            "name": null,
            "rmrk": "(\uc601\uc5b4)<br>",
            "appcrCnt": "55",
            "attlcPrscpCnt": "50",
            "lssnsTimeInfo": "\ud654 5B,6A,6B<br/>\ubaa9 5B,6A,6B",
            "lssnsRealTimeInfo": "\ud654 13:30 ~ 15:00<br/>\ubaa9 13:30 ~ 15:00",
            "prctsTime": "0",
            "doPlan": "Eng",
            "thryTime": "3",
            "totalPrfssNm": "\uae40\ud64d\uc900",
            "mngetEstblYn": "Y",
            "code": null,
            "crdit": "3",
            "expniSllbsYn": "Y",
            "bldngSn": null,
            "bldngCd": null,
            "bldngNm": null,
            "lssnsLcttmUntcd": null,
            "sbjetSctcd2": null,
            "rmnmCd": "421",
            "isApi": null,
            "paging": false,
            "rowStatus": "R",
            "pageSort": null
        },
        {
            "rowIndex": 0,
            "success": false,
            "message": null,
            "pageSize": 100,
            "pageNum": 1,
            "lctreMthodNm": "\ub300\uba74",
            "lctrmInfo": "IT\uc735\ubcf5\ud569\uad00(IT\uc735\ubcf5\ud569\uacf5\ud559\uad00)",
            "lctreLnggeSctcd": null,
            "crseNo": "ELEE0213-002",
            "estblUnivNm": "IT\ub300\ud559",
            "estblDprtnNm": "\uc804\uae30\uacf5\ud559\uacfc",
            "estblYear": "2022",
            "estblDprtnCd": "1O03",
            "estblSmstrSctnm": "1\ud559\uae30",
            "estblSmstrSctcd": "CMBS001400001",
            "estblGrade": "1",
            "sbjetSctnm": "\uc804\uacf5\uae30\ubc18",
            "sbjetNm": "\uc804\uae30\ubb3c\ub9ac\ud559\uc2e4\ud5d8 1",
            "sbjetDvnno": "002",
            "sbjetCd": "ELEE0213",
            "gubun": null,
            "pckgeRqstPssblYn": "N",
            "pckgeRqstCnt": "0",
            "name": null,
            "rmrk": null,
            "appcrCnt": "24",
            "attlcPrscpCnt": "30",
            "lssnsTimeInfo": "\ubaa9 6A,6B<br/>\ubaa9 7A,7B<br/>\ubaa9 8A,8B<br/>\ubaa9 9A,9B",
            "lssnsRealTimeInfo": "\ubaa9 14:00 ~ 15:00<br/>\ubaa9 15:00 ~ 16:00<br/>\ubaa9 16:00 ~ 17:00<br/>\ubaa9 17:00 ~ 18:00",
            "prctsTime": "2",
            "doPlan": "Kor",
            "thryTime": "2",
            "totalPrfssNm": "\uae40\ub3d9\ud6c8",
            "mngetEstblYn": "Y",
            "code": null,
            "crdit": "3",
            "expniSllbsYn": "Y",
            "bldngSn": null,
            "bldngCd": null,
            "bldngNm": null,
            "lssnsLcttmUntcd": null,
            "sbjetSctcd2": null,
            "rmnmCd": "434",
            "isApi": null,
            "paging": false,
            "rowStatus": "R",
            "pageSort": null
        },
        {
            "rowIndex": 0,
            "success": false,
            "message": null,
            "pageSize": 100,
            "pageNum": 1,
            "lctreMthodNm": "\ub300\uba74",
            "lctrmInfo": "IT\uc735\ubcf5\ud569\uad00(IT\uc735\ubcf5\ud569\uacf5\ud559\uad00)\uacf5\ub3008\ud638\uad00",
            "lctreLnggeSctcd": null,
            "crseNo": "ELEE0215-002",
            "estblUnivNm": "IT\ub300\ud559",
            "estblDprtnNm": "\uc804\uae30\uacf5\ud559\uacfc",
            "estblYear": "2022",
            "estblDprtnCd": "1O03",
            "estblSmstrSctnm": "1\ud559\uae30",
            "estblSmstrSctcd": "CMBS001400001",
            "estblGrade": "1",
            "sbjetSctnm": "\uacf5\ud559\uc804\uacf5",
            "sbjetNm": "\uc804\uae30\uacf5\ud559\uc138\ubbf8\ub098 1",
            "sbjetDvnno": "002",
            "sbjetCd": "ELEE0215",
            "gubun": null,
            "pckgeRqstPssblYn": "N",
            "pckgeRqstCnt": "0",
            "name": null,
            "rmrk": null,
            "appcrCnt": "41",
            "attlcPrscpCnt": "40",
            "lssnsTimeInfo": "\uc218 5B,6A,6B<br/>\uae08 2B,3A,3B",
            "lssnsRealTimeInfo": "\uc218 13:30 ~ 15:00<br/>\uae08 10:30 ~ 12:00",
            "prctsTime": "0",
            "doPlan": "Kor",
            "thryTime": "3",
            "totalPrfssNm": "\uae08\uc0c1\ud0dd",
            "mngetEstblYn": "Y",
            "code": null,
            "crdit": "3",
            "expniSllbsYn": "Y",
            "bldngSn": null,
            "bldngCd": null,
            "bldngNm": null,
            "lssnsLcttmUntcd": null,
            "sbjetSctcd2": null,
            "rmnmCd": "421301",
            "isApi": null,
            "paging": false,
            "rowStatus": "R",
            "pageSort": null
        },
        {
            "rowIndex": 0,
            "success": false,
            "message": null,
            "pageSize": 100,
            "pageNum": 1,
            "lctreMthodNm": "\ub300\uba74",
            "lctrmInfo": "IT\uc735\ubcf5\ud569\uad00(IT\uc735\ubcf5\ud569\uacf5\ud559\uad00)",
            "lctreLnggeSctcd": null,
            "crseNo": "ELEC0241-008",
            "estblUnivNm": "IT\ub300\ud559",
            "estblDprtnNm": "\uc804\uae30\uacf5\ud559\uacfc",
            "estblYear": "2022",
            "estblDprtnCd": "1O03",
            "estblSmstrSctnm": "1\ud559\uae30",
            "estblSmstrSctcd": "CMBS001400001",
            "estblGrade": "2",
            "sbjetSctnm": "\uacf5\ud559\uc804\uacf5",
            "sbjetNm": "\uc804\uc790\uc7a51",
            "sbjetDvnno": "008",
            "sbjetCd": "ELEC0241",
            "gubun": null,
            "pckgeRqstPssblYn": "Y",
            "pckgeRqstCnt": "60",
            "name": null,
            "rmrk": null,
            "appcrCnt": "61",
            "attlcPrscpCnt": "60",
            "lssnsTimeInfo": "\ud654 1A,1B,2A<br/>\ubaa9 2B,3A,3B",
            "lssnsRealTimeInfo": "\ud654 09:00 ~ 10:30<br/>\ubaa9 10:30 ~ 12:00",
            "prctsTime": "0",
            "doPlan": "Kor",
            "thryTime": "3",
            "totalPrfssNm": "\uc774\uc138\ud76c",
            "mngetEstblYn": "Y",
            "code": null,
            "crdit": "3",
            "expniSllbsYn": "Y",
            "bldngSn": null,
            "bldngCd": null,
            "bldngNm": null,
            "lssnsLcttmUntcd": null,
            "sbjetSctcd2": null,
            "rmnmCd": "422",
            "isApi": null,
            "paging": false,
            "rowStatus": "R",
            "pageSort": null
        },
        {
            "rowIndex": 0,
            "success": false,
            "message": null,
            "pageSize": 100,
            "pageNum": 1,
            "lctreMthodNm": "\ub300\uba74",
            "lctrmInfo": "IT\uc735\ubcf5\ud569\uad00(IT\uc735\ubcf5\ud569\uacf5\ud559\uad00)",
            "lctreLnggeSctcd": null,
            "crseNo": "ELEE0213-001",
            "estblUnivNm": "IT\ub300\ud559",
            "estblDprtnNm": "\uc804\uae30\uacf5\ud559\uacfc",
            "estblYear": "2022",
            "estblDprtnCd": "1O03",
            "estblSmstrSctnm": "1\ud559\uae30",
            "estblSmstrSctcd": "CMBS001400001",
            "estblGrade": "1",
            "sbjetSctnm": "\uc804\uacf5\uae30\ubc18",
            "sbjetNm": "\uc804\uae30\ubb3c\ub9ac\ud559\uc2e4\ud5d8 1",
            "sbjetDvnno": "001",
            "sbjetCd": "ELEE0213",
            "gubun": null,
            "pckgeRqstPssblYn": "N",
            "pckgeRqstCnt": "0",
            "name": null,
            "rmrk": null,
            "appcrCnt": "22",
            "attlcPrscpCnt": "30",
            "lssnsTimeInfo": "\ud654 6A,6B<br/>\ud654 7A,7B<br/>\ud654 8A,8B<br/>\ud654 9A,9B",
            "lssnsRealTimeInfo": "\ud654 14:00 ~ 15:00<br/>\ud654 15:00 ~ 16:00<br/>\ud654 16:00 ~ 17:00<br/>\ud654 17:00 ~ 18:00",
            "prctsTime": "2",
            "doPlan": "Kor",
            "thryTime": "2",
            "totalPrfssNm": "\uae40\ub3d9\ud6c8",
            "mngetEstblYn": "Y",
            "code": null,
            "crdit": "3",
            "expniSllbsYn": "Y",
            "bldngSn": null,
            "bldngCd": null,
            "bldngNm": null,
            "lssnsLcttmUntcd": null,
            "sbjetSctcd2": null,
            "rmnmCd": "434",
            "isApi": null,
            "paging": false,
            "rowStatus": "R",
            "pageSort": null
        },
        {
            "rowIndex": 0,
            "success": false,
            "message": null,
            "pageSize": 100,
            "pageNum": 1,
            "lctreMthodNm": "\ub300\uba74",
            "lctrmInfo": "IT\uc735\ubcf5\ud569\uad00(IT\uc735\ubcf5\ud569\uacf5\ud559\uad00)",
            "lctreLnggeSctcd": null,
            "crseNo": "ELEE0313-001",
            "estblUnivNm": "IT\ub300\ud559",
            "estblDprtnNm": "\uc804\uae30\uacf5\ud559\uacfc",
            "estblYear": "2022",
            "estblDprtnCd": "1O03",
            "estblSmstrSctnm": "1\ud559\uae30",
            "estblSmstrSctcd": "CMBS001400001",
            "estblGrade": "2",
            "sbjetSctnm": "\uacf5\ud559\uc804\uacf5",
            "sbjetNm": "\uae30\ucd08\uc804\uae30\uacf5\ud559\uc2e4\ud5d8\uc124\uacc4 1",
            "sbjetDvnno": "001",
            "sbjetCd": "ELEE0313",
            "gubun": null,
            "pckgeRqstPssblYn": "Y",
            "pckgeRqstCnt": "42",
            "name": null,
            "rmrk": null,
            "appcrCnt": "32",
            "attlcPrscpCnt": "30",
            "lssnsTimeInfo": "\uc6d4 6A,6B<br/>\uc6d4 7A,7B<br/>\uc6d4 8A,8B<br/>\uc6d4 9A,9B",
            "lssnsRealTimeInfo": "\uc6d4 14:00 ~ 15:00<br/>\uc6d4 15:00 ~ 16:00<br/>\uc6d4 16:00 ~ 17:00<br/>\uc6d4 17:00 ~ 18:00",
            "prctsTime": "2",
            "doPlan": "Kor",
            "thryTime": "2",
            "totalPrfssNm": "\uc815\uc7ac\uc815",
            "mngetEstblYn": "Y",
            "code": null,
            "crdit": "3",
            "expniSllbsYn": "Y",
            "bldngSn": null,
            "bldngCd": null,
            "bldngNm": null,
            "lssnsLcttmUntcd": null,
            "sbjetSctcd2": null,
            "rmnmCd": "333",
            "isApi": null,
            "paging": false,
            "rowStatus": "R",
            "pageSort": null
        },
        {
            "rowIndex": 0,
            "success": false,
            "message": null,
            "pageSize": 100,
            "pageNum": 1,
            "lctreMthodNm": "\ub300\uba74",
            "lctrmInfo": "IT\uc735\ubcf5\ud569\uad00(IT\uc735\ubcf5\ud569\uacf5\ud559\uad00)",
            "lctreLnggeSctcd": null,
            "crseNo": "CLTR0213-032",
            "estblUnivNm": "IT\ub300\ud559",
            "estblDprtnNm": "\uc804\uae30\uacf5\ud559\uacfc",
            "estblYear": "2022",
            "estblDprtnCd": "1O03",
            "estblSmstrSctnm": "1\ud559\uae30",
            "estblSmstrSctcd": "CMBS001400001",
            "estblGrade": "1",
            "sbjetSctnm": "\uc804\uacf5\uae30\ubc18",
            "sbjetNm": "\ubb3c\ub9ac\ud559 I",
            "sbjetDvnno": "032",
            "sbjetCd": "CLTR0213",
            "gubun": null,
            "pckgeRqstPssblYn": "N",
            "pckgeRqstCnt": "0",
            "name": null,
            "rmrk": null,
            "appcrCnt": "32",
            "attlcPrscpCnt": "50",
            "lssnsTimeInfo": "\uc6d4 7A,7B,8A<br/>\uae08 7A,7B,8A",
            "lssnsRealTimeInfo": "\uc6d4 15:00 ~ 16:30<br/>\uae08 15:00 ~ 16:30",
            "prctsTime": "0",
            "doPlan": "Kor",
            "thryTime": "3",
            "totalPrfssNm": "\ubc15\uc885\uad6c",
            "mngetEstblYn": "Y",
            "code": null,
            "crdit": "3",
            "expniSllbsYn": "Y",
            "bldngSn": null,
            "bldngCd": null,
            "bldngNm": null,
            "lssnsLcttmUntcd": null,
            "sbjetSctcd2": null,
            "rmnmCd": "421",
            "isApi": null,
            "paging": false,
            "rowStatus": "R",
            "pageSort": null
        },
        {
            "rowIndex": 0,
            "success": false,
            "message": null,
            "pageSize": 100,
            "pageNum": 1,
            "lctreMthodNm": "\ub300\uba74",
            "lctrmInfo": "\uacf5\ub3008\ud638\uad00",
            "lctreLnggeSctcd": null,
            "crseNo": "EECS0201-003",
            "estblUnivNm": "IT\ub300\ud559",
            "estblDprtnNm": "\uc804\uae30\uacf5\ud559\uacfc",
            "estblYear": "2022",
            "estblDprtnCd": "1O03",
            "estblSmstrSctnm": "1\ud559\uae30",
            "estblSmstrSctcd": "CMBS001400001",
            "estblGrade": "1",
            "sbjetSctnm": "\uc804\uacf5\uae30\ubc18",
            "sbjetNm": "C\ud504\ub85c\uadf8\ub798\ubc0d\uacfc\uc2e4\uc2b5",
            "sbjetDvnno": "003",
            "sbjetCd": "EECS0201",
            "gubun": null,
            "pckgeRqstPssblYn": "N",
            "pckgeRqstCnt": "0",
            "name": null,
            "rmrk": null,
            "appcrCnt": "26",
            "attlcPrscpCnt": "30",
            "lssnsTimeInfo": "\ud654 6A,6B<br/>\ud654 7A,7B<br/>\ud654 8A,8B<br/>\ud654 9A,9B",
            "lssnsRealTimeInfo": "\ud654 14:00 ~ 15:00<br/>\ud654 15:00 ~ 16:00<br/>\ud654 16:00 ~ 17:00<br/>\ud654 17:00 ~ 18:00",
            "prctsTime": "2",
            "doPlan": "Kor",
            "thryTime": "2",
            "totalPrfssNm": "\ubc15\uc815\ud604",
            "mngetEstblYn": "Y",
            "code": null,
            "crdit": "3",
            "expniSllbsYn": "Y",
            "bldngSn": null,
            "bldngCd": null,
            "bldngNm": null,
            "lssnsLcttmUntcd": null,
            "sbjetSctcd2": null,
            "rmnmCd": "301",
            "isApi": null,
            "paging": false,
            "rowStatus": "R",
            "pageSort": null
        },
        {
            "rowIndex": 0,
            "success": false,
            "message": null,
            "pageSize": 100,
            "pageNum": 1,
            "lctreMthodNm": "\ub300\uba74",
            "lctrmInfo": "IT\uc735\ubcf5\ud569\uad00(IT\uc735\ubcf5\ud569\uacf5\ud559\uad00)",
            "lctreLnggeSctcd": null,
            "crseNo": "ELEC0322-003",
            "estblUnivNm": "IT\ub300\ud559",
            "estblDprtnNm": "\uc804\uae30\uacf5\ud559\uacfc",
            "estblYear": "2022",
            "estblDprtnCd": "1O03",
            "estblSmstrSctnm": "1\ud559\uae30",
            "estblSmstrSctcd": "CMBS001400001",
            "estblGrade": "3",
            "sbjetSctnm": "\uacf5\ud559\uc804\uacf5",
            "sbjetNm": "\uc5d0\ub108\uc9c0\ubcc0\ud658",
            "sbjetDvnno": "003",
            "sbjetCd": "ELEC0322",
            "gubun": null,
            "pckgeRqstPssblYn": "Y",
            "pckgeRqstCnt": "21",
            "name": null,
            "rmrk": null,
            "appcrCnt": "33",
            "attlcPrscpCnt": "50",
            "lssnsTimeInfo": "\ud654 7A,7B,8A<br/>\ubaa9 7A,7B,8A",
            "lssnsRealTimeInfo": "\ud654 15:00 ~ 16:30<br/>\ubaa9 15:00 ~ 16:30",
            "prctsTime": "0",
            "doPlan": "Kor",
            "thryTime": "3",
            "totalPrfssNm": "\ucd5c\ud64d\uc21c",
            "mngetEstblYn": "Y",
            "code": null,
            "crdit": "3",
            "expniSllbsYn": "Y",
            "bldngSn": null,
            "bldngCd": null,
            "bldngNm": null,
            "lssnsLcttmUntcd": null,
            "sbjetSctcd2": null,
            "rmnmCd": "427",
            "isApi": null,
            "paging": false,
            "rowStatus": "R",
            "pageSort": null
        },
        {
            "rowIndex": 0,
            "success": false,
            "message": null,
            "pageSize": 100,
            "pageNum": 1,
            "lctreMthodNm": "\ub300\uba74",
            "lctrmInfo": "\uacf5\ub3008\ud638\uad00",
            "lctreLnggeSctcd": null,
            "crseNo": "ENGR0212-001",
            "estblUnivNm": "IT\ub300\ud559",
            "estblDprtnNm": "\uc804\uae30\uacf5\ud559\uacfc",
            "estblYear": "2022",
            "estblDprtnCd": "1O03",
            "estblSmstrSctnm": "1\ud559\uae30",
            "estblSmstrSctcd": "CMBS001400001",
            "estblGrade": "2",
            "sbjetSctnm": "\uc804\uacf5\uae30\ubc18",
            "sbjetNm": "\uacf5\ud559\uc218\ud559 2",
            "sbjetDvnno": "001",
            "sbjetCd": "ENGR0212",
            "gubun": null,
            "pckgeRqstPssblYn": "Y",
            "pckgeRqstCnt": "76",
            "name": null,
            "rmrk": null,
            "appcrCnt": "73",
            "attlcPrscpCnt": "60",
            "lssnsTimeInfo": "\uc6d4 2B,3A,3B<br/>\uae08 1A,1B,2A",
            "lssnsRealTimeInfo": "\uc6d4 10:30 ~ 12:00<br/>\uae08 09:00 ~ 10:30",
            "prctsTime": "0",
            "doPlan": "Kor",
            "thryTime": "3",
            "totalPrfssNm": "\uae08\uc0c1\ud0dd",
            "mngetEstblYn": "Y",
            "code": null,
            "crdit": "3",
            "expniSllbsYn": "Y",
            "bldngSn": null,
            "bldngCd": null,
            "bldngNm": null,
            "lssnsLcttmUntcd": null,
            "sbjetSctcd2": null,
            "rmnmCd": "201",
            "isApi": null,
            "paging": false,
            "rowStatus": "R",
            "pageSort": null
        },
        {
            "rowIndex": 0,
            "success": false,
            "message": null,
            "pageSize": 100,
            "pageNum": 1,
            "lctreMthodNm": "\ub300\uba74",
            "lctrmInfo": "\uacf5\ub3008\ud638\uad00",
            "lctreLnggeSctcd": null,
            "crseNo": "ITEC0401-004",
            "estblUnivNm": "IT\ub300\ud559",
            "estblDprtnNm": "\uc804\uae30\uacf5\ud559\uacfc",
            "estblYear": "2022",
            "estblDprtnCd": "1O03",
            "estblSmstrSctnm": "1\ud559\uae30",
            "estblSmstrSctcd": "CMBS001400001",
            "estblGrade": "4",
            "sbjetSctnm": "\uacf5\ud559\uc804\uacf5",
            "sbjetNm": "\uc885\ud569\uc124\uacc4\ud504\ub85c\uc81d\ud2b81",
            "sbjetDvnno": "004",
            "sbjetCd": "ITEC0401",
            "gubun": null,
            "pckgeRqstPssblYn": "Y",
            "pckgeRqstCnt": "45",
            "name": null,
            "rmrk": null,
            "appcrCnt": "41",
            "attlcPrscpCnt": "40",
            "lssnsTimeInfo": "\ubaa9 0A,0B<br/>\ubaa9 10A,10B<br/>\ubaa9 11A,11B<br/>\ubaa9 12A,12B<br/>\ubaa9 13A,13B",
            "lssnsRealTimeInfo": "\ubaa9 08:00 ~ 09:00<br/>\ubaa9 18:00 ~ 19:00<br/>\ubaa9 19:00 ~ 20:00<br/>\ubaa9 20:00 ~ 21:00<br/>\ubaa9 21:00 ~ 22:00",
            "prctsTime": "2",
            "doPlan": "Kor",
            "thryTime": "3",
            "totalPrfssNm": "\ud55c\uc138\uacbd",
            "mngetEstblYn": "Y",
            "code": null,
            "crdit": "4",
            "expniSllbsYn": "Y",
            "bldngSn": null,
            "bldngCd": null,
            "bldngNm": null,
            "lssnsLcttmUntcd": null,
            "sbjetSctcd2": null,
            "rmnmCd": "201",
            "isApi": null,
            "paging": false,
            "rowStatus": "R",
            "pageSort": null
        },
        {
            "rowIndex": 0,
            "success": false,
            "message": null,
            "pageSize": 100,
            "pageNum": 1,
            "lctreMthodNm": "\ub300\uba74",
            "lctrmInfo": "IT\uc735\ubcf5\ud569\uad00(IT\uc735\ubcf5\ud569\uacf5\ud559\uad00)",
            "lctreLnggeSctcd": null,
            "crseNo": "ELEC0247-011",
            "estblUnivNm": "IT\ub300\ud559",
            "estblDprtnNm": "\uc804\uae30\uacf5\ud559\uacfc",
            "estblYear": "2022",
            "estblDprtnCd": "1O03",
            "estblSmstrSctnm": "1\ud559\uae30",
            "estblSmstrSctcd": "CMBS001400001",
            "estblGrade": "2",
            "sbjetSctnm": "\uacf5\ud559\uc804\uacf5",
            "sbjetNm": "\ub17c\ub9ac\ud68c\ub85c",
            "sbjetDvnno": "011",
            "sbjetCd": "ELEC0247",
            "gubun": null,
            "pckgeRqstPssblYn": "Y",
            "pckgeRqstCnt": "57",
            "name": null,
            "rmrk": null,
            "appcrCnt": "52",
            "attlcPrscpCnt": "50",
            "lssnsTimeInfo": "\ud654 2B,3A,3B<br/>\ubaa9 1A,1B,2A",
            "lssnsRealTimeInfo": "\ud654 10:30 ~ 12:00<br/>\ubaa9 09:00 ~ 10:30",
            "prctsTime": "0",
            "doPlan": "Kor",
            "thryTime": "3",
            "totalPrfssNm": "\uc18c\ud604\uc8fc",
            "mngetEstblYn": "Y",
            "code": null,
            "crdit": "3",
            "expniSllbsYn": "Y",
            "bldngSn": null,
            "bldngCd": null,
            "bldngNm": null,
            "lssnsLcttmUntcd": null,
            "sbjetSctcd2": null,
            "rmnmCd": "422",
            "isApi": null,
            "paging": false,
            "rowStatus": "R",
            "pageSort": null
        },
        {
            "rowIndex": 0,
            "success": false,
            "message": null,
            "pageSize": 100,
            "pageNum": 1,
            "lctreMthodNm": "\ub300\uba74",
            "lctrmInfo": "IT\uc735\ubcf5\ud569\uad00(IT\uc735\ubcf5\ud569\uacf5\ud559\uad00)",
            "lctreLnggeSctcd": null,
            "crseNo": "ELEE0411-002",
            "estblUnivNm": "IT\ub300\ud559",
            "estblDprtnNm": "\uc804\uae30\uacf5\ud559\uacfc",
            "estblYear": "2022",
            "estblDprtnCd": "1O03",
            "estblSmstrSctnm": "1\ud559\uae30",
            "estblSmstrSctcd": "CMBS001400001",
            "estblGrade": "3",
            "sbjetSctnm": "\uacf5\ud559\uc804\uacf5",
            "sbjetNm": "\uc804\uae30\uacf5\ud559\uc124\uacc4 1",
            "sbjetDvnno": "002",
            "sbjetCd": "ELEE0411",
            "gubun": null,
            "pckgeRqstPssblYn": "Y",
            "pckgeRqstCnt": "2",
            "name": null,
            "rmrk": null,
            "appcrCnt": "20",
            "attlcPrscpCnt": "30",
            "lssnsTimeInfo": "\uc6d4 6A,6B<br/>\uc6d4 7A,7B<br/>\uc6d4 8A,8B<br/>\uc6d4 9A,9B",
            "lssnsRealTimeInfo": "\uc6d4 14:00 ~ 15:00<br/>\uc6d4 15:00 ~ 16:00<br/>\uc6d4 16:00 ~ 17:00<br/>\uc6d4 17:00 ~ 18:00",
            "prctsTime": "2",
            "doPlan": "Kor",
            "thryTime": "2",
            "totalPrfssNm": "\uc774\ud5cc\uacbd",
            "mngetEstblYn": "Y",
            "code": null,
            "crdit": "3",
            "expniSllbsYn": "Y",
            "bldngSn": null,
            "bldngCd": null,
            "bldngNm": null,
            "lssnsLcttmUntcd": null,
            "sbjetSctcd2": null,
            "rmnmCd": "334",
            "isApi": null,
            "paging": false,
            "rowStatus": "R",
            "pageSort": null
        },
        {
            "rowIndex": 0,
            "success": false,
            "message": null,
            "pageSize": 100,
            "pageNum": 1,
            "lctreMthodNm": "\ub300\uba74",
            "lctrmInfo": "\uacf5\ub3008\ud638\uad00",
            "lctreLnggeSctcd": null,
            "crseNo": "CLTR0215-033",
            "estblUnivNm": "IT\ub300\ud559",
            "estblDprtnNm": "\uc804\uae30\uacf5\ud559\uacfc",
            "estblYear": "2022",
            "estblDprtnCd": "1O03",
            "estblSmstrSctnm": "1\ud559\uae30",
            "estblSmstrSctcd": "CMBS001400001",
            "estblGrade": "2",
            "sbjetSctnm": "\uc804\uacf5\uae30\ubc18",
            "sbjetNm": "\ud654\ud559 I",
            "sbjetDvnno": "033",
            "sbjetCd": "CLTR0215",
            "gubun": null,
            "pckgeRqstPssblYn": "Y",
            "pckgeRqstCnt": "31",
            "name": null,
            "rmrk": null,
            "appcrCnt": "33",
            "attlcPrscpCnt": "65",
            "lssnsTimeInfo": "\uc218 1A,1B,2A<br/>\uae08 2B,3A,3B",
            "lssnsRealTimeInfo": "\uc218 09:00 ~ 10:30<br/>\uae08 10:30 ~ 12:00",
            "prctsTime": "0",
            "doPlan": "Kor",
            "thryTime": "3",
            "totalPrfssNm": "\ub0a8\uc0c1\uc77c",
            "mngetEstblYn": "Y",
            "code": null,
            "crdit": "3",
            "expniSllbsYn": "Y",
            "bldngSn": null,
            "bldngCd": null,
            "bldngNm": null,
            "lssnsLcttmUntcd": null,
            "sbjetSctcd2": null,
            "rmnmCd": "201",
            "isApi": null,
            "paging": false,
            "rowStatus": "R",
            "pageSort": null
        },
        {
            "rowIndex": 0,
            "success": false,
            "message": null,
            "pageSize": 100,
            "pageNum": 1,
            "lctreMthodNm": "\ub300\uba74",
            "lctrmInfo": "\uacf5\ub3008\ud638\uad00",
            "lctreLnggeSctcd": null,
            "crseNo": "EECS0201-004",
            "estblUnivNm": "IT\ub300\ud559",
            "estblDprtnNm": "\uc804\uae30\uacf5\ud559\uacfc",
            "estblYear": "2022",
            "estblDprtnCd": "1O03",
            "estblSmstrSctnm": "1\ud559\uae30",
            "estblSmstrSctcd": "CMBS001400001",
            "estblGrade": "1",
            "sbjetSctnm": "\uc804\uacf5\uae30\ubc18",
            "sbjetNm": "C\ud504\ub85c\uadf8\ub798\ubc0d\uacfc\uc2e4\uc2b5",
            "sbjetDvnno": "004",
            "sbjetCd": "EECS0201",
            "gubun": null,
            "pckgeRqstPssblYn": "N",
            "pckgeRqstCnt": "0",
            "name": null,
            "rmrk": null,
            "appcrCnt": "26",
            "attlcPrscpCnt": "30",
            "lssnsTimeInfo": "\ubaa9 1A,1B<br/>\ubaa9 2A,2B<br/>\ubaa9 3A,3B<br/>\ubaa9 4A,4B",
            "lssnsRealTimeInfo": "\ubaa9 09:00 ~ 10:00<br/>\ubaa9 10:00 ~ 11:00<br/>\ubaa9 11:00 ~ 12:00<br/>\ubaa9 12:00 ~ 13:00",
            "prctsTime": "2",
            "doPlan": "Kor",
            "thryTime": "2",
            "totalPrfssNm": "\ubc15\uc815\ud604",
            "mngetEstblYn": "Y",
            "code": null,
            "crdit": "3",
            "expniSllbsYn": "Y",
            "bldngSn": null,
            "bldngCd": null,
            "bldngNm": null,
            "lssnsLcttmUntcd": null,
            "sbjetSctcd2": null,
            "rmnmCd": "301",
            "isApi": null,
            "paging": false,
            "rowStatus": "R",
            "pageSort": null
        },
        {
            "rowIndex": 0,
            "success": false,
            "message": null,
            "pageSize": 100,
            "pageNum": 1,
            "lctreMthodNm": "\ub300\uba74",
            "lctrmInfo": "IT\uc735\ubcf5\ud569\uad00(IT\uc735\ubcf5\ud569\uacf5\ud559\uad00)",
            "lctreLnggeSctcd": null,
            "crseNo": "ELEE0411-001",
            "estblUnivNm": "IT\ub300\ud559",
            "estblDprtnNm": "\uc804\uae30\uacf5\ud559\uacfc",
            "estblYear": "2022",
            "estblDprtnCd": "1O03",
            "estblSmstrSctnm": "1\ud559\uae30",
            "estblSmstrSctcd": "CMBS001400001",
            "estblGrade": "3",
            "sbjetSctnm": "\uacf5\ud559\uc804\uacf5",
            "sbjetNm": "\uc804\uae30\uacf5\ud559\uc124\uacc4 1",
            "sbjetDvnno": "001",
            "sbjetCd": "ELEE0411",
            "gubun": null,
            "pckgeRqstPssblYn": "Y",
            "pckgeRqstCnt": "42",
            "name": null,
            "rmrk": null,
            "appcrCnt": "26",
            "attlcPrscpCnt": "30",
            "lssnsTimeInfo": "\uc218 6A,6B<br/>\uc218 7A,7B<br/>\uc218 8A,8B<br/>\uc218 9A,9B",
            "lssnsRealTimeInfo": "\uc218 14:00 ~ 15:00<br/>\uc218 15:00 ~ 16:00<br/>\uc218 16:00 ~ 17:00<br/>\uc218 17:00 ~ 18:00",
            "prctsTime": "2",
            "doPlan": "Kor",
            "thryTime": "2",
            "totalPrfssNm": "\uae40\ud615\ud45c",
            "mngetEstblYn": "Y",
            "code": null,
            "crdit": "3",
            "expniSllbsYn": "Y",
            "bldngSn": null,
            "bldngCd": null,
            "bldngNm": null,
            "lssnsLcttmUntcd": null,
            "sbjetSctcd2": null,
            "rmnmCd": "334",
            "isApi": null,
            "paging": false,
            "rowStatus": "R",
            "pageSort": null
        },
        {
            "rowIndex": 0,
            "success": false,
            "message": null,
            "pageSize": 100,
            "pageNum": 1,
            "lctreMthodNm": "\ub300\uba74",
            "lctrmInfo": "\uacf5\ub3008\ud638\uad00",
            "lctreLnggeSctcd": null,
            "crseNo": "ITEC0401-003",
            "estblUnivNm": "IT\ub300\ud559",
            "estblDprtnNm": "\uc804\uae30\uacf5\ud559\uacfc",
            "estblYear": "2022",
            "estblDprtnCd": "1O03",
            "estblSmstrSctnm": "1\ud559\uae30",
            "estblSmstrSctcd": "CMBS001400001",
            "estblGrade": "4",
            "sbjetSctnm": "\uacf5\ud559\uc804\uacf5",
            "sbjetNm": "\uc885\ud569\uc124\uacc4\ud504\ub85c\uc81d\ud2b81",
            "sbjetDvnno": "003",
            "sbjetCd": "ITEC0401",
            "gubun": null,
            "pckgeRqstPssblYn": "Y",
            "pckgeRqstCnt": "36",
            "name": null,
            "rmrk": null,
            "appcrCnt": "38",
            "attlcPrscpCnt": "40",
            "lssnsTimeInfo": "\ud654 0A,0B<br/>\ud654 10A,10B<br/>\ud654 11A,11B<br/>\ud654 12A,12B<br/>\ud654 13A,13B",
            "lssnsRealTimeInfo": "\ud654 08:00 ~ 09:00<br/>\ud654 18:00 ~ 19:00<br/>\ud654 19:00 ~ 20:00<br/>\ud654 20:00 ~ 21:00<br/>\ud654 21:00 ~ 22:00",
            "prctsTime": "2",
            "doPlan": "Kor",
            "thryTime": "3",
            "totalPrfssNm": "\ubc15\uc885\ud6c4",
            "mngetEstblYn": "Y",
            "code": null,
            "crdit": "4",
            "expniSllbsYn": "Y",
            "bldngSn": null,
            "bldngCd": null,
            "bldngNm": null,
            "lssnsLcttmUntcd": null,
            "sbjetSctcd2": null,
            "rmnmCd": "201",
            "isApi": null,
            "paging": false,
            "rowStatus": "R",
            "pageSort": null
        },
        {
            "rowIndex": 0,
            "success": false,
            "message": null,
            "pageSize": 100,
            "pageNum": 1,
            "lctreMthodNm": "\ube44\ub300\uba74",
            "lctrmInfo": "\uacf5\ub3008\ud638\uad00",
            "lctreLnggeSctcd": null,
            "crseNo": "EECS0438-001",
            "estblUnivNm": "IT\ub300\ud559",
            "estblDprtnNm": "\uc804\uae30\uacf5\ud559\uacfc",
            "estblYear": "2022",
            "estblDprtnCd": "1O03",
            "estblSmstrSctnm": "1\ud559\uae30",
            "estblSmstrSctcd": "CMBS001400001",
            "estblGrade": "2",
            "sbjetSctnm": "\uacf5\ud559\uc804\uacf5",
            "sbjetNm": "\uc804\uae30\ubb3c\uc131",
            "sbjetDvnno": "001",
            "sbjetCd": "EECS0438",
            "gubun": null,
            "pckgeRqstPssblYn": "Y",
            "pckgeRqstCnt": "85",
            "name": null,
            "rmrk": "(\uc601\uc5b4)<br>",
            "appcrCnt": "94",
            "attlcPrscpCnt": "85",
            "lssnsTimeInfo": "\ud654 5B,6A,6B<br/>\ubaa9 5B,6A,6B",
            "lssnsRealTimeInfo": "\ud654 13:30 ~ 15:00<br/>\ubaa9 13:30 ~ 15:00",
            "prctsTime": "0",
            "doPlan": "Eng",
            "thryTime": "3",
            "totalPrfssNm": "\ubc15\uc885\ud6c4",
            "mngetEstblYn": "Y",
            "code": null,
            "crdit": "3",
            "expniSllbsYn": "Y",
            "bldngSn": null,
            "bldngCd": null,
            "bldngNm": null,
            "lssnsLcttmUntcd": null,
            "sbjetSctcd2": null,
            "rmnmCd": "201",
            "isApi": null,
            "paging": false,
            "rowStatus": "R",
            "pageSort": null
        },
        {
            "rowIndex": 0,
            "success": false,
            "message": null,
            "pageSize": 100,
            "pageNum": 1,
            "lctreMthodNm": "\ub300\uba74",
            "lctrmInfo": "IT\uc735\ubcf5\ud569\uad00(IT\uc735\ubcf5\ud569\uacf5\ud559\uad00)",
            "lctreLnggeSctcd": null,
            "crseNo": "ELEC0247-012",
            "estblUnivNm": "IT\ub300\ud559",
            "estblDprtnNm": "\uc804\uae30\uacf5\ud559\uacfc",
            "estblYear": "2022",
            "estblDprtnCd": "1O03",
            "estblSmstrSctnm": "1\ud559\uae30",
            "estblSmstrSctcd": "CMBS001400001",
            "estblGrade": "2",
            "sbjetSctnm": "\uacf5\ud559\uc804\uacf5",
            "sbjetNm": "\ub17c\ub9ac\ud68c\ub85c",
            "sbjetDvnno": "012",
            "sbjetCd": "ELEC0247",
            "gubun": null,
            "pckgeRqstPssblYn": "Y",
            "pckgeRqstCnt": "37",
            "name": null,
            "rmrk": null,
            "appcrCnt": "49",
            "attlcPrscpCnt": "50",
            "lssnsTimeInfo": "\ud654 8B,9A,9B<br/>\ubaa9 8B,9A,9B",
            "lssnsRealTimeInfo": "\ud654 16:30 ~ 18:00<br/>\ubaa9 16:30 ~ 18:00",
            "prctsTime": "0",
            "doPlan": "Kor",
            "thryTime": "3",
            "totalPrfssNm": "\uc18c\ud604\uc8fc",
            "mngetEstblYn": "Y",
            "code": null,
            "crdit": "3",
            "expniSllbsYn": "Y",
            "bldngSn": null,
            "bldngCd": null,
            "bldngNm": null,
            "lssnsLcttmUntcd": null,
            "sbjetSctcd2": null,
            "rmnmCd": "422",
            "isApi": null,
            "paging": false,
            "rowStatus": "R",
            "pageSort": null
        },
        {
            "rowIndex": 0,
            "success": false,
            "message": null,
            "pageSize": 100,
            "pageNum": 1,
            "lctreMthodNm": "\ub300\uba74",
            "lctrmInfo": "IT\uc735\ubcf5\ud569\uad00(IT\uc735\ubcf5\ud569\uacf5\ud559\uad00)",
            "lctreLnggeSctcd": null,
            "crseNo": "ELEC0334-001",
            "estblUnivNm": "IT\ub300\ud559",
            "estblDprtnNm": "\uc804\uae30\uacf5\ud559\uacfc",
            "estblYear": "2022",
            "estblDprtnCd": "1O03",
            "estblSmstrSctnm": "1\ud559\uae30",
            "estblSmstrSctcd": "CMBS001400001",
            "estblGrade": "3",
            "sbjetSctnm": "\uacf5\ud559\uc804\uacf5",
            "sbjetNm": "\uc804\ub825\uc804\uc790",
            "sbjetDvnno": "001",
            "sbjetCd": "ELEC0334",
            "gubun": null,
            "pckgeRqstPssblYn": "Y",
            "pckgeRqstCnt": "19",
            "name": null,
            "rmrk": null,
            "appcrCnt": "47",
            "attlcPrscpCnt": "50",
            "lssnsTimeInfo": "\uc218 2B,3A,3B<br/>\uae08 2B,3A,3B",
            "lssnsRealTimeInfo": "\uc218 10:30 ~ 12:00<br/>\uae08 10:30 ~ 12:00",
            "prctsTime": "0",
            "doPlan": "Kor",
            "thryTime": "3",
            "totalPrfssNm": "\ucd5c\uc885\uc6b0",
            "mngetEstblYn": "Y",
            "code": null,
            "crdit": "3",
            "expniSllbsYn": "Y",
            "bldngSn": null,
            "bldngCd": null,
            "bldngNm": null,
            "lssnsLcttmUntcd": null,
            "sbjetSctcd2": null,
            "rmnmCd": "421",
            "isApi": null,
            "paging": false,
            "rowStatus": "R",
            "pageSort": null
        },
        {
            "rowIndex": 0,
            "success": false,
            "message": null,
            "pageSize": 100,
            "pageNum": 1,
            "lctreMthodNm": "\ub300\uba74",
            "lctrmInfo": "IT\uc735\ubcf5\ud569\uad00(IT\uc735\ubcf5\ud569\uacf5\ud559\uad00)",
            "lctreLnggeSctcd": null,
            "crseNo": "ELEE0411-003",
            "estblUnivNm": "IT\ub300\ud559",
            "estblDprtnNm": "\uc804\uae30\uacf5\ud559\uacfc",
            "estblYear": "2022",
            "estblDprtnCd": "1O03",
            "estblSmstrSctnm": "1\ud559\uae30",
            "estblSmstrSctcd": "CMBS001400001",
            "estblGrade": "3",
            "sbjetSctnm": "\uacf5\ud559\uc804\uacf5",
            "sbjetNm": "\uc804\uae30\uacf5\ud559\uc124\uacc4 1",
            "sbjetDvnno": "003",
            "sbjetCd": "ELEE0411",
            "gubun": null,
            "pckgeRqstPssblYn": "Y",
            "pckgeRqstCnt": "29",
            "name": null,
            "rmrk": null,
            "appcrCnt": "30",
            "attlcPrscpCnt": "30",
            "lssnsTimeInfo": "\uae08 6A,6B<br/>\uae08 7A,7B<br/>\uae08 8A,8B<br/>\uae08 9A,9B",
            "lssnsRealTimeInfo": "\uae08 14:00 ~ 15:00<br/>\uae08 15:00 ~ 16:00<br/>\uae08 16:00 ~ 17:00<br/>\uae08 17:00 ~ 18:00",
            "prctsTime": "2",
            "doPlan": "Kor",
            "thryTime": "2",
            "totalPrfssNm": "\uc774\ud5cc\uacbd",
            "mngetEstblYn": "Y",
            "code": null,
            "crdit": "3",
            "expniSllbsYn": "Y",
            "bldngSn": null,
            "bldngCd": null,
            "bldngNm": null,
            "lssnsLcttmUntcd": null,
            "sbjetSctcd2": null,
            "rmnmCd": "334",
            "isApi": null,
            "paging": false,
            "rowStatus": "R",
            "pageSort": null
        },
        {
            "rowIndex": 0,
            "success": false,
            "message": null,
            "pageSize": 100,
            "pageNum": 1,
            "lctreMthodNm": "\ub300\uba74",
            "lctrmInfo": "IT\uc735\ubcf5\ud569\uad00(IT\uc735\ubcf5\ud569\uacf5\ud559\uad00)",
            "lctreLnggeSctcd": null,
            "crseNo": "CLTR0213-033",
            "estblUnivNm": "IT\ub300\ud559",
            "estblDprtnNm": "\uc804\uae30\uacf5\ud559\uacfc",
            "estblYear": "2022",
            "estblDprtnCd": "1O03",
            "estblSmstrSctnm": "1\ud559\uae30",
            "estblSmstrSctcd": "CMBS001400001",
            "estblGrade": "1",
            "sbjetSctnm": "\uc804\uacf5\uae30\ubc18",
            "sbjetNm": "\ubb3c\ub9ac\ud559 I",
            "sbjetDvnno": "033",
            "sbjetCd": "CLTR0213",
            "gubun": null,
            "pckgeRqstPssblYn": "N",
            "pckgeRqstCnt": "0",
            "name": null,
            "rmrk": null,
            "appcrCnt": "39",
            "attlcPrscpCnt": "50",
            "lssnsTimeInfo": "\uc6d4 7A,7B,8A<br/>\uae08 7A,7B,8A",
            "lssnsRealTimeInfo": "\uc6d4 15:00 ~ 16:30<br/>\uae08 15:00 ~ 16:30",
            "prctsTime": "0",
            "doPlan": "Kor",
            "thryTime": "3",
            "totalPrfssNm": "\uc6b0\uacbd\uc131",
            "mngetEstblYn": "Y",
            "code": null,
            "crdit": "3",
            "expniSllbsYn": "Y",
            "bldngSn": null,
            "bldngCd": null,
            "bldngNm": null,
            "lssnsLcttmUntcd": null,
            "sbjetSctcd2": null,
            "rmnmCd": "422",
            "isApi": null,
            "paging": false,
            "rowStatus": "R",
            "pageSort": null
        },
        {
            "rowIndex": 0,
            "success": false,
            "message": null,
            "pageSize": 100,
            "pageNum": 1,
            "lctreMthodNm": "\ub300\uba74",
            "lctrmInfo": "IT\uc735\ubcf5\ud569\uad00(IT\uc735\ubcf5\ud569\uacf5\ud559\uad00)",
            "lctreLnggeSctcd": null,
            "crseNo": "ELEC0243-011",
            "estblUnivNm": "IT\ub300\ud559",
            "estblDprtnNm": "\uc804\uae30\uacf5\ud559\uacfc",
            "estblYear": "2022",
            "estblDprtnCd": "1O03",
            "estblSmstrSctnm": "1\ud559\uae30",
            "estblSmstrSctcd": "CMBS001400001",
            "estblGrade": "2",
            "sbjetSctnm": "\uacf5\ud559\uc804\uacf5",
            "sbjetNm": "\ud68c\ub85c\uc774\ub8601",
            "sbjetDvnno": "011",
            "sbjetCd": "ELEC0243",
            "gubun": null,
            "pckgeRqstPssblYn": "Y",
            "pckgeRqstCnt": "50",
            "name": null,
            "rmrk": null,
            "appcrCnt": "53",
            "attlcPrscpCnt": "50",
            "lssnsTimeInfo": "\ud654 7A,7B,8A<br/>\ubaa9 7A,7B,8A",
            "lssnsRealTimeInfo": "\ud654 15:00 ~ 16:30<br/>\ubaa9 15:00 ~ 16:30",
            "prctsTime": "0",
            "doPlan": "Kor",
            "thryTime": "3",
            "totalPrfssNm": "\ucd5c\uc885\uc6b0",
            "mngetEstblYn": "Y",
            "code": null,
            "crdit": "3",
            "expniSllbsYn": "Y",
            "bldngSn": null,
            "bldngCd": null,
            "bldngNm": null,
            "lssnsLcttmUntcd": null,
            "sbjetSctcd2": null,
            "rmnmCd": "422",
            "isApi": null,
            "paging": false,
            "rowStatus": "R",
            "pageSort": null
        },
        {
            "rowIndex": 0,
            "success": false,
            "message": null,
            "pageSize": 100,
            "pageNum": 1,
            "lctreMthodNm": "\ub300\uba74",
            "lctrmInfo": "IT\uc735\ubcf5\ud569\uad00(IT\uc735\ubcf5\ud569\uacf5\ud559\uad00)",
            "lctreLnggeSctcd": null,
            "crseNo": "CLTR0041-025",
            "estblUnivNm": "IT\ub300\ud559",
            "estblDprtnNm": "\uc804\uae30\uacf5\ud559\uacfc",
            "estblYear": "2022",
            "estblDprtnCd": "1O03",
            "estblSmstrSctnm": "1\ud559\uae30",
            "estblSmstrSctcd": "CMBS001400001",
            "estblGrade": "4",
            "sbjetSctnm": "\uae30\ubcf8\uc18c\uc591",
            "sbjetNm": "\ud55c\uad6d\uc0ac",
            "sbjetDvnno": "025",
            "sbjetCd": "CLTR0041",
            "gubun": null,
            "pckgeRqstPssblYn": "Y",
            "pckgeRqstCnt": "103",
            "name": null,
            "rmrk": "<b>\uc778\ubb38\uad50\uc591</b><br>",
            "appcrCnt": "68",
            "attlcPrscpCnt": "70",
            "lssnsTimeInfo": "\uc6d4 5B,6A,6B<br/>\uae08 5B,6A,6B",
            "lssnsRealTimeInfo": "\uc6d4 13:30 ~ 15:00<br/>\uae08 13:30 ~ 15:00",
            "prctsTime": "0",
            "doPlan": "Kor",
            "thryTime": "3",
            "totalPrfssNm": "\uc784\uc9c0\uc6d0",
            "mngetEstblYn": "Y",
            "code": null,
            "crdit": "3",
            "expniSllbsYn": "Y",
            "bldngSn": null,
            "bldngCd": null,
            "bldngNm": null,
            "lssnsLcttmUntcd": null,
            "sbjetSctcd2": null,
            "rmnmCd": "422",
            "isApi": null,
            "paging": false,
            "rowStatus": "R",
            "pageSort": null
        },
        {
            "rowIndex": 0,
            "success": false,
            "message": null,
            "pageSize": 100,
            "pageNum": 1,
            "lctreMthodNm": "\ub300\uba74",
            "lctrmInfo": "IT\uc735\ubcf5\ud569\uad00(IT\uc735\ubcf5\ud569\uacf5\ud559\uad00)",
            "lctreLnggeSctcd": null,
            "crseNo": "ELEC0322-002",
            "estblUnivNm": "IT\ub300\ud559",
            "estblDprtnNm": "\uc804\uae30\uacf5\ud559\uacfc",
            "estblYear": "2022",
            "estblDprtnCd": "1O03",
            "estblSmstrSctnm": "1\ud559\uae30",
            "estblSmstrSctcd": "CMBS001400001",
            "estblGrade": "3",
            "sbjetSctnm": "\uacf5\ud559\uc804\uacf5",
            "sbjetNm": "\uc5d0\ub108\uc9c0\ubcc0\ud658",
            "sbjetDvnno": "002",
            "sbjetCd": "ELEC0322",
            "gubun": null,
            "pckgeRqstPssblYn": "Y",
            "pckgeRqstCnt": "61",
            "name": null,
            "rmrk": "\ud50c\ub9bd\ub4dc\ub7ec\ub2dd\uac15\uc88c<br>",
            "appcrCnt": "49",
            "attlcPrscpCnt": "50",
            "lssnsTimeInfo": "\ud654 7A,7B,8A<br/>\ubaa9 7A,7B,8A",
            "lssnsRealTimeInfo": "\ud654 15:00 ~ 16:30<br/>\ubaa9 15:00 ~ 16:30",
            "prctsTime": "0",
            "doPlan": "Pre",
            "thryTime": "3",
            "totalPrfssNm": "\uc774\uc138\ud76c",
            "mngetEstblYn": "Y",
            "code": null,
            "crdit": "3",
            "expniSllbsYn": "Y",
            "bldngSn": null,
            "bldngCd": null,
            "bldngNm": null,
            "lssnsLcttmUntcd": null,
            "sbjetSctcd2": null,
            "rmnmCd": "421",
            "isApi": null,
            "paging": false,
            "rowStatus": "R",
            "pageSort": null
        },
        {
            "rowIndex": 0,
            "success": false,
            "message": null,
            "pageSize": 100,
            "pageNum": 1,
            "lctreMthodNm": "\ub300\uba74",
            "lctrmInfo": "\uacf5\ub3008\ud638\uad00",
            "lctreLnggeSctcd": null,
            "crseNo": "ELEC0431-001",
            "estblUnivNm": "IT\ub300\ud559",
            "estblDprtnNm": "\uc804\uae30\uacf5\ud559\uacfc",
            "estblYear": "2022",
            "estblDprtnCd": "1O03",
            "estblSmstrSctnm": "1\ud559\uae30",
            "estblSmstrSctcd": "CMBS001400001",
            "estblGrade": "3",
            "sbjetSctnm": "\uacf5\ud559\uc804\uacf5",
            "sbjetNm": "\uc804\ub825\uacf5\ud559",
            "sbjetDvnno": "001",
            "sbjetCd": "ELEC0431",
            "gubun": null,
            "pckgeRqstPssblYn": "Y",
            "pckgeRqstCnt": "59",
            "name": null,
            "rmrk": "(\uc601\uc5b4)<br>",
            "appcrCnt": "50",
            "attlcPrscpCnt": "50",
            "lssnsTimeInfo": "\ud654 1A,1B,2A<br/>\ubaa9 2B,3A,3B",
            "lssnsRealTimeInfo": "\ud654 09:00 ~ 10:30<br/>\ubaa9 10:30 ~ 12:00",
            "prctsTime": "0",
            "doPlan": "Eng",
            "thryTime": "3",
            "totalPrfssNm": "\ud55c\uc138\uacbd",
            "mngetEstblYn": "Y",
            "code": null,
            "crdit": "3",
            "expniSllbsYn": "Y",
            "bldngSn": null,
            "bldngCd": null,
            "bldngNm": null,
            "lssnsLcttmUntcd": null,
            "sbjetSctcd2": null,
            "rmnmCd": "201",
            "isApi": null,
            "paging": false,
            "rowStatus": "R",
            "pageSort": null
        },
        {
            "rowIndex": 0,
            "success": false,
            "message": null,
            "pageSize": 100,
            "pageNum": 1,
            "lctreMthodNm": "\ub300\uba74",
            "lctrmInfo": "IT\uc735\ubcf5\ud569\uad00(IT\uc735\ubcf5\ud569\uacf5\ud559\uad00)",
            "lctreLnggeSctcd": null,
            "crseNo": "ELEE0213-003",
            "estblUnivNm": "IT\ub300\ud559",
            "estblDprtnNm": "\uc804\uae30\uacf5\ud559\uacfc",
            "estblYear": "2022",
            "estblDprtnCd": "1O03",
            "estblSmstrSctnm": "1\ud559\uae30",
            "estblSmstrSctcd": "CMBS001400001",
            "estblGrade": "1",
            "sbjetSctnm": "\uc804\uacf5\uae30\ubc18",
            "sbjetNm": "\uc804\uae30\ubb3c\ub9ac\ud559\uc2e4\ud5d8 1",
            "sbjetDvnno": "003",
            "sbjetCd": "ELEE0213",
            "gubun": null,
            "pckgeRqstPssblYn": "N",
            "pckgeRqstCnt": "0",
            "name": null,
            "rmrk": null,
            "appcrCnt": "33",
            "attlcPrscpCnt": "30",
            "lssnsTimeInfo": "\uc218 10A,10B<br/>\uc218 7A,7B<br/>\uc218 8A,8B<br/>\uc218 9A,9B",
            "lssnsRealTimeInfo": "\uc218 18:00 ~ 19:00<br/>\uc218 15:00 ~ 16:00<br/>\uc218 16:00 ~ 17:00<br/>\uc218 17:00 ~ 18:00",
            "prctsTime": "2",
            "doPlan": "Kor",
            "thryTime": "2",
            "totalPrfssNm": "\ucd5c\uc885\uc6b0",
            "mngetEstblYn": "Y",
            "code": null,
            "crdit": "3",
            "expniSllbsYn": "Y",
            "bldngSn": null,
            "bldngCd": null,
            "bldngNm": null,
            "lssnsLcttmUntcd": null,
            "sbjetSctcd2": null,
            "rmnmCd": "434",
            "isApi": null,
            "paging": false,
            "rowStatus": "R",
            "pageSort": null
        },
        {
            "rowIndex": 0,
            "success": false,
            "message": null,
            "pageSize": 100,
            "pageNum": 1,
            "lctreMthodNm": "\ub300\uba74",
            "lctrmInfo": "IT\uc735\ubcf5\ud569\uad00(IT\uc735\ubcf5\ud569\uacf5\ud559\uad00)",
            "lctreLnggeSctcd": null,
            "crseNo": "ELEE0313-002",
            "estblUnivNm": "IT\ub300\ud559",
            "estblDprtnNm": "\uc804\uae30\uacf5\ud559\uacfc",
            "estblYear": "2022",
            "estblDprtnCd": "1O03",
            "estblSmstrSctnm": "1\ud559\uae30",
            "estblSmstrSctcd": "CMBS001400001",
            "estblGrade": "2",
            "sbjetSctnm": "\uacf5\ud559\uc804\uacf5",
            "sbjetNm": "\uae30\ucd08\uc804\uae30\uacf5\ud559\uc2e4\ud5d8\uc124\uacc4 1",
            "sbjetDvnno": "002",
            "sbjetCd": "ELEE0313",
            "gubun": null,
            "pckgeRqstPssblYn": "Y",
            "pckgeRqstCnt": "12",
            "name": null,
            "rmrk": null,
            "appcrCnt": "26",
            "attlcPrscpCnt": "30",
            "lssnsTimeInfo": "\uc218 10A,10B<br/>\uc218 7A,7B<br/>\uc218 8A,8B<br/>\uc218 9A,9B",
            "lssnsRealTimeInfo": "\uc218 18:00 ~ 19:00<br/>\uc218 15:00 ~ 16:00<br/>\uc218 16:00 ~ 17:00<br/>\uc218 17:00 ~ 18:00",
            "prctsTime": "2",
            "doPlan": "Kor",
            "thryTime": "2",
            "totalPrfssNm": "\ud669\ub355\ud604",
            "mngetEstblYn": "Y",
            "code": null,
            "crdit": "3",
            "expniSllbsYn": "Y",
            "bldngSn": null,
            "bldngCd": null,
            "bldngNm": null,
            "lssnsLcttmUntcd": null,
            "sbjetSctcd2": null,
            "rmnmCd": "333",
            "isApi": null,
            "paging": false,
            "rowStatus": "R",
            "pageSort": null
        },
        {
            "rowIndex": 0,
            "success": false,
            "message": null,
            "pageSize": 100,
            "pageNum": 1,
            "lctreMthodNm": "\ub300\uba74",
            "lctrmInfo": "\uacf5\ub3008\ud638\uad00",
            "lctreLnggeSctcd": null,
            "crseNo": "ELEC0431-002",
            "estblUnivNm": "IT\ub300\ud559",
            "estblDprtnNm": "\uc804\uae30\uacf5\ud559\uacfc",
            "estblYear": "2022",
            "estblDprtnCd": "1O03",
            "estblSmstrSctnm": "1\ud559\uae30",
            "estblSmstrSctcd": "CMBS001400001",
            "estblGrade": "3",
            "sbjetSctnm": "\uacf5\ud559\uc804\uacf5",
            "sbjetNm": "\uc804\ub825\uacf5\ud559",
            "sbjetDvnno": "002",
            "sbjetCd": "ELEC0431",
            "gubun": null,
            "pckgeRqstPssblYn": "Y",
            "pckgeRqstCnt": "51",
            "name": null,
            "rmrk": "(\uc601\uc5b4)<br>",
            "appcrCnt": "49",
            "attlcPrscpCnt": "50",
            "lssnsTimeInfo": "\ud654 2B,3A,3B<br/>\ubaa9 1A,1B,2A",
            "lssnsRealTimeInfo": "\ud654 10:30 ~ 12:00<br/>\ubaa9 09:00 ~ 10:30",
            "prctsTime": "0",
            "doPlan": "Eng",
            "thryTime": "3",
            "totalPrfssNm": "\ud55c\uc138\uacbd",
            "mngetEstblYn": "Y",
            "code": null,
            "crdit": "3",
            "expniSllbsYn": "Y",
            "bldngSn": null,
            "bldngCd": null,
            "bldngNm": null,
            "lssnsLcttmUntcd": null,
            "sbjetSctcd2": null,
            "rmnmCd": "201",
            "isApi": null,
            "paging": false,
            "rowStatus": "R",
            "pageSort": null
        },
        {
            "rowIndex": 0,
            "success": false,
            "message": null,
            "pageSize": 100,
            "pageNum": 1,
            "lctreMthodNm": "\ub300\uba74",
            "lctrmInfo": "IT\uc735\ubcf5\ud569\uad00(IT\uc735\ubcf5\ud569\uacf5\ud559\uad00)",
            "lctreLnggeSctcd": null,
            "crseNo": "ELEC0321-007",
            "estblUnivNm": "IT\ub300\ud559",
            "estblDprtnNm": "\uc804\uae30\uacf5\ud559\uacfc",
            "estblYear": "2022",
            "estblDprtnCd": "1O03",
            "estblSmstrSctnm": "1\ud559\uae30",
            "estblSmstrSctcd": "CMBS001400001",
            "estblGrade": "3",
            "sbjetSctnm": "\uacf5\ud559\uc804\uacf5",
            "sbjetNm": "\uc2e0\ud638\ubc0f\uc2dc\uc2a4\ud15c",
            "sbjetDvnno": "007",
            "sbjetCd": "ELEC0321",
            "gubun": null,
            "pckgeRqstPssblYn": "Y",
            "pckgeRqstCnt": "35",
            "name": null,
            "rmrk": null,
            "appcrCnt": "27",
            "attlcPrscpCnt": "60",
            "lssnsTimeInfo": "\uc6d4 2B,3A,3B<br/>\uae08 1A,1B,2A",
            "lssnsRealTimeInfo": "\uc6d4 10:30 ~ 12:00<br/>\uae08 09:00 ~ 10:30",
            "prctsTime": "0",
            "doPlan": "Kor",
            "thryTime": "3",
            "totalPrfssNm": "\uc18c\ud604\uc8fc",
            "mngetEstblYn": "Y",
            "code": null,
            "crdit": "3",
            "expniSllbsYn": "Y",
            "bldngSn": null,
            "bldngCd": null,
            "bldngNm": null,
            "lssnsLcttmUntcd": null,
            "sbjetSctcd2": null,
            "rmnmCd": "422",
            "isApi": null,
            "paging": false,
            "rowStatus": "R",
            "pageSort": null
        },
        {
            "rowIndex": 0,
            "success": false,
            "message": null,
            "pageSize": 100,
            "pageNum": 1,
            "lctreMthodNm": "\ub300\uba74",
            "lctrmInfo": "IT\uc735\ubcf5\ud569\uad00(IT\uc735\ubcf5\ud569\uacf5\ud559\uad00)",
            "lctreLnggeSctcd": null,
            "crseNo": "ELEE0313-003",
            "estblUnivNm": "IT\ub300\ud559",
            "estblDprtnNm": "\uc804\uae30\uacf5\ud559\uacfc",
            "estblYear": "2022",
            "estblDprtnCd": "1O03",
            "estblSmstrSctnm": "1\ud559\uae30",
            "estblSmstrSctcd": "CMBS001400001",
            "estblGrade": "2",
            "sbjetSctnm": "\uacf5\ud559\uc804\uacf5",
            "sbjetNm": "\uae30\ucd08\uc804\uae30\uacf5\ud559\uc2e4\ud5d8\uc124\uacc4 1",
            "sbjetDvnno": "003",
            "sbjetCd": "ELEE0313",
            "gubun": null,
            "pckgeRqstPssblYn": "Y",
            "pckgeRqstCnt": "20",
            "name": null,
            "rmrk": null,
            "appcrCnt": "26",
            "attlcPrscpCnt": "30",
            "lssnsTimeInfo": "\uae08 6A,6B<br/>\uae08 7A,7B<br/>\uae08 8A,8B<br/>\uae08 9A,9B",
            "lssnsRealTimeInfo": "\uae08 14:00 ~ 15:00<br/>\uae08 15:00 ~ 16:00<br/>\uae08 16:00 ~ 17:00<br/>\uae08 17:00 ~ 18:00",
            "prctsTime": "2",
            "doPlan": "Kor",
            "thryTime": "2",
            "totalPrfssNm": "\ud669\ub355\ud604",
            "mngetEstblYn": "Y",
            "code": null,
            "crdit": "3",
            "expniSllbsYn": "Y",
            "bldngSn": null,
            "bldngCd": null,
            "bldngNm": null,
            "lssnsLcttmUntcd": null,
            "sbjetSctcd2": null,
            "rmnmCd": "333",
            "isApi": null,
            "paging": false,
            "rowStatus": "R",
            "pageSort": null
        }
    ],
    "statusCode": 200
}