{
    "timestamp": "2022-04-28T23:14:09.352",
    "success": true,
    "code": null,
    "msg": null,
    "data": [
        {
            "rowIndex": 0,
            "success": false,
            "message": null,
            "pageSize": 100,
            "pageNum": 1,
            "lctreMthodNm": "\ub300\uba74",
            "lctrmInfo": "IT\uc735\ubcf5\ud569\uad00(IT\uc735\ubcf5\ud569\uacf5\ud559\uad00)",
            "lctreLnggeSctcd": null,
            "crseNo": "ITEC0415-001",
            "estblUnivNm": "IT\ub300\ud559",
            "estblDprtnNm": "\ucef4\ud4e8\ud130\ud559\ubd80 \ub370\uc774\ud130\uacfc\ud559\uc804\uacf5",
            "estblYear": "2022",
            "estblDprtnCd": "1O0206",
            "estblSmstrSctnm": "1\ud559\uae30",
            "estblSmstrSctcd": "CMBS001400001",
            "estblGrade": "4",
            "sbjetSctnm": "\uacf5\ud559\uc804\uacf5",
            "sbjetNm": "\uace0\uae09\ubb38\uc81c\ud574\uacb0",
            "sbjetDvnno": "001",
            "sbjetCd": "ITEC0415",
            "gubun": null,
            "pckgeRqstPssblYn": "Y",
            "pckgeRqstCnt": "94",
            "name": null,
            "rmrk": "\uc2e0\uc784\uad50\uc218 \ub2f4\ub2f9\uc608\uc815",
            "appcrCnt": "48",
            "attlcPrscpCnt": "40",
            "lssnsTimeInfo": "\uc218 1A,1B<br/>\uc218 2A,2B<br/>\uc218 3A,3B<br/>\uc218 4A,4B",
            "lssnsRealTimeInfo": "\uc218 09:00 ~ 10:00<br/>\uc218 10:00 ~ 11:00<br/>\uc218 11:00 ~ 12:00<br/>\uc218 12:00 ~ 13:00",
            "prctsTime": "2",
            "doPlan": "Kor",
            "thryTime": "2",
            "totalPrfssNm": "\ub0a8\ub355\uc724",
            "mngetEstblYn": "N",
            "code": null,
            "crdit": "3",
            "expniSllbsYn": "Y",
            "bldngSn": null,
            "bldngCd": null,
            "bldngNm": null,
            "lssnsLcttmUntcd": null,
            "sbjetSctcd2": null,
            "rmnmCd": "301",
            "isApi": null,
            "paging": false,
            "rowStatus": "R",
            "pageSort": null
        },
        {
            "rowIndex": 0,
            "success": false,
            "message": null,
            "pageSize": 100,
            "pageNum": 1,
            "lctreMthodNm": "\ube44\ub300\uba74",
            "lctrmInfo": "IT\uc735\ubcf5\ud569\uad00(IT\uc735\ubcf5\ud569\uacf5\ud559\uad00)",
            "lctreLnggeSctcd": null,
            "crseNo": "COMP0413-001",
            "estblUnivNm": "IT\ub300\ud559",
            "estblDprtnNm": "\ucef4\ud4e8\ud130\ud559\ubd80 \ub370\uc774\ud130\uacfc\ud559\uc804\uacf5",
            "estblYear": "2022",
            "estblDprtnCd": "1O0206",
            "estblSmstrSctnm": "1\ud559\uae30",
            "estblSmstrSctcd": "CMBS001400001",
            "estblGrade": "4",
            "sbjetSctnm": "\uacf5\ud559\uc804\uacf5",
            "sbjetNm": "\ucef4\ud4e8\ud130\uadf8\ub798\ud53d\uc2a4",
            "sbjetDvnno": "001",
            "sbjetCd": "COMP0413",
            "gubun": null,
            "pckgeRqstPssblYn": "Y",
            "pckgeRqstCnt": "98",
            "name": null,
            "rmrk": "\ud50c\ub9bd\ub4dc\ub7ec\ub2dd\uac15\uc88c<br>",
            "appcrCnt": "105",
            "attlcPrscpCnt": "99",
            "lssnsTimeInfo": "\uc6d4 5B,6A,6B<br/>\uc218 7A,7B,8A",
            "lssnsRealTimeInfo": "\uc6d4 13:30 ~ 15:00<br/>\uc218 15:00 ~ 16:30",
            "prctsTime": "0",
            "doPlan": "Pre",
            "thryTime": "3",
            "totalPrfssNm": "\ubc31\ub099\ud6c8",
            "mngetEstblYn": "N",
            "code": null,
            "crdit": "3",
            "expniSllbsYn": "Y",
            "bldngSn": null,
            "bldngCd": null,
            "bldngNm": null,
            "lssnsLcttmUntcd": null,
            "sbjetSctcd2": null,
            "rmnmCd": "B102",
            "isApi": null,
            "paging": false,
            "rowStatus": "R",
            "pageSort": null
        },
        {
            "rowIndex": 0,
            "success": false,
            "message": null,
            "pageSize": 100,
            "pageNum": 1,
            "lctreMthodNm": "\ub300\uba74",
            "lctrmInfo": "IT\uc735\ubcf5\ud569\uad00(IT\uc735\ubcf5\ud569\uacf5\ud559\uad00)",
            "lctreLnggeSctcd": null,
            "crseNo": "COMP0414-001",
            "estblUnivNm": "IT\ub300\ud559",
            "estblDprtnNm": "\ucef4\ud4e8\ud130\ud559\ubd80 \ub370\uc774\ud130\uacfc\ud559\uc804\uacf5",
            "estblYear": "2022",
            "estblDprtnCd": "1O0206",
            "estblSmstrSctnm": "1\ud559\uae30",
            "estblSmstrSctcd": "CMBS001400001",
            "estblGrade": "4",
            "sbjetSctnm": "\uacf5\ud559\uc804\uacf5",
            "sbjetNm": "\ucef4\ud4e8\ud130\ub9dd",
            "sbjetDvnno": "001",
            "sbjetCd": "COMP0414",
            "gubun": null,
            "pckgeRqstPssblYn": "Y",
            "pckgeRqstCnt": "19",
            "name": null,
            "rmrk": null,
            "appcrCnt": "28",
            "attlcPrscpCnt": "60",
            "lssnsTimeInfo": "\ud654 8B,9A,9B<br/>\ubaa9 7A,7B,8A",
            "lssnsRealTimeInfo": "\ud654 16:30 ~ 18:00<br/>\ubaa9 15:00 ~ 16:30",
            "prctsTime": "0",
            "doPlan": "Kor",
            "thryTime": "3",
            "totalPrfssNm": "\uae40\uc7ac\uc218",
            "mngetEstblYn": "N",
            "code": null,
            "crdit": "3",
            "expniSllbsYn": "Y",
            "bldngSn": null,
            "bldngCd": null,
            "bldngNm": null,
            "lssnsLcttmUntcd": null,
            "sbjetSctcd2": null,
            "rmnmCd": "345",
            "isApi": null,
            "paging": false,
            "rowStatus": "R",
            "pageSort": null
        },
        {
            "rowIndex": 0,
            "success": false,
            "message": null,
            "pageSize": 100,
            "pageNum": 1,
            "lctreMthodNm": "\ub300\uba74",
            "lctrmInfo": "IT\uc735\ubcf5\ud569\uad00(IT\uc735\ubcf5\ud569\uacf5\ud559\uad00)",
            "lctreLnggeSctcd": null,
            "crseNo": "COMP0414-002",
            "estblUnivNm": "IT\ub300\ud559",
            "estblDprtnNm": "\ucef4\ud4e8\ud130\ud559\ubd80 \ub370\uc774\ud130\uacfc\ud559\uc804\uacf5",
            "estblYear": "2022",
            "estblDprtnCd": "1O0206",
            "estblSmstrSctnm": "1\ud559\uae30",
            "estblSmstrSctcd": "CMBS001400001",
            "estblGrade": "4",
            "sbjetSctnm": "\uacf5\ud559\uc804\uacf5",
            "sbjetNm": "\ucef4\ud4e8\ud130\ub9dd",
            "sbjetDvnno": "002",
            "sbjetCd": "COMP0414",
            "gubun": null,
            "pckgeRqstPssblYn": "Y",
            "pckgeRqstCnt": "128",
            "name": null,
            "rmrk": "(\ud55c\uad6d\uc5b4+\uc601\uc5b4)<br>",
            "appcrCnt": "73",
            "attlcPrscpCnt": "60",
            "lssnsTimeInfo": "\uc6d4 7A,7B,8A<br/>\uc218 5B,6A,6B",
            "lssnsRealTimeInfo": "\uc6d4 15:00 ~ 16:30<br/>\uc218 13:30 ~ 15:00",
            "prctsTime": "0",
            "doPlan": "Kor",
            "thryTime": "3",
            "totalPrfssNm": "\uae40\ub3d9\uade0",
            "mngetEstblYn": "N",
            "code": null,
            "crdit": "3",
            "expniSllbsYn": "Y",
            "bldngSn": null,
            "bldngCd": null,
            "bldngNm": null,
            "lssnsLcttmUntcd": null,
            "sbjetSctcd2": null,
            "rmnmCd": "B102",
            "isApi": null,
            "paging": false,
            "rowStatus": "R",
            "pageSort": null
        },
        {
            "rowIndex": 0,
            "success": false,
            "message": null,
            "pageSize": 100,
            "pageNum": 1,
            "lctreMthodNm": "\ub300\uba74",
            "lctrmInfo": "IT\uc735\ubcf5\ud569\uad00(IT\uc735\ubcf5\ud569\uacf5\ud559\uad00)",
            "lctreLnggeSctcd": null,
            "crseNo": "ITEC0402-003",
            "estblUnivNm": "IT\ub300\ud559",
            "estblDprtnNm": "\ucef4\ud4e8\ud130\ud559\ubd80 \ub370\uc774\ud130\uacfc\ud559\uc804\uacf5",
            "estblYear": "2022",
            "estblDprtnCd": "1O0206",
            "estblSmstrSctnm": "1\ud559\uae30",
            "estblSmstrSctcd": "CMBS001400001",
            "estblGrade": "4",
            "sbjetSctnm": "\uacf5\ud559\uc804\uacf5",
            "sbjetNm": "\uc885\ud569\uc124\uacc4\ud504\ub85c\uc81d\ud2b82",
            "sbjetDvnno": "003",
            "sbjetCd": "ITEC0402",
            "gubun": null,
            "pckgeRqstPssblYn": "Y",
            "pckgeRqstCnt": "35",
            "name": null,
            "rmrk": null,
            "appcrCnt": "32",
            "attlcPrscpCnt": "35",
            "lssnsTimeInfo": "\uc218 0A,0B<br/>\uc218 10A,10B<br/>\uc218 11A,11B<br/>\uc218 12A,12B<br/>\uc218 13A,13B",
            "lssnsRealTimeInfo": "\uc218 08:00 ~ 09:00<br/>\uc218 18:00 ~ 19:00<br/>\uc218 19:00 ~ 20:00<br/>\uc218 20:00 ~ 21:00<br/>\uc218 21:00 ~ 22:00",
            "prctsTime": "2",
            "doPlan": "Kor",
            "thryTime": "3",
            "totalPrfssNm": "\uc815\uc124\uc601",
            "mngetEstblYn": "N",
            "code": null,
            "crdit": "4",
            "expniSllbsYn": "Y",
            "bldngSn": null,
            "bldngCd": null,
            "bldngNm": null,
            "lssnsLcttmUntcd": null,
            "sbjetSctcd2": null,
            "rmnmCd": "251",
            "isApi": null,
            "paging": false,
            "rowStatus": "R",
            "pageSort": null
        },
        {
            "rowIndex": 0,
            "success": false,
            "message": null,
            "pageSize": 100,
            "pageNum": 1,
            "lctreMthodNm": "\ub300\uba74",
            "lctrmInfo": "IT\uc735\ubcf5\ud569\uad00(IT\uc735\ubcf5\ud569\uacf5\ud559\uad00)",
            "lctreLnggeSctcd": null,
            "crseNo": "ITEC0402-001",
            "estblUnivNm": "IT\ub300\ud559",
            "estblDprtnNm": "\ucef4\ud4e8\ud130\ud559\ubd80 \ub370\uc774\ud130\uacfc\ud559\uc804\uacf5",
            "estblYear": "2022",
            "estblDprtnCd": "1O0206",
            "estblSmstrSctnm": "1\ud559\uae30",
            "estblSmstrSctcd": "CMBS001400001",
            "estblGrade": "4",
            "sbjetSctnm": "\uacf5\ud559\uc804\uacf5",
            "sbjetNm": "\uc885\ud569\uc124\uacc4\ud504\ub85c\uc81d\ud2b82",
            "sbjetDvnno": "001",
            "sbjetCd": "ITEC0402",
            "gubun": null,
            "pckgeRqstPssblYn": "Y",
            "pckgeRqstCnt": "47",
            "name": null,
            "rmrk": null,
            "appcrCnt": "35",
            "attlcPrscpCnt": "35",
            "lssnsTimeInfo": "\uc6d4 0A,0B<br/>\uc6d4 10A,10B<br/>\uc6d4 11A,11B<br/>\uc6d4 12A,12B<br/>\uc6d4 13A,13B",
            "lssnsRealTimeInfo": "\uc6d4 08:00 ~ 09:00<br/>\uc6d4 18:00 ~ 19:00<br/>\uc6d4 19:00 ~ 20:00<br/>\uc6d4 20:00 ~ 21:00<br/>\uc6d4 21:00 ~ 22:00",
            "prctsTime": "2",
            "doPlan": "Kor",
            "thryTime": "3",
            "totalPrfssNm": "\uace0\uc11d\uc8fc",
            "mngetEstblYn": "N",
            "code": null,
            "crdit": "4",
            "expniSllbsYn": "Y",
            "bldngSn": null,
            "bldngCd": null,
            "bldngNm": null,
            "lssnsLcttmUntcd": null,
            "sbjetSctcd2": null,
            "rmnmCd": "245",
            "isApi": null,
            "paging": false,
            "rowStatus": "R",
            "pageSort": null
        },
        {
            "rowIndex": 0,
            "success": false,
            "message": null,
            "pageSize": 100,
            "pageNum": 1,
            "lctreMthodNm": "\ub300\uba74",
            "lctrmInfo": "IT\uc735\ubcf5\ud569\uad00(IT\uc735\ubcf5\ud569\uacf5\ud559\uad00)",
            "lctreLnggeSctcd": null,
            "crseNo": "ITEC0403-003",
            "estblUnivNm": "IT\ub300\ud559",
            "estblDprtnNm": "\ucef4\ud4e8\ud130\ud559\ubd80 \ub370\uc774\ud130\uacfc\ud559\uc804\uacf5",
            "estblYear": "2022",
            "estblDprtnCd": "1O0206",
            "estblSmstrSctnm": "1\ud559\uae30",
            "estblSmstrSctcd": "CMBS001400001",
            "estblGrade": "4",
            "sbjetSctnm": "\uae30\ubcf8\uc18c\uc591",
            "sbjetNm": "IT\uc9c0\uc2dd\uc7ac\uc0b0\uad8c",
            "sbjetDvnno": "003",
            "sbjetCd": "ITEC0403",
            "gubun": null,
            "pckgeRqstPssblYn": "Y",
            "pckgeRqstCnt": "36",
            "name": null,
            "rmrk": null,
            "appcrCnt": "49",
            "attlcPrscpCnt": "60",
            "lssnsTimeInfo": "\uae08 5B,6A,6B<br/>\uae08 7A,7B,8A",
            "lssnsRealTimeInfo": "\uae08 13:30 ~ 15:00<br/>\uae08 15:00 ~ 16:30",
            "prctsTime": "0",
            "doPlan": "Kor",
            "thryTime": "3",
            "totalPrfssNm": "\uc815\uc6d0\uc77c",
            "mngetEstblYn": "N",
            "code": null,
            "crdit": "3",
            "expniSllbsYn": "Y",
            "bldngSn": null,
            "bldngCd": null,
            "bldngNm": null,
            "lssnsLcttmUntcd": null,
            "sbjetSctcd2": null,
            "rmnmCd": "245",
            "isApi": null,
            "paging": false,
            "rowStatus": "R",
            "pageSort": null
        },
        {
            "rowIndex": 0,
            "success": false,
            "message": null,
            "pageSize": 100,
            "pageNum": 1,
            "lctreMthodNm": "\ub300\uba74",
            "lctrmInfo": "IT\uc735\ubcf5\ud569\uad00(IT\uc735\ubcf5\ud569\uacf5\ud559\uad00)",
            "lctreLnggeSctcd": null,
            "crseNo": "ITEC0402-002",
            "estblUnivNm": "IT\ub300\ud559",
            "estblDprtnNm": "\ucef4\ud4e8\ud130\ud559\ubd80 \ub370\uc774\ud130\uacfc\ud559\uc804\uacf5",
            "estblYear": "2022",
            "estblDprtnCd": "1O0206",
            "estblSmstrSctnm": "1\ud559\uae30",
            "estblSmstrSctcd": "CMBS001400001",
            "estblGrade": "4",
            "sbjetSctnm": "\uacf5\ud559\uc804\uacf5",
            "sbjetNm": "\uc885\ud569\uc124\uacc4\ud504\ub85c\uc81d\ud2b82",
            "sbjetDvnno": "002",
            "sbjetCd": "ITEC0402",
            "gubun": null,
            "pckgeRqstPssblYn": "Y",
            "pckgeRqstCnt": "20",
            "name": null,
            "rmrk": "(\ud55c\uad6d\uc5b4+\uc601\uc5b4)<br>",
            "appcrCnt": "25",
            "attlcPrscpCnt": "35",
            "lssnsTimeInfo": "\uc6d4 0A,0B<br/>\uc6d4 10A,10B<br/>\uc6d4 11A,11B<br/>\uc6d4 12A,12B<br/>\uc6d4 13A,13B",
            "lssnsRealTimeInfo": "\uc6d4 08:00 ~ 09:00<br/>\uc6d4 18:00 ~ 19:00<br/>\uc6d4 19:00 ~ 20:00<br/>\uc6d4 20:00 ~ 21:00<br/>\uc6d4 21:00 ~ 22:00",
            "prctsTime": "2",
            "doPlan": "Kor",
            "thryTime": "3",
            "totalPrfssNm": "\ubc31\ud638\uae30",
            "mngetEstblYn": "N",
            "code": null,
            "crdit": "4",
            "expniSllbsYn": "Y",
            "bldngSn": null,
            "bldngCd": null,
            "bldngNm": null,
            "lssnsLcttmUntcd": null,
            "sbjetSctcd2": null,
            "rmnmCd": "251",
            "isApi": null,
            "paging": false,
            "rowStatus": "R",
            "pageSort": null
        },
        {
            "rowIndex": 0,
            "success": false,
            "message": null,
            "pageSize": 100,
            "pageNum": 1,
            "lctreMthodNm": "\ub300\uba74",
            "lctrmInfo": "IT\uc735\ubcf5\ud569\uad00(IT\uc735\ubcf5\ud569\uacf5\ud559\uad00)",
            "lctreLnggeSctcd": null,
            "crseNo": "COMP0419-001",
            "estblUnivNm": "IT\ub300\ud559",
            "estblDprtnNm": "\ucef4\ud4e8\ud130\ud559\ubd80 \ub370\uc774\ud130\uacfc\ud559\uc804\uacf5",
            "estblYear": "2022",
            "estblDprtnCd": "1O0206",
            "estblSmstrSctnm": "1\ud559\uae30",
            "estblSmstrSctcd": "CMBS001400001",
            "estblGrade": "4",
            "sbjetSctnm": "\uacf5\ud559\uc804\uacf5",
            "sbjetNm": "\uc815\ubcf4\uac80\uc0c9",
            "sbjetDvnno": "001",
            "sbjetCd": "COMP0419",
            "gubun": null,
            "pckgeRqstPssblYn": "Y",
            "pckgeRqstCnt": "73",
            "name": null,
            "rmrk": null,
            "appcrCnt": "71",
            "attlcPrscpCnt": "73",
            "lssnsTimeInfo": "\ud654 8B,9A,9B<br/>\ubaa9 8B,9A,9B",
            "lssnsRealTimeInfo": "\ud654 16:30 ~ 18:00<br/>\ubaa9 16:30 ~ 18:00",
            "prctsTime": "0",
            "doPlan": "Kor",
            "thryTime": "3",
            "totalPrfssNm": "\ubc15\uc138\uc601",
            "mngetEstblYn": "N",
            "code": null,
            "crdit": "3",
            "expniSllbsYn": "Y",
            "bldngSn": null,
            "bldngCd": null,
            "bldngNm": null,
            "lssnsLcttmUntcd": null,
            "sbjetSctcd2": null,
            "rmnmCd": "B101",
            "isApi": null,
            "paging": false,
            "rowStatus": "R",
            "pageSort": null
        },
        {
            "rowIndex": 0,
            "success": false,
            "message": null,
            "pageSize": 100,
            "pageNum": 1,
            "lctreMthodNm": "\ub300\uba74",
            "lctrmInfo": "IT\uc735\ubcf5\ud569\uad00(IT\uc735\ubcf5\ud569\uacf5\ud559\uad00)",
            "lctreLnggeSctcd": null,
            "crseNo": "COMP0324-003",
            "estblUnivNm": "IT\ub300\ud559",
            "estblDprtnNm": "\ucef4\ud4e8\ud130\ud559\ubd80 \ub370\uc774\ud130\uacfc\ud559\uc804\uacf5",
            "estblYear": "2022",
            "estblDprtnCd": "1O0206",
            "estblSmstrSctnm": "1\ud559\uae30",
            "estblSmstrSctcd": "CMBS001400001",
            "estblGrade": "4",
            "sbjetSctnm": "\uacf5\ud559\uc804\uacf5",
            "sbjetNm": "\uc778\uacf5\uc9c0\ub2a5",
            "sbjetDvnno": "003",
            "sbjetCd": "COMP0324",
            "gubun": null,
            "pckgeRqstPssblYn": "Y",
            "pckgeRqstCnt": "58",
            "name": null,
            "rmrk": "(\uc601\uc5b4)<br>",
            "appcrCnt": "65",
            "attlcPrscpCnt": "40",
            "lssnsTimeInfo": "\uc6d4 8B,9A,9B<br/>\uc218 8B,9A,9B",
            "lssnsRealTimeInfo": "\uc6d4 16:30 ~ 18:00<br/>\uc218 16:30 ~ 18:00",
            "prctsTime": "0",
            "doPlan": "Eng",
            "thryTime": "3",
            "totalPrfssNm": "\uae40\uc7ac\uc77c",
            "mngetEstblYn": "N",
            "code": null,
            "crdit": "3",
            "expniSllbsYn": "Y",
            "bldngSn": null,
            "bldngCd": null,
            "bldngNm": null,
            "lssnsLcttmUntcd": null,
            "sbjetSctcd2": null,
            "rmnmCd": "B102",
            "isApi": null,
            "paging": false,
            "rowStatus": "R",
            "pageSort": null
        }
    ],
    "statusCode": 200
}