{
    "timestamp": "2022-04-28T23:14:46.089",
    "success": true,
    "code": null,
    "msg": null,
    "data": [
        {
            "rowIndex": 0,
            "success": false,
            "message": null,
            "pageSize": 100,
            "pageNum": 1,
            "lctreMthodNm": "\ub300\uba74",
            "lctrmInfo": "\ub300\ud559\uc6d0\ub3d9",
            "lctreLnggeSctcd": null,
            "crseNo": "JPNL0315-001",
            "estblUnivNm": "\uc778\ubb38\ub300\ud559",
            "estblDprtnNm": "\uc77c\uc5b4\uc77c\ubb38\ud559\uacfc",
            "estblYear": "2022",
            "estblDprtnCd": "1109",
            "estblSmstrSctnm": "1\ud559\uae30",
            "estblSmstrSctcd": "CMBS001400001",
            "estblGrade": "2",
            "sbjetSctnm": "\uc804\uacf5\ud544\uc218",
            "sbjetNm": "\uc77c\ubcf8\uba85\ubb38\uba85\uac00",
            "sbjetDvnno": "001",
            "sbjetCd": "JPNL0315",
            "gubun": null,
            "pckgeRqstPssblYn": "Y",
            "pckgeRqstCnt": "8",
            "name": null,
            "rmrk": null,
            "appcrCnt": "14",
            "attlcPrscpCnt": "50",
            "lssnsTimeInfo": "\ud654 7A,7B,8A<br/>\ubaa9 7A,7B,8A",
            "lssnsRealTimeInfo": "\ud654 15:00 ~ 16:30<br/>\ubaa9 15:00 ~ 16:30",
            "prctsTime": "0",
            "doPlan": "Kor",
            "thryTime": "3",
            "totalPrfssNm": "\uc774\uc900\uc12d",
            "mngetEstblYn": "Y",
            "code": null,
            "crdit": "3",
            "expniSllbsYn": "N",
            "bldngSn": null,
            "bldngCd": null,
            "bldngNm": null,
            "lssnsLcttmUntcd": null,
            "sbjetSctcd2": null,
            "rmnmCd": "302",
            "isApi": null,
            "paging": false,
            "rowStatus": "R",
            "pageSort": null
        },
        {
            "rowIndex": 0,
            "success": false,
            "message": null,
            "pageSize": 100,
            "pageNum": 1,
            "lctreMthodNm": "\ub300\uba74",
            "lctrmInfo": "\uc778\ubb38\ud55c\uad6d\uc9c4\ud765\uad00",
            "lctreLnggeSctcd": null,
            "crseNo": "JPNL0315-002",
            "estblUnivNm": "\uc778\ubb38\ub300\ud559",
            "estblDprtnNm": "\uc77c\uc5b4\uc77c\ubb38\ud559\uacfc",
            "estblYear": "2022",
            "estblDprtnCd": "1109",
            "estblSmstrSctnm": "1\ud559\uae30",
            "estblSmstrSctcd": "CMBS001400001",
            "estblGrade": "2",
            "sbjetSctnm": "\uc804\uacf5\ud544\uc218",
            "sbjetNm": "\uc77c\ubcf8\uba85\ubb38\uba85\uac00",
            "sbjetDvnno": "002",
            "sbjetCd": "JPNL0315",
            "gubun": null,
            "pckgeRqstPssblYn": "Y",
            "pckgeRqstCnt": "21",
            "name": null,
            "rmrk": null,
            "appcrCnt": "31",
            "attlcPrscpCnt": "50",
            "lssnsTimeInfo": "\uc6d4 5B,6A,6B<br/>\uae08 5B,6A,6B",
            "lssnsRealTimeInfo": "\uc6d4 13:30 ~ 15:00<br/>\uae08 13:30 ~ 15:00",
            "prctsTime": "0",
            "doPlan": "Kor",
            "thryTime": "3",
            "totalPrfssNm": "\uc870\ud5cc\uad6c",
            "mngetEstblYn": "Y",
            "code": null,
            "crdit": "3",
            "expniSllbsYn": "N",
            "bldngSn": null,
            "bldngCd": null,
            "bldngNm": null,
            "lssnsLcttmUntcd": null,
            "sbjetSctcd2": null,
            "rmnmCd": "105",
            "isApi": null,
            "paging": false,
            "rowStatus": "R",
            "pageSort": null
        },
        {
            "rowIndex": 0,
            "success": false,
            "message": null,
            "pageSize": 100,
            "pageNum": 1,
            "lctreMthodNm": "\ub300\uba74",
            "lctrmInfo": "\uc778\ubb38\ub300\ud559",
            "lctreLnggeSctcd": null,
            "crseNo": "JPNL0322-002",
            "estblUnivNm": "\uc778\ubb38\ub300\ud559",
            "estblDprtnNm": "\uc77c\uc5b4\uc77c\ubb38\ud559\uacfc",
            "estblYear": "2022",
            "estblDprtnCd": "1109",
            "estblSmstrSctnm": "1\ud559\uae30",
            "estblSmstrSctcd": "CMBS001400001",
            "estblGrade": "1",
            "sbjetSctnm": "\uc804\uacf5\uae30\ucd08",
            "sbjetNm": "\uc77c\uc5b8\uc5b4\uc2e4\uc2b5",
            "sbjetDvnno": "002",
            "sbjetCd": "JPNL0322",
            "gubun": null,
            "pckgeRqstPssblYn": "N",
            "pckgeRqstCnt": "0",
            "name": null,
            "rmrk": null,
            "appcrCnt": "23",
            "attlcPrscpCnt": "20",
            "lssnsTimeInfo": "\uc218 3A,3B<br/>\uc218 4A,4B",
            "lssnsRealTimeInfo": "\uc218 11:00 ~ 12:00<br/>\uc218 12:00 ~ 13:00",
            "prctsTime": "0",
            "doPlan": "Kor",
            "thryTime": "2",
            "totalPrfssNm": "\uc784\uc218\ud604",
            "mngetEstblYn": "Y",
            "code": null,
            "crdit": "2",
            "expniSllbsYn": "Y",
            "bldngSn": null,
            "bldngCd": null,
            "bldngNm": null,
            "lssnsLcttmUntcd": null,
            "sbjetSctcd2": null,
            "rmnmCd": "311",
            "isApi": null,
            "paging": false,
            "rowStatus": "R",
            "pageSort": null
        },
        {
            "rowIndex": 0,
            "success": false,
            "message": null,
            "pageSize": 100,
            "pageNum": 1,
            "lctreMthodNm": "\ub300\uba74",
            "lctrmInfo": "\ub300\ud559\uc6d0\ub3d9",
            "lctreLnggeSctcd": null,
            "crseNo": "CLTR0032-001",
            "estblUnivNm": "\uc778\ubb38\ub300\ud559",
            "estblDprtnNm": "\uc77c\uc5b4\uc77c\ubb38\ud559\uacfc",
            "estblYear": "2022",
            "estblDprtnCd": "1109",
            "estblSmstrSctnm": "1\ud559\uae30",
            "estblSmstrSctcd": "CMBS001400001",
            "estblGrade": "1",
            "sbjetSctnm": "\uad50\uc591",
            "sbjetNm": "\uc77c\uc5b4 I",
            "sbjetDvnno": "001",
            "sbjetCd": "CLTR0032",
            "gubun": null,
            "pckgeRqstPssblYn": "N",
            "pckgeRqstCnt": "0",
            "name": null,
            "rmrk": "<b>\uc778\ubb38\uad50\uc591</b><br>",
            "appcrCnt": "40",
            "attlcPrscpCnt": "50",
            "lssnsTimeInfo": "\ud654 1A,1B,2A<br/>\ubaa9 2B,3A,3B",
            "lssnsRealTimeInfo": "\ud654 09:00 ~ 10:30<br/>\ubaa9 10:30 ~ 12:00",
            "prctsTime": "0",
            "doPlan": "Kor",
            "thryTime": "3",
            "totalPrfssNm": "\ucc44\uc218\ub3c4",
            "mngetEstblYn": "Y",
            "code": null,
            "crdit": "3",
            "expniSllbsYn": "N",
            "bldngSn": null,
            "bldngCd": null,
            "bldngNm": null,
            "lssnsLcttmUntcd": null,
            "sbjetSctcd2": null,
            "rmnmCd": "302",
            "isApi": null,
            "paging": false,
            "rowStatus": "R",
            "pageSort": null
        },
        {
            "rowIndex": 0,
            "success": false,
            "message": null,
            "pageSize": 100,
            "pageNum": 1,
            "lctreMthodNm": "\ub300\uba74",
            "lctrmInfo": "\uc778\ubb38\ud55c\uad6d\uc9c4\ud765\uad00",
            "lctreLnggeSctcd": null,
            "crseNo": "CLTR0128-002",
            "estblUnivNm": "\uc778\ubb38\ub300\ud559",
            "estblDprtnNm": "\uc77c\uc5b4\uc77c\ubb38\ud559\uacfc",
            "estblYear": "2022",
            "estblDprtnCd": "1109",
            "estblSmstrSctnm": "1\ud559\uae30",
            "estblSmstrSctcd": "CMBS001400001",
            "estblGrade": "*",
            "sbjetSctnm": "\uad50\uc591",
            "sbjetNm": "\uc77c\ubcf8\ubb38\ud559\uc758 \uc774\ud574",
            "sbjetDvnno": "002",
            "sbjetCd": "CLTR0128",
            "gubun": null,
            "pckgeRqstPssblYn": "Y",
            "pckgeRqstCnt": "59",
            "name": null,
            "rmrk": "\uc804\ud559\ub144\uc120\ud0dd<br><b>\uc778\ubb38\uad50\uc591</b><br>",
            "appcrCnt": "69",
            "attlcPrscpCnt": "70",
            "lssnsTimeInfo": "\uc6d4 8B,9A,9B<br/>\uc218 7A,7B,8A",
            "lssnsRealTimeInfo": "\uc6d4 16:30 ~ 18:00<br/>\uc218 15:00 ~ 16:30",
            "prctsTime": "0",
            "doPlan": "Kor",
            "thryTime": "3",
            "totalPrfssNm": "\ucc44\uc9c0\ud61c",
            "mngetEstblYn": "Y",
            "code": null,
            "crdit": "3",
            "expniSllbsYn": "N",
            "bldngSn": null,
            "bldngCd": null,
            "bldngNm": null,
            "lssnsLcttmUntcd": null,
            "sbjetSctcd2": null,
            "rmnmCd": "105",
            "isApi": null,
            "paging": false,
            "rowStatus": "R",
            "pageSort": null
        },
        {
            "rowIndex": 0,
            "success": false,
            "message": null,
            "pageSize": 100,
            "pageNum": 1,
            "lctreMthodNm": "\ub300\uba74",
            "lctrmInfo": "\uc778\ubb38\ub300\ud559",
            "lctreLnggeSctcd": null,
            "crseNo": "JPNL0301-002",
            "estblUnivNm": "\uc778\ubb38\ub300\ud559",
            "estblDprtnNm": "\uc77c\uc5b4\uc77c\ubb38\ud559\uacfc",
            "estblYear": "2022",
            "estblDprtnCd": "1109",
            "estblSmstrSctnm": "1\ud559\uae30",
            "estblSmstrSctcd": "CMBS001400001",
            "estblGrade": "2",
            "sbjetSctnm": "\uc804\uacf5\uae30\ucd08",
            "sbjetNm": "\uc77c\ubcf8\uc5b4\ubb38\ubc95",
            "sbjetDvnno": "002",
            "sbjetCd": "JPNL0301",
            "gubun": null,
            "pckgeRqstPssblYn": "Y",
            "pckgeRqstCnt": "15",
            "name": null,
            "rmrk": null,
            "appcrCnt": "19",
            "attlcPrscpCnt": "50",
            "lssnsTimeInfo": "\uc6d4 1A,1B,2A<br/>\uc218 2B,3A,3B",
            "lssnsRealTimeInfo": "\uc6d4 09:00 ~ 10:30<br/>\uc218 10:30 ~ 12:00",
            "prctsTime": "0",
            "doPlan": "Kor",
            "thryTime": "3",
            "totalPrfssNm": "\uc190\ubbf8\uc815",
            "mngetEstblYn": "Y",
            "code": null,
            "crdit": "3",
            "expniSllbsYn": "N",
            "bldngSn": null,
            "bldngCd": null,
            "bldngNm": null,
            "lssnsLcttmUntcd": null,
            "sbjetSctcd2": null,
            "rmnmCd": "319",
            "isApi": null,
            "paging": false,
            "rowStatus": "R",
            "pageSort": null
        },
        {
            "rowIndex": 0,
            "success": false,
            "message": null,
            "pageSize": 100,
            "pageNum": 1,
            "lctreMthodNm": "\ub300\uba74",
            "lctrmInfo": "\uc778\ubb38\ub300\ud559",
            "lctreLnggeSctcd": null,
            "crseNo": "JPNL0422-001",
            "estblUnivNm": "\uc778\ubb38\ub300\ud559",
            "estblDprtnNm": "\uc77c\uc5b4\uc77c\ubb38\ud559\uacfc",
            "estblYear": "2022",
            "estblDprtnCd": "1109",
            "estblSmstrSctnm": "1\ud559\uae30",
            "estblSmstrSctcd": "CMBS001400001",
            "estblGrade": "3",
            "sbjetSctnm": "\uc804\uacf5",
            "sbjetNm": "\uc77c\ubcf8\uc5b4\ud68c\ud654 4",
            "sbjetDvnno": "001",
            "sbjetCd": "JPNL0422",
            "gubun": null,
            "pckgeRqstPssblYn": "Y",
            "pckgeRqstCnt": "3",
            "name": null,
            "rmrk": "(\uc77c\uc5b4)<br>",
            "appcrCnt": "4",
            "attlcPrscpCnt": "20",
            "lssnsTimeInfo": "\ud654 5A,5B<br/>\ud654 6A,6B",
            "lssnsRealTimeInfo": "\ud654 13:00 ~ 14:00<br/>\ud654 14:00 ~ 15:00",
            "prctsTime": "0",
            "doPlan": "Kor",
            "thryTime": "2",
            "totalPrfssNm": "\uc57c\ud558\ub77c\ub9c8\uc0ac\ud788\ub85c",
            "mngetEstblYn": "Y",
            "code": null,
            "crdit": "2",
            "expniSllbsYn": "N",
            "bldngSn": null,
            "bldngCd": null,
            "bldngNm": null,
            "lssnsLcttmUntcd": null,
            "sbjetSctcd2": null,
            "rmnmCd": "311",
            "isApi": null,
            "paging": false,
            "rowStatus": "R",
            "pageSort": null
        },
        {
            "rowIndex": 0,
            "success": false,
            "message": null,
            "pageSize": 100,
            "pageNum": 1,
            "lctreMthodNm": "\ub300\uba74",
            "lctrmInfo": "\uc778\ubb38\ub300\ud559",
            "lctreLnggeSctcd": null,
            "crseNo": "CLTR0032-002",
            "estblUnivNm": "\uc778\ubb38\ub300\ud559",
            "estblDprtnNm": "\uc77c\uc5b4\uc77c\ubb38\ud559\uacfc",
            "estblYear": "2022",
            "estblDprtnCd": "1109",
            "estblSmstrSctnm": "1\ud559\uae30",
            "estblSmstrSctcd": "CMBS001400001",
            "estblGrade": "*",
            "sbjetSctnm": "\uad50\uc591",
            "sbjetNm": "\uc77c\uc5b4 I",
            "sbjetDvnno": "002",
            "sbjetCd": "CLTR0032",
            "gubun": null,
            "pckgeRqstPssblYn": "Y",
            "pckgeRqstCnt": "33",
            "name": null,
            "rmrk": "\uc804\ud559\ub144\uc120\ud0dd<br><b>\uc778\ubb38\uad50\uc591</b><br>",
            "appcrCnt": "46",
            "attlcPrscpCnt": "50",
            "lssnsTimeInfo": "\uc6d4 8B,9A,9B<br/>\uc218 7A,7B,8A",
            "lssnsRealTimeInfo": "\uc6d4 16:30 ~ 18:00<br/>\uc218 15:00 ~ 16:30",
            "prctsTime": "0",
            "doPlan": "Kor",
            "thryTime": "3",
            "totalPrfssNm": "\uc7a5\uc720\ub9ac",
            "mngetEstblYn": "Y",
            "code": null,
            "crdit": "3",
            "expniSllbsYn": "N",
            "bldngSn": null,
            "bldngCd": null,
            "bldngNm": null,
            "lssnsLcttmUntcd": null,
            "sbjetSctcd2": null,
            "rmnmCd": "319",
            "isApi": null,
            "paging": false,
            "rowStatus": "R",
            "pageSort": null
        },
        {
            "rowIndex": 0,
            "success": false,
            "message": null,
            "pageSize": 100,
            "pageNum": 1,
            "lctreMthodNm": "\ub300\uba74",
            "lctrmInfo": "\uc778\ubb38\ub300\ud559",
            "lctreLnggeSctcd": null,
            "crseNo": "JPNL0322-001",
            "estblUnivNm": "\uc778\ubb38\ub300\ud559",
            "estblDprtnNm": "\uc77c\uc5b4\uc77c\ubb38\ud559\uacfc",
            "estblYear": "2022",
            "estblDprtnCd": "1109",
            "estblSmstrSctnm": "1\ud559\uae30",
            "estblSmstrSctcd": "CMBS001400001",
            "estblGrade": "1",
            "sbjetSctnm": "\uc804\uacf5\uae30\ucd08",
            "sbjetNm": "\uc77c\uc5b8\uc5b4\uc2e4\uc2b5",
            "sbjetDvnno": "001",
            "sbjetCd": "JPNL0322",
            "gubun": null,
            "pckgeRqstPssblYn": "N",
            "pckgeRqstCnt": "0",
            "name": null,
            "rmrk": null,
            "appcrCnt": "20",
            "attlcPrscpCnt": "20",
            "lssnsTimeInfo": "\uae08 3A,3B<br/>\uae08 4A,4B",
            "lssnsRealTimeInfo": "\uae08 11:00 ~ 12:00<br/>\uae08 12:00 ~ 13:00",
            "prctsTime": "0",
            "doPlan": "Kor",
            "thryTime": "2",
            "totalPrfssNm": "\uc774\ud604\uc815",
            "mngetEstblYn": "Y",
            "code": null,
            "crdit": "2",
            "expniSllbsYn": "Y",
            "bldngSn": null,
            "bldngCd": null,
            "bldngNm": null,
            "lssnsLcttmUntcd": null,
            "sbjetSctcd2": null,
            "rmnmCd": "311",
            "isApi": null,
            "paging": false,
            "rowStatus": "R",
            "pageSort": null
        },
        {
            "rowIndex": 0,
            "success": false,
            "message": null,
            "pageSize": 100,
            "pageNum": 1,
            "lctreMthodNm": "\ub300\uba74",
            "lctrmInfo": "\uc778\ubb38\ub300\ud559",
            "lctreLnggeSctcd": null,
            "crseNo": "JPNL0323-002",
            "estblUnivNm": "\uc778\ubb38\ub300\ud559",
            "estblDprtnNm": "\uc77c\uc5b4\uc77c\ubb38\ud559\uacfc",
            "estblYear": "2022",
            "estblDprtnCd": "1109",
            "estblSmstrSctnm": "1\ud559\uae30",
            "estblSmstrSctcd": "CMBS001400001",
            "estblGrade": "2",
            "sbjetSctnm": "\uc804\uacf5\uae30\ucd08",
            "sbjetNm": "\uc77c\ubcf8\uc5b4\ud68c\ud654 2",
            "sbjetDvnno": "002",
            "sbjetCd": "JPNL0323",
            "gubun": null,
            "pckgeRqstPssblYn": "Y",
            "pckgeRqstCnt": "4",
            "name": null,
            "rmrk": "(\uc77c\uc5b4)<br>",
            "appcrCnt": "11",
            "attlcPrscpCnt": "20",
            "lssnsTimeInfo": "\ud654 2A,2B<br/>\ud654 3A,3B",
            "lssnsRealTimeInfo": "\ud654 10:00 ~ 11:00<br/>\ud654 11:00 ~ 12:00",
            "prctsTime": "0",
            "doPlan": "Kor",
            "thryTime": "2",
            "totalPrfssNm": "\uc57c\ud558\ub77c\ub9c8\uc0ac\ud788\ub85c",
            "mngetEstblYn": "Y",
            "code": null,
            "crdit": "2",
            "expniSllbsYn": "N",
            "bldngSn": null,
            "bldngCd": null,
            "bldngNm": null,
            "lssnsLcttmUntcd": null,
            "sbjetSctcd2": null,
            "rmnmCd": "311",
            "isApi": null,
            "paging": false,
            "rowStatus": "R",
            "pageSort": null
        },
        {
            "rowIndex": 0,
            "success": false,
            "message": null,
            "pageSize": 100,
            "pageNum": 1,
            "lctreMthodNm": "\ub300\uba74",
            "lctrmInfo": "\uc778\ubb38\ub300\ud559",
            "lctreLnggeSctcd": null,
            "crseNo": "JPNL0326-002",
            "estblUnivNm": "\uc778\ubb38\ub300\ud559",
            "estblDprtnNm": "\uc77c\uc5b4\uc77c\ubb38\ud559\uacfc",
            "estblYear": "2022",
            "estblDprtnCd": "1109",
            "estblSmstrSctnm": "1\ud559\uae30",
            "estblSmstrSctcd": "CMBS001400001",
            "estblGrade": "2",
            "sbjetSctnm": "\uc804\uacf5\uae30\ucd08",
            "sbjetNm": "\uc2dc\uccad\uac01\uc77c\ubcf8\uc5b4",
            "sbjetDvnno": "002",
            "sbjetCd": "JPNL0326",
            "gubun": null,
            "pckgeRqstPssblYn": "Y",
            "pckgeRqstCnt": "6",
            "name": null,
            "rmrk": null,
            "appcrCnt": "8",
            "attlcPrscpCnt": "20",
            "lssnsTimeInfo": "\ubaa9 5A,5B<br/>\ubaa9 6A,6B",
            "lssnsRealTimeInfo": "\ubaa9 13:00 ~ 14:00<br/>\ubaa9 14:00 ~ 15:00",
            "prctsTime": "0",
            "doPlan": "Kor",
            "thryTime": "2",
            "totalPrfssNm": "\uc774\ud604\uc815",
            "mngetEstblYn": "Y",
            "code": null,
            "crdit": "2",
            "expniSllbsYn": "N",
            "bldngSn": null,
            "bldngCd": null,
            "bldngNm": null,
            "lssnsLcttmUntcd": null,
            "sbjetSctcd2": null,
            "rmnmCd": "311",
            "isApi": null,
            "paging": false,
            "rowStatus": "R",
            "pageSort": null
        },
        {
            "rowIndex": 0,
            "success": false,
            "message": null,
            "pageSize": 100,
            "pageNum": 1,
            "lctreMthodNm": "\ub300\uba74",
            "lctrmInfo": "\uc778\ubb38\ub300\ud559",
            "lctreLnggeSctcd": null,
            "crseNo": "CLTR0033-001",
            "estblUnivNm": "\uc778\ubb38\ub300\ud559",
            "estblDprtnNm": "\uc77c\uc5b4\uc77c\ubb38\ud559\uacfc",
            "estblYear": "2022",
            "estblDprtnCd": "1109",
            "estblSmstrSctnm": "1\ud559\uae30",
            "estblSmstrSctcd": "CMBS001400001",
            "estblGrade": "*",
            "sbjetSctnm": "\uad50\uc591",
            "sbjetNm": "\uc77c\uc5b4 II",
            "sbjetDvnno": "001",
            "sbjetCd": "CLTR0033",
            "gubun": null,
            "pckgeRqstPssblYn": "Y",
            "pckgeRqstCnt": "27",
            "name": null,
            "rmrk": "\uc804\ud559\ub144\uc120\ud0dd<br><b>\uc778\ubb38\uad50\uc591</b><br>",
            "appcrCnt": "35",
            "attlcPrscpCnt": "50",
            "lssnsTimeInfo": "\ud654 5B,6A,6B<br/>\ubaa9 5B,6A,6B",
            "lssnsRealTimeInfo": "\ud654 13:30 ~ 15:00<br/>\ubaa9 13:30 ~ 15:00",
            "prctsTime": "0",
            "doPlan": "Kor",
            "thryTime": "3",
            "totalPrfssNm": "\ucc44\uc218\ub3c4",
            "mngetEstblYn": "Y",
            "code": null,
            "crdit": "3",
            "expniSllbsYn": "N",
            "bldngSn": null,
            "bldngCd": null,
            "bldngNm": null,
            "lssnsLcttmUntcd": null,
            "sbjetSctcd2": null,
            "rmnmCd": "319",
            "isApi": null,
            "paging": false,
            "rowStatus": "R",
            "pageSort": null
        },
        {
            "rowIndex": 0,
            "success": false,
            "message": null,
            "pageSize": 100,
            "pageNum": 1,
            "lctreMthodNm": "\ube44\ub300\uba74",
            "lctrmInfo": "\uc778\ubb38\ud55c\uad6d\uc9c4\ud765\uad00",
            "lctreLnggeSctcd": null,
            "crseNo": "CLTR0128-001",
            "estblUnivNm": "\uc778\ubb38\ub300\ud559",
            "estblDprtnNm": "\uc77c\uc5b4\uc77c\ubb38\ud559\uacfc",
            "estblYear": "2022",
            "estblDprtnCd": "1109",
            "estblSmstrSctnm": "1\ud559\uae30",
            "estblSmstrSctcd": "CMBS001400001",
            "estblGrade": "2",
            "sbjetSctnm": "\uad50\uc591",
            "sbjetNm": "\uc77c\ubcf8\ubb38\ud559\uc758 \uc774\ud574",
            "sbjetDvnno": "001",
            "sbjetCd": "CLTR0128",
            "gubun": null,
            "pckgeRqstPssblYn": "Y",
            "pckgeRqstCnt": "116",
            "name": null,
            "rmrk": "<b>\uc778\ubb38\uad50\uc591</b><br>",
            "appcrCnt": "70",
            "attlcPrscpCnt": "70",
            "lssnsTimeInfo": "\ud654 2B,3A,3B<br/>\ubaa9 1A,1B,2A",
            "lssnsRealTimeInfo": "\ud654 10:30 ~ 12:00<br/>\ubaa9 09:00 ~ 10:30",
            "prctsTime": "0",
            "doPlan": "Kor",
            "thryTime": "3",
            "totalPrfssNm": "\uc870\ud5cc\uad6c",
            "mngetEstblYn": "Y",
            "code": null,
            "crdit": "3",
            "expniSllbsYn": "N",
            "bldngSn": null,
            "bldngCd": null,
            "bldngNm": null,
            "lssnsLcttmUntcd": null,
            "sbjetSctcd2": null,
            "rmnmCd": "105",
            "isApi": null,
            "paging": false,
            "rowStatus": "R",
            "pageSort": null
        },
        {
            "rowIndex": 0,
            "success": false,
            "message": null,
            "pageSize": 100,
            "pageNum": 1,
            "lctreMthodNm": "\ub300\uba74",
            "lctrmInfo": "\uc778\ubb38\ub300\ud559",
            "lctreLnggeSctcd": null,
            "crseNo": "JPNL0423-001",
            "estblUnivNm": "\uc778\ubb38\ub300\ud559",
            "estblDprtnNm": "\uc77c\uc5b4\uc77c\ubb38\ud559\uacfc",
            "estblYear": "2022",
            "estblDprtnCd": "1109",
            "estblSmstrSctnm": "1\ud559\uae30",
            "estblSmstrSctcd": "CMBS001400001",
            "estblGrade": "4",
            "sbjetSctnm": "\uc804\uacf5\ud544\uc218",
            "sbjetNm": "\uc77c\ubcf8\uc5b4\uc5b4\ud718\ub860",
            "sbjetDvnno": "001",
            "sbjetCd": "JPNL0423",
            "gubun": null,
            "pckgeRqstPssblYn": "Y",
            "pckgeRqstCnt": "19",
            "name": null,
            "rmrk": null,
            "appcrCnt": "19",
            "attlcPrscpCnt": "50",
            "lssnsTimeInfo": "\uc6d4 5B,6A,6B<br/>\uc218 5B,6A,6B",
            "lssnsRealTimeInfo": "\uc6d4 13:30 ~ 15:00<br/>\uc218 13:30 ~ 15:00",
            "prctsTime": "0",
            "doPlan": "Kor",
            "thryTime": "3",
            "totalPrfssNm": "\uc774\uc790\ud638",
            "mngetEstblYn": "Y",
            "code": null,
            "crdit": "3",
            "expniSllbsYn": "N",
            "bldngSn": null,
            "bldngCd": null,
            "bldngNm": null,
            "lssnsLcttmUntcd": null,
            "sbjetSctcd2": null,
            "rmnmCd": "319",
            "isApi": null,
            "paging": false,
            "rowStatus": "R",
            "pageSort": null
        },
        {
            "rowIndex": 0,
            "success": false,
            "message": null,
            "pageSize": 100,
            "pageNum": 1,
            "lctreMthodNm": "\ub300\uba74",
            "lctrmInfo": "\uc778\ubb38\ub300\ud559",
            "lctreLnggeSctcd": null,
            "crseNo": "JPNL0523-001",
            "estblUnivNm": "\uc778\ubb38\ub300\ud559",
            "estblDprtnNm": "\uc77c\uc5b4\uc77c\ubb38\ud559\uacfc",
            "estblYear": "2022",
            "estblDprtnCd": "1109",
            "estblSmstrSctnm": "1\ud559\uae30",
            "estblSmstrSctcd": "CMBS001400001",
            "estblGrade": "4",
            "sbjetSctnm": "\uc804\uacf5",
            "sbjetNm": "\uc77c\ubcf8\uc815\uce58\ubb38\ud654",
            "sbjetDvnno": "001",
            "sbjetCd": "JPNL0523",
            "gubun": null,
            "pckgeRqstPssblYn": "Y",
            "pckgeRqstCnt": "19",
            "name": null,
            "rmrk": null,
            "appcrCnt": "22",
            "attlcPrscpCnt": "50",
            "lssnsTimeInfo": "\ud654 8B,9A,9B<br/>\ubaa9 8B,9A,9B",
            "lssnsRealTimeInfo": "\ud654 16:30 ~ 18:00<br/>\ubaa9 16:30 ~ 18:00",
            "prctsTime": "0",
            "doPlan": "Kor",
            "thryTime": "3",
            "totalPrfssNm": "\uae40\uacbd\uc77c",
            "mngetEstblYn": "Y",
            "code": null,
            "crdit": "3",
            "expniSllbsYn": "N",
            "bldngSn": null,
            "bldngCd": null,
            "bldngNm": null,
            "lssnsLcttmUntcd": null,
            "sbjetSctcd2": null,
            "rmnmCd": "319",
            "isApi": null,
            "paging": false,
            "rowStatus": "R",
            "pageSort": null
        },
        {
            "rowIndex": 0,
            "success": false,
            "message": null,
            "pageSize": 100,
            "pageNum": 1,
            "lctreMthodNm": "\ub300\uba74",
            "lctrmInfo": "\uc778\ubb38\ud55c\uad6d\uc9c4\ud765\uad00",
            "lctreLnggeSctcd": null,
            "crseNo": "JPNL0403-001",
            "estblUnivNm": "\uc778\ubb38\ub300\ud559",
            "estblDprtnNm": "\uc77c\uc5b4\uc77c\ubb38\ud559\uacfc",
            "estblYear": "2022",
            "estblDprtnCd": "1109",
            "estblSmstrSctnm": "1\ud559\uae30",
            "estblSmstrSctcd": "CMBS001400001",
            "estblGrade": "3",
            "sbjetSctnm": "\uc804\uacf5",
            "sbjetNm": "\uc77c\ubcf8\uc5b4\uc0ac",
            "sbjetDvnno": "001",
            "sbjetCd": "JPNL0403",
            "gubun": null,
            "pckgeRqstPssblYn": "Y",
            "pckgeRqstCnt": "18",
            "name": null,
            "rmrk": null,
            "appcrCnt": "26",
            "attlcPrscpCnt": "50",
            "lssnsTimeInfo": "\ud654 7A,7B,8A<br/>\ubaa9 7A,7B,8A",
            "lssnsRealTimeInfo": "\ud654 15:00 ~ 16:30<br/>\ubaa9 15:00 ~ 16:30",
            "prctsTime": "0",
            "doPlan": "Kor",
            "thryTime": "3",
            "totalPrfssNm": "\uc774\uc790\ud638",
            "mngetEstblYn": "Y",
            "code": null,
            "crdit": "3",
            "expniSllbsYn": "N",
            "bldngSn": null,
            "bldngCd": null,
            "bldngNm": null,
            "lssnsLcttmUntcd": null,
            "sbjetSctcd2": null,
            "rmnmCd": "105",
            "isApi": null,
            "paging": false,
            "rowStatus": "R",
            "pageSort": null
        },
        {
            "rowIndex": 0,
            "success": false,
            "message": null,
            "pageSize": 100,
            "pageNum": 1,
            "lctreMthodNm": "\ub300\uba74",
            "lctrmInfo": "\uc778\ubb38\ub300\ud559",
            "lctreLnggeSctcd": null,
            "crseNo": "CLTR0032-003",
            "estblUnivNm": "\uc778\ubb38\ub300\ud559",
            "estblDprtnNm": "\uc77c\uc5b4\uc77c\ubb38\ud559\uacfc",
            "estblYear": "2022",
            "estblDprtnCd": "1109",
            "estblSmstrSctnm": "1\ud559\uae30",
            "estblSmstrSctcd": "CMBS001400001",
            "estblGrade": "*",
            "sbjetSctnm": "\uad50\uc591",
            "sbjetNm": "\uc77c\uc5b4 I",
            "sbjetDvnno": "003",
            "sbjetCd": "CLTR0032",
            "gubun": null,
            "pckgeRqstPssblYn": "Y",
            "pckgeRqstCnt": "25",
            "name": null,
            "rmrk": "\uc804\ud559\ub144\uc120\ud0dd<br><b>\uc778\ubb38\uad50\uc591</b><br>",
            "appcrCnt": "45",
            "attlcPrscpCnt": "50",
            "lssnsTimeInfo": "\uc6d4 5B,6A,6B<br/>\uae08 5B,6A,6B",
            "lssnsRealTimeInfo": "\uc6d4 13:30 ~ 15:00<br/>\uae08 13:30 ~ 15:00",
            "prctsTime": "0",
            "doPlan": "Kor",
            "thryTime": "3",
            "totalPrfssNm": "\ucc44\uc9c0\ud61c",
            "mngetEstblYn": "Y",
            "code": null,
            "crdit": "3",
            "expniSllbsYn": "N",
            "bldngSn": null,
            "bldngCd": null,
            "bldngNm": null,
            "lssnsLcttmUntcd": null,
            "sbjetSctcd2": null,
            "rmnmCd": "308",
            "isApi": null,
            "paging": false,
            "rowStatus": "R",
            "pageSort": null
        },
        {
            "rowIndex": 0,
            "success": false,
            "message": null,
            "pageSize": 100,
            "pageNum": 1,
            "lctreMthodNm": "\ube44\ub300\uba74",
            "lctrmInfo": "\uc778\ubb38\ub300\ud559",
            "lctreLnggeSctcd": null,
            "crseNo": "CLTR0101-003",
            "estblUnivNm": "\uc778\ubb38\ub300\ud559",
            "estblDprtnNm": "\uc77c\uc5b4\uc77c\ubb38\ud559\uacfc",
            "estblYear": "2022",
            "estblDprtnCd": "1109",
            "estblSmstrSctnm": "1\ud559\uae30",
            "estblSmstrSctcd": "CMBS001400001",
            "estblGrade": "1",
            "sbjetSctnm": "\uad50\uc591",
            "sbjetNm": "\uc778\uac04\uacfc\uc790\uc5f0",
            "sbjetDvnno": "003",
            "sbjetCd": "CLTR0101",
            "gubun": null,
            "pckgeRqstPssblYn": "N",
            "pckgeRqstCnt": "0",
            "name": null,
            "rmrk": null,
            "appcrCnt": "76",
            "attlcPrscpCnt": "70",
            "lssnsTimeInfo": "\ud654 5B,6A,6B<br/>\ubaa9 5B,6A,6B",
            "lssnsRealTimeInfo": "\ud654 13:30 ~ 15:00<br/>\ubaa9 13:30 ~ 15:00",
            "prctsTime": "0",
            "doPlan": "Kor",
            "thryTime": "3",
            "totalPrfssNm": "\uc870\ud604\ubbf8",
            "mngetEstblYn": "Y",
            "code": null,
            "crdit": "3",
            "expniSllbsYn": "N",
            "bldngSn": null,
            "bldngCd": null,
            "bldngNm": null,
            "lssnsLcttmUntcd": null,
            "sbjetSctcd2": null,
            "rmnmCd": "101",
            "isApi": null,
            "paging": false,
            "rowStatus": "R",
            "pageSort": null
        },
        {
            "rowIndex": 0,
            "success": false,
            "message": null,
            "pageSize": 100,
            "pageNum": 1,
            "lctreMthodNm": "\ub300\uba74",
            "lctrmInfo": "\ub300\ud559\uc6d0\ub3d9",
            "lctreLnggeSctcd": null,
            "crseNo": "JPNL0412-001",
            "estblUnivNm": "\uc778\ubb38\ub300\ud559",
            "estblDprtnNm": "\uc77c\uc5b4\uc77c\ubb38\ud559\uacfc",
            "estblYear": "2022",
            "estblDprtnCd": "1109",
            "estblSmstrSctnm": "1\ud559\uae30",
            "estblSmstrSctcd": "CMBS001400001",
            "estblGrade": "3",
            "sbjetSctnm": "\uc804\uacf5",
            "sbjetNm": "\uc77c\ubcf8\uc18c\uc124\ub860",
            "sbjetDvnno": "001",
            "sbjetCd": "JPNL0412",
            "gubun": null,
            "pckgeRqstPssblYn": "Y",
            "pckgeRqstCnt": "11",
            "name": null,
            "rmrk": null,
            "appcrCnt": "12",
            "attlcPrscpCnt": "50",
            "lssnsTimeInfo": "\ud654 8B,9A,9B<br/>\ubaa9 8B,9A,9B",
            "lssnsRealTimeInfo": "\ud654 16:30 ~ 18:00<br/>\ubaa9 16:30 ~ 18:00",
            "prctsTime": "0",
            "doPlan": "Kor",
            "thryTime": "3",
            "totalPrfssNm": "\uc870\ud5cc\uad6c",
            "mngetEstblYn": "Y",
            "code": null,
            "crdit": "3",
            "expniSllbsYn": "N",
            "bldngSn": null,
            "bldngCd": null,
            "bldngNm": null,
            "lssnsLcttmUntcd": null,
            "sbjetSctcd2": null,
            "rmnmCd": "302",
            "isApi": null,
            "paging": false,
            "rowStatus": "R",
            "pageSort": null
        },
        {
            "rowIndex": 0,
            "success": false,
            "message": null,
            "pageSize": 100,
            "pageNum": 1,
            "lctreMthodNm": "\ub300\uba74",
            "lctrmInfo": "\ub300\ud559\uc6d0\ub3d9",
            "lctreLnggeSctcd": null,
            "crseNo": "JPNL0418-001",
            "estblUnivNm": "\uc778\ubb38\ub300\ud559",
            "estblDprtnNm": "\uc77c\uc5b4\uc77c\ubb38\ud559\uacfc",
            "estblYear": "2022",
            "estblDprtnCd": "1109",
            "estblSmstrSctnm": "1\ud559\uae30",
            "estblSmstrSctcd": "CMBS001400001",
            "estblGrade": "3",
            "sbjetSctnm": "\uc804\uacf5",
            "sbjetNm": "\uc77c\ubcf8\uace0\uc804\uc0c1\uc2dd",
            "sbjetDvnno": "001",
            "sbjetCd": "JPNL0418",
            "gubun": null,
            "pckgeRqstPssblYn": "Y",
            "pckgeRqstCnt": "11",
            "name": null,
            "rmrk": null,
            "appcrCnt": "13",
            "attlcPrscpCnt": "50",
            "lssnsTimeInfo": "\uc6d4 8B,9A,9B<br/>\uc218 7A,7B,8A",
            "lssnsRealTimeInfo": "\uc6d4 16:30 ~ 18:00<br/>\uc218 15:00 ~ 16:30",
            "prctsTime": "0",
            "doPlan": "Kor",
            "thryTime": "3",
            "totalPrfssNm": "\uc774\uc790\ud638",
            "mngetEstblYn": "Y",
            "code": null,
            "crdit": "3",
            "expniSllbsYn": "N",
            "bldngSn": null,
            "bldngCd": null,
            "bldngNm": null,
            "lssnsLcttmUntcd": null,
            "sbjetSctcd2": null,
            "rmnmCd": "302",
            "isApi": null,
            "paging": false,
            "rowStatus": "R",
            "pageSort": null
        },
        {
            "rowIndex": 0,
            "success": false,
            "message": null,
            "pageSize": 100,
            "pageNum": 1,
            "lctreMthodNm": "\ub300\uba74",
            "lctrmInfo": "\uc778\ubb38\ub300\ud559",
            "lctreLnggeSctcd": null,
            "crseNo": "JPNL0530-001",
            "estblUnivNm": "\uc778\ubb38\ub300\ud559",
            "estblDprtnNm": "\uc77c\uc5b4\uc77c\ubb38\ud559\uacfc",
            "estblYear": "2022",
            "estblDprtnCd": "1109",
            "estblSmstrSctnm": "1\ud559\uae30",
            "estblSmstrSctcd": "CMBS001400001",
            "estblGrade": "4",
            "sbjetSctnm": "\uc804\uacf5",
            "sbjetNm": "\uc77c\ubcf8IT\uc0b0\uc5c5\ub860",
            "sbjetDvnno": "001",
            "sbjetCd": "JPNL0530",
            "gubun": null,
            "pckgeRqstPssblYn": "Y",
            "pckgeRqstCnt": "21",
            "name": null,
            "rmrk": null,
            "appcrCnt": "28",
            "attlcPrscpCnt": "50",
            "lssnsTimeInfo": "\ud654 2B,3A,3B<br/>\ubaa9 1A,1B,2A",
            "lssnsRealTimeInfo": "\ud654 10:30 ~ 12:00<br/>\ubaa9 09:00 ~ 10:30",
            "prctsTime": "0",
            "doPlan": "Kor",
            "thryTime": "3",
            "totalPrfssNm": "\uc774\uc0c1\uc11d",
            "mngetEstblYn": "Y",
            "code": null,
            "crdit": "3",
            "expniSllbsYn": "N",
            "bldngSn": null,
            "bldngCd": null,
            "bldngNm": null,
            "lssnsLcttmUntcd": null,
            "sbjetSctcd2": null,
            "rmnmCd": "319",
            "isApi": null,
            "paging": false,
            "rowStatus": "R",
            "pageSort": null
        },
        {
            "rowIndex": 0,
            "success": false,
            "message": null,
            "pageSize": 100,
            "pageNum": 1,
            "lctreMthodNm": "\ub300\uba74",
            "lctrmInfo": "\uc778\ubb38\ub300\ud559",
            "lctreLnggeSctcd": null,
            "crseNo": "JPNL0202-003",
            "estblUnivNm": "\uc778\ubb38\ub300\ud559",
            "estblDprtnNm": "\uc77c\uc5b4\uc77c\ubb38\ud559\uacfc",
            "estblYear": "2022",
            "estblDprtnCd": "1109",
            "estblSmstrSctnm": "1\ud559\uae30",
            "estblSmstrSctcd": "CMBS001400001",
            "estblGrade": "1",
            "sbjetSctnm": "\uc804\uacf5\uae30\ucd08",
            "sbjetNm": "\uc804\uacf5\uc77c\ubcf8\uc5b41",
            "sbjetDvnno": "003",
            "sbjetCd": "JPNL0202",
            "gubun": null,
            "pckgeRqstPssblYn": "N",
            "pckgeRqstCnt": "0",
            "name": null,
            "rmrk": null,
            "appcrCnt": "10",
            "attlcPrscpCnt": "20",
            "lssnsTimeInfo": "\uc6d4 2B,3A,3B<br/>\uae08 1A,1B,2A",
            "lssnsRealTimeInfo": "\uc6d4 10:30 ~ 12:00<br/>\uae08 09:00 ~ 10:30",
            "prctsTime": "0",
            "doPlan": "Kor",
            "thryTime": "3",
            "totalPrfssNm": "\uae40\ubbf8\uc815",
            "mngetEstblYn": "Y",
            "code": null,
            "crdit": "3",
            "expniSllbsYn": "N",
            "bldngSn": null,
            "bldngCd": null,
            "bldngNm": null,
            "lssnsLcttmUntcd": null,
            "sbjetSctcd2": null,
            "rmnmCd": "319",
            "isApi": null,
            "paging": false,
            "rowStatus": "R",
            "pageSort": null
        },
        {
            "rowIndex": 0,
            "success": false,
            "message": null,
            "pageSize": 100,
            "pageNum": 1,
            "lctreMthodNm": "\ub300\uba74",
            "lctrmInfo": "\ub300\ud559\uc6d0\ub3d9",
            "lctreLnggeSctcd": null,
            "crseNo": "CLTR0016-001",
            "estblUnivNm": "\uc778\ubb38\ub300\ud559",
            "estblDprtnNm": "\uc77c\uc5b4\uc77c\ubb38\ud559\uacfc",
            "estblYear": "2022",
            "estblDprtnCd": "1109",
            "estblSmstrSctnm": "1\ud559\uae30",
            "estblSmstrSctcd": "CMBS001400001",
            "estblGrade": "1",
            "sbjetSctnm": "\uad50\uc591",
            "sbjetNm": "\uad50\uc591\ud55c\ubb38",
            "sbjetDvnno": "001",
            "sbjetCd": "CLTR0016",
            "gubun": null,
            "pckgeRqstPssblYn": "N",
            "pckgeRqstCnt": "0",
            "name": null,
            "rmrk": "<b>\uc778\ubb38\uad50\uc591</b><br>",
            "appcrCnt": "65",
            "attlcPrscpCnt": "70",
            "lssnsTimeInfo": "\uc6d4 8B,9A,9B<br/>\uc218 7A,7B,8A",
            "lssnsRealTimeInfo": "\uc6d4 16:30 ~ 18:00<br/>\uc218 15:00 ~ 16:30",
            "prctsTime": "0",
            "doPlan": "Kor",
            "thryTime": "3",
            "totalPrfssNm": "\uae40\uc218\ud604",
            "mngetEstblYn": "N",
            "code": null,
            "crdit": "3",
            "expniSllbsYn": "N",
            "bldngSn": null,
            "bldngCd": null,
            "bldngNm": null,
            "lssnsLcttmUntcd": null,
            "sbjetSctcd2": null,
            "rmnmCd": "101",
            "isApi": null,
            "paging": false,
            "rowStatus": "R",
            "pageSort": null
        },
        {
            "rowIndex": 0,
            "success": false,
            "message": null,
            "pageSize": 100,
            "pageNum": 1,
            "lctreMthodNm": "\ub300\uba74",
            "lctrmInfo": "\uc778\ubb38\ub300\ud559",
            "lctreLnggeSctcd": null,
            "crseNo": "JPNL0326-001",
            "estblUnivNm": "\uc778\ubb38\ub300\ud559",
            "estblDprtnNm": "\uc77c\uc5b4\uc77c\ubb38\ud559\uacfc",
            "estblYear": "2022",
            "estblDprtnCd": "1109",
            "estblSmstrSctnm": "1\ud559\uae30",
            "estblSmstrSctcd": "CMBS001400001",
            "estblGrade": "2",
            "sbjetSctnm": "\uc804\uacf5\uae30\ucd08",
            "sbjetNm": "\uc2dc\uccad\uac01\uc77c\ubcf8\uc5b4",
            "sbjetDvnno": "001",
            "sbjetCd": "JPNL0326",
            "gubun": null,
            "pckgeRqstPssblYn": "Y",
            "pckgeRqstCnt": "24",
            "name": null,
            "rmrk": null,
            "appcrCnt": "20",
            "attlcPrscpCnt": "20",
            "lssnsTimeInfo": "\uc6d4 2A,2B<br/>\uc6d4 3A,3B",
            "lssnsRealTimeInfo": "\uc6d4 10:00 ~ 11:00<br/>\uc6d4 11:00 ~ 12:00",
            "prctsTime": "0",
            "doPlan": "Kor",
            "thryTime": "2",
            "totalPrfssNm": "\uc784\uc218\ud604",
            "mngetEstblYn": "Y",
            "code": null,
            "crdit": "2",
            "expniSllbsYn": "N",
            "bldngSn": null,
            "bldngCd": null,
            "bldngNm": null,
            "lssnsLcttmUntcd": null,
            "sbjetSctcd2": null,
            "rmnmCd": "311",
            "isApi": null,
            "paging": false,
            "rowStatus": "R",
            "pageSort": null
        },
        {
            "rowIndex": 0,
            "success": false,
            "message": null,
            "pageSize": 100,
            "pageNum": 1,
            "lctreMthodNm": "\ub300\uba74",
            "lctrmInfo": "\ub300\ud559\uc6d0\ub3d9",
            "lctreLnggeSctcd": null,
            "crseNo": "JPNL0525-001",
            "estblUnivNm": "\uc778\ubb38\ub300\ud559",
            "estblDprtnNm": "\uc77c\uc5b4\uc77c\ubb38\ud559\uacfc",
            "estblYear": "2022",
            "estblDprtnCd": "1109",
            "estblSmstrSctnm": "1\ud559\uae30",
            "estblSmstrSctcd": "CMBS001400001",
            "estblGrade": "4",
            "sbjetSctnm": "\uc804\uacf5\ud544\uc218",
            "sbjetNm": "\uc77c\ubcf8\ubb38\ud654\uc138\ubbf8\ub098",
            "sbjetDvnno": "001",
            "sbjetCd": "JPNL0525",
            "gubun": null,
            "pckgeRqstPssblYn": "Y",
            "pckgeRqstCnt": "27",
            "name": null,
            "rmrk": null,
            "appcrCnt": "28",
            "attlcPrscpCnt": "50",
            "lssnsTimeInfo": "\uc6d4 7A,7B,8A<br/>\uae08 7A,7B,8A",
            "lssnsRealTimeInfo": "\uc6d4 15:00 ~ 16:30<br/>\uae08 15:00 ~ 16:30",
            "prctsTime": "0",
            "doPlan": "Kor",
            "thryTime": "3",
            "totalPrfssNm": "\uc774\uc900\uc12d",
            "mngetEstblYn": "Y",
            "code": null,
            "crdit": "3",
            "expniSllbsYn": "N",
            "bldngSn": null,
            "bldngCd": null,
            "bldngNm": null,
            "lssnsLcttmUntcd": null,
            "sbjetSctcd2": null,
            "rmnmCd": "302",
            "isApi": null,
            "paging": false,
            "rowStatus": "R",
            "pageSort": null
        },
        {
            "rowIndex": 0,
            "success": false,
            "message": null,
            "pageSize": 100,
            "pageNum": 1,
            "lctreMthodNm": "\ub300\uba74",
            "lctrmInfo": "\uc778\ubb38\ub300\ud559",
            "lctreLnggeSctcd": null,
            "crseNo": "JPNL0323-001",
            "estblUnivNm": "\uc778\ubb38\ub300\ud559",
            "estblDprtnNm": "\uc77c\uc5b4\uc77c\ubb38\ud559\uacfc",
            "estblYear": "2022",
            "estblDprtnCd": "1109",
            "estblSmstrSctnm": "1\ud559\uae30",
            "estblSmstrSctcd": "CMBS001400001",
            "estblGrade": "2",
            "sbjetSctnm": "\uc804\uacf5\uae30\ucd08",
            "sbjetNm": "\uc77c\ubcf8\uc5b4\ud68c\ud654 2",
            "sbjetDvnno": "001",
            "sbjetCd": "JPNL0323",
            "gubun": null,
            "pckgeRqstPssblYn": "Y",
            "pckgeRqstCnt": "15",
            "name": null,
            "rmrk": "(\uc77c\uc5b4)<br>",
            "appcrCnt": "18",
            "attlcPrscpCnt": "20",
            "lssnsTimeInfo": "\uc6d4 5A,5B<br/>\uc6d4 6A,6B",
            "lssnsRealTimeInfo": "\uc6d4 13:00 ~ 14:00<br/>\uc6d4 14:00 ~ 15:00",
            "prctsTime": "0",
            "doPlan": "Kor",
            "thryTime": "2",
            "totalPrfssNm": "\uc57c\ud558\ub77c\ub9c8\uc0ac\ud788\ub85c",
            "mngetEstblYn": "Y",
            "code": null,
            "crdit": "2",
            "expniSllbsYn": "N",
            "bldngSn": null,
            "bldngCd": null,
            "bldngNm": null,
            "lssnsLcttmUntcd": null,
            "sbjetSctcd2": null,
            "rmnmCd": "311",
            "isApi": null,
            "paging": false,
            "rowStatus": "R",
            "pageSort": null
        },
        {
            "rowIndex": 0,
            "success": false,
            "message": null,
            "pageSize": 100,
            "pageNum": 1,
            "lctreMthodNm": "\ub300\uba74",
            "lctrmInfo": "\ub300\ud559\uc6d0\ub3d9",
            "lctreLnggeSctcd": null,
            "crseNo": "TCHR0489-001",
            "estblUnivNm": "\uc778\ubb38\ub300\ud559",
            "estblDprtnNm": "\uc77c\uc5b4\uc77c\ubb38\ud559\uacfc",
            "estblYear": "2022",
            "estblDprtnCd": "1109",
            "estblSmstrSctnm": "1\ud559\uae30",
            "estblSmstrSctcd": "CMBS001400001",
            "estblGrade": "3",
            "sbjetSctnm": "\uad50\uc9c1",
            "sbjetNm": "\uc77c\ubcf8\uc5b4 \ub17c\ub9ac \ubc0f \ub17c\uc220\uc9c0\ub3c4",
            "sbjetDvnno": "001",
            "sbjetCd": "TCHR0489",
            "gubun": null,
            "pckgeRqstPssblYn": "Y",
            "pckgeRqstCnt": "2",
            "name": null,
            "rmrk": null,
            "appcrCnt": "2",
            "attlcPrscpCnt": "50",
            "lssnsTimeInfo": "\uc6d4 7A,7B,8A<br/>\uae08 7A,7B,8A",
            "lssnsRealTimeInfo": "\uc6d4 15:00 ~ 16:30<br/>\uae08 15:00 ~ 16:30",
            "prctsTime": "0",
            "doPlan": "Kor",
            "thryTime": "3",
            "totalPrfssNm": "\uc870\ud5cc\uad6c",
            "mngetEstblYn": "Y",
            "code": null,
            "crdit": "3",
            "expniSllbsYn": "N",
            "bldngSn": null,
            "bldngCd": null,
            "bldngNm": null,
            "lssnsLcttmUntcd": null,
            "sbjetSctcd2": null,
            "rmnmCd": "313",
            "isApi": null,
            "paging": false,
            "rowStatus": "R",
            "pageSort": null
        },
        {
            "rowIndex": 0,
            "success": false,
            "message": null,
            "pageSize": 100,
            "pageNum": 1,
            "lctreMthodNm": "\ube44\ub300\uba74",
            "lctrmInfo": "\uc778\ubb38\ub300\ud559",
            "lctreLnggeSctcd": null,
            "crseNo": "CLTR0583-001",
            "estblUnivNm": "\uc778\ubb38\ub300\ud559",
            "estblDprtnNm": "\uc77c\uc5b4\uc77c\ubb38\ud559\uacfc",
            "estblYear": "2022",
            "estblDprtnCd": "1109",
            "estblSmstrSctnm": "1\ud559\uae30",
            "estblSmstrSctcd": "CMBS001400001",
            "estblGrade": "*",
            "sbjetSctnm": "\uad50\uc591",
            "sbjetNm": "\uc77c\ubcf8\ub300\uc911\ubb38\ud654\uc758 \uc774\ud574",
            "sbjetDvnno": "001",
            "sbjetCd": "CLTR0583",
            "gubun": null,
            "pckgeRqstPssblYn": "Y",
            "pckgeRqstCnt": "105",
            "name": null,
            "rmrk": "\uc804\ud559\ub144\uc120\ud0dd<br><b>\uc778\ubb38\uad50\uc591</b><br>",
            "appcrCnt": "82",
            "attlcPrscpCnt": "70",
            "lssnsTimeInfo": "\ud654 2B,3A,3B<br/>\ubaa9 1A,1B,2A",
            "lssnsRealTimeInfo": "\ud654 10:30 ~ 12:00<br/>\ubaa9 09:00 ~ 10:30",
            "prctsTime": "0",
            "doPlan": "Kor",
            "thryTime": "3",
            "totalPrfssNm": "\uc774\uc900\uc12d",
            "mngetEstblYn": "Y",
            "code": null,
            "crdit": "3",
            "expniSllbsYn": "N",
            "bldngSn": null,
            "bldngCd": null,
            "bldngNm": null,
            "lssnsLcttmUntcd": null,
            "sbjetSctcd2": null,
            "rmnmCd": "101",
            "isApi": null,
            "paging": false,
            "rowStatus": "R",
            "pageSort": null
        },
        {
            "rowIndex": 0,
            "success": false,
            "message": null,
            "pageSize": 100,
            "pageNum": 1,
            "lctreMthodNm": "\ub300\uba74",
            "lctrmInfo": "\uc778\ubb38\ub300\ud559",
            "lctreLnggeSctcd": null,
            "crseNo": "JPNL0401-001",
            "estblUnivNm": "\uc778\ubb38\ub300\ud559",
            "estblDprtnNm": "\uc77c\uc5b4\uc77c\ubb38\ud559\uacfc",
            "estblYear": "2022",
            "estblDprtnCd": "1109",
            "estblSmstrSctnm": "1\ud559\uae30",
            "estblSmstrSctcd": "CMBS001400001",
            "estblGrade": "3",
            "sbjetSctnm": "\uc804\uacf5",
            "sbjetNm": "\uc77c\ubcf8\uc5b4\uc791\ubb38 2",
            "sbjetDvnno": "001",
            "sbjetCd": "JPNL0401",
            "gubun": null,
            "pckgeRqstPssblYn": "Y",
            "pckgeRqstCnt": "14",
            "name": null,
            "rmrk": null,
            "appcrCnt": "17",
            "attlcPrscpCnt": "20",
            "lssnsTimeInfo": "\uc218 1A,1B,2A<br/>\uae08 2B,3A,3B",
            "lssnsRealTimeInfo": "\uc218 09:00 ~ 10:30<br/>\uae08 10:30 ~ 12:00",
            "prctsTime": "0",
            "doPlan": "Kor",
            "thryTime": "3",
            "totalPrfssNm": "\uae40\ubbf8\uc815",
            "mngetEstblYn": "Y",
            "code": null,
            "crdit": "3",
            "expniSllbsYn": "N",
            "bldngSn": null,
            "bldngCd": null,
            "bldngNm": null,
            "lssnsLcttmUntcd": null,
            "sbjetSctcd2": null,
            "rmnmCd": "319",
            "isApi": null,
            "paging": false,
            "rowStatus": "R",
            "pageSort": null
        },
        {
            "rowIndex": 0,
            "success": false,
            "message": null,
            "pageSize": 100,
            "pageNum": 1,
            "lctreMthodNm": "\ub300\uba74",
            "lctrmInfo": "\ub300\ud559\uc6d0\ub3d9",
            "lctreLnggeSctcd": null,
            "crseNo": "JPNL0301-001",
            "estblUnivNm": "\uc778\ubb38\ub300\ud559",
            "estblDprtnNm": "\uc77c\uc5b4\uc77c\ubb38\ud559\uacfc",
            "estblYear": "2022",
            "estblDprtnCd": "1109",
            "estblSmstrSctnm": "1\ud559\uae30",
            "estblSmstrSctcd": "CMBS001400001",
            "estblGrade": "2",
            "sbjetSctnm": "\uc804\uacf5\uae30\ucd08",
            "sbjetNm": "\uc77c\ubcf8\uc5b4\ubb38\ubc95",
            "sbjetDvnno": "001",
            "sbjetCd": "JPNL0301",
            "gubun": null,
            "pckgeRqstPssblYn": "Y",
            "pckgeRqstCnt": "14",
            "name": null,
            "rmrk": null,
            "appcrCnt": "10",
            "attlcPrscpCnt": "50",
            "lssnsTimeInfo": "\ud654 5B,6A,6B<br/>\ubaa9 5B,6A,6B",
            "lssnsRealTimeInfo": "\ud654 13:30 ~ 15:00<br/>\ubaa9 13:30 ~ 15:00",
            "prctsTime": "0",
            "doPlan": "Kor",
            "thryTime": "3",
            "totalPrfssNm": "\uc774\uc790\ud638",
            "mngetEstblYn": "Y",
            "code": null,
            "crdit": "3",
            "expniSllbsYn": "N",
            "bldngSn": null,
            "bldngCd": null,
            "bldngNm": null,
            "lssnsLcttmUntcd": null,
            "sbjetSctcd2": null,
            "rmnmCd": "302",
            "isApi": null,
            "paging": false,
            "rowStatus": "R",
            "pageSort": null
        },
        {
            "rowIndex": 0,
            "success": false,
            "message": null,
            "pageSize": 100,
            "pageNum": 1,
            "lctreMthodNm": "\ub300\uba74",
            "lctrmInfo": "\uc778\ubb38\ub300\ud559",
            "lctreLnggeSctcd": null,
            "crseNo": "CLTR0210-004",
            "estblUnivNm": "\uc778\ubb38\ub300\ud559",
            "estblDprtnNm": "\uc77c\uc5b4\uc77c\ubb38\ud559\uacfc",
            "estblYear": "2022",
            "estblDprtnCd": "1109",
            "estblSmstrSctnm": "1\ud559\uae30",
            "estblSmstrSctcd": "CMBS001400001",
            "estblGrade": "1",
            "sbjetSctnm": "\uad50\uc591",
            "sbjetNm": "\uba85\uc800\uc77d\uae30\uc640 \ud1a0\ub860",
            "sbjetDvnno": "004",
            "sbjetCd": "CLTR0210",
            "gubun": null,
            "pckgeRqstPssblYn": "N",
            "pckgeRqstCnt": "0",
            "name": null,
            "rmrk": "<b>\uc778\ubb38\uad50\uc591</b><br>",
            "appcrCnt": "29",
            "attlcPrscpCnt": "30",
            "lssnsTimeInfo": "\ud654 7A,7B,8A<br/>\ubaa9 7A,7B,8A",
            "lssnsRealTimeInfo": "\ud654 15:00 ~ 16:30<br/>\ubaa9 15:00 ~ 16:30",
            "prctsTime": "0",
            "doPlan": "Kor",
            "thryTime": "3",
            "totalPrfssNm": "\uc870\ud5cc\uad6c",
            "mngetEstblYn": "Y",
            "code": null,
            "crdit": "3",
            "expniSllbsYn": "N",
            "bldngSn": null,
            "bldngCd": null,
            "bldngNm": null,
            "lssnsLcttmUntcd": null,
            "sbjetSctcd2": null,
            "rmnmCd": "319",
            "isApi": null,
            "paging": false,
            "rowStatus": "R",
            "pageSort": null
        },
        {
            "rowIndex": 0,
            "success": false,
            "message": null,
            "pageSize": 100,
            "pageNum": 1,
            "lctreMthodNm": "\ub300\uba74",
            "lctrmInfo": "\uc778\ubb38\ub300\ud559",
            "lctreLnggeSctcd": null,
            "crseNo": "CLTR0476-001",
            "estblUnivNm": "\uc778\ubb38\ub300\ud559",
            "estblDprtnNm": "\uc77c\uc5b4\uc77c\ubb38\ud559\uacfc",
            "estblYear": "2022",
            "estblDprtnCd": "1109",
            "estblSmstrSctnm": "1\ud559\uae30",
            "estblSmstrSctcd": "CMBS001400001",
            "estblGrade": "*",
            "sbjetSctnm": "\uad50\uc591",
            "sbjetNm": "\uc77c\ubcf8\uc5b4 \uc2a4\ud53c\uce58\uc640 \ud504\ub9ac\uc820\ud14c\uc774\uc158",
            "sbjetDvnno": "001",
            "sbjetCd": "CLTR0476",
            "gubun": null,
            "pckgeRqstPssblYn": "Y",
            "pckgeRqstCnt": "5",
            "name": null,
            "rmrk": "\uc804\ud559\ub144\uc120\ud0dd<br>",
            "appcrCnt": "6",
            "attlcPrscpCnt": "70",
            "lssnsTimeInfo": "\ud654 8B,9A,9B<br/>\ubaa9 8B,9A,9B",
            "lssnsRealTimeInfo": "\ud654 16:30 ~ 18:00<br/>\ubaa9 16:30 ~ 18:00",
            "prctsTime": "0",
            "doPlan": "Kor",
            "thryTime": "3",
            "totalPrfssNm": "\uc774\uc2b9\ubbfc",
            "mngetEstblYn": "Y",
            "code": null,
            "crdit": "3",
            "expniSllbsYn": "N",
            "bldngSn": null,
            "bldngCd": null,
            "bldngNm": null,
            "lssnsLcttmUntcd": null,
            "sbjetSctcd2": null,
            "rmnmCd": "311",
            "isApi": null,
            "paging": false,
            "rowStatus": "R",
            "pageSort": null
        },
        {
            "rowIndex": 0,
            "success": false,
            "message": null,
            "pageSize": 100,
            "pageNum": 1,
            "lctreMthodNm": "\ub300\uba74",
            "lctrmInfo": "\ub300\ud559\uc6d0\ub3d9",
            "lctreLnggeSctcd": null,
            "crseNo": "JPNL0202-002",
            "estblUnivNm": "\uc778\ubb38\ub300\ud559",
            "estblDprtnNm": "\uc77c\uc5b4\uc77c\ubb38\ud559\uacfc",
            "estblYear": "2022",
            "estblDprtnCd": "1109",
            "estblSmstrSctnm": "1\ud559\uae30",
            "estblSmstrSctcd": "CMBS001400001",
            "estblGrade": "1",
            "sbjetSctnm": "\uc804\uacf5\uae30\ucd08",
            "sbjetNm": "\uc804\uacf5\uc77c\ubcf8\uc5b41",
            "sbjetDvnno": "002",
            "sbjetCd": "JPNL0202",
            "gubun": null,
            "pckgeRqstPssblYn": "N",
            "pckgeRqstCnt": "0",
            "name": null,
            "rmrk": null,
            "appcrCnt": "14",
            "attlcPrscpCnt": "20",
            "lssnsTimeInfo": "\uc218 2B,3A,3B<br/>\uae08 1A,1B,2A",
            "lssnsRealTimeInfo": "\uc218 10:30 ~ 12:00<br/>\uae08 09:00 ~ 10:30",
            "prctsTime": "0",
            "doPlan": "Kor",
            "thryTime": "3",
            "totalPrfssNm": "\ucc44\uc218\ub3c4",
            "mngetEstblYn": "Y",
            "code": null,
            "crdit": "3",
            "expniSllbsYn": "N",
            "bldngSn": null,
            "bldngCd": null,
            "bldngNm": null,
            "lssnsLcttmUntcd": null,
            "sbjetSctcd2": null,
            "rmnmCd": "302",
            "isApi": null,
            "paging": false,
            "rowStatus": "R",
            "pageSort": null
        },
        {
            "rowIndex": 0,
            "success": false,
            "message": null,
            "pageSize": 100,
            "pageNum": 1,
            "lctreMthodNm": "\ub300\uba74",
            "lctrmInfo": "\uc778\ubb38\ub300\ud559",
            "lctreLnggeSctcd": null,
            "crseNo": "JPNL0422-002",
            "estblUnivNm": "\uc778\ubb38\ub300\ud559",
            "estblDprtnNm": "\uc77c\uc5b4\uc77c\ubb38\ud559\uacfc",
            "estblYear": "2022",
            "estblDprtnCd": "1109",
            "estblSmstrSctnm": "1\ud559\uae30",
            "estblSmstrSctcd": "CMBS001400001",
            "estblGrade": "3",
            "sbjetSctnm": "\uc804\uacf5",
            "sbjetNm": "\uc77c\ubcf8\uc5b4\ud68c\ud654 4",
            "sbjetDvnno": "002",
            "sbjetCd": "JPNL0422",
            "gubun": null,
            "pckgeRqstPssblYn": "Y",
            "pckgeRqstCnt": "10",
            "name": null,
            "rmrk": "(\uc77c\uc5b4)<br>",
            "appcrCnt": "16",
            "attlcPrscpCnt": "20",
            "lssnsTimeInfo": "\uc218 5A,5B<br/>\uc218 6A,6B",
            "lssnsRealTimeInfo": "\uc218 13:00 ~ 14:00<br/>\uc218 14:00 ~ 15:00",
            "prctsTime": "0",
            "doPlan": "Kor",
            "thryTime": "2",
            "totalPrfssNm": "\uc57c\ud558\ub77c\ub9c8\uc0ac\ud788\ub85c",
            "mngetEstblYn": "Y",
            "code": null,
            "crdit": "2",
            "expniSllbsYn": "N",
            "bldngSn": null,
            "bldngCd": null,
            "bldngNm": null,
            "lssnsLcttmUntcd": null,
            "sbjetSctcd2": null,
            "rmnmCd": "311",
            "isApi": null,
            "paging": false,
            "rowStatus": "R",
            "pageSort": null
        },
        {
            "rowIndex": 0,
            "success": false,
            "message": null,
            "pageSize": 100,
            "pageNum": 1,
            "lctreMthodNm": "\ub300\uba74",
            "lctrmInfo": "\uc778\ubb38\ub300\ud559",
            "lctreLnggeSctcd": null,
            "crseNo": "CLTR0208-009",
            "estblUnivNm": "\uc778\ubb38\ub300\ud559",
            "estblDprtnNm": "\uc77c\uc5b4\uc77c\ubb38\ud559\uacfc",
            "estblYear": "2022",
            "estblDprtnCd": "1109",
            "estblSmstrSctnm": "1\ud559\uae30",
            "estblSmstrSctcd": "CMBS001400001",
            "estblGrade": "*",
            "sbjetSctnm": "\uad50\uc591",
            "sbjetNm": "\uc2ec\ud654\uae00\uc4f0\uae30",
            "sbjetDvnno": "009",
            "sbjetCd": "CLTR0208",
            "gubun": null,
            "pckgeRqstPssblYn": "Y",
            "pckgeRqstCnt": "11",
            "name": null,
            "rmrk": "\uc804\ud559\ub144\uc120\ud0dd<br><b>\uc778\ubb38\uad50\uc591</b><br>",
            "appcrCnt": "26",
            "attlcPrscpCnt": "30",
            "lssnsTimeInfo": "\uc6d4 8B,9A,9B<br/>\uc218 7A,7B,8A",
            "lssnsRealTimeInfo": "\uc6d4 16:30 ~ 18:00<br/>\uc218 15:00 ~ 16:30",
            "prctsTime": "0",
            "doPlan": "Kor",
            "thryTime": "3",
            "totalPrfssNm": "\uc774\uc900\uc12d",
            "mngetEstblYn": "Y",
            "code": null,
            "crdit": "3",
            "expniSllbsYn": "N",
            "bldngSn": null,
            "bldngCd": null,
            "bldngNm": null,
            "lssnsLcttmUntcd": null,
            "sbjetSctcd2": null,
            "rmnmCd": "311",
            "isApi": null,
            "paging": false,
            "rowStatus": "R",
            "pageSort": null
        },
        {
            "rowIndex": 0,
            "success": false,
            "message": null,
            "pageSize": 100,
            "pageNum": 1,
            "lctreMthodNm": "\ub300\uba74",
            "lctrmInfo": "\ub300\ud559\uc6d0\ub3d9",
            "lctreLnggeSctcd": null,
            "crseNo": "JPNL0202-001",
            "estblUnivNm": "\uc778\ubb38\ub300\ud559",
            "estblDprtnNm": "\uc77c\uc5b4\uc77c\ubb38\ud559\uacfc",
            "estblYear": "2022",
            "estblDprtnCd": "1109",
            "estblSmstrSctnm": "1\ud559\uae30",
            "estblSmstrSctcd": "CMBS001400001",
            "estblGrade": "1",
            "sbjetSctnm": "\uc804\uacf5\uae30\ucd08",
            "sbjetNm": "\uc804\uacf5\uc77c\ubcf8\uc5b41",
            "sbjetDvnno": "001",
            "sbjetCd": "JPNL0202",
            "gubun": null,
            "pckgeRqstPssblYn": "N",
            "pckgeRqstCnt": "0",
            "name": null,
            "rmrk": null,
            "appcrCnt": "20",
            "attlcPrscpCnt": "20",
            "lssnsTimeInfo": "\uc6d4 2B,3A,3B<br/>\uc218 1A,1B,2A",
            "lssnsRealTimeInfo": "\uc6d4 10:30 ~ 12:00<br/>\uc218 09:00 ~ 10:30",
            "prctsTime": "0",
            "doPlan": "Kor",
            "thryTime": "3",
            "totalPrfssNm": "\uc7a5\uc720\ub9ac",
            "mngetEstblYn": "Y",
            "code": null,
            "crdit": "3",
            "expniSllbsYn": "N",
            "bldngSn": null,
            "bldngCd": null,
            "bldngNm": null,
            "lssnsLcttmUntcd": null,
            "sbjetSctcd2": null,
            "rmnmCd": "302",
            "isApi": null,
            "paging": false,
            "rowStatus": "R",
            "pageSort": null
        },
        {
            "rowIndex": 0,
            "success": false,
            "message": null,
            "pageSize": 100,
            "pageNum": 1,
            "lctreMthodNm": "\ub300\uba74",
            "lctrmInfo": "\ub300\ud559\uc6d0\ub3d9",
            "lctreLnggeSctcd": null,
            "crseNo": "JPNL0305-001",
            "estblUnivNm": "\uc778\ubb38\ub300\ud559",
            "estblDprtnNm": "\uc77c\uc5b4\uc77c\ubb38\ud559\uacfc",
            "estblYear": "2022",
            "estblDprtnCd": "1109",
            "estblSmstrSctnm": "1\ud559\uae30",
            "estblSmstrSctcd": "CMBS001400001",
            "estblGrade": "3",
            "sbjetSctnm": "\uc804\uacf5\ud544\uc218",
            "sbjetNm": "\uc77c\ubcf8\uc2dc\uc0ac\uc774\ud574",
            "sbjetDvnno": "001",
            "sbjetCd": "JPNL0305",
            "gubun": null,
            "pckgeRqstPssblYn": "Y",
            "pckgeRqstCnt": "16",
            "name": null,
            "rmrk": null,
            "appcrCnt": "15",
            "attlcPrscpCnt": "50",
            "lssnsTimeInfo": "\ud654 2B,3A,3B<br/>\ubaa9 1A,1B,2A",
            "lssnsRealTimeInfo": "\ud654 10:30 ~ 12:00<br/>\ubaa9 09:00 ~ 10:30",
            "prctsTime": "0",
            "doPlan": "Kor",
            "thryTime": "3",
            "totalPrfssNm": "\uc7a5\uc720\ub9ac",
            "mngetEstblYn": "Y",
            "code": null,
            "crdit": "3",
            "expniSllbsYn": "N",
            "bldngSn": null,
            "bldngCd": null,
            "bldngNm": null,
            "lssnsLcttmUntcd": null,
            "sbjetSctcd2": null,
            "rmnmCd": "302",
            "isApi": null,
            "paging": false,
            "rowStatus": "R",
            "pageSort": null
        },
        {
            "rowIndex": 0,
            "success": false,
            "message": null,
            "pageSize": 100,
            "pageNum": 1,
            "lctreMthodNm": "\ub300\uba74",
            "lctrmInfo": "\uc778\ubb38\ud55c\uad6d\uc9c4\ud765\uad00",
            "lctreLnggeSctcd": null,
            "crseNo": "JPNL0312-001",
            "estblUnivNm": "\uc778\ubb38\ub300\ud559",
            "estblDprtnNm": "\uc77c\uc5b4\uc77c\ubb38\ud559\uacfc",
            "estblYear": "2022",
            "estblDprtnCd": "1109",
            "estblSmstrSctnm": "1\ud559\uae30",
            "estblSmstrSctcd": "CMBS001400001",
            "estblGrade": "3",
            "sbjetSctnm": "\uc804\uacf5",
            "sbjetNm": "\uc77c\ubcf8\uc218\ud544",
            "sbjetDvnno": "001",
            "sbjetCd": "JPNL0312",
            "gubun": null,
            "pckgeRqstPssblYn": "Y",
            "pckgeRqstCnt": "14",
            "name": null,
            "rmrk": null,
            "appcrCnt": "20",
            "attlcPrscpCnt": "50",
            "lssnsTimeInfo": "\uc6d4 1A,1B,2A<br/>\uc218 2B,3A,3B",
            "lssnsRealTimeInfo": "\uc6d4 09:00 ~ 10:30<br/>\uc218 10:30 ~ 12:00",
            "prctsTime": "0",
            "doPlan": "Kor",
            "thryTime": "3",
            "totalPrfssNm": "\uc6b0\uc131\uc544",
            "mngetEstblYn": "Y",
            "code": null,
            "crdit": "3",
            "expniSllbsYn": "N",
            "bldngSn": null,
            "bldngCd": null,
            "bldngNm": null,
            "lssnsLcttmUntcd": null,
            "sbjetSctcd2": null,
            "rmnmCd": "105",
            "isApi": null,
            "paging": false,
            "rowStatus": "R",
            "pageSort": null
        },
        {
            "rowIndex": 0,
            "success": false,
            "message": null,
            "pageSize": 100,
            "pageNum": 1,
            "lctreMthodNm": "\ub300\uba74",
            "lctrmInfo": "\uc778\ubb38\ud55c\uad6d\uc9c4\ud765\uad00",
            "lctreLnggeSctcd": null,
            "crseNo": "JPNL0528-001",
            "estblUnivNm": "\uc778\ubb38\ub300\ud559",
            "estblDprtnNm": "\uc77c\uc5b4\uc77c\ubb38\ud559\uacfc",
            "estblYear": "2022",
            "estblDprtnCd": "1109",
            "estblSmstrSctnm": "1\ud559\uae30",
            "estblSmstrSctcd": "CMBS001400001",
            "estblGrade": "3",
            "sbjetSctnm": "\uc804\uacf5",
            "sbjetNm": "\uc77c\ubcf8\uacbd\uc81c\ud2b9\uac151",
            "sbjetDvnno": "001",
            "sbjetCd": "JPNL0528",
            "gubun": null,
            "pckgeRqstPssblYn": "Y",
            "pckgeRqstCnt": "29",
            "name": null,
            "rmrk": null,
            "appcrCnt": "41",
            "attlcPrscpCnt": "50",
            "lssnsTimeInfo": "\ud654 1A,1B,2A<br/>\ubaa9 2B,3A,3B",
            "lssnsRealTimeInfo": "\ud654 09:00 ~ 10:30<br/>\ubaa9 10:30 ~ 12:00",
            "prctsTime": "0",
            "doPlan": "Kor",
            "thryTime": "3",
            "totalPrfssNm": "\uc774\uc0c1\uc11d",
            "mngetEstblYn": "Y",
            "code": null,
            "crdit": "3",
            "expniSllbsYn": "N",
            "bldngSn": null,
            "bldngCd": null,
            "bldngNm": null,
            "lssnsLcttmUntcd": null,
            "sbjetSctcd2": null,
            "rmnmCd": "103",
            "isApi": null,
            "paging": false,
            "rowStatus": "R",
            "pageSort": null
        },
        {
            "rowIndex": 0,
            "success": false,
            "message": null,
            "pageSize": 100,
            "pageNum": 1,
            "lctreMthodNm": "\ube44\ub300\uba74",
            "lctrmInfo": "\uc778\ubb38\ud55c\uad6d\uc9c4\ud765\uad00",
            "lctreLnggeSctcd": null,
            "crseNo": "CLTR0568-001",
            "estblUnivNm": "\uc778\ubb38\ub300\ud559",
            "estblDprtnNm": "\uc77c\uc5b4\uc77c\ubb38\ud559\uacfc",
            "estblYear": "2022",
            "estblDprtnCd": "1109",
            "estblSmstrSctnm": "1\ud559\uae30",
            "estblSmstrSctcd": "CMBS001400001",
            "estblGrade": "*",
            "sbjetSctnm": "\uad50\uc591",
            "sbjetNm": "\uc601\uc0c1\uc73c\ub85c \ubc30\uc6b0\ub294 \uc77c\ubcf8\uc5b8\uc5b4\uc640 \ubb38\ud654",
            "sbjetDvnno": "001",
            "sbjetCd": "CLTR0568",
            "gubun": null,
            "pckgeRqstPssblYn": "Y",
            "pckgeRqstCnt": "61",
            "name": null,
            "rmrk": "\uc804\ud559\ub144\uc120\ud0dd<br><b>\uc778\ubb38\uad50\uc591</b><br>",
            "appcrCnt": "68",
            "attlcPrscpCnt": "70",
            "lssnsTimeInfo": "\ud654 8B,9A,9B<br/>\ubaa9 8B,9A,9B",
            "lssnsRealTimeInfo": "\ud654 16:30 ~ 18:00<br/>\ubaa9 16:30 ~ 18:00",
            "prctsTime": "0",
            "doPlan": "Kor",
            "thryTime": "3",
            "totalPrfssNm": "\uc774\uc21c\ud615",
            "mngetEstblYn": "Y",
            "code": null,
            "crdit": "3",
            "expniSllbsYn": "N",
            "bldngSn": null,
            "bldngCd": null,
            "bldngNm": null,
            "lssnsLcttmUntcd": null,
            "sbjetSctcd2": null,
            "rmnmCd": "105",
            "isApi": null,
            "paging": false,
            "rowStatus": "R",
            "pageSort": null
        },
        {
            "rowIndex": 0,
            "success": false,
            "message": null,
            "pageSize": 100,
            "pageNum": 1,
            "lctreMthodNm": "\ub300\uba74",
            "lctrmInfo": "\uc778\ubb38\ud55c\uad6d\uc9c4\ud765\uad00",
            "lctreLnggeSctcd": null,
            "crseNo": "JPNL0305-002",
            "estblUnivNm": "\uc778\ubb38\ub300\ud559",
            "estblDprtnNm": "\uc77c\uc5b4\uc77c\ubb38\ud559\uacfc",
            "estblYear": "2022",
            "estblDprtnCd": "1109",
            "estblSmstrSctnm": "1\ud559\uae30",
            "estblSmstrSctcd": "CMBS001400001",
            "estblGrade": "3",
            "sbjetSctnm": "\uc804\uacf5\ud544\uc218",
            "sbjetNm": "\uc77c\ubcf8\uc2dc\uc0ac\uc774\ud574",
            "sbjetDvnno": "002",
            "sbjetCd": "JPNL0305",
            "gubun": null,
            "pckgeRqstPssblYn": "Y",
            "pckgeRqstCnt": "31",
            "name": null,
            "rmrk": null,
            "appcrCnt": "33",
            "attlcPrscpCnt": "50",
            "lssnsTimeInfo": "\ud654 5B,6A,6B<br/>\ubaa9 5B,6A,6B",
            "lssnsRealTimeInfo": "\ud654 13:30 ~ 15:00<br/>\ubaa9 13:30 ~ 15:00",
            "prctsTime": "0",
            "doPlan": "Kor",
            "thryTime": "3",
            "totalPrfssNm": "\uc190\uc815\uc544",
            "mngetEstblYn": "Y",
            "code": null,
            "crdit": "3",
            "expniSllbsYn": "N",
            "bldngSn": null,
            "bldngCd": null,
            "bldngNm": null,
            "lssnsLcttmUntcd": null,
            "sbjetSctcd2": null,
            "rmnmCd": "105",
            "isApi": null,
            "paging": false,
            "rowStatus": "R",
            "pageSort": null
        },
        {
            "rowIndex": 0,
            "success": false,
            "message": null,
            "pageSize": 100,
            "pageNum": 1,
            "lctreMthodNm": "\ub300\uba74",
            "lctrmInfo": "\ub300\ud559\uc6d0\ub3d9",
            "lctreLnggeSctcd": null,
            "crseNo": "JPNL0516-001",
            "estblUnivNm": "\uc778\ubb38\ub300\ud559",
            "estblDprtnNm": "\uc77c\uc5b4\uc77c\ubb38\ud559\uacfc",
            "estblYear": "2022",
            "estblDprtnCd": "1109",
            "estblSmstrSctnm": "1\ud559\uae30",
            "estblSmstrSctcd": "CMBS001400001",
            "estblGrade": "2",
            "sbjetSctnm": "\uc804\uacf5",
            "sbjetNm": "\uc77c\ubcf8\uc758 \uc774\ud574",
            "sbjetDvnno": "001",
            "sbjetCd": "JPNL0516",
            "gubun": null,
            "pckgeRqstPssblYn": "Y",
            "pckgeRqstCnt": "30",
            "name": null,
            "rmrk": null,
            "appcrCnt": "30",
            "attlcPrscpCnt": "50",
            "lssnsTimeInfo": "\uc218 5B,6A,6B<br/>\uae08 5B,6A,6B",
            "lssnsRealTimeInfo": "\uc218 13:30 ~ 15:00<br/>\uae08 13:30 ~ 15:00",
            "prctsTime": "0",
            "doPlan": "Kor",
            "thryTime": "3",
            "totalPrfssNm": "\ucc44\uc218\ub3c4",
            "mngetEstblYn": "Y",
            "code": null,
            "crdit": "3",
            "expniSllbsYn": "N",
            "bldngSn": null,
            "bldngCd": null,
            "bldngNm": null,
            "lssnsLcttmUntcd": null,
            "sbjetSctcd2": null,
            "rmnmCd": "302",
            "isApi": null,
            "paging": false,
            "rowStatus": "R",
            "pageSort": null
        }
    ],
    "statusCode": 200
}