{
    "timestamp": "2022-04-28T23:14:46.322",
    "success": true,
    "code": null,
    "msg": null,
    "data": [
        {
            "rowIndex": 0,
            "success": false,
            "message": null,
            "pageSize": 100,
            "pageNum": 1,
            "lctreMthodNm": "\ub300\uba74",
            "lctrmInfo": "\ub300\ud559\uc6d0\ub3d9",
            "lctreLnggeSctcd": null,
            "crseNo": "CHIL0383-001",
            "estblUnivNm": "\uc778\ubb38\ub300\ud559",
            "estblDprtnNm": "\uc911\uc5b4\uc911\ubb38\ud559\uacfc",
            "estblYear": "2022",
            "estblDprtnCd": "1105",
            "estblSmstrSctnm": "1\ud559\uae30",
            "estblSmstrSctcd": "CMBS001400001",
            "estblGrade": "2",
            "sbjetSctnm": "\uc804\uacf5",
            "sbjetNm": "\uc911\uad6d\uc5b4\ubb38\ubc951",
            "sbjetDvnno": "001",
            "sbjetCd": "CHIL0383",
            "gubun": null,
            "pckgeRqstPssblYn": "Y",
            "pckgeRqstCnt": "15",
            "name": null,
            "rmrk": null,
            "appcrCnt": "8",
            "attlcPrscpCnt": "25",
            "lssnsTimeInfo": "\ud654 8B,9A,9B<br/>\ubaa9 8B,9A,9B",
            "lssnsRealTimeInfo": "\ud654 16:30 ~ 18:00<br/>\ubaa9 16:30 ~ 18:00",
            "prctsTime": "0",
            "doPlan": "Kor",
            "thryTime": "3",
            "totalPrfssNm": "\uc774\uc6b0\ucca0",
            "mngetEstblYn": "Y",
            "code": null,
            "crdit": "3",
            "expniSllbsYn": "N",
            "bldngSn": null,
            "bldngCd": null,
            "bldngNm": null,
            "lssnsLcttmUntcd": null,
            "sbjetSctcd2": null,
            "rmnmCd": "301",
            "isApi": null,
            "paging": false,
            "rowStatus": "R",
            "pageSort": null
        },
        {
            "rowIndex": 0,
            "success": false,
            "message": null,
            "pageSize": 100,
            "pageNum": 1,
            "lctreMthodNm": "\ub300\uba74",
            "lctrmInfo": "\ub300\ud559\uc6d0\ub3d9",
            "lctreLnggeSctcd": null,
            "crseNo": "CHIL0371-002",
            "estblUnivNm": "\uc778\ubb38\ub300\ud559",
            "estblDprtnNm": "\uc911\uc5b4\uc911\ubb38\ud559\uacfc",
            "estblYear": "2022",
            "estblDprtnCd": "1105",
            "estblSmstrSctnm": "1\ud559\uae30",
            "estblSmstrSctcd": "CMBS001400001",
            "estblGrade": "3",
            "sbjetSctnm": "\uc804\uacf5",
            "sbjetNm": "\uc911\uad6d\uc5b4\uc791\ubb38 1",
            "sbjetDvnno": "002",
            "sbjetCd": "CHIL0371",
            "gubun": null,
            "pckgeRqstPssblYn": "Y",
            "pckgeRqstCnt": "6",
            "name": null,
            "rmrk": "(\uc911\uad6d\uc5b4)<br>",
            "appcrCnt": "7",
            "attlcPrscpCnt": "20",
            "lssnsTimeInfo": "\uc218 1A,1B,2A<br/>\uae08 2B,3A,3B",
            "lssnsRealTimeInfo": "\uc218 09:00 ~ 10:30<br/>\uae08 10:30 ~ 12:00",
            "prctsTime": "0",
            "doPlan": "Kor",
            "thryTime": "3",
            "totalPrfssNm": "\uce58\uc6b0\ucd1d",
            "mngetEstblYn": "Y",
            "code": null,
            "crdit": "3",
            "expniSllbsYn": "N",
            "bldngSn": null,
            "bldngCd": null,
            "bldngNm": null,
            "lssnsLcttmUntcd": null,
            "sbjetSctcd2": null,
            "rmnmCd": "202",
            "isApi": null,
            "paging": false,
            "rowStatus": "R",
            "pageSort": null
        },
        {
            "rowIndex": 0,
            "success": false,
            "message": null,
            "pageSize": 100,
            "pageNum": 1,
            "lctreMthodNm": "\ub300\uba74",
            "lctrmInfo": "\ub300\ud559\uc6d0\ub3d9",
            "lctreLnggeSctcd": null,
            "crseNo": "CHIL0425-001",
            "estblUnivNm": "\uc778\ubb38\ub300\ud559",
            "estblDprtnNm": "\uc911\uc5b4\uc911\ubb38\ud559\uacfc",
            "estblYear": "2022",
            "estblDprtnCd": "1105",
            "estblSmstrSctnm": "1\ud559\uae30",
            "estblSmstrSctcd": "CMBS001400001",
            "estblGrade": "3",
            "sbjetSctnm": "\uc804\uacf5\ud544\uc218",
            "sbjetNm": "\ud604\ub300\uc911\uad6d\uc758 \ubb38\ud559\uacfc \uc0ac\uc0c1",
            "sbjetDvnno": "001",
            "sbjetCd": "CHIL0425",
            "gubun": null,
            "pckgeRqstPssblYn": "Y",
            "pckgeRqstCnt": "33",
            "name": null,
            "rmrk": null,
            "appcrCnt": "32",
            "attlcPrscpCnt": "50",
            "lssnsTimeInfo": "\uc6d4 8B,9A,9B<br/>\uc218 7A,7B,8A",
            "lssnsRealTimeInfo": "\uc6d4 16:30 ~ 18:00<br/>\uc218 15:00 ~ 16:30",
            "prctsTime": "0",
            "doPlan": "Kor",
            "thryTime": "3",
            "totalPrfssNm": "\uae40\ubbf8\uc815",
            "mngetEstblYn": "Y",
            "code": null,
            "crdit": "3",
            "expniSllbsYn": "N",
            "bldngSn": null,
            "bldngCd": null,
            "bldngNm": null,
            "lssnsLcttmUntcd": null,
            "sbjetSctcd2": null,
            "rmnmCd": "301",
            "isApi": null,
            "paging": false,
            "rowStatus": "R",
            "pageSort": null
        },
        {
            "rowIndex": 0,
            "success": false,
            "message": null,
            "pageSize": 100,
            "pageNum": 1,
            "lctreMthodNm": "\ub300\uba74",
            "lctrmInfo": "\ub300\ud559\uc6d0\ub3d9",
            "lctreLnggeSctcd": null,
            "crseNo": "CHIL0437-001",
            "estblUnivNm": "\uc778\ubb38\ub300\ud559",
            "estblDprtnNm": "\uc911\uc5b4\uc911\ubb38\ud559\uacfc",
            "estblYear": "2022",
            "estblDprtnCd": "1105",
            "estblSmstrSctnm": "1\ud559\uae30",
            "estblSmstrSctcd": "CMBS001400001",
            "estblGrade": "2",
            "sbjetSctnm": "\uc804\uacf5",
            "sbjetNm": "\uc911\uad6d\uace0\uc804\uba85\ubb38\uc77d\uae30",
            "sbjetDvnno": "001",
            "sbjetCd": "CHIL0437",
            "gubun": null,
            "pckgeRqstPssblYn": "Y",
            "pckgeRqstCnt": "24",
            "name": null,
            "rmrk": null,
            "appcrCnt": "26",
            "attlcPrscpCnt": "50",
            "lssnsTimeInfo": "\uc6d4 5B,6A,6B<br/>\uae08 5B,6A,6B",
            "lssnsRealTimeInfo": "\uc6d4 13:30 ~ 15:00<br/>\uae08 13:30 ~ 15:00",
            "prctsTime": "0",
            "doPlan": "Kor",
            "thryTime": "3",
            "totalPrfssNm": "\uc2e0\uc7ac\ud658",
            "mngetEstblYn": "Y",
            "code": null,
            "crdit": "3",
            "expniSllbsYn": "N",
            "bldngSn": null,
            "bldngCd": null,
            "bldngNm": null,
            "lssnsLcttmUntcd": null,
            "sbjetSctcd2": null,
            "rmnmCd": "202",
            "isApi": null,
            "paging": false,
            "rowStatus": "R",
            "pageSort": null
        },
        {
            "rowIndex": 0,
            "success": false,
            "message": null,
            "pageSize": 100,
            "pageNum": 1,
            "lctreMthodNm": "\ub300\uba74",
            "lctrmInfo": "\ub300\ud559\uc6d0\ub3d9",
            "lctreLnggeSctcd": null,
            "crseNo": "CLTR0012-001",
            "estblUnivNm": "\uc778\ubb38\ub300\ud559",
            "estblDprtnNm": "\uc911\uc5b4\uc911\ubb38\ud559\uacfc",
            "estblYear": "2022",
            "estblDprtnCd": "1105",
            "estblSmstrSctnm": "1\ud559\uae30",
            "estblSmstrSctcd": "CMBS001400001",
            "estblGrade": "*",
            "sbjetSctnm": "\uad50\uc591",
            "sbjetNm": "\uc911\uad6d\uc5b42",
            "sbjetDvnno": "001",
            "sbjetCd": "CLTR0012",
            "gubun": null,
            "pckgeRqstPssblYn": "Y",
            "pckgeRqstCnt": "19",
            "name": null,
            "rmrk": "\uc804\ud559\ub144\uc120\ud0dd<br><b>\uc778\ubb38\uad50\uc591</b><br>",
            "appcrCnt": "37",
            "attlcPrscpCnt": "50",
            "lssnsTimeInfo": "\ud654 7A,7B,8A<br/>\ubaa9 7A,7B,8A",
            "lssnsRealTimeInfo": "\ud654 15:00 ~ 16:30<br/>\ubaa9 15:00 ~ 16:30",
            "prctsTime": "0",
            "doPlan": "Kor",
            "thryTime": "3",
            "totalPrfssNm": "\uc774\ud61c\uc815",
            "mngetEstblYn": "Y",
            "code": null,
            "crdit": "3",
            "expniSllbsYn": "N",
            "bldngSn": null,
            "bldngCd": null,
            "bldngNm": null,
            "lssnsLcttmUntcd": null,
            "sbjetSctcd2": null,
            "rmnmCd": "202",
            "isApi": null,
            "paging": false,
            "rowStatus": "R",
            "pageSort": null
        },
        {
            "rowIndex": 0,
            "success": false,
            "message": null,
            "pageSize": 100,
            "pageNum": 1,
            "lctreMthodNm": "\ub300\uba74",
            "lctrmInfo": "\ub300\ud559\uc6d0\ub3d9",
            "lctreLnggeSctcd": null,
            "crseNo": "CHIL0453-001",
            "estblUnivNm": "\uc778\ubb38\ub300\ud559",
            "estblDprtnNm": "\uc911\uc5b4\uc911\ubb38\ud559\uacfc",
            "estblYear": "2022",
            "estblDprtnCd": "1105",
            "estblSmstrSctnm": "1\ud559\uae30",
            "estblSmstrSctcd": "CMBS001400001",
            "estblGrade": "3",
            "sbjetSctnm": "\uc804\uacf5",
            "sbjetNm": "\uc911\uad6d\uc5ed\uc0ac\ucca0\ud559\ud14d\uc2a4\ud2b8 \uc77d\uae30\uc640 \ud1a0\ub8601",
            "sbjetDvnno": "001",
            "sbjetCd": "CHIL0453",
            "gubun": null,
            "pckgeRqstPssblYn": "Y",
            "pckgeRqstCnt": "13",
            "name": null,
            "rmrk": null,
            "appcrCnt": "12",
            "attlcPrscpCnt": "50",
            "lssnsTimeInfo": "\uc6d4 7A,7B,8A<br/>\uae08 7A,7B,8A",
            "lssnsRealTimeInfo": "\uc6d4 15:00 ~ 16:30<br/>\uae08 15:00 ~ 16:30",
            "prctsTime": "0",
            "doPlan": "Kor",
            "thryTime": "3",
            "totalPrfssNm": "\uc774\uc138\ub3d9",
            "mngetEstblYn": "Y",
            "code": null,
            "crdit": "3",
            "expniSllbsYn": "N",
            "bldngSn": null,
            "bldngCd": null,
            "bldngNm": null,
            "lssnsLcttmUntcd": null,
            "sbjetSctcd2": null,
            "rmnmCd": "301",
            "isApi": null,
            "paging": false,
            "rowStatus": "R",
            "pageSort": null
        },
        {
            "rowIndex": 0,
            "success": false,
            "message": null,
            "pageSize": 100,
            "pageNum": 1,
            "lctreMthodNm": "\ub300\uba74",
            "lctrmInfo": "\ub300\ud559\uc6d0\ub3d9",
            "lctreLnggeSctcd": null,
            "crseNo": "CHIL0565-002",
            "estblUnivNm": "\uc778\ubb38\ub300\ud559",
            "estblDprtnNm": "\uc911\uc5b4\uc911\ubb38\ud559\uacfc",
            "estblYear": "2022",
            "estblDprtnCd": "1105",
            "estblSmstrSctnm": "1\ud559\uae30",
            "estblSmstrSctcd": "CMBS001400001",
            "estblGrade": "4",
            "sbjetSctnm": "\uc804\uacf5\ud544\uc218",
            "sbjetNm": "\uc911\uad6d\uc5b4\ubc88\uc5ed\uc5f0\uc2b5",
            "sbjetDvnno": "002",
            "sbjetCd": "CHIL0565",
            "gubun": null,
            "pckgeRqstPssblYn": "Y",
            "pckgeRqstCnt": "18",
            "name": null,
            "rmrk": null,
            "appcrCnt": "22",
            "attlcPrscpCnt": "40",
            "lssnsTimeInfo": "\uc6d4 5B,6A,6B<br/>\uae08 5B,6A,6B",
            "lssnsRealTimeInfo": "\uc6d4 13:30 ~ 15:00<br/>\uae08 13:30 ~ 15:00",
            "prctsTime": "0",
            "doPlan": "Kor",
            "thryTime": "3",
            "totalPrfssNm": "\ubc30\ub4dd\uc131",
            "mngetEstblYn": "Y",
            "code": null,
            "crdit": "3",
            "expniSllbsYn": "N",
            "bldngSn": null,
            "bldngCd": null,
            "bldngNm": null,
            "lssnsLcttmUntcd": null,
            "sbjetSctcd2": null,
            "rmnmCd": "301",
            "isApi": null,
            "paging": false,
            "rowStatus": "R",
            "pageSort": null
        },
        {
            "rowIndex": 0,
            "success": false,
            "message": null,
            "pageSize": 100,
            "pageNum": 1,
            "lctreMthodNm": "\ub300\uba74",
            "lctrmInfo": "\ub300\ud559\uc6d0\ub3d9",
            "lctreLnggeSctcd": null,
            "crseNo": "TCHR0493-001",
            "estblUnivNm": "\uc778\ubb38\ub300\ud559",
            "estblDprtnNm": "\uc911\uc5b4\uc911\ubb38\ud559\uacfc",
            "estblYear": "2022",
            "estblDprtnCd": "1105",
            "estblSmstrSctnm": "1\ud559\uae30",
            "estblSmstrSctcd": "CMBS001400001",
            "estblGrade": "3",
            "sbjetSctnm": "\uad50\uc9c1",
            "sbjetNm": "\uc911\uad6d\uc5b4 \ub17c\ub9ac \ubc0f \ub17c\uc220\uc9c0\ub3c4",
            "sbjetDvnno": "001",
            "sbjetCd": "TCHR0493",
            "gubun": null,
            "pckgeRqstPssblYn": "Y",
            "pckgeRqstCnt": "2",
            "name": null,
            "rmrk": null,
            "appcrCnt": "2",
            "attlcPrscpCnt": "15",
            "lssnsTimeInfo": "\ud654 5B,6A,6B<br/>\ubaa9 5B,6A,6B",
            "lssnsRealTimeInfo": "\ud654 13:30 ~ 15:00<br/>\ubaa9 13:30 ~ 15:00",
            "prctsTime": "0",
            "doPlan": "Kor",
            "thryTime": "3",
            "totalPrfssNm": "\uc7a5\ud0dc\uc6d0",
            "mngetEstblYn": "Y",
            "code": null,
            "crdit": "3",
            "expniSllbsYn": "N",
            "bldngSn": null,
            "bldngCd": null,
            "bldngNm": null,
            "lssnsLcttmUntcd": null,
            "sbjetSctcd2": null,
            "rmnmCd": "301",
            "isApi": null,
            "paging": false,
            "rowStatus": "R",
            "pageSort": null
        },
        {
            "rowIndex": 0,
            "success": false,
            "message": null,
            "pageSize": 100,
            "pageNum": 1,
            "lctreMthodNm": "\ub300\uba74",
            "lctrmInfo": "\uc778\ubb38\ud55c\uad6d\uc9c4\ud765\uad00",
            "lctreLnggeSctcd": null,
            "crseNo": "CHIL0463-001",
            "estblUnivNm": "\uc778\ubb38\ub300\ud559",
            "estblDprtnNm": "\uc911\uc5b4\uc911\ubb38\ud559\uacfc",
            "estblYear": "2022",
            "estblDprtnCd": "1105",
            "estblSmstrSctnm": "1\ud559\uae30",
            "estblSmstrSctcd": "CMBS001400001",
            "estblGrade": "1",
            "sbjetSctnm": "\uc804\uacf5\uae30\ucd08",
            "sbjetNm": "\uc911\uad6d\uc758 \uc5b8\uc5b4\uc640 \ubb38\uc790",
            "sbjetDvnno": "001",
            "sbjetCd": "CHIL0463",
            "gubun": null,
            "pckgeRqstPssblYn": "N",
            "pckgeRqstCnt": "0",
            "name": null,
            "rmrk": null,
            "appcrCnt": "28",
            "attlcPrscpCnt": "30",
            "lssnsTimeInfo": "\uc6d4 5B,6A,6B<br/>\uae08 5B,6A,6B",
            "lssnsRealTimeInfo": "\uc6d4 13:30 ~ 15:00<br/>\uae08 13:30 ~ 15:00",
            "prctsTime": "0",
            "doPlan": "Kor",
            "thryTime": "3",
            "totalPrfssNm": "\uc774\uc6b0\ucca0",
            "mngetEstblYn": "Y",
            "code": null,
            "crdit": "3",
            "expniSllbsYn": "N",
            "bldngSn": null,
            "bldngCd": null,
            "bldngNm": null,
            "lssnsLcttmUntcd": null,
            "sbjetSctcd2": null,
            "rmnmCd": "106",
            "isApi": null,
            "paging": false,
            "rowStatus": "R",
            "pageSort": null
        },
        {
            "rowIndex": 0,
            "success": false,
            "message": null,
            "pageSize": 100,
            "pageNum": 1,
            "lctreMthodNm": "\ub300\uba74",
            "lctrmInfo": "\uc778\ubb38\ud55c\uad6d\uc9c4\ud765\uad00",
            "lctreLnggeSctcd": null,
            "crseNo": "CLTR0205-004",
            "estblUnivNm": "\uc778\ubb38\ub300\ud559",
            "estblDprtnNm": "\uc911\uc5b4\uc911\ubb38\ud559\uacfc",
            "estblYear": "2022",
            "estblDprtnCd": "1105",
            "estblSmstrSctnm": "1\ud559\uae30",
            "estblSmstrSctcd": "CMBS001400001",
            "estblGrade": "1",
            "sbjetSctnm": "\uad50\uc591",
            "sbjetNm": "\ub300\ud559\uae00\uc4f0\uae30",
            "sbjetDvnno": "004",
            "sbjetCd": "CLTR0205",
            "gubun": null,
            "pckgeRqstPssblYn": "N",
            "pckgeRqstCnt": "0",
            "name": null,
            "rmrk": "<b>\uc778\ubb38\uad50\uc591</b><br>",
            "appcrCnt": "29",
            "attlcPrscpCnt": "30",
            "lssnsTimeInfo": "\uc218 8B,9A,9B<br/>\uae08 8B,9A,9B",
            "lssnsRealTimeInfo": "\uc218 16:30 ~ 18:00<br/>\uae08 16:30 ~ 18:00",
            "prctsTime": "0",
            "doPlan": "Kor",
            "thryTime": "3",
            "totalPrfssNm": "\uae40\ub3c4\uacbd",
            "mngetEstblYn": "Y",
            "code": null,
            "crdit": "3",
            "expniSllbsYn": "N",
            "bldngSn": null,
            "bldngCd": null,
            "bldngNm": null,
            "lssnsLcttmUntcd": null,
            "sbjetSctcd2": null,
            "rmnmCd": "106",
            "isApi": null,
            "paging": false,
            "rowStatus": "R",
            "pageSort": null
        },
        {
            "rowIndex": 0,
            "success": false,
            "message": null,
            "pageSize": 100,
            "pageNum": 1,
            "lctreMthodNm": "\ub300\uba74",
            "lctrmInfo": "\uc778\ubb38\ud55c\uad6d\uc9c4\ud765\uad00",
            "lctreLnggeSctcd": null,
            "crseNo": "CHIL0365-001",
            "estblUnivNm": "\uc778\ubb38\ub300\ud559",
            "estblDprtnNm": "\uc911\uc5b4\uc911\ubb38\ud559\uacfc",
            "estblYear": "2022",
            "estblDprtnCd": "1105",
            "estblSmstrSctnm": "1\ud559\uae30",
            "estblSmstrSctcd": "CMBS001400001",
            "estblGrade": "2",
            "sbjetSctnm": "\uc804\uacf5",
            "sbjetNm": "\uc911\uae09\uc911\uad6d\uc5b4\ub3c5\ud574",
            "sbjetDvnno": "001",
            "sbjetCd": "CHIL0365",
            "gubun": null,
            "pckgeRqstPssblYn": "Y",
            "pckgeRqstCnt": "14",
            "name": null,
            "rmrk": null,
            "appcrCnt": "19",
            "attlcPrscpCnt": "50",
            "lssnsTimeInfo": "\uc218 1A,1B,2A<br/>\uae08 2B,3A,3B",
            "lssnsRealTimeInfo": "\uc218 09:00 ~ 10:30<br/>\uae08 10:30 ~ 12:00",
            "prctsTime": "0",
            "doPlan": "Kor",
            "thryTime": "3",
            "totalPrfssNm": "\uc774\uc2dc\ud65c",
            "mngetEstblYn": "Y",
            "code": null,
            "crdit": "3",
            "expniSllbsYn": "N",
            "bldngSn": null,
            "bldngCd": null,
            "bldngNm": null,
            "lssnsLcttmUntcd": null,
            "sbjetSctcd2": null,
            "rmnmCd": "106",
            "isApi": null,
            "paging": false,
            "rowStatus": "R",
            "pageSort": null
        },
        {
            "rowIndex": 0,
            "success": false,
            "message": null,
            "pageSize": 100,
            "pageNum": 1,
            "lctreMthodNm": "\ub300\uba74",
            "lctrmInfo": "\uc778\ubb38\ud55c\uad6d\uc9c4\ud765\uad00",
            "lctreLnggeSctcd": null,
            "crseNo": "CLTR0011-002",
            "estblUnivNm": "\uc778\ubb38\ub300\ud559",
            "estblDprtnNm": "\uc911\uc5b4\uc911\ubb38\ud559\uacfc",
            "estblYear": "2022",
            "estblDprtnCd": "1105",
            "estblSmstrSctnm": "1\ud559\uae30",
            "estblSmstrSctcd": "CMBS001400001",
            "estblGrade": "*",
            "sbjetSctnm": "\uad50\uc591",
            "sbjetNm": "\uc911\uad6d\uc5b41",
            "sbjetDvnno": "002",
            "sbjetCd": "CLTR0011",
            "gubun": null,
            "pckgeRqstPssblYn": "Y",
            "pckgeRqstCnt": "26",
            "name": null,
            "rmrk": "\uc804\ud559\ub144\uc120\ud0dd<br><b>\uc778\ubb38\uad50\uc591</b><br>",
            "appcrCnt": "42",
            "attlcPrscpCnt": "50",
            "lssnsTimeInfo": "\uc6d4 1A,1B,2A<br/>\uc218 2B,3A,3B",
            "lssnsRealTimeInfo": "\uc6d4 09:00 ~ 10:30<br/>\uc218 10:30 ~ 12:00",
            "prctsTime": "0",
            "doPlan": "Kor",
            "thryTime": "3",
            "totalPrfssNm": "\uc548\uc911\uc6d0<br/>\uc804\uc724\ud76c",
            "mngetEstblYn": "Y",
            "code": null,
            "crdit": "3",
            "expniSllbsYn": "N",
            "bldngSn": null,
            "bldngCd": null,
            "bldngNm": null,
            "lssnsLcttmUntcd": null,
            "sbjetSctcd2": null,
            "rmnmCd": "106",
            "isApi": null,
            "paging": false,
            "rowStatus": "R",
            "pageSort": null
        },
        {
            "rowIndex": 0,
            "success": false,
            "message": null,
            "pageSize": 100,
            "pageNum": 1,
            "lctreMthodNm": "\ub300\uba74",
            "lctrmInfo": "\ub300\ud559\uc6d0\ub3d9",
            "lctreLnggeSctcd": null,
            "crseNo": "CHIL0351-001",
            "estblUnivNm": "\uc778\ubb38\ub300\ud559",
            "estblDprtnNm": "\uc911\uc5b4\uc911\ubb38\ud559\uacfc",
            "estblYear": "2022",
            "estblDprtnCd": "1105",
            "estblSmstrSctnm": "1\ud559\uae30",
            "estblSmstrSctcd": "CMBS001400001",
            "estblGrade": "2",
            "sbjetSctnm": "\uc804\uacf5",
            "sbjetNm": "\uc911\uae09\uc911\uad6d\uc5b4\ud68c\ud654",
            "sbjetDvnno": "001",
            "sbjetCd": "CHIL0351",
            "gubun": null,
            "pckgeRqstPssblYn": "Y",
            "pckgeRqstCnt": "16",
            "name": null,
            "rmrk": "(\uc911\uad6d\uc5b4)<br>",
            "appcrCnt": "19",
            "attlcPrscpCnt": "20",
            "lssnsTimeInfo": "\uc6d4 1A,1B,2A<br/>\uc218 2B,3A,3B",
            "lssnsRealTimeInfo": "\uc6d4 09:00 ~ 10:30<br/>\uc218 10:30 ~ 12:00",
            "prctsTime": "0",
            "doPlan": "Kor",
            "thryTime": "3",
            "totalPrfssNm": "\uce58\uc6b0\ucd1d",
            "mngetEstblYn": "Y",
            "code": null,
            "crdit": "3",
            "expniSllbsYn": "N",
            "bldngSn": null,
            "bldngCd": null,
            "bldngNm": null,
            "lssnsLcttmUntcd": null,
            "sbjetSctcd2": null,
            "rmnmCd": "202",
            "isApi": null,
            "paging": false,
            "rowStatus": "R",
            "pageSort": null
        },
        {
            "rowIndex": 0,
            "success": false,
            "message": null,
            "pageSize": 100,
            "pageNum": 1,
            "lctreMthodNm": "\ub300\uba74",
            "lctrmInfo": "\ub300\ud559\uc6d0\ub3d9",
            "lctreLnggeSctcd": null,
            "crseNo": "CHIL0371-001",
            "estblUnivNm": "\uc778\ubb38\ub300\ud559",
            "estblDprtnNm": "\uc911\uc5b4\uc911\ubb38\ud559\uacfc",
            "estblYear": "2022",
            "estblDprtnCd": "1105",
            "estblSmstrSctnm": "1\ud559\uae30",
            "estblSmstrSctcd": "CMBS001400001",
            "estblGrade": "3",
            "sbjetSctnm": "\uc804\uacf5",
            "sbjetNm": "\uc911\uad6d\uc5b4\uc791\ubb38 1",
            "sbjetDvnno": "001",
            "sbjetCd": "CHIL0371",
            "gubun": null,
            "pckgeRqstPssblYn": "Y",
            "pckgeRqstCnt": "10",
            "name": null,
            "rmrk": "(\uc911\uad6d\uc5b4)<br>",
            "appcrCnt": "6",
            "attlcPrscpCnt": "20",
            "lssnsTimeInfo": "\ud654 1A,1B,2A<br/>\ubaa9 2B,3A,3B",
            "lssnsRealTimeInfo": "\ud654 09:00 ~ 10:30<br/>\ubaa9 10:30 ~ 12:00",
            "prctsTime": "0",
            "doPlan": "Kor",
            "thryTime": "3",
            "totalPrfssNm": "\uce58\uc6b0\ucd1d",
            "mngetEstblYn": "Y",
            "code": null,
            "crdit": "3",
            "expniSllbsYn": "N",
            "bldngSn": null,
            "bldngCd": null,
            "bldngNm": null,
            "lssnsLcttmUntcd": null,
            "sbjetSctcd2": null,
            "rmnmCd": "202",
            "isApi": null,
            "paging": false,
            "rowStatus": "R",
            "pageSort": null
        },
        {
            "rowIndex": 0,
            "success": false,
            "message": null,
            "pageSize": 100,
            "pageNum": 1,
            "lctreMthodNm": "\ub300\uba74",
            "lctrmInfo": "\ub300\ud559\uc6d0\ub3d9",
            "lctreLnggeSctcd": null,
            "crseNo": "CHIL0565-001",
            "estblUnivNm": "\uc778\ubb38\ub300\ud559",
            "estblDprtnNm": "\uc911\uc5b4\uc911\ubb38\ud559\uacfc",
            "estblYear": "2022",
            "estblDprtnCd": "1105",
            "estblSmstrSctnm": "1\ud559\uae30",
            "estblSmstrSctcd": "CMBS001400001",
            "estblGrade": "4",
            "sbjetSctnm": "\uc804\uacf5\ud544\uc218",
            "sbjetNm": "\uc911\uad6d\uc5b4\ubc88\uc5ed\uc5f0\uc2b5",
            "sbjetDvnno": "001",
            "sbjetCd": "CHIL0565",
            "gubun": null,
            "pckgeRqstPssblYn": "Y",
            "pckgeRqstCnt": "15",
            "name": null,
            "rmrk": null,
            "appcrCnt": "20",
            "attlcPrscpCnt": "40",
            "lssnsTimeInfo": "\ud654 8B,9A,9B<br/>\ubaa9 8B,9A,9B",
            "lssnsRealTimeInfo": "\ud654 16:30 ~ 18:00<br/>\ubaa9 16:30 ~ 18:00",
            "prctsTime": "0",
            "doPlan": "Kor",
            "thryTime": "3",
            "totalPrfssNm": "\uc548\ucc2c\uc21c",
            "mngetEstblYn": "Y",
            "code": null,
            "crdit": "3",
            "expniSllbsYn": "N",
            "bldngSn": null,
            "bldngCd": null,
            "bldngNm": null,
            "lssnsLcttmUntcd": null,
            "sbjetSctcd2": null,
            "rmnmCd": "202",
            "isApi": null,
            "paging": false,
            "rowStatus": "R",
            "pageSort": null
        },
        {
            "rowIndex": 0,
            "success": false,
            "message": null,
            "pageSize": 100,
            "pageNum": 1,
            "lctreMthodNm": "\ub300\uba74",
            "lctrmInfo": "\ub300\ud559\uc6d0\ub3d9",
            "lctreLnggeSctcd": null,
            "crseNo": "CHIL0383-002",
            "estblUnivNm": "\uc778\ubb38\ub300\ud559",
            "estblDprtnNm": "\uc911\uc5b4\uc911\ubb38\ud559\uacfc",
            "estblYear": "2022",
            "estblDprtnCd": "1105",
            "estblSmstrSctnm": "1\ud559\uae30",
            "estblSmstrSctcd": "CMBS001400001",
            "estblGrade": "2",
            "sbjetSctnm": "\uc804\uacf5",
            "sbjetNm": "\uc911\uad6d\uc5b4\ubb38\ubc951",
            "sbjetDvnno": "002",
            "sbjetCd": "CHIL0383",
            "gubun": null,
            "pckgeRqstPssblYn": "Y",
            "pckgeRqstCnt": "19",
            "name": null,
            "rmrk": null,
            "appcrCnt": "25",
            "attlcPrscpCnt": "25",
            "lssnsTimeInfo": "\uc6d4 8B,9A,9B<br/>\uc218 7A,7B,8A",
            "lssnsRealTimeInfo": "\uc6d4 16:30 ~ 18:00<br/>\uc218 15:00 ~ 16:30",
            "prctsTime": "0",
            "doPlan": "Kor",
            "thryTime": "3",
            "totalPrfssNm": "\uc774\ud61c\uc815",
            "mngetEstblYn": "Y",
            "code": null,
            "crdit": "3",
            "expniSllbsYn": "N",
            "bldngSn": null,
            "bldngCd": null,
            "bldngNm": null,
            "lssnsLcttmUntcd": null,
            "sbjetSctcd2": null,
            "rmnmCd": "202",
            "isApi": null,
            "paging": false,
            "rowStatus": "R",
            "pageSort": null
        },
        {
            "rowIndex": 0,
            "success": false,
            "message": null,
            "pageSize": 100,
            "pageNum": 1,
            "lctreMthodNm": "\ub300\uba74",
            "lctrmInfo": "\ub300\ud559\uc6d0\ub3d9",
            "lctreLnggeSctcd": null,
            "crseNo": "CLTR0016-001",
            "estblUnivNm": "\uc778\ubb38\ub300\ud559",
            "estblDprtnNm": "\uc911\uc5b4\uc911\ubb38\ud559\uacfc",
            "estblYear": "2022",
            "estblDprtnCd": "1105",
            "estblSmstrSctnm": "1\ud559\uae30",
            "estblSmstrSctcd": "CMBS001400001",
            "estblGrade": "1",
            "sbjetSctnm": "\uad50\uc591",
            "sbjetNm": "\uad50\uc591\ud55c\ubb38",
            "sbjetDvnno": "001",
            "sbjetCd": "CLTR0016",
            "gubun": null,
            "pckgeRqstPssblYn": "N",
            "pckgeRqstCnt": "0",
            "name": null,
            "rmrk": "<b>\uc778\ubb38\uad50\uc591</b><br>",
            "appcrCnt": "65",
            "attlcPrscpCnt": "70",
            "lssnsTimeInfo": "\uc6d4 8B,9A,9B<br/>\uc218 7A,7B,8A",
            "lssnsRealTimeInfo": "\uc6d4 16:30 ~ 18:00<br/>\uc218 15:00 ~ 16:30",
            "prctsTime": "0",
            "doPlan": "Kor",
            "thryTime": "3",
            "totalPrfssNm": "\uae40\uc218\ud604",
            "mngetEstblYn": "Y",
            "code": null,
            "crdit": "3",
            "expniSllbsYn": "N",
            "bldngSn": null,
            "bldngCd": null,
            "bldngNm": null,
            "lssnsLcttmUntcd": null,
            "sbjetSctcd2": null,
            "rmnmCd": "101",
            "isApi": null,
            "paging": false,
            "rowStatus": "R",
            "pageSort": null
        },
        {
            "rowIndex": 0,
            "success": false,
            "message": null,
            "pageSize": 100,
            "pageNum": 1,
            "lctreMthodNm": "\ub300\uba74",
            "lctrmInfo": "\uc6b0\ub2f9\uad50\uc721\uad00",
            "lctreLnggeSctcd": null,
            "crseNo": "CLTR0103-001",
            "estblUnivNm": "\uc778\ubb38\ub300\ud559",
            "estblDprtnNm": "\uc911\uc5b4\uc911\ubb38\ud559\uacfc",
            "estblYear": "2022",
            "estblDprtnCd": "1105",
            "estblSmstrSctnm": "1\ud559\uae30",
            "estblSmstrSctcd": "CMBS001400001",
            "estblGrade": "1",
            "sbjetSctnm": "\uad50\uc591",
            "sbjetNm": "\uacfc\ud559\uc0ac\uc758\uc774\ud574",
            "sbjetDvnno": "001",
            "sbjetCd": "CLTR0103",
            "gubun": null,
            "pckgeRqstPssblYn": "N",
            "pckgeRqstCnt": "0",
            "name": null,
            "rmrk": null,
            "appcrCnt": "51",
            "attlcPrscpCnt": "70",
            "lssnsTimeInfo": "\ud654 8B,9A,9B<br/>\ubaa9 8B,9A,9B",
            "lssnsRealTimeInfo": "\ud654 16:30 ~ 18:00<br/>\ubaa9 16:30 ~ 18:00",
            "prctsTime": "0",
            "doPlan": "Kor",
            "thryTime": "3",
            "totalPrfssNm": "\ubc15\uc885\uc11d",
            "mngetEstblYn": "Y",
            "code": null,
            "crdit": "3",
            "expniSllbsYn": "N",
            "bldngSn": null,
            "bldngCd": null,
            "bldngNm": null,
            "lssnsLcttmUntcd": null,
            "sbjetSctcd2": null,
            "rmnmCd": "201",
            "isApi": null,
            "paging": false,
            "rowStatus": "R",
            "pageSort": null
        },
        {
            "rowIndex": 0,
            "success": false,
            "message": null,
            "pageSize": 100,
            "pageNum": 1,
            "lctreMthodNm": "\ub300\uba74",
            "lctrmInfo": "\uc778\ubb38\ud55c\uad6d\uc9c4\ud765\uad00",
            "lctreLnggeSctcd": null,
            "crseNo": "CLTR0126-001",
            "estblUnivNm": "\uc778\ubb38\ub300\ud559",
            "estblDprtnNm": "\uc911\uc5b4\uc911\ubb38\ud559\uacfc",
            "estblYear": "2022",
            "estblDprtnCd": "1105",
            "estblSmstrSctnm": "1\ud559\uae30",
            "estblSmstrSctcd": "CMBS001400001",
            "estblGrade": "2",
            "sbjetSctnm": "\uad50\uc591",
            "sbjetNm": "\uc911\uad6d\ubb38\ud559\uc758\uc774\ud574",
            "sbjetDvnno": "001",
            "sbjetCd": "CLTR0126",
            "gubun": null,
            "pckgeRqstPssblYn": "Y",
            "pckgeRqstCnt": "4",
            "name": null,
            "rmrk": "<b>\uc778\ubb38\uad50\uc591</b><br>\uc218\uac15\uc778\uc6d0 60\uba85 \uc774\uc0c1\uc77c \uacbd\uc6b0 \ube44\ub300\uba74 \uc804\ud658 \uac00\ub2a5",
            "appcrCnt": "8",
            "attlcPrscpCnt": "70",
            "lssnsTimeInfo": "\uc6d4 7A,7B,8A<br/>\uae08 7A,7B,8A",
            "lssnsRealTimeInfo": "\uc6d4 15:00 ~ 16:30<br/>\uae08 15:00 ~ 16:30",
            "prctsTime": "0",
            "doPlan": "Kor",
            "thryTime": "3",
            "totalPrfssNm": "\uc11c\uc8fc\uc601",
            "mngetEstblYn": "Y",
            "code": null,
            "crdit": "3",
            "expniSllbsYn": "Y",
            "bldngSn": null,
            "bldngCd": null,
            "bldngNm": null,
            "lssnsLcttmUntcd": null,
            "sbjetSctcd2": null,
            "rmnmCd": "106",
            "isApi": null,
            "paging": false,
            "rowStatus": "R",
            "pageSort": null
        },
        {
            "rowIndex": 0,
            "success": false,
            "message": null,
            "pageSize": 100,
            "pageNum": 1,
            "lctreMthodNm": "\ub300\uba74",
            "lctrmInfo": "\ub300\ud559\uc6d0\ub3d9",
            "lctreLnggeSctcd": null,
            "crseNo": "CLTR0554-001",
            "estblUnivNm": "\uc778\ubb38\ub300\ud559",
            "estblDprtnNm": "\uc911\uc5b4\uc911\ubb38\ud559\uacfc",
            "estblYear": "2022",
            "estblDprtnCd": "1105",
            "estblSmstrSctnm": "1\ud559\uae30",
            "estblSmstrSctcd": "CMBS001400001",
            "estblGrade": "3",
            "sbjetSctnm": "\uad50\uc591",
            "sbjetNm": "\ube44\uc988\ub2c8\uc2a4 \uc911\uad6d\uc5b4",
            "sbjetDvnno": "001",
            "sbjetCd": "CLTR0554",
            "gubun": null,
            "pckgeRqstPssblYn": "Y",
            "pckgeRqstCnt": "21",
            "name": null,
            "rmrk": "<b>\uc778\ubb38\uad50\uc591</b><br>",
            "appcrCnt": "32",
            "attlcPrscpCnt": "50",
            "lssnsTimeInfo": "\uc6d4 1A,1B,2A<br/>\uc218 2B,3A,3B",
            "lssnsRealTimeInfo": "\uc6d4 09:00 ~ 10:30<br/>\uc218 10:30 ~ 12:00",
            "prctsTime": "0",
            "doPlan": "Kor",
            "thryTime": "3",
            "totalPrfssNm": "\ub9f9\uc720",
            "mngetEstblYn": "Y",
            "code": null,
            "crdit": "3",
            "expniSllbsYn": "N",
            "bldngSn": null,
            "bldngCd": null,
            "bldngNm": null,
            "lssnsLcttmUntcd": null,
            "sbjetSctcd2": null,
            "rmnmCd": "301",
            "isApi": null,
            "paging": false,
            "rowStatus": "R",
            "pageSort": null
        },
        {
            "rowIndex": 0,
            "success": false,
            "message": null,
            "pageSize": 100,
            "pageNum": 1,
            "lctreMthodNm": "\ub300\uba74",
            "lctrmInfo": "\uc778\ubb38\ud55c\uad6d\uc9c4\ud765\uad00",
            "lctreLnggeSctcd": null,
            "crseNo": "CLTR0011-001",
            "estblUnivNm": "\uc778\ubb38\ub300\ud559",
            "estblDprtnNm": "\uc911\uc5b4\uc911\ubb38\ud559\uacfc",
            "estblYear": "2022",
            "estblDprtnCd": "1105",
            "estblSmstrSctnm": "1\ud559\uae30",
            "estblSmstrSctcd": "CMBS001400001",
            "estblGrade": "1",
            "sbjetSctnm": "\uad50\uc591",
            "sbjetNm": "\uc911\uad6d\uc5b41",
            "sbjetDvnno": "001",
            "sbjetCd": "CLTR0011",
            "gubun": null,
            "pckgeRqstPssblYn": "N",
            "pckgeRqstCnt": "0",
            "name": null,
            "rmrk": "<b>\uc778\ubb38\uad50\uc591</b><br>",
            "appcrCnt": "40",
            "attlcPrscpCnt": "50",
            "lssnsTimeInfo": "\ud654 5B,6A,6B<br/>\ubaa9 5B,6A,6B",
            "lssnsRealTimeInfo": "\ud654 13:30 ~ 15:00<br/>\ubaa9 13:30 ~ 15:00",
            "prctsTime": "0",
            "doPlan": "Kor",
            "thryTime": "3",
            "totalPrfssNm": "\uae40\ubbf8\uc815",
            "mngetEstblYn": "Y",
            "code": null,
            "crdit": "3",
            "expniSllbsYn": "N",
            "bldngSn": null,
            "bldngCd": null,
            "bldngNm": null,
            "lssnsLcttmUntcd": null,
            "sbjetSctcd2": null,
            "rmnmCd": "106",
            "isApi": null,
            "paging": false,
            "rowStatus": "R",
            "pageSort": null
        },
        {
            "rowIndex": 0,
            "success": false,
            "message": null,
            "pageSize": 100,
            "pageNum": 1,
            "lctreMthodNm": "\ub300\uba74",
            "lctrmInfo": "\ub300\ud559\uc6d0\ub3d9",
            "lctreLnggeSctcd": null,
            "crseNo": "CHIL0316-001",
            "estblUnivNm": "\uc778\ubb38\ub300\ud559",
            "estblDprtnNm": "\uc911\uc5b4\uc911\ubb38\ud559\uacfc",
            "estblYear": "2022",
            "estblDprtnCd": "1105",
            "estblSmstrSctnm": "1\ud559\uae30",
            "estblSmstrSctcd": "CMBS001400001",
            "estblGrade": "2",
            "sbjetSctnm": "\uc804\uacf5\ud544\uc218",
            "sbjetNm": "\uc911\uad6d\uace0\uc804\ubb38\ud559\uc758\ud750\ub984 1",
            "sbjetDvnno": "001",
            "sbjetCd": "CHIL0316",
            "gubun": null,
            "pckgeRqstPssblYn": "Y",
            "pckgeRqstCnt": "19",
            "name": null,
            "rmrk": null,
            "appcrCnt": "23",
            "attlcPrscpCnt": "40",
            "lssnsTimeInfo": "\ud654 7A,7B,8A<br/>\ubaa9 7A,7B,8A",
            "lssnsRealTimeInfo": "\ud654 15:00 ~ 16:30<br/>\ubaa9 15:00 ~ 16:30",
            "prctsTime": "0",
            "doPlan": "Kor",
            "thryTime": "3",
            "totalPrfssNm": "\uc774\uc138\ub3d9",
            "mngetEstblYn": "Y",
            "code": null,
            "crdit": "3",
            "expniSllbsYn": "N",
            "bldngSn": null,
            "bldngCd": null,
            "bldngNm": null,
            "lssnsLcttmUntcd": null,
            "sbjetSctcd2": null,
            "rmnmCd": "301",
            "isApi": null,
            "paging": false,
            "rowStatus": "R",
            "pageSort": null
        },
        {
            "rowIndex": 0,
            "success": false,
            "message": null,
            "pageSize": 100,
            "pageNum": 1,
            "lctreMthodNm": "\ub300\uba74",
            "lctrmInfo": "\ub300\ud559\uc6d0\ub3d9",
            "lctreLnggeSctcd": null,
            "crseNo": "CHIL0316-002",
            "estblUnivNm": "\uc778\ubb38\ub300\ud559",
            "estblDprtnNm": "\uc911\uc5b4\uc911\ubb38\ud559\uacfc",
            "estblYear": "2022",
            "estblDprtnCd": "1105",
            "estblSmstrSctnm": "1\ud559\uae30",
            "estblSmstrSctcd": "CMBS001400001",
            "estblGrade": "2",
            "sbjetSctnm": "\uc804\uacf5\ud544\uc218",
            "sbjetNm": "\uc911\uad6d\uace0\uc804\ubb38\ud559\uc758\ud750\ub984 1",
            "sbjetDvnno": "002",
            "sbjetCd": "CHIL0316",
            "gubun": null,
            "pckgeRqstPssblYn": "Y",
            "pckgeRqstCnt": "11",
            "name": null,
            "rmrk": null,
            "appcrCnt": "9",
            "attlcPrscpCnt": "40",
            "lssnsTimeInfo": "\ud654 1A,1B,2A<br/>\ubaa9 2B,3A,3B",
            "lssnsRealTimeInfo": "\ud654 09:00 ~ 10:30<br/>\ubaa9 10:30 ~ 12:00",
            "prctsTime": "0",
            "doPlan": "Kor",
            "thryTime": "3",
            "totalPrfssNm": "\uc548\ucc2c\uc21c",
            "mngetEstblYn": "Y",
            "code": null,
            "crdit": "3",
            "expniSllbsYn": "N",
            "bldngSn": null,
            "bldngCd": null,
            "bldngNm": null,
            "lssnsLcttmUntcd": null,
            "sbjetSctcd2": null,
            "rmnmCd": "301",
            "isApi": null,
            "paging": false,
            "rowStatus": "R",
            "pageSort": null
        },
        {
            "rowIndex": 0,
            "success": false,
            "message": null,
            "pageSize": 100,
            "pageNum": 1,
            "lctreMthodNm": "\ub300\uba74",
            "lctrmInfo": "\uc778\ubb38\ud55c\uad6d\uc9c4\ud765\uad00",
            "lctreLnggeSctcd": null,
            "crseNo": "CHIL0433-001",
            "estblUnivNm": "\uc778\ubb38\ub300\ud559",
            "estblDprtnNm": "\uc911\uc5b4\uc911\ubb38\ud559\uacfc",
            "estblYear": "2022",
            "estblDprtnCd": "1105",
            "estblSmstrSctnm": "1\ud559\uae30",
            "estblSmstrSctcd": "CMBS001400001",
            "estblGrade": "3",
            "sbjetSctnm": "\uc804\uacf5",
            "sbjetNm": "\uc0ac\uc640\uace1\uc758\uc138\uacc4",
            "sbjetDvnno": "001",
            "sbjetCd": "CHIL0433",
            "gubun": null,
            "pckgeRqstPssblYn": "Y",
            "pckgeRqstCnt": "37",
            "name": null,
            "rmrk": null,
            "appcrCnt": "43",
            "attlcPrscpCnt": "50",
            "lssnsTimeInfo": "\ud654 8B,9A,9B<br/>\ubaa9 8B,9A,9B",
            "lssnsRealTimeInfo": "\ud654 16:30 ~ 18:00<br/>\ubaa9 16:30 ~ 18:00",
            "prctsTime": "0",
            "doPlan": "Kor",
            "thryTime": "3",
            "totalPrfssNm": "\uc774\uc9c0\uc740",
            "mngetEstblYn": "Y",
            "code": null,
            "crdit": "3",
            "expniSllbsYn": "N",
            "bldngSn": null,
            "bldngCd": null,
            "bldngNm": null,
            "lssnsLcttmUntcd": null,
            "sbjetSctcd2": null,
            "rmnmCd": "106",
            "isApi": null,
            "paging": false,
            "rowStatus": "R",
            "pageSort": null
        },
        {
            "rowIndex": 0,
            "success": false,
            "message": null,
            "pageSize": 100,
            "pageNum": 1,
            "lctreMthodNm": "\ub300\uba74",
            "lctrmInfo": "\uc778\ubb38\ud55c\uad6d\uc9c4\ud765\uad00",
            "lctreLnggeSctcd": null,
            "crseNo": "CHTR0301-001",
            "estblUnivNm": "\uc778\ubb38\ub300\ud559",
            "estblDprtnNm": "\uc911\uc5b4\uc911\ubb38\ud559\uacfc",
            "estblYear": "2022",
            "estblDprtnCd": "1105",
            "estblSmstrSctnm": "1\ud559\uae30",
            "estblSmstrSctcd": "CMBS001400001",
            "estblGrade": "3",
            "sbjetSctnm": "\uc735\ud569\uc804\uacf5",
            "sbjetNm": "\uc911\uad6d\ubb38\ud654\uc640\ud1b5\uc0c1",
            "sbjetDvnno": "001",
            "sbjetCd": "CHTR0301",
            "gubun": null,
            "pckgeRqstPssblYn": "Y",
            "pckgeRqstCnt": "37",
            "name": null,
            "rmrk": null,
            "appcrCnt": "45",
            "attlcPrscpCnt": "50",
            "lssnsTimeInfo": "\ud654 7A,7B,8A<br/>\ubaa9 7A,7B,8A",
            "lssnsRealTimeInfo": "\ud654 15:00 ~ 16:30<br/>\ubaa9 15:00 ~ 16:30",
            "prctsTime": "0",
            "doPlan": "Kor",
            "thryTime": "3",
            "totalPrfssNm": "\uc6b0\ubcd1\uad6d",
            "mngetEstblYn": "Y",
            "code": null,
            "crdit": "3",
            "expniSllbsYn": "N",
            "bldngSn": null,
            "bldngCd": null,
            "bldngNm": null,
            "lssnsLcttmUntcd": null,
            "sbjetSctcd2": null,
            "rmnmCd": "106",
            "isApi": null,
            "paging": false,
            "rowStatus": "R",
            "pageSort": null
        },
        {
            "rowIndex": 0,
            "success": false,
            "message": null,
            "pageSize": 100,
            "pageNum": 1,
            "lctreMthodNm": "\ub300\uba74",
            "lctrmInfo": "\ub300\ud559\uc6d0\ub3d9",
            "lctreLnggeSctcd": null,
            "crseNo": "CLTR0126-002",
            "estblUnivNm": "\uc778\ubb38\ub300\ud559",
            "estblDprtnNm": "\uc911\uc5b4\uc911\ubb38\ud559\uacfc",
            "estblYear": "2022",
            "estblDprtnCd": "1105",
            "estblSmstrSctnm": "1\ud559\uae30",
            "estblSmstrSctcd": "CMBS001400001",
            "estblGrade": "*",
            "sbjetSctnm": "\uad50\uc591",
            "sbjetNm": "\uc911\uad6d\ubb38\ud559\uc758\uc774\ud574",
            "sbjetDvnno": "002",
            "sbjetCd": "CLTR0126",
            "gubun": null,
            "pckgeRqstPssblYn": "Y",
            "pckgeRqstCnt": "14",
            "name": null,
            "rmrk": "\uc804\ud559\ub144\uc120\ud0dd<br><b>\uc778\ubb38\uad50\uc591</b><br>\uc218\uac15\uc778\uc6d0 60\uba85 \uc774\uc0c1\uc77c \uacbd\uc6b0 \ube44\ub300\uba74 \uc804\ud658 \uac00\ub2a5",
            "appcrCnt": "36",
            "attlcPrscpCnt": "70",
            "lssnsTimeInfo": "\uc6d4 7A,7B,8A<br/>\uae08 7A,7B,8A",
            "lssnsRealTimeInfo": "\uc6d4 15:00 ~ 16:30<br/>\uae08 15:00 ~ 16:30",
            "prctsTime": "0",
            "doPlan": "Kor",
            "thryTime": "3",
            "totalPrfssNm": "\uae40\uc131\uc218",
            "mngetEstblYn": "Y",
            "code": null,
            "crdit": "3",
            "expniSllbsYn": "Y",
            "bldngSn": null,
            "bldngCd": null,
            "bldngNm": null,
            "lssnsLcttmUntcd": null,
            "sbjetSctcd2": null,
            "rmnmCd": "101",
            "isApi": null,
            "paging": false,
            "rowStatus": "R",
            "pageSort": null
        },
        {
            "rowIndex": 0,
            "success": false,
            "message": null,
            "pageSize": 100,
            "pageNum": 1,
            "lctreMthodNm": "\ub300\uba74",
            "lctrmInfo": "\ub300\ud559\uc6d0\ub3d9",
            "lctreLnggeSctcd": null,
            "crseNo": "CLTR0554-002",
            "estblUnivNm": "\uc778\ubb38\ub300\ud559",
            "estblDprtnNm": "\uc911\uc5b4\uc911\ubb38\ud559\uacfc",
            "estblYear": "2022",
            "estblDprtnCd": "1105",
            "estblSmstrSctnm": "1\ud559\uae30",
            "estblSmstrSctcd": "CMBS001400001",
            "estblGrade": "*",
            "sbjetSctnm": "\uad50\uc591",
            "sbjetNm": "\ube44\uc988\ub2c8\uc2a4 \uc911\uad6d\uc5b4",
            "sbjetDvnno": "002",
            "sbjetCd": "CLTR0554",
            "gubun": null,
            "pckgeRqstPssblYn": "Y",
            "pckgeRqstCnt": "13",
            "name": null,
            "rmrk": "\uc804\ud559\ub144\uc120\ud0dd<br><b>\uc778\ubb38\uad50\uc591</b><br>",
            "appcrCnt": "22",
            "attlcPrscpCnt": "50",
            "lssnsTimeInfo": "\ud654 5B,6A,6B<br/>\ubaa9 5B,6A,6B",
            "lssnsRealTimeInfo": "\ud654 13:30 ~ 15:00<br/>\ubaa9 13:30 ~ 15:00",
            "prctsTime": "0",
            "doPlan": "Kor",
            "thryTime": "3",
            "totalPrfssNm": "\uc6b0\ubcd1\uad6d",
            "mngetEstblYn": "Y",
            "code": null,
            "crdit": "3",
            "expniSllbsYn": "N",
            "bldngSn": null,
            "bldngCd": null,
            "bldngNm": null,
            "lssnsLcttmUntcd": null,
            "sbjetSctcd2": null,
            "rmnmCd": "202",
            "isApi": null,
            "paging": false,
            "rowStatus": "R",
            "pageSort": null
        },
        {
            "rowIndex": 0,
            "success": false,
            "message": null,
            "pageSize": 100,
            "pageNum": 1,
            "lctreMthodNm": "\ub300\uba74",
            "lctrmInfo": "\ub300\ud559\uc6d0\ub3d9",
            "lctreLnggeSctcd": null,
            "crseNo": "CHIL0351-002",
            "estblUnivNm": "\uc778\ubb38\ub300\ud559",
            "estblDprtnNm": "\uc911\uc5b4\uc911\ubb38\ud559\uacfc",
            "estblYear": "2022",
            "estblDprtnCd": "1105",
            "estblSmstrSctnm": "1\ud559\uae30",
            "estblSmstrSctcd": "CMBS001400001",
            "estblGrade": "2",
            "sbjetSctnm": "\uc804\uacf5",
            "sbjetNm": "\uc911\uae09\uc911\uad6d\uc5b4\ud68c\ud654",
            "sbjetDvnno": "002",
            "sbjetCd": "CHIL0351",
            "gubun": null,
            "pckgeRqstPssblYn": "Y",
            "pckgeRqstCnt": "23",
            "name": null,
            "rmrk": "(\uc911\uad6d\uc5b4)<br>",
            "appcrCnt": "15",
            "attlcPrscpCnt": "23",
            "lssnsTimeInfo": "\ud654 2B,3A,3B<br/>\ubaa9 1A,1B,2A",
            "lssnsRealTimeInfo": "\ud654 10:30 ~ 12:00<br/>\ubaa9 09:00 ~ 10:30",
            "prctsTime": "0",
            "doPlan": "Kor",
            "thryTime": "3",
            "totalPrfssNm": "\uce58\uc6b0\ucd1d",
            "mngetEstblYn": "Y",
            "code": null,
            "crdit": "3",
            "expniSllbsYn": "N",
            "bldngSn": null,
            "bldngCd": null,
            "bldngNm": null,
            "lssnsLcttmUntcd": null,
            "sbjetSctcd2": null,
            "rmnmCd": "202",
            "isApi": null,
            "paging": false,
            "rowStatus": "R",
            "pageSort": null
        },
        {
            "rowIndex": 0,
            "success": false,
            "message": null,
            "pageSize": 100,
            "pageNum": 1,
            "lctreMthodNm": "\ub300\uba74",
            "lctrmInfo": "\ub300\ud559\uc6d0\ub3d9",
            "lctreLnggeSctcd": null,
            "crseNo": "CHIL0393-001",
            "estblUnivNm": "\uc778\ubb38\ub300\ud559",
            "estblDprtnNm": "\uc911\uc5b4\uc911\ubb38\ud559\uacfc",
            "estblYear": "2022",
            "estblDprtnCd": "1105",
            "estblSmstrSctnm": "1\ud559\uae30",
            "estblSmstrSctcd": "CMBS001400001",
            "estblGrade": "4",
            "sbjetSctnm": "\uc804\uacf5",
            "sbjetNm": "\uc911\uad6d\uc5b4\ud559\uc758\uc774\ud574",
            "sbjetDvnno": "001",
            "sbjetCd": "CHIL0393",
            "gubun": null,
            "pckgeRqstPssblYn": "Y",
            "pckgeRqstCnt": "11",
            "name": null,
            "rmrk": null,
            "appcrCnt": "16",
            "attlcPrscpCnt": "50",
            "lssnsTimeInfo": "\uc6d4 1A,1B,2A<br/>\uc218 2B,3A,3B",
            "lssnsRealTimeInfo": "\uc6d4 09:00 ~ 10:30<br/>\uc218 10:30 ~ 12:00",
            "prctsTime": "0",
            "doPlan": "Kor",
            "thryTime": "3",
            "totalPrfssNm": "\uc0ac\uc704\uad6d",
            "mngetEstblYn": "Y",
            "code": null,
            "crdit": "3",
            "expniSllbsYn": "N",
            "bldngSn": null,
            "bldngCd": null,
            "bldngNm": null,
            "lssnsLcttmUntcd": null,
            "sbjetSctcd2": null,
            "rmnmCd": "214",
            "isApi": null,
            "paging": false,
            "rowStatus": "R",
            "pageSort": null
        },
        {
            "rowIndex": 0,
            "success": false,
            "message": null,
            "pageSize": 100,
            "pageNum": 1,
            "lctreMthodNm": "\ub300\uba74",
            "lctrmInfo": "\ub300\ud559\uc6d0\ub3d9",
            "lctreLnggeSctcd": null,
            "crseNo": "CHIL0567-001",
            "estblUnivNm": "\uc778\ubb38\ub300\ud559",
            "estblDprtnNm": "\uc911\uc5b4\uc911\ubb38\ud559\uacfc",
            "estblYear": "2022",
            "estblDprtnCd": "1105",
            "estblSmstrSctnm": "1\ud559\uae30",
            "estblSmstrSctcd": "CMBS001400001",
            "estblGrade": "1",
            "sbjetSctnm": "\uc804\uacf5\uae30\ucd08",
            "sbjetNm": "\uc911\uad6d\uc5b8\uc5b4\uc640 \ubb38\ud559\uc758 \uae30\ucd08",
            "sbjetDvnno": "001",
            "sbjetCd": "CHIL0567",
            "gubun": null,
            "pckgeRqstPssblYn": "N",
            "pckgeRqstCnt": "0",
            "name": null,
            "rmrk": null,
            "appcrCnt": "30",
            "attlcPrscpCnt": "30",
            "lssnsTimeInfo": "\ud654 2B,3A,3B<br/>\ubaa9 1A,1B,2A",
            "lssnsRealTimeInfo": "\ud654 10:30 ~ 12:00<br/>\ubaa9 09:00 ~ 10:30",
            "prctsTime": "0",
            "doPlan": "Kor",
            "thryTime": "3",
            "totalPrfssNm": "\uc548\ucc2c\uc21c<br/>\uc774\ud61c\uc815",
            "mngetEstblYn": "Y",
            "code": null,
            "crdit": "3",
            "expniSllbsYn": "N",
            "bldngSn": null,
            "bldngCd": null,
            "bldngNm": null,
            "lssnsLcttmUntcd": null,
            "sbjetSctcd2": null,
            "rmnmCd": "301",
            "isApi": null,
            "paging": false,
            "rowStatus": "R",
            "pageSort": null
        }
    ],
    "statusCode": 200
}