{
    "timestamp": "2022-04-28T23:14:44.97",
    "success": true,
    "code": null,
    "msg": null,
    "data": [
        {
            "rowIndex": 0,
            "success": false,
            "message": null,
            "pageSize": 100,
            "pageNum": 1,
            "lctreMthodNm": "\ub300\uba74",
            "lctrmInfo": "\ub300\ud559\uc6d0\ub3d9",
            "lctreLnggeSctcd": null,
            "crseNo": "NOCT0211-001",
            "estblUnivNm": "\uc778\ubb38\ub300\ud559",
            "estblDprtnNm": "\ubd81\ubc29\ubb38\ud654\ud1b5\uc0c1\uc735\ud569\uc804\uacf5",
            "estblYear": "2022",
            "estblDprtnCd": "110J",
            "estblSmstrSctnm": "1\ud559\uae30",
            "estblSmstrSctcd": "CMBS001400001",
            "estblGrade": "3",
            "sbjetSctnm": "\uc735\ud569\uc804\uacf5",
            "sbjetNm": "\uc911\ub7ec\ubb38\ud654\ucf58\ud150\uce20\ub860",
            "sbjetDvnno": "001",
            "sbjetCd": "NOCT0211",
            "gubun": null,
            "pckgeRqstPssblYn": "Y",
            "pckgeRqstCnt": "22",
            "name": null,
            "rmrk": null,
            "appcrCnt": "23",
            "attlcPrscpCnt": "50",
            "lssnsTimeInfo": "\ud654 5B,6A,6B<br/>\ubaa9 5B,6A,6B",
            "lssnsRealTimeInfo": "\ud654 13:30 ~ 15:00<br/>\ubaa9 13:30 ~ 15:00",
            "prctsTime": "0",
            "doPlan": "Kor",
            "thryTime": "3",
            "totalPrfssNm": "\uc774\uc2b9\uc5b5<br/>\uc804\uc724\ud76c",
            "mngetEstblYn": "Y",
            "code": null,
            "crdit": "3",
            "expniSllbsYn": "N",
            "bldngSn": null,
            "bldngCd": null,
            "bldngNm": null,
            "lssnsLcttmUntcd": null,
            "sbjetSctcd2": null,
            "rmnmCd": "214",
            "isApi": null,
            "paging": false,
            "rowStatus": "R",
            "pageSort": null
        },
        {
            "rowIndex": 0,
            "success": false,
            "message": null,
            "pageSize": 100,
            "pageNum": 1,
            "lctreMthodNm": "\ub300\uba74",
            "lctrmInfo": "\ub300\ud559\uc6d0\ub3d9",
            "lctreLnggeSctcd": null,
            "crseNo": "NOCT0212-001",
            "estblUnivNm": "\uc778\ubb38\ub300\ud559",
            "estblDprtnNm": "\ubd81\ubc29\ubb38\ud654\ud1b5\uc0c1\uc735\ud569\uc804\uacf5",
            "estblYear": "2022",
            "estblDprtnCd": "110J",
            "estblSmstrSctnm": "1\ud559\uae30",
            "estblSmstrSctcd": "CMBS001400001",
            "estblGrade": "2",
            "sbjetSctnm": "\uc735\ud569\uc804\uacf5",
            "sbjetNm": "\ubd81\ubc29\ud559\uac1c\ub860",
            "sbjetDvnno": "001",
            "sbjetCd": "NOCT0212",
            "gubun": null,
            "pckgeRqstPssblYn": "Y",
            "pckgeRqstCnt": "8",
            "name": null,
            "rmrk": null,
            "appcrCnt": "10",
            "attlcPrscpCnt": "50",
            "lssnsTimeInfo": "\ud654 1A,1B,2A<br/>\ubaa9 2B,3A,3B",
            "lssnsRealTimeInfo": "\ud654 09:00 ~ 10:30<br/>\ubaa9 10:30 ~ 12:00",
            "prctsTime": "0",
            "doPlan": "Kor",
            "thryTime": "3",
            "totalPrfssNm": "\uae40\ubbf8\uc815<br/>\uc774\uac15\uc740",
            "mngetEstblYn": "Y",
            "code": null,
            "crdit": "3",
            "expniSllbsYn": "N",
            "bldngSn": null,
            "bldngCd": null,
            "bldngNm": null,
            "lssnsLcttmUntcd": null,
            "sbjetSctcd2": null,
            "rmnmCd": "203",
            "isApi": null,
            "paging": false,
            "rowStatus": "R",
            "pageSort": null
        }
    ],
    "statusCode": 200
}