{
    "timestamp": "2022-04-28T23:14:45.147",
    "success": true,
    "code": null,
    "msg": null,
    "data": [
        {
            "rowIndex": 0,
            "success": false,
            "message": null,
            "pageSize": 100,
            "pageNum": 1,
            "lctreMthodNm": "\ub300\uba74",
            "lctrmInfo": "\uc778\ubb38\ub300\ud559",
            "lctreLnggeSctcd": null,
            "crseNo": "CLTR0083-001",
            "estblUnivNm": "\uc778\ubb38\ub300\ud559",
            "estblDprtnNm": "\uc0ac\ud559\uacfc",
            "estblYear": "2022",
            "estblDprtnCd": "1106",
            "estblSmstrSctnm": "1\ud559\uae30",
            "estblSmstrSctcd": "CMBS001400001",
            "estblGrade": "1",
            "sbjetSctnm": "\uad50\uc591",
            "sbjetNm": "\uacbd\uc81c\uc758\uc774\ud574",
            "sbjetDvnno": "001",
            "sbjetCd": "CLTR0083",
            "gubun": null,
            "pckgeRqstPssblYn": "N",
            "pckgeRqstCnt": "0",
            "name": null,
            "rmrk": null,
            "appcrCnt": "41",
            "attlcPrscpCnt": "70",
            "lssnsTimeInfo": "\ud654 8B,9A,9B<br/>\ubaa9 8B,9A,9B",
            "lssnsRealTimeInfo": "\ud654 16:30 ~ 18:00<br/>\ubaa9 16:30 ~ 18:00",
            "prctsTime": "0",
            "doPlan": "Kor",
            "thryTime": "3",
            "totalPrfssNm": "\uc774\uadfc\uae30",
            "mngetEstblYn": "Y",
            "code": null,
            "crdit": "3",
            "expniSllbsYn": "N",
            "bldngSn": null,
            "bldngCd": null,
            "bldngNm": null,
            "lssnsLcttmUntcd": null,
            "sbjetSctcd2": null,
            "rmnmCd": "313",
            "isApi": null,
            "paging": false,
            "rowStatus": "R",
            "pageSort": null
        },
        {
            "rowIndex": 0,
            "success": false,
            "message": null,
            "pageSize": 100,
            "pageNum": 1,
            "lctreMthodNm": "\ub300\uba74",
            "lctrmInfo": "\uc778\ubb38\ud55c\uad6d\uc9c4\ud765\uad00",
            "lctreLnggeSctcd": null,
            "crseNo": "HIST0527-001",
            "estblUnivNm": "\uc778\ubb38\ub300\ud559",
            "estblDprtnNm": "\uc0ac\ud559\uacfc",
            "estblYear": "2022",
            "estblDprtnCd": "1106",
            "estblSmstrSctnm": "1\ud559\uae30",
            "estblSmstrSctcd": "CMBS001400001",
            "estblGrade": "3",
            "sbjetSctnm": "\uc804\uacf5\ud544\uc218",
            "sbjetNm": "\ud55c\uad6d\uc0ac\uc0ac\ub8cc\uac15\ub3c52",
            "sbjetDvnno": "001",
            "sbjetCd": "HIST0527",
            "gubun": null,
            "pckgeRqstPssblYn": "Y",
            "pckgeRqstCnt": "41",
            "name": null,
            "rmrk": null,
            "appcrCnt": "43",
            "attlcPrscpCnt": "60",
            "lssnsTimeInfo": "\ud654 1A,1B,2A<br/>\ubaa9 2B,3A,3B",
            "lssnsRealTimeInfo": "\ud654 09:00 ~ 10:30<br/>\ubaa9 10:30 ~ 12:00",
            "prctsTime": "0",
            "doPlan": "Kor",
            "thryTime": "3",
            "totalPrfssNm": "\ud55c\uae30\ubb38",
            "mngetEstblYn": "Y",
            "code": null,
            "crdit": "3",
            "expniSllbsYn": "N",
            "bldngSn": null,
            "bldngCd": null,
            "bldngNm": null,
            "lssnsLcttmUntcd": null,
            "sbjetSctcd2": null,
            "rmnmCd": "202",
            "isApi": null,
            "paging": false,
            "rowStatus": "R",
            "pageSort": null
        },
        {
            "rowIndex": 0,
            "success": false,
            "message": null,
            "pageSize": 100,
            "pageNum": 1,
            "lctreMthodNm": "\ub300\uba74",
            "lctrmInfo": "\uc778\ubb38\ub300\ud559",
            "lctreLnggeSctcd": null,
            "crseNo": "HIST0211-001",
            "estblUnivNm": "\uc778\ubb38\ub300\ud559",
            "estblDprtnNm": "\uc0ac\ud559\uacfc",
            "estblYear": "2022",
            "estblDprtnCd": "1106",
            "estblSmstrSctnm": "1\ud559\uae30",
            "estblSmstrSctcd": "CMBS001400001",
            "estblGrade": "2",
            "sbjetSctnm": "\uc804\uacf5",
            "sbjetNm": "\ud55c\uad6d\uace0\ub300\uc0ac",
            "sbjetDvnno": "001",
            "sbjetCd": "HIST0211",
            "gubun": null,
            "pckgeRqstPssblYn": "Y",
            "pckgeRqstCnt": "29",
            "name": null,
            "rmrk": null,
            "appcrCnt": "26",
            "attlcPrscpCnt": "60",
            "lssnsTimeInfo": "\ud654 2B,3A,3B<br/>\ubaa9 1A,1B,2A",
            "lssnsRealTimeInfo": "\ud654 10:30 ~ 12:00<br/>\ubaa9 09:00 ~ 10:30",
            "prctsTime": "0",
            "doPlan": "Kor",
            "thryTime": "3",
            "totalPrfssNm": "\uc774\uc601\ud638",
            "mngetEstblYn": "Y",
            "code": null,
            "crdit": "3",
            "expniSllbsYn": "N",
            "bldngSn": null,
            "bldngCd": null,
            "bldngNm": null,
            "lssnsLcttmUntcd": null,
            "sbjetSctcd2": null,
            "rmnmCd": "313",
            "isApi": null,
            "paging": false,
            "rowStatus": "R",
            "pageSort": null
        },
        {
            "rowIndex": 0,
            "success": false,
            "message": null,
            "pageSize": 100,
            "pageNum": 1,
            "lctreMthodNm": "\ube44\ub300\uba74",
            "lctrmInfo": "\uc778\ubb38\ub300\ud559",
            "lctreLnggeSctcd": null,
            "crseNo": "CLTR0468-001",
            "estblUnivNm": "\uc778\ubb38\ub300\ud559",
            "estblDprtnNm": "\uc0ac\ud559\uacfc",
            "estblYear": "2022",
            "estblDprtnCd": "1106",
            "estblSmstrSctnm": "1\ud559\uae30",
            "estblSmstrSctcd": "CMBS001400001",
            "estblGrade": "*",
            "sbjetSctnm": "\uad50\uc591",
            "sbjetNm": "\uc778\ubb3c\ub85c \ubcf8 \uc11c\uc591\uc0ac",
            "sbjetDvnno": "001",
            "sbjetCd": "CLTR0468",
            "gubun": null,
            "pckgeRqstPssblYn": "Y",
            "pckgeRqstCnt": "69",
            "name": null,
            "rmrk": "\uc804\ud559\ub144\uc120\ud0dd<br><b>\uc778\ubb38\uad50\uc591</b><br>",
            "appcrCnt": "75",
            "attlcPrscpCnt": "70",
            "lssnsTimeInfo": "\ud654 4A,4B,5A<br/>\ubaa9 4A,4B,5A",
            "lssnsRealTimeInfo": "\ud654 12:00 ~ 13:30<br/>\ubaa9 12:00 ~ 13:30",
            "prctsTime": "0",
            "doPlan": "Kor",
            "thryTime": "3",
            "totalPrfssNm": "\ucd5c\ud604\ubbf8",
            "mngetEstblYn": "Y",
            "code": null,
            "crdit": "3",
            "expniSllbsYn": "N",
            "bldngSn": null,
            "bldngCd": null,
            "bldngNm": null,
            "lssnsLcttmUntcd": null,
            "sbjetSctcd2": null,
            "rmnmCd": "101",
            "isApi": null,
            "paging": false,
            "rowStatus": "R",
            "pageSort": null
        },
        {
            "rowIndex": 0,
            "success": false,
            "message": null,
            "pageSize": 100,
            "pageNum": 1,
            "lctreMthodNm": "\ub300\uba74",
            "lctrmInfo": "\uc778\ubb38\ub300\ud559",
            "lctreLnggeSctcd": null,
            "crseNo": "CLTR0474-001",
            "estblUnivNm": "\uc778\ubb38\ub300\ud559",
            "estblDprtnNm": "\uc0ac\ud559\uacfc",
            "estblYear": "2022",
            "estblDprtnCd": "1106",
            "estblSmstrSctnm": "1\ud559\uae30",
            "estblSmstrSctcd": "CMBS001400001",
            "estblGrade": "*",
            "sbjetSctnm": "\uad50\uc591",
            "sbjetNm": "\uc5ed\uc0ac\ub85c \ubcf4\ub294 \uc11c\uc591\uae30\uc5c5\uacfc \uae30\uc5c5\ubb38\ud654",
            "sbjetDvnno": "001",
            "sbjetCd": "CLTR0474",
            "gubun": null,
            "pckgeRqstPssblYn": "Y",
            "pckgeRqstCnt": "90",
            "name": null,
            "rmrk": "\uc804\ud559\ub144\uc120\ud0dd<br><b>\uc778\ubb38\uad50\uc591</b><br>",
            "appcrCnt": "83",
            "attlcPrscpCnt": "90",
            "lssnsTimeInfo": "\uc6d4 2B,3A,3B<br/>\uae08 1A,1B,2A",
            "lssnsRealTimeInfo": "\uc6d4 10:30 ~ 12:00<br/>\uae08 09:00 ~ 10:30",
            "prctsTime": "0",
            "doPlan": "Kor",
            "thryTime": "3",
            "totalPrfssNm": "\uae40\uac74\uc6b0",
            "mngetEstblYn": "Y",
            "code": null,
            "crdit": "3",
            "expniSllbsYn": "N",
            "bldngSn": null,
            "bldngCd": null,
            "bldngNm": null,
            "lssnsLcttmUntcd": null,
            "sbjetSctcd2": null,
            "rmnmCd": "211",
            "isApi": null,
            "paging": false,
            "rowStatus": "R",
            "pageSort": null
        },
        {
            "rowIndex": 0,
            "success": false,
            "message": null,
            "pageSize": 100,
            "pageNum": 1,
            "lctreMthodNm": "\ube44\ub300\uba74",
            "lctrmInfo": "\uc778\ubb38\ud55c\uad6d\uc9c4\ud765\uad00",
            "lctreLnggeSctcd": null,
            "crseNo": "CLTR0043-002",
            "estblUnivNm": "\uc778\ubb38\ub300\ud559",
            "estblDprtnNm": "\uc0ac\ud559\uacfc",
            "estblYear": "2022",
            "estblDprtnCd": "1106",
            "estblSmstrSctnm": "1\ud559\uae30",
            "estblSmstrSctcd": "CMBS001400001",
            "estblGrade": "*",
            "sbjetSctnm": "\uad50\uc591",
            "sbjetNm": "\uc11c\uc591\uc758\uc5ed\uc0ac\uc640\ubb38\ud654",
            "sbjetDvnno": "002",
            "sbjetCd": "CLTR0043",
            "gubun": null,
            "pckgeRqstPssblYn": "Y",
            "pckgeRqstCnt": "121",
            "name": null,
            "rmrk": "\uc804\ud559\ub144\uc120\ud0dd<br><b>\uc778\ubb38\uad50\uc591</b><br>",
            "appcrCnt": "78",
            "attlcPrscpCnt": "80",
            "lssnsTimeInfo": "\uc6d4 1A,1B,2A<br/>\uc218 2B,3A,3B",
            "lssnsRealTimeInfo": "\uc6d4 09:00 ~ 10:30<br/>\uc218 10:30 ~ 12:00",
            "prctsTime": "0",
            "doPlan": "Kor",
            "thryTime": "3",
            "totalPrfssNm": "\uae40\ud544\uc601",
            "mngetEstblYn": "Y",
            "code": null,
            "crdit": "3",
            "expniSllbsYn": "N",
            "bldngSn": null,
            "bldngCd": null,
            "bldngNm": null,
            "lssnsLcttmUntcd": null,
            "sbjetSctcd2": null,
            "rmnmCd": "202",
            "isApi": null,
            "paging": false,
            "rowStatus": "R",
            "pageSort": null
        },
        {
            "rowIndex": 0,
            "success": false,
            "message": null,
            "pageSize": 100,
            "pageNum": 1,
            "lctreMthodNm": "\ube44\ub300\uba74",
            "lctrmInfo": "\uc778\ubb38\ud55c\uad6d\uc9c4\ud765\uad00",
            "lctreLnggeSctcd": null,
            "crseNo": "CLTR0101-002",
            "estblUnivNm": "\uc778\ubb38\ub300\ud559",
            "estblDprtnNm": "\uc0ac\ud559\uacfc",
            "estblYear": "2022",
            "estblDprtnCd": "1106",
            "estblSmstrSctnm": "1\ud559\uae30",
            "estblSmstrSctcd": "CMBS001400001",
            "estblGrade": "1",
            "sbjetSctnm": "\uad50\uc591",
            "sbjetNm": "\uc778\uac04\uacfc\uc790\uc5f0",
            "sbjetDvnno": "002",
            "sbjetCd": "CLTR0101",
            "gubun": null,
            "pckgeRqstPssblYn": "N",
            "pckgeRqstCnt": "0",
            "name": null,
            "rmrk": null,
            "appcrCnt": "75",
            "attlcPrscpCnt": "70",
            "lssnsTimeInfo": "\uc218 1A,1B,2A<br/>\uae08 2B,3A,3B",
            "lssnsRealTimeInfo": "\uc218 09:00 ~ 10:30<br/>\uae08 10:30 ~ 12:00",
            "prctsTime": "0",
            "doPlan": "Kor",
            "thryTime": "3",
            "totalPrfssNm": "\ubc15\ucda9\uc120",
            "mngetEstblYn": "Y",
            "code": null,
            "crdit": "3",
            "expniSllbsYn": "N",
            "bldngSn": null,
            "bldngCd": null,
            "bldngNm": null,
            "lssnsLcttmUntcd": null,
            "sbjetSctcd2": null,
            "rmnmCd": "202",
            "isApi": null,
            "paging": false,
            "rowStatus": "R",
            "pageSort": null
        },
        {
            "rowIndex": 0,
            "success": false,
            "message": null,
            "pageSize": 100,
            "pageNum": 1,
            "lctreMthodNm": "\ub300\uba74",
            "lctrmInfo": "\uc778\ubb38\ud55c\uad6d\uc9c4\ud765\uad00",
            "lctreLnggeSctcd": null,
            "crseNo": "HIST0232-001",
            "estblUnivNm": "\uc778\ubb38\ub300\ud559",
            "estblDprtnNm": "\uc0ac\ud559\uacfc",
            "estblYear": "2022",
            "estblDprtnCd": "1106",
            "estblSmstrSctnm": "1\ud559\uae30",
            "estblSmstrSctcd": "CMBS001400001",
            "estblGrade": "3",
            "sbjetSctnm": "\uc804\uacf5",
            "sbjetNm": "\uc870\uc120\uc2dc\ub300\uc0ac",
            "sbjetDvnno": "001",
            "sbjetCd": "HIST0232",
            "gubun": null,
            "pckgeRqstPssblYn": "Y",
            "pckgeRqstCnt": "16",
            "name": null,
            "rmrk": null,
            "appcrCnt": "23",
            "attlcPrscpCnt": "60",
            "lssnsTimeInfo": "\ud654 2B,3A,3B<br/>\ubaa9 1A,1B,2A",
            "lssnsRealTimeInfo": "\ud654 10:30 ~ 12:00<br/>\ubaa9 09:00 ~ 10:30",
            "prctsTime": "0",
            "doPlan": "Kor",
            "thryTime": "3",
            "totalPrfssNm": "\uc815\uc7ac\ud6c8",
            "mngetEstblYn": "Y",
            "code": null,
            "crdit": "3",
            "expniSllbsYn": "N",
            "bldngSn": null,
            "bldngCd": null,
            "bldngNm": null,
            "lssnsLcttmUntcd": null,
            "sbjetSctcd2": null,
            "rmnmCd": "203",
            "isApi": null,
            "paging": false,
            "rowStatus": "R",
            "pageSort": null
        },
        {
            "rowIndex": 0,
            "success": false,
            "message": null,
            "pageSize": 100,
            "pageNum": 1,
            "lctreMthodNm": "\ub300\uba74",
            "lctrmInfo": "\uc778\ubb38\ud55c\uad6d\uc9c4\ud765\uad00",
            "lctreLnggeSctcd": null,
            "crseNo": "HIST0235-001",
            "estblUnivNm": "\uc778\ubb38\ub300\ud559",
            "estblDprtnNm": "\uc0ac\ud559\uacfc",
            "estblYear": "2022",
            "estblDprtnCd": "1106",
            "estblSmstrSctnm": "1\ud559\uae30",
            "estblSmstrSctcd": "CMBS001400001",
            "estblGrade": "2",
            "sbjetSctnm": "\uc804\uacf5\uc2ec\ud654",
            "sbjetNm": "\uc5ed\uc0ac\uc640\ud53d\uc158",
            "sbjetDvnno": "001",
            "sbjetCd": "HIST0235",
            "gubun": null,
            "pckgeRqstPssblYn": "Y",
            "pckgeRqstCnt": "20",
            "name": null,
            "rmrk": null,
            "appcrCnt": "19",
            "attlcPrscpCnt": "60",
            "lssnsTimeInfo": "\ud654 5B,6A,6B<br/>\ubaa9 5B,6A,6B",
            "lssnsRealTimeInfo": "\ud654 13:30 ~ 15:00<br/>\ubaa9 13:30 ~ 15:00",
            "prctsTime": "0",
            "doPlan": "Kor",
            "thryTime": "3",
            "totalPrfssNm": "\uae40\uc815\uc6b4",
            "mngetEstblYn": "Y",
            "code": null,
            "crdit": "3",
            "expniSllbsYn": "N",
            "bldngSn": null,
            "bldngCd": null,
            "bldngNm": null,
            "lssnsLcttmUntcd": null,
            "sbjetSctcd2": null,
            "rmnmCd": "202",
            "isApi": null,
            "paging": false,
            "rowStatus": "R",
            "pageSort": null
        },
        {
            "rowIndex": 0,
            "success": false,
            "message": null,
            "pageSize": 100,
            "pageNum": 1,
            "lctreMthodNm": "\ub300\uba74",
            "lctrmInfo": "\uc778\ubb38\ud55c\uad6d\uc9c4\ud765\uad00",
            "lctreLnggeSctcd": null,
            "crseNo": "HIST0282-001",
            "estblUnivNm": "\uc778\ubb38\ub300\ud559",
            "estblDprtnNm": "\uc0ac\ud559\uacfc",
            "estblYear": "2022",
            "estblDprtnCd": "1106",
            "estblSmstrSctnm": "1\ud559\uae30",
            "estblSmstrSctcd": "CMBS001400001",
            "estblGrade": "4",
            "sbjetSctnm": "\uc804\uacf5",
            "sbjetNm": "\ud55c\uad6d\uc0ac\ud68c\uacbd\uc81c\uc0ac",
            "sbjetDvnno": "001",
            "sbjetCd": "HIST0282",
            "gubun": null,
            "pckgeRqstPssblYn": "Y",
            "pckgeRqstCnt": "15",
            "name": null,
            "rmrk": null,
            "appcrCnt": "17",
            "attlcPrscpCnt": "60",
            "lssnsTimeInfo": "\ud654 8B,9A,9B<br/>\ubaa9 8B,9A,9B",
            "lssnsRealTimeInfo": "\ud654 16:30 ~ 18:00<br/>\ubaa9 16:30 ~ 18:00",
            "prctsTime": "0",
            "doPlan": "Kor",
            "thryTime": "3",
            "totalPrfssNm": "\uae40\uacbd\ub0a8",
            "mngetEstblYn": "Y",
            "code": null,
            "crdit": "3",
            "expniSllbsYn": "N",
            "bldngSn": null,
            "bldngCd": null,
            "bldngNm": null,
            "lssnsLcttmUntcd": null,
            "sbjetSctcd2": null,
            "rmnmCd": "202",
            "isApi": null,
            "paging": false,
            "rowStatus": "R",
            "pageSort": null
        },
        {
            "rowIndex": 0,
            "success": false,
            "message": null,
            "pageSize": 100,
            "pageNum": 1,
            "lctreMthodNm": "\ub300\uba74",
            "lctrmInfo": "\uc778\ubb38\ud55c\uad6d\uc9c4\ud765\uad00",
            "lctreLnggeSctcd": null,
            "crseNo": "HIST0312-001",
            "estblUnivNm": "\uc778\ubb38\ub300\ud559",
            "estblDprtnNm": "\uc0ac\ud559\uacfc",
            "estblYear": "2022",
            "estblDprtnCd": "1106",
            "estblSmstrSctnm": "1\ud559\uae30",
            "estblSmstrSctcd": "CMBS001400001",
            "estblGrade": "2",
            "sbjetSctnm": "\uc804\uacf5",
            "sbjetNm": "\uc911\uad6d\uace0\ub300\uc0ac",
            "sbjetDvnno": "001",
            "sbjetCd": "HIST0312",
            "gubun": null,
            "pckgeRqstPssblYn": "Y",
            "pckgeRqstCnt": "28",
            "name": null,
            "rmrk": null,
            "appcrCnt": "34",
            "attlcPrscpCnt": "60",
            "lssnsTimeInfo": "\ud654 7A,7B,8A<br/>\ubaa9 7A,7B,8A",
            "lssnsRealTimeInfo": "\ud654 15:00 ~ 16:30<br/>\ubaa9 15:00 ~ 16:30",
            "prctsTime": "0",
            "doPlan": "Kor",
            "thryTime": "3",
            "totalPrfssNm": "\uc724\uc7ac\uc11d",
            "mngetEstblYn": "Y",
            "code": null,
            "crdit": "3",
            "expniSllbsYn": "N",
            "bldngSn": null,
            "bldngCd": null,
            "bldngNm": null,
            "lssnsLcttmUntcd": null,
            "sbjetSctcd2": null,
            "rmnmCd": "202",
            "isApi": null,
            "paging": false,
            "rowStatus": "R",
            "pageSort": null
        },
        {
            "rowIndex": 0,
            "success": false,
            "message": null,
            "pageSize": 100,
            "pageNum": 1,
            "lctreMthodNm": "\ub300\uba74",
            "lctrmInfo": "\uc778\ubb38\ub300\ud559",
            "lctreLnggeSctcd": null,
            "crseNo": "HIST0372-001",
            "estblUnivNm": "\uc778\ubb38\ub300\ud559",
            "estblDprtnNm": "\uc0ac\ud559\uacfc",
            "estblYear": "2022",
            "estblDprtnCd": "1106",
            "estblSmstrSctnm": "1\ud559\uae30",
            "estblSmstrSctcd": "CMBS001400001",
            "estblGrade": "3",
            "sbjetSctnm": "\uc804\uacf5",
            "sbjetNm": "\ub3d9\uc591\uc0ac\uc5f0\uc2b5",
            "sbjetDvnno": "001",
            "sbjetCd": "HIST0372",
            "gubun": null,
            "pckgeRqstPssblYn": "Y",
            "pckgeRqstCnt": "51",
            "name": null,
            "rmrk": null,
            "appcrCnt": "50",
            "attlcPrscpCnt": "60",
            "lssnsTimeInfo": "\uc6d4 5B,6A,6B<br/>\uae08 5B,6A,6B",
            "lssnsRealTimeInfo": "\uc6d4 13:30 ~ 15:00<br/>\uae08 13:30 ~ 15:00",
            "prctsTime": "0",
            "doPlan": "Kor",
            "thryTime": "3",
            "totalPrfssNm": "\uc190\uc7ac\ud604",
            "mngetEstblYn": "Y",
            "code": null,
            "crdit": "3",
            "expniSllbsYn": "N",
            "bldngSn": null,
            "bldngCd": null,
            "bldngNm": null,
            "lssnsLcttmUntcd": null,
            "sbjetSctcd2": null,
            "rmnmCd": "313",
            "isApi": null,
            "paging": false,
            "rowStatus": "R",
            "pageSort": null
        },
        {
            "rowIndex": 0,
            "success": false,
            "message": null,
            "pageSize": 100,
            "pageNum": 1,
            "lctreMthodNm": "\ub300\uba74",
            "lctrmInfo": "\uc778\ubb38\ud55c\uad6d\uc9c4\ud765\uad00",
            "lctreLnggeSctcd": null,
            "crseNo": "CLTR0016-002",
            "estblUnivNm": "\uc778\ubb38\ub300\ud559",
            "estblDprtnNm": "\uc0ac\ud559\uacfc",
            "estblYear": "2022",
            "estblDprtnCd": "1106",
            "estblSmstrSctnm": "1\ud559\uae30",
            "estblSmstrSctcd": "CMBS001400001",
            "estblGrade": "1",
            "sbjetSctnm": "\uad50\uc591",
            "sbjetNm": "\uad50\uc591\ud55c\ubb38",
            "sbjetDvnno": "002",
            "sbjetCd": "CLTR0016",
            "gubun": null,
            "pckgeRqstPssblYn": "N",
            "pckgeRqstCnt": "0",
            "name": null,
            "rmrk": "<b>\uc778\ubb38\uad50\uc591</b><br>",
            "appcrCnt": "46",
            "attlcPrscpCnt": "70",
            "lssnsTimeInfo": "\ud654 2B,3A,3B<br/>\ubaa9 1A,1B,2A",
            "lssnsRealTimeInfo": "\ud654 10:30 ~ 12:00<br/>\ubaa9 09:00 ~ 10:30",
            "prctsTime": "0",
            "doPlan": "Kor",
            "thryTime": "3",
            "totalPrfssNm": "\uc774\uaddc\ud544",
            "mngetEstblYn": "Y",
            "code": null,
            "crdit": "3",
            "expniSllbsYn": "N",
            "bldngSn": null,
            "bldngCd": null,
            "bldngNm": null,
            "lssnsLcttmUntcd": null,
            "sbjetSctcd2": null,
            "rmnmCd": "202",
            "isApi": null,
            "paging": false,
            "rowStatus": "R",
            "pageSort": null
        },
        {
            "rowIndex": 0,
            "success": false,
            "message": null,
            "pageSize": 100,
            "pageNum": 1,
            "lctreMthodNm": "\ub300\uba74",
            "lctrmInfo": "\uc778\ubb38\ub300\ud559",
            "lctreLnggeSctcd": null,
            "crseNo": "CLTR0040-001",
            "estblUnivNm": "\uc778\ubb38\ub300\ud559",
            "estblDprtnNm": "\uc0ac\ud559\uacfc",
            "estblYear": "2022",
            "estblDprtnCd": "1106",
            "estblSmstrSctnm": "1\ud559\uae30",
            "estblSmstrSctcd": "CMBS001400001",
            "estblGrade": "*",
            "sbjetSctnm": "\uad50\uc591",
            "sbjetNm": "\uc2a4\ud398\uc778\uc5b4 2",
            "sbjetDvnno": "001",
            "sbjetCd": "CLTR0040",
            "gubun": null,
            "pckgeRqstPssblYn": "Y",
            "pckgeRqstCnt": "4",
            "name": null,
            "rmrk": "\uc804\ud559\ub144\uc120\ud0dd<br><b>\uc778\ubb38\uad50\uc591</b><br>",
            "appcrCnt": "10",
            "attlcPrscpCnt": "50",
            "lssnsTimeInfo": "\uc6d4 1A,1B,2A<br/>\uc218 2B,3A,3B",
            "lssnsRealTimeInfo": "\uc6d4 09:00 ~ 10:30<br/>\uc218 10:30 ~ 12:00",
            "prctsTime": "0",
            "doPlan": "Kor",
            "thryTime": "3",
            "totalPrfssNm": "\uae40\uc120\uc6c5",
            "mngetEstblYn": "Y",
            "code": null,
            "crdit": "3",
            "expniSllbsYn": "N",
            "bldngSn": null,
            "bldngCd": null,
            "bldngNm": null,
            "lssnsLcttmUntcd": null,
            "sbjetSctcd2": null,
            "rmnmCd": "313",
            "isApi": null,
            "paging": false,
            "rowStatus": "R",
            "pageSort": null
        },
        {
            "rowIndex": 0,
            "success": false,
            "message": null,
            "pageSize": 100,
            "pageNum": 1,
            "lctreMthodNm": "\ub300\uba74",
            "lctrmInfo": "\uc778\ubb38\ud55c\uad6d\uc9c4\ud765\uad00",
            "lctreLnggeSctcd": null,
            "crseNo": "CLTR0041-001",
            "estblUnivNm": "\uc778\ubb38\ub300\ud559",
            "estblDprtnNm": "\uc0ac\ud559\uacfc",
            "estblYear": "2022",
            "estblDprtnCd": "1106",
            "estblSmstrSctnm": "1\ud559\uae30",
            "estblSmstrSctcd": "CMBS001400001",
            "estblGrade": "1",
            "sbjetSctnm": "\uad50\uc591",
            "sbjetNm": "\ud55c\uad6d\uc0ac",
            "sbjetDvnno": "001",
            "sbjetCd": "CLTR0041",
            "gubun": null,
            "pckgeRqstPssblYn": "N",
            "pckgeRqstCnt": "0",
            "name": null,
            "rmrk": "<b>\uc778\ubb38\uad50\uc591</b><br>",
            "appcrCnt": "58",
            "attlcPrscpCnt": "70",
            "lssnsTimeInfo": "\uc218 8B,9A,9B<br/>\uae08 8B,9A,9B",
            "lssnsRealTimeInfo": "\uc218 16:30 ~ 18:00<br/>\uae08 16:30 ~ 18:00",
            "prctsTime": "0",
            "doPlan": "Kor",
            "thryTime": "3",
            "totalPrfssNm": "\ubc29\uc6a9\ucca0",
            "mngetEstblYn": "Y",
            "code": null,
            "crdit": "3",
            "expniSllbsYn": "N",
            "bldngSn": null,
            "bldngCd": null,
            "bldngNm": null,
            "lssnsLcttmUntcd": null,
            "sbjetSctcd2": null,
            "rmnmCd": "202",
            "isApi": null,
            "paging": false,
            "rowStatus": "R",
            "pageSort": null
        },
        {
            "rowIndex": 0,
            "success": false,
            "message": null,
            "pageSize": 100,
            "pageNum": 1,
            "lctreMthodNm": "\ub300\uba74",
            "lctrmInfo": "\uc778\ubb38\ub300\ud559",
            "lctreLnggeSctcd": null,
            "crseNo": "HIST0234-001",
            "estblUnivNm": "\uc778\ubb38\ub300\ud559",
            "estblDprtnNm": "\uc0ac\ud559\uacfc",
            "estblYear": "2022",
            "estblDprtnCd": "1106",
            "estblSmstrSctnm": "1\ud559\uae30",
            "estblSmstrSctcd": "CMBS001400001",
            "estblGrade": "2",
            "sbjetSctnm": "\uc804\uacf5\uc2ec\ud654",
            "sbjetNm": "\uc804\uc7c1\uacfc\uc778\uac04",
            "sbjetDvnno": "001",
            "sbjetCd": "HIST0234",
            "gubun": null,
            "pckgeRqstPssblYn": "Y",
            "pckgeRqstCnt": "78",
            "name": null,
            "rmrk": null,
            "appcrCnt": "59",
            "attlcPrscpCnt": "60",
            "lssnsTimeInfo": "\ud654 1A,1B,2A<br/>\ubaa9 2B,3A,3B",
            "lssnsRealTimeInfo": "\ud654 09:00 ~ 10:30<br/>\ubaa9 10:30 ~ 12:00",
            "prctsTime": "0",
            "doPlan": "Kor",
            "thryTime": "3",
            "totalPrfssNm": "\uc724\uc601\ud718",
            "mngetEstblYn": "Y",
            "code": null,
            "crdit": "3",
            "expniSllbsYn": "N",
            "bldngSn": null,
            "bldngCd": null,
            "bldngNm": null,
            "lssnsLcttmUntcd": null,
            "sbjetSctcd2": null,
            "rmnmCd": "313",
            "isApi": null,
            "paging": false,
            "rowStatus": "R",
            "pageSort": null
        },
        {
            "rowIndex": 0,
            "success": false,
            "message": null,
            "pageSize": 100,
            "pageNum": 1,
            "lctreMthodNm": "\ub300\uba74",
            "lctrmInfo": "\uc778\ubb38\ub300\ud559",
            "lctreLnggeSctcd": null,
            "crseNo": "CLTR0038-001",
            "estblUnivNm": "\uc778\ubb38\ub300\ud559",
            "estblDprtnNm": "\uc0ac\ud559\uacfc",
            "estblYear": "2022",
            "estblDprtnCd": "1106",
            "estblSmstrSctnm": "1\ud559\uae30",
            "estblSmstrSctcd": "CMBS001400001",
            "estblGrade": "*",
            "sbjetSctnm": "\uad50\uc591",
            "sbjetNm": "\uc2a4\ud398\uc778\uc5b4",
            "sbjetDvnno": "001",
            "sbjetCd": "CLTR0038",
            "gubun": null,
            "pckgeRqstPssblYn": "Y",
            "pckgeRqstCnt": "62",
            "name": null,
            "rmrk": "\uc804\ud559\ub144\uc120\ud0dd<br><b>\uc778\ubb38\uad50\uc591</b><br>",
            "appcrCnt": "48",
            "attlcPrscpCnt": "50",
            "lssnsTimeInfo": "\uc218 1A,1B,2A<br/>\uae08 2B,3A,3B",
            "lssnsRealTimeInfo": "\uc218 09:00 ~ 10:30<br/>\uae08 10:30 ~ 12:00",
            "prctsTime": "0",
            "doPlan": "Kor",
            "thryTime": "3",
            "totalPrfssNm": "\uae40\uc120\uc6c5",
            "mngetEstblYn": "Y",
            "code": null,
            "crdit": "3",
            "expniSllbsYn": "N",
            "bldngSn": null,
            "bldngCd": null,
            "bldngNm": null,
            "lssnsLcttmUntcd": null,
            "sbjetSctcd2": null,
            "rmnmCd": "308",
            "isApi": null,
            "paging": false,
            "rowStatus": "R",
            "pageSort": null
        },
        {
            "rowIndex": 0,
            "success": false,
            "message": null,
            "pageSize": 100,
            "pageNum": 1,
            "lctreMthodNm": "\ub300\uba74",
            "lctrmInfo": "\uc778\ubb38\ub300\ud559",
            "lctreLnggeSctcd": null,
            "crseNo": "CLTR0521-001",
            "estblUnivNm": "\uc778\ubb38\ub300\ud559",
            "estblDprtnNm": "\uc0ac\ud559\uacfc",
            "estblYear": "2022",
            "estblDprtnCd": "1106",
            "estblSmstrSctnm": "1\ud559\uae30",
            "estblSmstrSctcd": "CMBS001400001",
            "estblGrade": "*",
            "sbjetSctnm": "\uad50\uc591",
            "sbjetNm": "\uae30\ub3c5\uad50\uc640 \uc778\ub958\ubb38\uba85",
            "sbjetDvnno": "001",
            "sbjetCd": "CLTR0521",
            "gubun": null,
            "pckgeRqstPssblYn": "Y",
            "pckgeRqstCnt": "20",
            "name": null,
            "rmrk": "\uc804\ud559\ub144\uc120\ud0dd<br><b>\uc778\ubb38\uad50\uc591</b><br>",
            "appcrCnt": "52",
            "attlcPrscpCnt": "70",
            "lssnsTimeInfo": "\ud654 5B,6A,6B<br/>\ubaa9 5B,6A,6B",
            "lssnsRealTimeInfo": "\ud654 13:30 ~ 15:00<br/>\ubaa9 13:30 ~ 15:00",
            "prctsTime": "0",
            "doPlan": "Kor",
            "thryTime": "3",
            "totalPrfssNm": "\ud669\ubcf4\uc601\uc870",
            "mngetEstblYn": "Y",
            "code": null,
            "crdit": "3",
            "expniSllbsYn": "N",
            "bldngSn": null,
            "bldngCd": null,
            "bldngNm": null,
            "lssnsLcttmUntcd": null,
            "sbjetSctcd2": null,
            "rmnmCd": "313",
            "isApi": null,
            "paging": false,
            "rowStatus": "R",
            "pageSort": null
        },
        {
            "rowIndex": 0,
            "success": false,
            "message": null,
            "pageSize": 100,
            "pageNum": 1,
            "lctreMthodNm": "\ub300\uba74",
            "lctrmInfo": "\ub300\ud559\uc6d0\ub3d9",
            "lctreLnggeSctcd": null,
            "crseNo": "CLTR0210-030",
            "estblUnivNm": "\uc778\ubb38\ub300\ud559",
            "estblDprtnNm": "\uc0ac\ud559\uacfc",
            "estblYear": "2022",
            "estblDprtnCd": "1106",
            "estblSmstrSctnm": "1\ud559\uae30",
            "estblSmstrSctcd": "CMBS001400001",
            "estblGrade": "*",
            "sbjetSctnm": "\uad50\uc591",
            "sbjetNm": "\uba85\uc800\uc77d\uae30\uc640 \ud1a0\ub860",
            "sbjetDvnno": "030",
            "sbjetCd": "CLTR0210",
            "gubun": null,
            "pckgeRqstPssblYn": "Y",
            "pckgeRqstCnt": "11",
            "name": null,
            "rmrk": "\uc804\ud559\ub144\uc120\ud0dd<br><b>\uc778\ubb38\uad50\uc591</b><br>",
            "appcrCnt": "26",
            "attlcPrscpCnt": "30",
            "lssnsTimeInfo": "\uc6d4 5B,6A,6B<br/>\uae08 5B,6A,6B",
            "lssnsRealTimeInfo": "\uc6d4 13:30 ~ 15:00<br/>\uae08 13:30 ~ 15:00",
            "prctsTime": "0",
            "doPlan": "Kor",
            "thryTime": "3",
            "totalPrfssNm": "\ud669\ubcf4\uc601\uc870",
            "mngetEstblYn": "Y",
            "code": null,
            "crdit": "3",
            "expniSllbsYn": "N",
            "bldngSn": null,
            "bldngCd": null,
            "bldngNm": null,
            "lssnsLcttmUntcd": null,
            "sbjetSctcd2": null,
            "rmnmCd": "316",
            "isApi": null,
            "paging": false,
            "rowStatus": "R",
            "pageSort": null
        },
        {
            "rowIndex": 0,
            "success": false,
            "message": null,
            "pageSize": 100,
            "pageNum": 1,
            "lctreMthodNm": "\ube44\ub300\uba74",
            "lctrmInfo": "\ub300\ud559\uc6d0\ub3d9",
            "lctreLnggeSctcd": null,
            "crseNo": "CLTR0577-001",
            "estblUnivNm": "\uc778\ubb38\ub300\ud559",
            "estblDprtnNm": "\uc0ac\ud559\uacfc",
            "estblYear": "2022",
            "estblDprtnCd": "1106",
            "estblSmstrSctnm": "1\ud559\uae30",
            "estblSmstrSctcd": "CMBS001400001",
            "estblGrade": "*",
            "sbjetSctnm": "\uad50\uc591",
            "sbjetNm": "\uc601\ub0a8\ud559\uacfc \uc9c0\ubc29\ud559",
            "sbjetDvnno": "001",
            "sbjetCd": "CLTR0577",
            "gubun": null,
            "pckgeRqstPssblYn": "Y",
            "pckgeRqstCnt": "15",
            "name": null,
            "rmrk": "\uc804\ud559\ub144\uc120\ud0dd<br>\uc6d0\uaca9\uac15\uc88c<br><b>\uc778\ubb38\uad50\uc591</b><br>",
            "appcrCnt": "74",
            "attlcPrscpCnt": "80",
            "lssnsTimeInfo": "\ud654 1A,1B,2A<br/>\ubaa9 2B,3A,3B",
            "lssnsRealTimeInfo": "\ud654 09:00 ~ 10:30<br/>\ubaa9 10:30 ~ 12:00",
            "prctsTime": "0",
            "doPlan": "Kor",
            "thryTime": "3",
            "totalPrfssNm": "\uc815\uc7ac\ud6c8",
            "mngetEstblYn": "Y",
            "code": null,
            "crdit": "3",
            "expniSllbsYn": "Y",
            "bldngSn": null,
            "bldngCd": null,
            "bldngNm": null,
            "lssnsLcttmUntcd": null,
            "sbjetSctcd2": null,
            "rmnmCd": "319",
            "isApi": null,
            "paging": false,
            "rowStatus": "R",
            "pageSort": null
        },
        {
            "rowIndex": 0,
            "success": false,
            "message": null,
            "pageSize": 100,
            "pageNum": 1,
            "lctreMthodNm": "\ub300\uba74",
            "lctrmInfo": "\uc778\ubb38\ud55c\uad6d\uc9c4\ud765\uad00",
            "lctreLnggeSctcd": null,
            "crseNo": "CLTR0578-001",
            "estblUnivNm": "\uc778\ubb38\ub300\ud559",
            "estblDprtnNm": "\uc0ac\ud559\uacfc",
            "estblYear": "2022",
            "estblDprtnCd": "1106",
            "estblSmstrSctnm": "1\ud559\uae30",
            "estblSmstrSctcd": "CMBS001400001",
            "estblGrade": "*",
            "sbjetSctnm": "\uad50\uc591",
            "sbjetNm": "\uc911\uad6d\ubb38\ud654 \uc77d\uae30",
            "sbjetDvnno": "001",
            "sbjetCd": "CLTR0578",
            "gubun": null,
            "pckgeRqstPssblYn": "Y",
            "pckgeRqstCnt": "3",
            "name": null,
            "rmrk": "\uc804\ud559\ub144\uc120\ud0dd<br><b>\uc778\ubb38\uad50\uc591</b><br>",
            "appcrCnt": "5",
            "attlcPrscpCnt": "70",
            "lssnsTimeInfo": "\uc6d4 2B,3A,3B<br/>\uae08 1A,1B,2A",
            "lssnsRealTimeInfo": "\uc6d4 10:30 ~ 12:00<br/>\uae08 09:00 ~ 10:30",
            "prctsTime": "0",
            "doPlan": "Kor",
            "thryTime": "3",
            "totalPrfssNm": "\uc774\uadfc\ud654",
            "mngetEstblYn": "Y",
            "code": null,
            "crdit": "3",
            "expniSllbsYn": "N",
            "bldngSn": null,
            "bldngCd": null,
            "bldngNm": null,
            "lssnsLcttmUntcd": null,
            "sbjetSctcd2": null,
            "rmnmCd": "202",
            "isApi": null,
            "paging": false,
            "rowStatus": "R",
            "pageSort": null
        },
        {
            "rowIndex": 0,
            "success": false,
            "message": null,
            "pageSize": 100,
            "pageNum": 1,
            "lctreMthodNm": "\ub300\uba74",
            "lctrmInfo": "\uc778\ubb38\ub300\ud559",
            "lctreLnggeSctcd": null,
            "crseNo": "HIST0251-001",
            "estblUnivNm": "\uc778\ubb38\ub300\ud559",
            "estblDprtnNm": "\uc0ac\ud559\uacfc",
            "estblYear": "2022",
            "estblDprtnCd": "1106",
            "estblSmstrSctnm": "1\ud559\uae30",
            "estblSmstrSctcd": "CMBS001400001",
            "estblGrade": "2",
            "sbjetSctnm": "\uc804\uacf5",
            "sbjetNm": "\ud55c\uad6d\ud604\ub300\uc0ac",
            "sbjetDvnno": "001",
            "sbjetCd": "HIST0251",
            "gubun": null,
            "pckgeRqstPssblYn": "Y",
            "pckgeRqstCnt": "15",
            "name": null,
            "rmrk": null,
            "appcrCnt": "17",
            "attlcPrscpCnt": "60",
            "lssnsTimeInfo": "\uc6d4 8B,9A,9B<br/>\uc218 7A,7B,8A",
            "lssnsRealTimeInfo": "\uc6d4 16:30 ~ 18:00<br/>\uc218 15:00 ~ 16:30",
            "prctsTime": "0",
            "doPlan": "Kor",
            "thryTime": "3",
            "totalPrfssNm": "\uc804\ud604\uc218",
            "mngetEstblYn": "Y",
            "code": null,
            "crdit": "3",
            "expniSllbsYn": "N",
            "bldngSn": null,
            "bldngCd": null,
            "bldngNm": null,
            "lssnsLcttmUntcd": null,
            "sbjetSctcd2": null,
            "rmnmCd": "313",
            "isApi": null,
            "paging": false,
            "rowStatus": "R",
            "pageSort": null
        },
        {
            "rowIndex": 0,
            "success": false,
            "message": null,
            "pageSize": 100,
            "pageNum": 1,
            "lctreMthodNm": "\ub300\uba74",
            "lctrmInfo": "\uc778\ubb38\ub300\ud559",
            "lctreLnggeSctcd": null,
            "crseNo": "HIST0411-001",
            "estblUnivNm": "\uc778\ubb38\ub300\ud559",
            "estblDprtnNm": "\uc0ac\ud559\uacfc",
            "estblYear": "2022",
            "estblDprtnCd": "1106",
            "estblSmstrSctnm": "1\ud559\uae30",
            "estblSmstrSctcd": "CMBS001400001",
            "estblGrade": "2",
            "sbjetSctnm": "\uc804\uacf5",
            "sbjetNm": "\uc11c\uc591\uace0\ub300\uc0ac",
            "sbjetDvnno": "001",
            "sbjetCd": "HIST0411",
            "gubun": null,
            "pckgeRqstPssblYn": "Y",
            "pckgeRqstCnt": "24",
            "name": null,
            "rmrk": null,
            "appcrCnt": "28",
            "attlcPrscpCnt": "60",
            "lssnsTimeInfo": "\uc218 1A,1B,2A<br/>\uae08 2B,3A,3B",
            "lssnsRealTimeInfo": "\uc218 09:00 ~ 10:30<br/>\uae08 10:30 ~ 12:00",
            "prctsTime": "0",
            "doPlan": "Kor",
            "thryTime": "3",
            "totalPrfssNm": "\ubcc0\uc815\uc2ec",
            "mngetEstblYn": "Y",
            "code": null,
            "crdit": "3",
            "expniSllbsYn": "N",
            "bldngSn": null,
            "bldngCd": null,
            "bldngNm": null,
            "lssnsLcttmUntcd": null,
            "sbjetSctcd2": null,
            "rmnmCd": "313",
            "isApi": null,
            "paging": false,
            "rowStatus": "R",
            "pageSort": null
        },
        {
            "rowIndex": 0,
            "success": false,
            "message": null,
            "pageSize": 100,
            "pageNum": 1,
            "lctreMthodNm": "\ub300\uba74",
            "lctrmInfo": "\uc778\ubb38\ud55c\uad6d\uc9c4\ud765\uad00",
            "lctreLnggeSctcd": null,
            "crseNo": "CLTR0042-001",
            "estblUnivNm": "\uc778\ubb38\ub300\ud559",
            "estblDprtnNm": "\uc0ac\ud559\uacfc",
            "estblYear": "2022",
            "estblDprtnCd": "1106",
            "estblSmstrSctnm": "1\ud559\uae30",
            "estblSmstrSctcd": "CMBS001400001",
            "estblGrade": "1",
            "sbjetSctnm": "\uad50\uc591",
            "sbjetNm": "\ub3d9\uc591\uc758\uc5ed\uc0ac\uc640\ubb38\ud654",
            "sbjetDvnno": "001",
            "sbjetCd": "CLTR0042",
            "gubun": null,
            "pckgeRqstPssblYn": "N",
            "pckgeRqstCnt": "0",
            "name": null,
            "rmrk": "<b>\uc778\ubb38\uad50\uc591</b><br>",
            "appcrCnt": "39",
            "attlcPrscpCnt": "70",
            "lssnsTimeInfo": "\uc6d4 8B,9A,9B<br/>\uc218 7A,7B,8A",
            "lssnsRealTimeInfo": "\uc6d4 16:30 ~ 18:00<br/>\uc218 15:00 ~ 16:30",
            "prctsTime": "0",
            "doPlan": "Kor",
            "thryTime": "3",
            "totalPrfssNm": "\ucd5c\uc724\uc815",
            "mngetEstblYn": "Y",
            "code": null,
            "crdit": "3",
            "expniSllbsYn": "N",
            "bldngSn": null,
            "bldngCd": null,
            "bldngNm": null,
            "lssnsLcttmUntcd": null,
            "sbjetSctcd2": null,
            "rmnmCd": "202",
            "isApi": null,
            "paging": false,
            "rowStatus": "R",
            "pageSort": null
        },
        {
            "rowIndex": 0,
            "success": false,
            "message": null,
            "pageSize": 100,
            "pageNum": 1,
            "lctreMthodNm": "\ub300\uba74",
            "lctrmInfo": "\uc778\ubb38\ub300\ud559",
            "lctreLnggeSctcd": null,
            "crseNo": "CLTR0043-001",
            "estblUnivNm": "\uc778\ubb38\ub300\ud559",
            "estblDprtnNm": "\uc0ac\ud559\uacfc",
            "estblYear": "2022",
            "estblDprtnCd": "1106",
            "estblSmstrSctnm": "1\ud559\uae30",
            "estblSmstrSctcd": "CMBS001400001",
            "estblGrade": "1",
            "sbjetSctnm": "\uad50\uc591",
            "sbjetNm": "\uc11c\uc591\uc758\uc5ed\uc0ac\uc640\ubb38\ud654",
            "sbjetDvnno": "001",
            "sbjetCd": "CLTR0043",
            "gubun": null,
            "pckgeRqstPssblYn": "N",
            "pckgeRqstCnt": "0",
            "name": null,
            "rmrk": "<b>\uc778\ubb38\uad50\uc591</b><br>",
            "appcrCnt": "48",
            "attlcPrscpCnt": "70",
            "lssnsTimeInfo": "\ud654 7A,7B,8A<br/>\ubaa9 7A,7B,8A",
            "lssnsRealTimeInfo": "\ud654 15:00 ~ 16:30<br/>\ubaa9 15:00 ~ 16:30",
            "prctsTime": "0",
            "doPlan": "Kor",
            "thryTime": "3",
            "totalPrfssNm": "\ud669\ubcf4\uc601\uc870",
            "mngetEstblYn": "Y",
            "code": null,
            "crdit": "3",
            "expniSllbsYn": "N",
            "bldngSn": null,
            "bldngCd": null,
            "bldngNm": null,
            "lssnsLcttmUntcd": null,
            "sbjetSctcd2": null,
            "rmnmCd": "313",
            "isApi": null,
            "paging": false,
            "rowStatus": "R",
            "pageSort": null
        },
        {
            "rowIndex": 0,
            "success": false,
            "message": null,
            "pageSize": 100,
            "pageNum": 1,
            "lctreMthodNm": "\ub300\uba74",
            "lctrmInfo": "\ub300\ud559\uc6d0\ub3d9",
            "lctreLnggeSctcd": null,
            "crseNo": "TCHR0472-001",
            "estblUnivNm": "\uc778\ubb38\ub300\ud559",
            "estblDprtnNm": "\uc0ac\ud559\uacfc",
            "estblYear": "2022",
            "estblDprtnCd": "1106",
            "estblSmstrSctnm": "1\ud559\uae30",
            "estblSmstrSctcd": "CMBS001400001",
            "estblGrade": "3",
            "sbjetSctnm": "\uad50\uc9c1",
            "sbjetNm": "\uc5ed\uc0ac \ub17c\ub9ac \ubc0f \ub17c\uc220\uc9c0\ub3c4",
            "sbjetDvnno": "001",
            "sbjetCd": "TCHR0472",
            "gubun": null,
            "pckgeRqstPssblYn": "Y",
            "pckgeRqstCnt": "5",
            "name": null,
            "rmrk": null,
            "appcrCnt": "5",
            "attlcPrscpCnt": "10",
            "lssnsTimeInfo": "\uc218 1A,1B,2A<br/>\uc218 2B,3A,3B",
            "lssnsRealTimeInfo": "\uc218 09:00 ~ 10:30<br/>\uc218 10:30 ~ 12:00",
            "prctsTime": "0",
            "doPlan": "Kor",
            "thryTime": "3",
            "totalPrfssNm": "\uad6c\uc18c\uc601",
            "mngetEstblYn": "Y",
            "code": null,
            "crdit": "3",
            "expniSllbsYn": "N",
            "bldngSn": null,
            "bldngCd": null,
            "bldngNm": null,
            "lssnsLcttmUntcd": null,
            "sbjetSctcd2": null,
            "rmnmCd": "316",
            "isApi": null,
            "paging": false,
            "rowStatus": "R",
            "pageSort": null
        },
        {
            "rowIndex": 0,
            "success": false,
            "message": null,
            "pageSize": 100,
            "pageNum": 1,
            "lctreMthodNm": "\ub300\uba74",
            "lctrmInfo": "\uc778\ubb38\ub300\ud559",
            "lctreLnggeSctcd": null,
            "crseNo": "HIST0352-001",
            "estblUnivNm": "\uc778\ubb38\ub300\ud559",
            "estblDprtnNm": "\uc0ac\ud559\uacfc",
            "estblYear": "2022",
            "estblDprtnCd": "1106",
            "estblSmstrSctnm": "1\ud559\uae30",
            "estblSmstrSctcd": "CMBS001400001",
            "estblGrade": "2",
            "sbjetSctnm": "\uc804\uacf5",
            "sbjetNm": "\uc911\uad6d\ud604\ub300\uc0ac",
            "sbjetDvnno": "001",
            "sbjetCd": "HIST0352",
            "gubun": null,
            "pckgeRqstPssblYn": "Y",
            "pckgeRqstCnt": "59",
            "name": null,
            "rmrk": null,
            "appcrCnt": "56",
            "attlcPrscpCnt": "60",
            "lssnsTimeInfo": "\uc6d4 2B,3A,3B<br/>\uae08 1A,1B,2A",
            "lssnsRealTimeInfo": "\uc6d4 10:30 ~ 12:00<br/>\uae08 09:00 ~ 10:30",
            "prctsTime": "0",
            "doPlan": "Kor",
            "thryTime": "3",
            "totalPrfssNm": "\uc190\uc7ac\ud604",
            "mngetEstblYn": "Y",
            "code": null,
            "crdit": "3",
            "expniSllbsYn": "N",
            "bldngSn": null,
            "bldngCd": null,
            "bldngNm": null,
            "lssnsLcttmUntcd": null,
            "sbjetSctcd2": null,
            "rmnmCd": "313",
            "isApi": null,
            "paging": false,
            "rowStatus": "R",
            "pageSort": null
        },
        {
            "rowIndex": 0,
            "success": false,
            "message": null,
            "pageSize": 100,
            "pageNum": 1,
            "lctreMthodNm": "\ub300\uba74",
            "lctrmInfo": "\uc778\ubb38\ub300\ud559",
            "lctreLnggeSctcd": null,
            "crseNo": "HIST0431-001",
            "estblUnivNm": "\uc778\ubb38\ub300\ud559",
            "estblDprtnNm": "\uc0ac\ud559\uacfc",
            "estblYear": "2022",
            "estblDprtnCd": "1106",
            "estblSmstrSctnm": "1\ud559\uae30",
            "estblSmstrSctcd": "CMBS001400001",
            "estblGrade": "3",
            "sbjetSctnm": "\uc804\uacf5",
            "sbjetNm": "\uc11c\uc591\uadfc\ub300\uc0ac1",
            "sbjetDvnno": "001",
            "sbjetCd": "HIST0431",
            "gubun": null,
            "pckgeRqstPssblYn": "Y",
            "pckgeRqstCnt": "33",
            "name": null,
            "rmrk": null,
            "appcrCnt": "52",
            "attlcPrscpCnt": "60",
            "lssnsTimeInfo": "\ud654 5B,6A,6B<br/>\ubaa9 5B,6A,6B",
            "lssnsRealTimeInfo": "\ud654 13:30 ~ 15:00<br/>\ubaa9 13:30 ~ 15:00",
            "prctsTime": "0",
            "doPlan": "Kor",
            "thryTime": "3",
            "totalPrfssNm": "\uc724\uc601\ud718",
            "mngetEstblYn": "Y",
            "code": null,
            "crdit": "3",
            "expniSllbsYn": "Y",
            "bldngSn": null,
            "bldngCd": null,
            "bldngNm": null,
            "lssnsLcttmUntcd": null,
            "sbjetSctcd2": null,
            "rmnmCd": "308",
            "isApi": null,
            "paging": false,
            "rowStatus": "R",
            "pageSort": null
        },
        {
            "rowIndex": 0,
            "success": false,
            "message": null,
            "pageSize": 100,
            "pageNum": 1,
            "lctreMthodNm": "\ub300\uba74",
            "lctrmInfo": "\uc778\ubb38\ud55c\uad6d\uc9c4\ud765\uad00",
            "lctreLnggeSctcd": null,
            "crseNo": "HIST0332-001",
            "estblUnivNm": "\uc778\ubb38\ub300\ud559",
            "estblDprtnNm": "\uc0ac\ud559\uacfc",
            "estblYear": "2022",
            "estblDprtnCd": "1106",
            "estblSmstrSctnm": "1\ud559\uae30",
            "estblSmstrSctcd": "CMBS001400001",
            "estblGrade": "3",
            "sbjetSctnm": "\uc804\uacf5",
            "sbjetNm": "\uc911\uad6d\uadfc\uc138\uc0ac",
            "sbjetDvnno": "001",
            "sbjetCd": "HIST0332",
            "gubun": null,
            "pckgeRqstPssblYn": "Y",
            "pckgeRqstCnt": "9",
            "name": null,
            "rmrk": null,
            "appcrCnt": "5",
            "attlcPrscpCnt": "60",
            "lssnsTimeInfo": "\uc6d4 7A,7B,8A<br/>\uae08 7A,7B,8A",
            "lssnsRealTimeInfo": "\uc6d4 15:00 ~ 16:30<br/>\uae08 15:00 ~ 16:30",
            "prctsTime": "0",
            "doPlan": "Kor",
            "thryTime": "3",
            "totalPrfssNm": "\ucd5c\uc724\uc815",
            "mngetEstblYn": "Y",
            "code": null,
            "crdit": "3",
            "expniSllbsYn": "N",
            "bldngSn": null,
            "bldngCd": null,
            "bldngNm": null,
            "lssnsLcttmUntcd": null,
            "sbjetSctcd2": null,
            "rmnmCd": "202",
            "isApi": null,
            "paging": false,
            "rowStatus": "R",
            "pageSort": null
        },
        {
            "rowIndex": 0,
            "success": false,
            "message": null,
            "pageSize": 100,
            "pageNum": 1,
            "lctreMthodNm": "\ub300\uba74",
            "lctrmInfo": "\ub300\ud559\uc6d0\ub3d9",
            "lctreLnggeSctcd": null,
            "crseNo": "HIST0482-001",
            "estblUnivNm": "\uc778\ubb38\ub300\ud559",
            "estblDprtnNm": "\uc0ac\ud559\uacfc",
            "estblYear": "2022",
            "estblDprtnCd": "1106",
            "estblSmstrSctnm": "1\ud559\uae30",
            "estblSmstrSctcd": "CMBS001400001",
            "estblGrade": "4",
            "sbjetSctnm": "\uc804\uacf5\uc2ec\ud654",
            "sbjetNm": "\ubbf8\uad6d\uc0ac",
            "sbjetDvnno": "001",
            "sbjetCd": "HIST0482",
            "gubun": null,
            "pckgeRqstPssblYn": "Y",
            "pckgeRqstCnt": "14",
            "name": null,
            "rmrk": "(\ud55c\uad6d\uc5b4+\uc601\uc5b4)<br>",
            "appcrCnt": "11",
            "attlcPrscpCnt": "60",
            "lssnsTimeInfo": "\uc6d4 8B,9A,9B<br/>\uc218 7A,7B,8A",
            "lssnsRealTimeInfo": "\uc6d4 16:30 ~ 18:00<br/>\uc218 15:00 ~ 16:30",
            "prctsTime": "0",
            "doPlan": "Kor",
            "thryTime": "3",
            "totalPrfssNm": "\ud669\ud0dc\uc9c4",
            "mngetEstblYn": "Y",
            "code": null,
            "crdit": "3",
            "expniSllbsYn": "N",
            "bldngSn": null,
            "bldngCd": null,
            "bldngNm": null,
            "lssnsLcttmUntcd": null,
            "sbjetSctcd2": null,
            "rmnmCd": "316",
            "isApi": null,
            "paging": false,
            "rowStatus": "R",
            "pageSort": null
        }
    ],
    "statusCode": 200
}