{
    "timestamp": "2022-04-28T23:14:25.413",
    "success": true,
    "code": null,
    "msg": null,
    "data": [
        {
            "rowIndex": 0,
            "success": false,
            "message": null,
            "pageSize": 100,
            "pageNum": 1,
            "lctreMthodNm": "\ub300\uba74",
            "lctrmInfo": "\uacf5\ub30012\ud638\uad00",
            "lctreLnggeSctcd": null,
            "crseNo": "CLTR0211-012",
            "estblUnivNm": "\uacf5\uacfc\ub300\ud559",
            "estblDprtnNm": "\uc751\uc6a9\ud654\ud559\uacfc",
            "estblYear": "2022",
            "estblDprtnCd": "1603",
            "estblSmstrSctnm": "1\ud559\uae30",
            "estblSmstrSctcd": "CMBS001400001",
            "estblGrade": "1",
            "sbjetSctnm": "\uad50\uc591",
            "sbjetNm": "\uc218\ud559 I",
            "sbjetDvnno": "012",
            "sbjetCd": "CLTR0211",
            "gubun": null,
            "pckgeRqstPssblYn": "N",
            "pckgeRqstCnt": "0",
            "name": null,
            "rmrk": null,
            "appcrCnt": "49",
            "attlcPrscpCnt": "65",
            "lssnsTimeInfo": "\ud654 5B,6A,6B<br/>\ubaa9 5B,6A,6B",
            "lssnsRealTimeInfo": "\ud654 13:30 ~ 15:00<br/>\ubaa9 13:30 ~ 15:00",
            "prctsTime": "0",
            "doPlan": "Kor",
            "thryTime": "3",
            "totalPrfssNm": "\uc9c4\uc8fc\uc601",
            "mngetEstblYn": "Y",
            "code": null,
            "crdit": "3",
            "expniSllbsYn": "N",
            "bldngSn": null,
            "bldngCd": null,
            "bldngNm": null,
            "lssnsLcttmUntcd": null,
            "sbjetSctcd2": null,
            "rmnmCd": "101",
            "isApi": null,
            "paging": false,
            "rowStatus": "R",
            "pageSort": null
        },
        {
            "rowIndex": 0,
            "success": false,
            "message": null,
            "pageSize": 100,
            "pageNum": 1,
            "lctreMthodNm": "\ub300\uba74",
            "lctrmInfo": "\ud654\ud559\uad00",
            "lctreLnggeSctcd": null,
            "crseNo": "CLTR0226-034",
            "estblUnivNm": "\uacf5\uacfc\ub300\ud559",
            "estblDprtnNm": "\uc751\uc6a9\ud654\ud559\uacfc",
            "estblYear": "2022",
            "estblDprtnCd": "1603",
            "estblSmstrSctnm": "1\ud559\uae30",
            "estblSmstrSctcd": "CMBS001400001",
            "estblGrade": "1",
            "sbjetSctnm": "\uad50\uc591",
            "sbjetNm": "\ud654\ud559\uc2e4\ud5d8 I",
            "sbjetDvnno": "034",
            "sbjetCd": "CLTR0226",
            "gubun": null,
            "pckgeRqstPssblYn": "N",
            "pckgeRqstCnt": "0",
            "name": null,
            "rmrk": null,
            "appcrCnt": "24",
            "attlcPrscpCnt": "24",
            "lssnsTimeInfo": "\uae08 3A,3B<br/>\uae08 4A,4B",
            "lssnsRealTimeInfo": "\uae08 11:00 ~ 12:00<br/>\uae08 12:00 ~ 13:00",
            "prctsTime": "2",
            "doPlan": "Kor",
            "thryTime": "0",
            "totalPrfssNm": "\uc774\uac15\ud638",
            "mngetEstblYn": "Y",
            "code": null,
            "crdit": "1",
            "expniSllbsYn": "N",
            "bldngSn": null,
            "bldngCd": null,
            "bldngNm": null,
            "lssnsLcttmUntcd": null,
            "sbjetSctcd2": null,
            "rmnmCd": "119",
            "isApi": null,
            "paging": false,
            "rowStatus": "R",
            "pageSort": null
        },
        {
            "rowIndex": 0,
            "success": false,
            "message": null,
            "pageSize": 100,
            "pageNum": 1,
            "lctreMthodNm": "\ub300\uba74",
            "lctrmInfo": "\ud654\ud559\uad00",
            "lctreLnggeSctcd": null,
            "crseNo": "CLTR0226-033",
            "estblUnivNm": "\uacf5\uacfc\ub300\ud559",
            "estblDprtnNm": "\uc751\uc6a9\ud654\ud559\uacfc",
            "estblYear": "2022",
            "estblDprtnCd": "1603",
            "estblSmstrSctnm": "1\ud559\uae30",
            "estblSmstrSctcd": "CMBS001400001",
            "estblGrade": "1",
            "sbjetSctnm": "\uad50\uc591",
            "sbjetNm": "\ud654\ud559\uc2e4\ud5d8 I",
            "sbjetDvnno": "033",
            "sbjetCd": "CLTR0226",
            "gubun": null,
            "pckgeRqstPssblYn": "N",
            "pckgeRqstCnt": "0",
            "name": null,
            "rmrk": null,
            "appcrCnt": "22",
            "attlcPrscpCnt": "24",
            "lssnsTimeInfo": "\uae08 3A,3B<br/>\uae08 4A,4B",
            "lssnsRealTimeInfo": "\uae08 11:00 ~ 12:00<br/>\uae08 12:00 ~ 13:00",
            "prctsTime": "2",
            "doPlan": "Kor",
            "thryTime": "0",
            "totalPrfssNm": "\uc774\ud64d\uc778",
            "mngetEstblYn": "Y",
            "code": null,
            "crdit": "1",
            "expniSllbsYn": "N",
            "bldngSn": null,
            "bldngCd": null,
            "bldngNm": null,
            "lssnsLcttmUntcd": null,
            "sbjetSctcd2": null,
            "rmnmCd": "118",
            "isApi": null,
            "paging": false,
            "rowStatus": "R",
            "pageSort": null
        },
        {
            "rowIndex": 0,
            "success": false,
            "message": null,
            "pageSize": 100,
            "pageNum": 1,
            "lctreMthodNm": "\ub300\uba74",
            "lctrmInfo": "\uacf5\ub30012\ud638\uad00",
            "lctreLnggeSctcd": null,
            "crseNo": "CLTR0085-005",
            "estblUnivNm": "\uacf5\uacfc\ub300\ud559",
            "estblDprtnNm": "\uc751\uc6a9\ud654\ud559\uacfc",
            "estblYear": "2022",
            "estblDprtnCd": "1603",
            "estblSmstrSctnm": "1\ud559\uae30",
            "estblSmstrSctcd": "CMBS001400001",
            "estblGrade": "1",
            "sbjetSctnm": "\uad50\uc591",
            "sbjetNm": "\uacbd\uc601\uc758\uc774\ud574",
            "sbjetDvnno": "005",
            "sbjetCd": "CLTR0085",
            "gubun": null,
            "pckgeRqstPssblYn": "N",
            "pckgeRqstCnt": "0",
            "name": null,
            "rmrk": null,
            "appcrCnt": "68",
            "attlcPrscpCnt": "70",
            "lssnsTimeInfo": "\uc6d4 5B,6A,6B<br/>\uae08 5B,6A,6B",
            "lssnsRealTimeInfo": "\uc6d4 13:30 ~ 15:00<br/>\uae08 13:30 ~ 15:00",
            "prctsTime": "0",
            "doPlan": "Kor",
            "thryTime": "3",
            "totalPrfssNm": "\uc774\uae30\uc138",
            "mngetEstblYn": "Y",
            "code": null,
            "crdit": "3",
            "expniSllbsYn": "N",
            "bldngSn": null,
            "bldngCd": null,
            "bldngNm": null,
            "lssnsLcttmUntcd": null,
            "sbjetSctcd2": null,
            "rmnmCd": "101",
            "isApi": null,
            "paging": false,
            "rowStatus": "R",
            "pageSort": null
        },
        {
            "rowIndex": 0,
            "success": false,
            "message": null,
            "pageSize": 100,
            "pageNum": 1,
            "lctreMthodNm": "\ub300\uba74",
            "lctrmInfo": "\uacf5\ub3001\ud638\uad00",
            "lctreLnggeSctcd": null,
            "crseNo": "CHEN0293-001",
            "estblUnivNm": "\uacf5\uacfc\ub300\ud559",
            "estblDprtnNm": "\uc751\uc6a9\ud654\ud559\uacfc",
            "estblYear": "2022",
            "estblDprtnCd": "1603",
            "estblSmstrSctnm": "1\ud559\uae30",
            "estblSmstrSctcd": "CMBS001400001",
            "estblGrade": "1",
            "sbjetSctnm": "\uc804\uacf5",
            "sbjetNm": "\ucc3d\uc758\uae30\ucd08\uc124\uacc4",
            "sbjetDvnno": "001",
            "sbjetCd": "CHEN0293",
            "gubun": null,
            "pckgeRqstPssblYn": "N",
            "pckgeRqstCnt": "0",
            "name": null,
            "rmrk": null,
            "appcrCnt": "45",
            "attlcPrscpCnt": "50",
            "lssnsTimeInfo": "\ubaa9 10A,10B<br/>\ubaa9 7A,7B<br/>\ubaa9 8A,8B<br/>\ubaa9 9A,9B",
            "lssnsRealTimeInfo": "\ubaa9 18:00 ~ 19:00<br/>\ubaa9 15:00 ~ 16:00<br/>\ubaa9 16:00 ~ 17:00<br/>\ubaa9 17:00 ~ 18:00",
            "prctsTime": "2",
            "doPlan": "Kor",
            "thryTime": "2",
            "totalPrfssNm": "\uae40\uc8fc\ud604",
            "mngetEstblYn": "Y",
            "code": null,
            "crdit": "3",
            "expniSllbsYn": "N",
            "bldngSn": null,
            "bldngCd": null,
            "bldngNm": null,
            "lssnsLcttmUntcd": null,
            "sbjetSctcd2": null,
            "rmnmCd": "403",
            "isApi": null,
            "paging": false,
            "rowStatus": "R",
            "pageSort": null
        },
        {
            "rowIndex": 0,
            "success": false,
            "message": null,
            "pageSize": 100,
            "pageNum": 1,
            "lctreMthodNm": "\ub300\uba74",
            "lctrmInfo": "\uc678\uad6d\uc5b4\uad50\uc721\uad00",
            "lctreLnggeSctcd": null,
            "crseNo": "CLTR0411-008",
            "estblUnivNm": "\uacf5\uacfc\ub300\ud559",
            "estblDprtnNm": "\uc751\uc6a9\ud654\ud559\uacfc",
            "estblYear": "2022",
            "estblDprtnCd": "1603",
            "estblSmstrSctnm": "1\ud559\uae30",
            "estblSmstrSctcd": "CMBS001400001",
            "estblGrade": "1",
            "sbjetSctnm": "\uad50\uc591",
            "sbjetNm": "\uc2e4\uc6a9\uc601\uc5b41",
            "sbjetDvnno": "008",
            "sbjetCd": "CLTR0411",
            "gubun": null,
            "pckgeRqstPssblYn": "N",
            "pckgeRqstCnt": "0",
            "name": null,
            "rmrk": "<b>\uc778\ubb38\uad50\uc591</b><br>",
            "appcrCnt": "22",
            "attlcPrscpCnt": "20",
            "lssnsTimeInfo": "\ud654 1A,1B<br/>\ubaa9 3A,3B",
            "lssnsRealTimeInfo": "\ud654 09:00 ~ 10:00<br/>\ubaa9 11:00 ~ 12:00",
            "prctsTime": "0",
            "doPlan": "Kor",
            "thryTime": "2",
            "totalPrfssNm": "\ud53c\uc5b4\uc2a8, \ube0c\ub79c\ub4e0",
            "mngetEstblYn": "Y",
            "code": null,
            "crdit": "2",
            "expniSllbsYn": "N",
            "bldngSn": null,
            "bldngCd": null,
            "bldngNm": null,
            "lssnsLcttmUntcd": null,
            "sbjetSctcd2": null,
            "rmnmCd": "425",
            "isApi": null,
            "paging": false,
            "rowStatus": "R",
            "pageSort": null
        },
        {
            "rowIndex": 0,
            "success": false,
            "message": null,
            "pageSize": 100,
            "pageNum": 1,
            "lctreMthodNm": "\ub300\uba74",
            "lctrmInfo": "\uacf5\ub30012\ud638\uad00",
            "lctreLnggeSctcd": null,
            "crseNo": "CLTR0213-011",
            "estblUnivNm": "\uacf5\uacfc\ub300\ud559",
            "estblDprtnNm": "\uc751\uc6a9\ud654\ud559\uacfc",
            "estblYear": "2022",
            "estblDprtnCd": "1603",
            "estblSmstrSctnm": "1\ud559\uae30",
            "estblSmstrSctcd": "CMBS001400001",
            "estblGrade": "1",
            "sbjetSctnm": "\uad50\uc591",
            "sbjetNm": "\ubb3c\ub9ac\ud559 I",
            "sbjetDvnno": "011",
            "sbjetCd": "CLTR0213",
            "gubun": null,
            "pckgeRqstPssblYn": "N",
            "pckgeRqstCnt": "0",
            "name": null,
            "rmrk": null,
            "appcrCnt": "43",
            "attlcPrscpCnt": "65",
            "lssnsTimeInfo": "\uc218 8B,9A,9B<br/>\uae08 8B,9A,9B",
            "lssnsRealTimeInfo": "\uc218 16:30 ~ 18:00<br/>\uae08 16:30 ~ 18:00",
            "prctsTime": "0",
            "doPlan": "Kor",
            "thryTime": "3",
            "totalPrfssNm": "\uc5ec\uc900\uc5fd",
            "mngetEstblYn": "Y",
            "code": null,
            "crdit": "3",
            "expniSllbsYn": "N",
            "bldngSn": null,
            "bldngCd": null,
            "bldngNm": null,
            "lssnsLcttmUntcd": null,
            "sbjetSctcd2": null,
            "rmnmCd": "101",
            "isApi": null,
            "paging": false,
            "rowStatus": "R",
            "pageSort": null
        },
        {
            "rowIndex": 0,
            "success": false,
            "message": null,
            "pageSize": 100,
            "pageNum": 1,
            "lctreMthodNm": "\ub300\uba74",
            "lctrmInfo": "\uacf5\ub30012\ud638\uad00",
            "lctreLnggeSctcd": null,
            "crseNo": "CLTR0215-009",
            "estblUnivNm": "\uacf5\uacfc\ub300\ud559",
            "estblDprtnNm": "\uc751\uc6a9\ud654\ud559\uacfc",
            "estblYear": "2022",
            "estblDprtnCd": "1603",
            "estblSmstrSctnm": "1\ud559\uae30",
            "estblSmstrSctcd": "CMBS001400001",
            "estblGrade": "1",
            "sbjetSctnm": "\uad50\uc591",
            "sbjetNm": "\ud654\ud559 I",
            "sbjetDvnno": "009",
            "sbjetCd": "CLTR0215",
            "gubun": null,
            "pckgeRqstPssblYn": "N",
            "pckgeRqstCnt": "0",
            "name": null,
            "rmrk": null,
            "appcrCnt": "45",
            "attlcPrscpCnt": "65",
            "lssnsTimeInfo": "\uc6d4 1A,1B,2A<br/>\uc218 2B,3A,3B",
            "lssnsRealTimeInfo": "\uc6d4 09:00 ~ 10:30<br/>\uc218 10:30 ~ 12:00",
            "prctsTime": "0",
            "doPlan": "Kor",
            "thryTime": "3",
            "totalPrfssNm": "\uc774\uc0c1\uc5f0",
            "mngetEstblYn": "Y",
            "code": null,
            "crdit": "3",
            "expniSllbsYn": "N",
            "bldngSn": null,
            "bldngCd": null,
            "bldngNm": null,
            "lssnsLcttmUntcd": null,
            "sbjetSctcd2": null,
            "rmnmCd": "101",
            "isApi": null,
            "paging": false,
            "rowStatus": "R",
            "pageSort": null
        },
        {
            "rowIndex": 0,
            "success": false,
            "message": null,
            "pageSize": 100,
            "pageNum": 1,
            "lctreMthodNm": "\ub300\uba74",
            "lctrmInfo": "\uc678\uad6d\uc5b4\uad50\uc721\uad00",
            "lctreLnggeSctcd": null,
            "crseNo": "CLTR0411-010",
            "estblUnivNm": "\uacf5\uacfc\ub300\ud559",
            "estblDprtnNm": "\uc751\uc6a9\ud654\ud559\uacfc",
            "estblYear": "2022",
            "estblDprtnCd": "1603",
            "estblSmstrSctnm": "1\ud559\uae30",
            "estblSmstrSctcd": "CMBS001400001",
            "estblGrade": "1",
            "sbjetSctnm": "\uad50\uc591",
            "sbjetNm": "\uc2e4\uc6a9\uc601\uc5b41",
            "sbjetDvnno": "010",
            "sbjetCd": "CLTR0411",
            "gubun": null,
            "pckgeRqstPssblYn": "N",
            "pckgeRqstCnt": "0",
            "name": null,
            "rmrk": "<b>\uc778\ubb38\uad50\uc591</b><br>",
            "appcrCnt": "20",
            "attlcPrscpCnt": "20",
            "lssnsTimeInfo": "\ud654 1A,1B<br/>\ubaa9 3A,3B",
            "lssnsRealTimeInfo": "\ud654 09:00 ~ 10:00<br/>\ubaa9 11:00 ~ 12:00",
            "prctsTime": "0",
            "doPlan": "Kor",
            "thryTime": "2",
            "totalPrfssNm": "\uc704\ub4dc\ub85c\uc6b0, \uc560\ub364 \ud06c\ub9ac\uc2a4\ud1a0\ud37c",
            "mngetEstblYn": "Y",
            "code": null,
            "crdit": "2",
            "expniSllbsYn": "N",
            "bldngSn": null,
            "bldngCd": null,
            "bldngNm": null,
            "lssnsLcttmUntcd": null,
            "sbjetSctcd2": null,
            "rmnmCd": "419",
            "isApi": null,
            "paging": false,
            "rowStatus": "R",
            "pageSort": null
        },
        {
            "rowIndex": 0,
            "success": false,
            "message": null,
            "pageSize": 100,
            "pageNum": 1,
            "lctreMthodNm": "\ub300\uba74",
            "lctrmInfo": "\uc678\uad6d\uc5b4\uad50\uc721\uad00",
            "lctreLnggeSctcd": null,
            "crseNo": "CLTR0411-009",
            "estblUnivNm": "\uacf5\uacfc\ub300\ud559",
            "estblDprtnNm": "\uc751\uc6a9\ud654\ud559\uacfc",
            "estblYear": "2022",
            "estblDprtnCd": "1603",
            "estblSmstrSctnm": "1\ud559\uae30",
            "estblSmstrSctcd": "CMBS001400001",
            "estblGrade": "1",
            "sbjetSctnm": "\uad50\uc591",
            "sbjetNm": "\uc2e4\uc6a9\uc601\uc5b41",
            "sbjetDvnno": "009",
            "sbjetCd": "CLTR0411",
            "gubun": null,
            "pckgeRqstPssblYn": "N",
            "pckgeRqstCnt": "0",
            "name": null,
            "rmrk": "<b>\uc778\ubb38\uad50\uc591</b><br>",
            "appcrCnt": "20",
            "attlcPrscpCnt": "20",
            "lssnsTimeInfo": "\ud654 1A,1B<br/>\ubaa9 3A,3B",
            "lssnsRealTimeInfo": "\ud654 09:00 ~ 10:00<br/>\ubaa9 11:00 ~ 12:00",
            "prctsTime": "0",
            "doPlan": "Kor",
            "thryTime": "2",
            "totalPrfssNm": "\ub4dc\ub2c8\uc544,\ud1a0\ube44",
            "mngetEstblYn": "Y",
            "code": null,
            "crdit": "2",
            "expniSllbsYn": "N",
            "bldngSn": null,
            "bldngCd": null,
            "bldngNm": null,
            "lssnsLcttmUntcd": null,
            "sbjetSctcd2": null,
            "rmnmCd": "415",
            "isApi": null,
            "paging": false,
            "rowStatus": "R",
            "pageSort": null
        }
    ],
    "statusCode": 200
}