{
    "timestamp": "2022-04-28T23:14:22.14",
    "success": true,
    "code": null,
    "msg": null,
    "data": [
        {
            "rowIndex": 0,
            "success": false,
            "message": null,
            "pageSize": 100,
            "pageNum": 1,
            "lctreMthodNm": "\ub300\uba74",
            "lctrmInfo": "\uacf5\ub3002A\ud638\uad00",
            "lctreLnggeSctcd": null,
            "crseNo": "ARCH0267-004",
            "estblUnivNm": "\uacf5\uacfc\ub300\ud559",
            "estblDprtnNm": "\uac74\ucd95\ud559\ubd80 \uac74\ucd95\ud559\uc804\uacf5",
            "estblYear": "2022",
            "estblDprtnCd": "160I02",
            "estblSmstrSctnm": "1\ud559\uae30",
            "estblSmstrSctcd": "CMBS001400001",
            "estblGrade": "1",
            "sbjetSctnm": "\uc804\uacf5",
            "sbjetNm": "\uac74\ucd95\ud45c\ud604\ubc0f\uc81c\ub3c4",
            "sbjetDvnno": "004",
            "sbjetCd": "ARCH0267",
            "gubun": null,
            "pckgeRqstPssblYn": "N",
            "pckgeRqstCnt": "0",
            "name": null,
            "rmrk": null,
            "appcrCnt": "16",
            "attlcPrscpCnt": "10",
            "lssnsTimeInfo": "\uc6d4 1A,1B,2A<br/>\uc6d4 2B,3A,3B<br/>\uc218 1A,1B,2A<br/>\uc218 2B,3A,3B",
            "lssnsRealTimeInfo": "\uc6d4 09:00 ~ 10:30<br/>\uc6d4 10:30 ~ 12:00<br/>\uc218 09:00 ~ 10:30<br/>\uc218 10:30 ~ 12:00",
            "prctsTime": "6",
            "doPlan": "Kor",
            "thryTime": "0",
            "totalPrfssNm": "\uae40\ud0dc\ud6c8",
            "mngetEstblYn": "Y",
            "code": null,
            "crdit": "3",
            "expniSllbsYn": "Y",
            "bldngSn": null,
            "bldngCd": null,
            "bldngNm": null,
            "lssnsLcttmUntcd": null,
            "sbjetSctcd2": null,
            "rmnmCd": "102",
            "isApi": null,
            "paging": false,
            "rowStatus": "R",
            "pageSort": null
        },
        {
            "rowIndex": 0,
            "success": false,
            "message": null,
            "pageSize": 100,
            "pageNum": 1,
            "lctreMthodNm": "\ub300\uba74",
            "lctrmInfo": "\uacf5\ub3002\ud638\uad00",
            "lctreLnggeSctcd": null,
            "crseNo": "ARCH0333-002",
            "estblUnivNm": "\uacf5\uacfc\ub300\ud559",
            "estblDprtnNm": "\uac74\ucd95\ud559\ubd80 \uac74\ucd95\ud559\uc804\uacf5",
            "estblYear": "2022",
            "estblDprtnCd": "160I02",
            "estblSmstrSctnm": "1\ud559\uae30",
            "estblSmstrSctcd": "CMBS001400001",
            "estblGrade": "2",
            "sbjetSctnm": "\uc804\uacf5",
            "sbjetNm": "\uac74\ucd95\uad6c\uc870\uc5ed\ud5591",
            "sbjetDvnno": "002",
            "sbjetCd": "ARCH0333",
            "gubun": null,
            "pckgeRqstPssblYn": "Y",
            "pckgeRqstCnt": "29",
            "name": null,
            "rmrk": null,
            "appcrCnt": "34",
            "attlcPrscpCnt": "50",
            "lssnsTimeInfo": "\uc6d4 2B,3A,3B<br/>\uc218 2B,3A,3B",
            "lssnsRealTimeInfo": "\uc6d4 10:30 ~ 12:00<br/>\uc218 10:30 ~ 12:00",
            "prctsTime": "0",
            "doPlan": "Kor",
            "thryTime": "3",
            "totalPrfssNm": "\uae40\ucca0\ud658",
            "mngetEstblYn": "Y",
            "code": null,
            "crdit": "3",
            "expniSllbsYn": "Y",
            "bldngSn": null,
            "bldngCd": null,
            "bldngNm": null,
            "lssnsLcttmUntcd": null,
            "sbjetSctcd2": null,
            "rmnmCd": "326",
            "isApi": null,
            "paging": false,
            "rowStatus": "R",
            "pageSort": null
        },
        {
            "rowIndex": 0,
            "success": false,
            "message": null,
            "pageSize": 100,
            "pageNum": 1,
            "lctreMthodNm": "\ub300\uba74",
            "lctrmInfo": "\uacf5\ub30012\ud638\uad00",
            "lctreLnggeSctcd": null,
            "crseNo": "ARCH0455-003",
            "estblUnivNm": "\uacf5\uacfc\ub300\ud559",
            "estblDprtnNm": "\uac74\ucd95\ud559\ubd80 \uac74\ucd95\ud559\uc804\uacf5",
            "estblYear": "2022",
            "estblDprtnCd": "160I02",
            "estblSmstrSctnm": "1\ud559\uae30",
            "estblSmstrSctcd": "CMBS001400001",
            "estblGrade": "3",
            "sbjetSctnm": "\uc804\uacf5",
            "sbjetNm": "\uac74\ucd95\ub514\uc790\uc7783",
            "sbjetDvnno": "003",
            "sbjetCd": "ARCH0455",
            "gubun": null,
            "pckgeRqstPssblYn": "Y",
            "pckgeRqstCnt": "10",
            "name": null,
            "rmrk": null,
            "appcrCnt": "11",
            "attlcPrscpCnt": "10",
            "lssnsTimeInfo": "\uc6d4 10A,10B,11A<br/>\uc6d4 11B,12A,12B<br/>\uc6d4 7A,7B,8A<br/>\uc6d4 8B,9A,9B<br/>\uc218 10A,10B,11A<br/>\uc218 11B,12A,12B<br/>\uc218 7A,7B,8A<br/>\uc218 8B,9A,9B",
            "lssnsRealTimeInfo": "\uc6d4 15:00 ~ 16:30<br/>\uc6d4 16:30 ~ 18:00<br/>\uc6d4 18:00 ~ 19:30<br/>\uc6d4 19:30 ~ 21:00<br/>\uc218 15:00 ~ 16:30<br/>\uc218 16:30 ~ 18:00<br/>\uc218 18:00 ~ 19:30<br/>\uc218 19:30 ~ 21:00",
            "prctsTime": "12",
            "doPlan": "Kor",
            "thryTime": "0",
            "totalPrfssNm": "\uac15\uc9c4",
            "mngetEstblYn": "Y",
            "code": null,
            "crdit": "6",
            "expniSllbsYn": "N",
            "bldngSn": null,
            "bldngCd": null,
            "bldngNm": null,
            "lssnsLcttmUntcd": null,
            "sbjetSctcd2": null,
            "rmnmCd": "508-3",
            "isApi": null,
            "paging": false,
            "rowStatus": "R",
            "pageSort": null
        },
        {
            "rowIndex": 0,
            "success": false,
            "message": null,
            "pageSize": 100,
            "pageNum": 1,
            "lctreMthodNm": "\ub300\uba74",
            "lctrmInfo": "\uacf5\ub3002\ud638\uad00",
            "lctreLnggeSctcd": null,
            "crseNo": "ARCH0524-001",
            "estblUnivNm": "\uacf5\uacfc\ub300\ud559",
            "estblDprtnNm": "\uac74\ucd95\ud559\ubd80 \uac74\ucd95\ud559\uc804\uacf5",
            "estblYear": "2022",
            "estblDprtnCd": "160I02",
            "estblSmstrSctnm": "1\ud559\uae30",
            "estblSmstrSctcd": "CMBS001400001",
            "estblGrade": "4",
            "sbjetSctnm": "\uc804\uacf5",
            "sbjetNm": "\uc2e4\ub0b4\uac74\ucd95",
            "sbjetDvnno": "001",
            "sbjetCd": "ARCH0524",
            "gubun": null,
            "pckgeRqstPssblYn": "Y",
            "pckgeRqstCnt": "17",
            "name": null,
            "rmrk": null,
            "appcrCnt": "9",
            "attlcPrscpCnt": "15",
            "lssnsTimeInfo": "\uc218 10A,10B,11A<br/>\uc218 8B,9A,9B",
            "lssnsRealTimeInfo": "\uc218 16:30 ~ 18:00<br/>\uc218 18:00 ~ 19:30",
            "prctsTime": "0",
            "doPlan": "Kor",
            "thryTime": "3",
            "totalPrfssNm": "\uc721\uc740\uc815",
            "mngetEstblYn": "Y",
            "code": null,
            "crdit": "3",
            "expniSllbsYn": "N",
            "bldngSn": null,
            "bldngCd": null,
            "bldngNm": null,
            "lssnsLcttmUntcd": null,
            "sbjetSctcd2": null,
            "rmnmCd": "102",
            "isApi": null,
            "paging": false,
            "rowStatus": "R",
            "pageSort": null
        },
        {
            "rowIndex": 0,
            "success": false,
            "message": null,
            "pageSize": 100,
            "pageNum": 1,
            "lctreMthodNm": "\ub300\uba74",
            "lctrmInfo": "\uacf5\ub30012\ud638\uad00",
            "lctreLnggeSctcd": null,
            "crseNo": "ARCH0543-002",
            "estblUnivNm": "\uacf5\uacfc\ub300\ud559",
            "estblDprtnNm": "\uac74\ucd95\ud559\ubd80 \uac74\ucd95\ud559\uc804\uacf5",
            "estblYear": "2022",
            "estblDprtnCd": "160I02",
            "estblSmstrSctnm": "1\ud559\uae30",
            "estblSmstrSctcd": "CMBS001400001",
            "estblGrade": "4",
            "sbjetSctnm": "\uc804\uacf5",
            "sbjetNm": "\uac74\ucd95\ub514\uc790\uc7785",
            "sbjetDvnno": "002",
            "sbjetCd": "ARCH0543",
            "gubun": null,
            "pckgeRqstPssblYn": "Y",
            "pckgeRqstCnt": "12",
            "name": null,
            "rmrk": null,
            "appcrCnt": "10",
            "attlcPrscpCnt": "10",
            "lssnsTimeInfo": "\uc6d4 10A,10B,11A<br/>\uc6d4 11B,12A,12B<br/>\uc6d4 7A,7B,8A<br/>\uc6d4 8B,9A,9B<br/>\ubaa9 10A,10B,11A<br/>\ubaa9 11B,12A,12B<br/>\ubaa9 7A,7B,8A<br/>\ubaa9 8B,9A,9B",
            "lssnsRealTimeInfo": "\uc6d4 15:00 ~ 16:30<br/>\uc6d4 16:30 ~ 18:00<br/>\uc6d4 18:00 ~ 19:30<br/>\uc6d4 19:30 ~ 21:00<br/>\ubaa9 15:00 ~ 16:30<br/>\ubaa9 16:30 ~ 18:00<br/>\ubaa9 18:00 ~ 19:30<br/>\ubaa9 19:30 ~ 21:00",
            "prctsTime": "12",
            "doPlan": "Kor",
            "thryTime": "0",
            "totalPrfssNm": "\uae40\uc218\uc601",
            "mngetEstblYn": "Y",
            "code": null,
            "crdit": "6",
            "expniSllbsYn": "N",
            "bldngSn": null,
            "bldngCd": null,
            "bldngNm": null,
            "lssnsLcttmUntcd": null,
            "sbjetSctcd2": null,
            "rmnmCd": "506-2",
            "isApi": null,
            "paging": false,
            "rowStatus": "R",
            "pageSort": null
        },
        {
            "rowIndex": 0,
            "success": false,
            "message": null,
            "pageSize": 100,
            "pageNum": 1,
            "lctreMthodNm": "\ub300\uba74",
            "lctrmInfo": "\uacf5\ub3002\ud638\uad00",
            "lctreLnggeSctcd": null,
            "crseNo": "ARCH0555-001",
            "estblUnivNm": "\uacf5\uacfc\ub300\ud559",
            "estblDprtnNm": "\uac74\ucd95\ud559\ubd80 \uac74\ucd95\ud559\uc804\uacf5",
            "estblYear": "2022",
            "estblDprtnCd": "160I02",
            "estblSmstrSctnm": "1\ud559\uae30",
            "estblSmstrSctcd": "CMBS001400001",
            "estblGrade": "4",
            "sbjetSctnm": "\uc804\uacf5",
            "sbjetNm": "\ud658\uacbd\uce5c\ud654\uac74\ucd95",
            "sbjetDvnno": "001",
            "sbjetCd": "ARCH0555",
            "gubun": null,
            "pckgeRqstPssblYn": "Y",
            "pckgeRqstCnt": "12",
            "name": null,
            "rmrk": null,
            "appcrCnt": "13",
            "attlcPrscpCnt": "15",
            "lssnsTimeInfo": "\uc6d4 5B,6A,6B<br/>\ubaa9 5B,6A,6B",
            "lssnsRealTimeInfo": "\uc6d4 13:30 ~ 15:00<br/>\ubaa9 13:30 ~ 15:00",
            "prctsTime": "0",
            "doPlan": "Kor",
            "thryTime": "3",
            "totalPrfssNm": "\uc774\uc0c1\ud64d",
            "mngetEstblYn": "Y",
            "code": null,
            "crdit": "3",
            "expniSllbsYn": "N",
            "bldngSn": null,
            "bldngCd": null,
            "bldngNm": null,
            "lssnsLcttmUntcd": null,
            "sbjetSctcd2": null,
            "rmnmCd": "326",
            "isApi": null,
            "paging": false,
            "rowStatus": "R",
            "pageSort": null
        },
        {
            "rowIndex": 0,
            "success": false,
            "message": null,
            "pageSize": 100,
            "pageNum": 1,
            "lctreMthodNm": "\ub300\uba74",
            "lctrmInfo": "\uacf5\ub30012\ud638\uad00",
            "lctreLnggeSctcd": null,
            "crseNo": "ARCH0455-001",
            "estblUnivNm": "\uacf5\uacfc\ub300\ud559",
            "estblDprtnNm": "\uac74\ucd95\ud559\ubd80 \uac74\ucd95\ud559\uc804\uacf5",
            "estblYear": "2022",
            "estblDprtnCd": "160I02",
            "estblSmstrSctnm": "1\ud559\uae30",
            "estblSmstrSctcd": "CMBS001400001",
            "estblGrade": "3",
            "sbjetSctnm": "\uc804\uacf5",
            "sbjetNm": "\uac74\ucd95\ub514\uc790\uc7783",
            "sbjetDvnno": "001",
            "sbjetCd": "ARCH0455",
            "gubun": null,
            "pckgeRqstPssblYn": "Y",
            "pckgeRqstCnt": "8",
            "name": null,
            "rmrk": null,
            "appcrCnt": "10",
            "attlcPrscpCnt": "10",
            "lssnsTimeInfo": "\uc6d4 10A,10B,11A<br/>\uc6d4 11B,12A,12B<br/>\uc6d4 7A,7B,8A<br/>\uc6d4 8B,9A,9B<br/>\uc218 10A,10B,11A<br/>\uc218 11B,12A,12B<br/>\uc218 7A,7B,8A<br/>\uc218 8B,9A,9B",
            "lssnsRealTimeInfo": "\uc6d4 15:00 ~ 16:30<br/>\uc6d4 16:30 ~ 18:00<br/>\uc6d4 18:00 ~ 19:30<br/>\uc6d4 19:30 ~ 21:00<br/>\uc218 15:00 ~ 16:30<br/>\uc218 16:30 ~ 18:00<br/>\uc218 18:00 ~ 19:30<br/>\uc218 19:30 ~ 21:00",
            "prctsTime": "12",
            "doPlan": "Kor",
            "thryTime": "0",
            "totalPrfssNm": "\uc774\uadfc\ud0dd",
            "mngetEstblYn": "Y",
            "code": null,
            "crdit": "6",
            "expniSllbsYn": "N",
            "bldngSn": null,
            "bldngCd": null,
            "bldngNm": null,
            "lssnsLcttmUntcd": null,
            "sbjetSctcd2": null,
            "rmnmCd": "508-1",
            "isApi": null,
            "paging": false,
            "rowStatus": "R",
            "pageSort": null
        },
        {
            "rowIndex": 0,
            "success": false,
            "message": null,
            "pageSize": 100,
            "pageNum": 1,
            "lctreMthodNm": "\ub300\uba74",
            "lctrmInfo": "\uacf5\ub30012\ud638\uad00",
            "lctreLnggeSctcd": null,
            "crseNo": "ARCH0543-001",
            "estblUnivNm": "\uacf5\uacfc\ub300\ud559",
            "estblDprtnNm": "\uac74\ucd95\ud559\ubd80 \uac74\ucd95\ud559\uc804\uacf5",
            "estblYear": "2022",
            "estblDprtnCd": "160I02",
            "estblSmstrSctnm": "1\ud559\uae30",
            "estblSmstrSctcd": "CMBS001400001",
            "estblGrade": "4",
            "sbjetSctnm": "\uc804\uacf5",
            "sbjetNm": "\uac74\ucd95\ub514\uc790\uc7785",
            "sbjetDvnno": "001",
            "sbjetCd": "ARCH0543",
            "gubun": null,
            "pckgeRqstPssblYn": "Y",
            "pckgeRqstCnt": "9",
            "name": null,
            "rmrk": null,
            "appcrCnt": "10",
            "attlcPrscpCnt": "10",
            "lssnsTimeInfo": "\uc6d4 10A,10B,11A<br/>\uc6d4 11B,12A,12B<br/>\uc6d4 7A,7B,8A<br/>\uc6d4 8B,9A,9B<br/>\ubaa9 10A,10B,11A<br/>\ubaa9 11B,12A,12B<br/>\ubaa9 7A,7B,8A<br/>\ubaa9 8B,9A,9B",
            "lssnsRealTimeInfo": "\uc6d4 15:00 ~ 16:30<br/>\uc6d4 16:30 ~ 18:00<br/>\uc6d4 18:00 ~ 19:30<br/>\uc6d4 19:30 ~ 21:00<br/>\ubaa9 15:00 ~ 16:30<br/>\ubaa9 16:30 ~ 18:00<br/>\ubaa9 18:00 ~ 19:30<br/>\ubaa9 19:30 ~ 21:00",
            "prctsTime": "12",
            "doPlan": "Kor",
            "thryTime": "0",
            "totalPrfssNm": "\uc774\uc0c1\ud64d",
            "mngetEstblYn": "Y",
            "code": null,
            "crdit": "6",
            "expniSllbsYn": "N",
            "bldngSn": null,
            "bldngCd": null,
            "bldngNm": null,
            "lssnsLcttmUntcd": null,
            "sbjetSctcd2": null,
            "rmnmCd": "506-1",
            "isApi": null,
            "paging": false,
            "rowStatus": "R",
            "pageSort": null
        },
        {
            "rowIndex": 0,
            "success": false,
            "message": null,
            "pageSize": 100,
            "pageNum": 1,
            "lctreMthodNm": "\ub300\uba74",
            "lctrmInfo": "\uacf5\ub3002A\ud638\uad00",
            "lctreLnggeSctcd": null,
            "crseNo": "ARCH0569-001",
            "estblUnivNm": "\uacf5\uacfc\ub300\ud559",
            "estblDprtnNm": "\uac74\ucd95\ud559\ubd80 \uac74\ucd95\ud559\uc804\uacf5",
            "estblYear": "2022",
            "estblDprtnCd": "160I02",
            "estblSmstrSctnm": "1\ud559\uae30",
            "estblSmstrSctcd": "CMBS001400001",
            "estblGrade": "5",
            "sbjetSctnm": "\uc804\uacf5",
            "sbjetNm": "\uac74\ucd95\uc2e4\ubb34",
            "sbjetDvnno": "001",
            "sbjetCd": "ARCH0569",
            "gubun": null,
            "pckgeRqstPssblYn": "Y",
            "pckgeRqstCnt": "42",
            "name": null,
            "rmrk": null,
            "appcrCnt": "43",
            "attlcPrscpCnt": "50",
            "lssnsTimeInfo": "\ud654 5B,6A,6B<br/>\ubaa9 5B,6A,6B",
            "lssnsRealTimeInfo": "\ud654 13:30 ~ 15:00<br/>\ubaa9 13:30 ~ 15:00",
            "prctsTime": "0",
            "doPlan": "Kor",
            "thryTime": "3",
            "totalPrfssNm": "\uae40\uc218\uc601",
            "mngetEstblYn": "Y",
            "code": null,
            "crdit": "3",
            "expniSllbsYn": "N",
            "bldngSn": null,
            "bldngCd": null,
            "bldngNm": null,
            "lssnsLcttmUntcd": null,
            "sbjetSctcd2": null,
            "rmnmCd": "201",
            "isApi": null,
            "paging": false,
            "rowStatus": "R",
            "pageSort": null
        },
        {
            "rowIndex": 0,
            "success": false,
            "message": null,
            "pageSize": 100,
            "pageNum": 1,
            "lctreMthodNm": "\ub300\uba74",
            "lctrmInfo": "\uacf5\ub30012\ud638\uad00",
            "lctreLnggeSctcd": null,
            "crseNo": "CLTR0043-003",
            "estblUnivNm": "\uacf5\uacfc\ub300\ud559",
            "estblDprtnNm": "\uac74\ucd95\ud559\ubd80 \uac74\ucd95\ud559\uc804\uacf5",
            "estblYear": "2022",
            "estblDprtnCd": "160I02",
            "estblSmstrSctnm": "1\ud559\uae30",
            "estblSmstrSctcd": "CMBS001400001",
            "estblGrade": "1",
            "sbjetSctnm": "\uad50\uc591",
            "sbjetNm": "\uc11c\uc591\uc758\uc5ed\uc0ac\uc640\ubb38\ud654",
            "sbjetDvnno": "003",
            "sbjetCd": "CLTR0043",
            "gubun": null,
            "pckgeRqstPssblYn": "N",
            "pckgeRqstCnt": "0",
            "name": null,
            "rmrk": "<b>\uc778\ubb38\uad50\uc591</b><br>",
            "appcrCnt": "71",
            "attlcPrscpCnt": "70",
            "lssnsTimeInfo": "\uc218 8B,9A,9B<br/>\uae08 8B,9A,9B",
            "lssnsRealTimeInfo": "\uc218 16:30 ~ 18:00<br/>\uae08 16:30 ~ 18:00",
            "prctsTime": "0",
            "doPlan": "Kor",
            "thryTime": "3",
            "totalPrfssNm": "\uae40\ud544\uc601",
            "mngetEstblYn": "Y",
            "code": null,
            "crdit": "3",
            "expniSllbsYn": "N",
            "bldngSn": null,
            "bldngCd": null,
            "bldngNm": null,
            "lssnsLcttmUntcd": null,
            "sbjetSctcd2": null,
            "rmnmCd": "114",
            "isApi": null,
            "paging": false,
            "rowStatus": "R",
            "pageSort": null
        },
        {
            "rowIndex": 0,
            "success": false,
            "message": null,
            "pageSize": 100,
            "pageNum": 1,
            "lctreMthodNm": "\ub300\uba74",
            "lctrmInfo": "\uacf5\ub3002A\ud638\uad00",
            "lctreLnggeSctcd": null,
            "crseNo": "ARCH0267-003",
            "estblUnivNm": "\uacf5\uacfc\ub300\ud559",
            "estblDprtnNm": "\uac74\ucd95\ud559\ubd80 \uac74\ucd95\ud559\uc804\uacf5",
            "estblYear": "2022",
            "estblDprtnCd": "160I02",
            "estblSmstrSctnm": "1\ud559\uae30",
            "estblSmstrSctcd": "CMBS001400001",
            "estblGrade": "1",
            "sbjetSctnm": "\uc804\uacf5",
            "sbjetNm": "\uac74\ucd95\ud45c\ud604\ubc0f\uc81c\ub3c4",
            "sbjetDvnno": "003",
            "sbjetCd": "ARCH0267",
            "gubun": null,
            "pckgeRqstPssblYn": "N",
            "pckgeRqstCnt": "0",
            "name": null,
            "rmrk": null,
            "appcrCnt": "13",
            "attlcPrscpCnt": "10",
            "lssnsTimeInfo": "\uc6d4 1A,1B,2A<br/>\uc6d4 2B,3A,3B<br/>\uc218 1A,1B,2A<br/>\uc218 2B,3A,3B",
            "lssnsRealTimeInfo": "\uc6d4 09:00 ~ 10:30<br/>\uc6d4 10:30 ~ 12:00<br/>\uc218 09:00 ~ 10:30<br/>\uc218 10:30 ~ 12:00",
            "prctsTime": "6",
            "doPlan": "Kor",
            "thryTime": "0",
            "totalPrfssNm": "\ub958\uc815\ub9bc",
            "mngetEstblYn": "Y",
            "code": null,
            "crdit": "3",
            "expniSllbsYn": "Y",
            "bldngSn": null,
            "bldngCd": null,
            "bldngNm": null,
            "lssnsLcttmUntcd": null,
            "sbjetSctcd2": null,
            "rmnmCd": "202",
            "isApi": null,
            "paging": false,
            "rowStatus": "R",
            "pageSort": null
        },
        {
            "rowIndex": 0,
            "success": false,
            "message": null,
            "pageSize": 100,
            "pageNum": 1,
            "lctreMthodNm": "\ub300\uba74",
            "lctrmInfo": "\uc678\uad6d\uc5b4\uad50\uc721\uad00",
            "lctreLnggeSctcd": null,
            "crseNo": "CLTR0411-030",
            "estblUnivNm": "\uacf5\uacfc\ub300\ud559",
            "estblDprtnNm": "\uac74\ucd95\ud559\ubd80 \uac74\ucd95\ud559\uc804\uacf5",
            "estblYear": "2022",
            "estblDprtnCd": "160I02",
            "estblSmstrSctnm": "1\ud559\uae30",
            "estblSmstrSctcd": "CMBS001400001",
            "estblGrade": "1",
            "sbjetSctnm": "\uad50\uc591",
            "sbjetNm": "\uc2e4\uc6a9\uc601\uc5b41",
            "sbjetDvnno": "030",
            "sbjetCd": "CLTR0411",
            "gubun": null,
            "pckgeRqstPssblYn": "N",
            "pckgeRqstCnt": "0",
            "name": null,
            "rmrk": "<b>\uc778\ubb38\uad50\uc591</b><br>",
            "appcrCnt": "22",
            "attlcPrscpCnt": "20",
            "lssnsTimeInfo": "\uc6d4 6A,6B<br/>\uae08 6A,6B",
            "lssnsRealTimeInfo": "\uc6d4 14:00 ~ 15:00<br/>\uae08 14:00 ~ 15:00",
            "prctsTime": "0",
            "doPlan": "Kor",
            "thryTime": "2",
            "totalPrfssNm": "\uc6cc\ucee4 \ud038",
            "mngetEstblYn": "Y",
            "code": null,
            "crdit": "2",
            "expniSllbsYn": "N",
            "bldngSn": null,
            "bldngCd": null,
            "bldngNm": null,
            "lssnsLcttmUntcd": null,
            "sbjetSctcd2": null,
            "rmnmCd": "404",
            "isApi": null,
            "paging": false,
            "rowStatus": "R",
            "pageSort": null
        },
        {
            "rowIndex": 0,
            "success": false,
            "message": null,
            "pageSize": 100,
            "pageNum": 1,
            "lctreMthodNm": "\ub300\uba74",
            "lctrmInfo": "\uacf5\ub3002\ud638\uad00",
            "lctreLnggeSctcd": null,
            "crseNo": "ARCH0402-002",
            "estblUnivNm": "\uacf5\uacfc\ub300\ud559",
            "estblDprtnNm": "\uac74\ucd95\ud559\ubd80 \uac74\ucd95\ud559\uc804\uacf5",
            "estblYear": "2022",
            "estblDprtnCd": "160I02",
            "estblSmstrSctnm": "1\ud559\uae30",
            "estblSmstrSctcd": "CMBS001400001",
            "estblGrade": "5",
            "sbjetSctnm": "\uc804\uacf5",
            "sbjetNm": "\uac74\ucd95\uad6c\uc870\ub514\uc790\uc7782",
            "sbjetDvnno": "002",
            "sbjetCd": "ARCH0402",
            "gubun": null,
            "pckgeRqstPssblYn": "Y",
            "pckgeRqstCnt": "40",
            "name": null,
            "rmrk": null,
            "appcrCnt": "40",
            "attlcPrscpCnt": "50",
            "lssnsTimeInfo": "\uae08 1A,1B,2A<br/>\uae08 2B,3A,3B",
            "lssnsRealTimeInfo": "\uae08 09:00 ~ 10:30<br/>\uae08 10:30 ~ 12:00",
            "prctsTime": "0",
            "doPlan": "Kor",
            "thryTime": "3",
            "totalPrfssNm": "\ucc44\uc6d0\ud0c1",
            "mngetEstblYn": "Y",
            "code": null,
            "crdit": "3",
            "expniSllbsYn": "N",
            "bldngSn": null,
            "bldngCd": null,
            "bldngNm": null,
            "lssnsLcttmUntcd": null,
            "sbjetSctcd2": null,
            "rmnmCd": "310",
            "isApi": null,
            "paging": false,
            "rowStatus": "R",
            "pageSort": null
        },
        {
            "rowIndex": 0,
            "success": false,
            "message": null,
            "pageSize": 100,
            "pageNum": 1,
            "lctreMthodNm": "\ub300\uba74",
            "lctrmInfo": "\uc678\uad6d\uc5b4\uad50\uc721\uad00",
            "lctreLnggeSctcd": null,
            "crseNo": "CLTR0411-029",
            "estblUnivNm": "\uacf5\uacfc\ub300\ud559",
            "estblDprtnNm": "\uac74\ucd95\ud559\ubd80 \uac74\ucd95\ud559\uc804\uacf5",
            "estblYear": "2022",
            "estblDprtnCd": "160I02",
            "estblSmstrSctnm": "1\ud559\uae30",
            "estblSmstrSctcd": "CMBS001400001",
            "estblGrade": "1",
            "sbjetSctnm": "\uad50\uc591",
            "sbjetNm": "\uc2e4\uc6a9\uc601\uc5b41",
            "sbjetDvnno": "029",
            "sbjetCd": "CLTR0411",
            "gubun": null,
            "pckgeRqstPssblYn": "N",
            "pckgeRqstCnt": "0",
            "name": null,
            "rmrk": "<b>\uc778\ubb38\uad50\uc591</b><br>",
            "appcrCnt": "22",
            "attlcPrscpCnt": "20",
            "lssnsTimeInfo": "\uc6d4 6A,6B<br/>\uae08 6A,6B",
            "lssnsRealTimeInfo": "\uc6d4 14:00 ~ 15:00<br/>\uae08 14:00 ~ 15:00",
            "prctsTime": "0",
            "doPlan": "Kor",
            "thryTime": "2",
            "totalPrfssNm": "\ud558\uc774\ub79c\ub4dc,\ud06c\ub9ac\uc2a4",
            "mngetEstblYn": "Y",
            "code": null,
            "crdit": "2",
            "expniSllbsYn": "N",
            "bldngSn": null,
            "bldngCd": null,
            "bldngNm": null,
            "lssnsLcttmUntcd": null,
            "sbjetSctcd2": null,
            "rmnmCd": "423",
            "isApi": null,
            "paging": false,
            "rowStatus": "R",
            "pageSort": null
        },
        {
            "rowIndex": 0,
            "success": false,
            "message": null,
            "pageSize": 100,
            "pageNum": 1,
            "lctreMthodNm": "\ub300\uba74",
            "lctrmInfo": "\uacf5\ub3002A\ud638\uad00",
            "lctreLnggeSctcd": null,
            "crseNo": "ARCH0267-002",
            "estblUnivNm": "\uacf5\uacfc\ub300\ud559",
            "estblDprtnNm": "\uac74\ucd95\ud559\ubd80 \uac74\ucd95\ud559\uc804\uacf5",
            "estblYear": "2022",
            "estblDprtnCd": "160I02",
            "estblSmstrSctnm": "1\ud559\uae30",
            "estblSmstrSctcd": "CMBS001400001",
            "estblGrade": "1",
            "sbjetSctnm": "\uc804\uacf5",
            "sbjetNm": "\uac74\ucd95\ud45c\ud604\ubc0f\uc81c\ub3c4",
            "sbjetDvnno": "002",
            "sbjetCd": "ARCH0267",
            "gubun": null,
            "pckgeRqstPssblYn": "N",
            "pckgeRqstCnt": "0",
            "name": null,
            "rmrk": null,
            "appcrCnt": "11",
            "attlcPrscpCnt": "10",
            "lssnsTimeInfo": "\uc6d4 1A,1B,2A<br/>\uc6d4 2B,3A,3B<br/>\uc218 1A,1B,2A<br/>\uc218 2B,3A,3B",
            "lssnsRealTimeInfo": "\uc6d4 09:00 ~ 10:30<br/>\uc6d4 10:30 ~ 12:00<br/>\uc218 09:00 ~ 10:30<br/>\uc218 10:30 ~ 12:00",
            "prctsTime": "6",
            "doPlan": "Kor",
            "thryTime": "0",
            "totalPrfssNm": "\uc804\uacbd\uc6b0",
            "mngetEstblYn": "Y",
            "code": null,
            "crdit": "3",
            "expniSllbsYn": "Y",
            "bldngSn": null,
            "bldngCd": null,
            "bldngNm": null,
            "lssnsLcttmUntcd": null,
            "sbjetSctcd2": null,
            "rmnmCd": "101",
            "isApi": null,
            "paging": false,
            "rowStatus": "R",
            "pageSort": null
        },
        {
            "rowIndex": 0,
            "success": false,
            "message": null,
            "pageSize": 100,
            "pageNum": 1,
            "lctreMthodNm": "\ub300\uba74",
            "lctrmInfo": "\uacf5\ub30012\ud638\uad00",
            "lctreLnggeSctcd": null,
            "crseNo": "ARCH0455-004",
            "estblUnivNm": "\uacf5\uacfc\ub300\ud559",
            "estblDprtnNm": "\uac74\ucd95\ud559\ubd80 \uac74\ucd95\ud559\uc804\uacf5",
            "estblYear": "2022",
            "estblDprtnCd": "160I02",
            "estblSmstrSctnm": "1\ud559\uae30",
            "estblSmstrSctcd": "CMBS001400001",
            "estblGrade": "3",
            "sbjetSctnm": "\uc804\uacf5",
            "sbjetNm": "\uac74\ucd95\ub514\uc790\uc7783",
            "sbjetDvnno": "004",
            "sbjetCd": "ARCH0455",
            "gubun": null,
            "pckgeRqstPssblYn": "Y",
            "pckgeRqstCnt": "10",
            "name": null,
            "rmrk": null,
            "appcrCnt": "12",
            "attlcPrscpCnt": "10",
            "lssnsTimeInfo": "\uc6d4 10A,10B,11A<br/>\uc6d4 11B,12A,12B<br/>\uc6d4 7A,7B,8A<br/>\uc6d4 8B,9A,9B<br/>\uc218 10A,10B,11A<br/>\uc218 11B,12A,12B<br/>\uc218 7A,7B,8A<br/>\uc218 8B,9A,9B",
            "lssnsRealTimeInfo": "\uc6d4 15:00 ~ 16:30<br/>\uc6d4 16:30 ~ 18:00<br/>\uc6d4 18:00 ~ 19:30<br/>\uc6d4 19:30 ~ 21:00<br/>\uc218 15:00 ~ 16:30<br/>\uc218 16:30 ~ 18:00<br/>\uc218 18:00 ~ 19:30<br/>\uc218 19:30 ~ 21:00",
            "prctsTime": "12",
            "doPlan": "Kor",
            "thryTime": "0",
            "totalPrfssNm": "\uae40\ubcd1\ud0dc",
            "mngetEstblYn": "Y",
            "code": null,
            "crdit": "6",
            "expniSllbsYn": "N",
            "bldngSn": null,
            "bldngCd": null,
            "bldngNm": null,
            "lssnsLcttmUntcd": null,
            "sbjetSctcd2": null,
            "rmnmCd": "508-4",
            "isApi": null,
            "paging": false,
            "rowStatus": "R",
            "pageSort": null
        },
        {
            "rowIndex": 0,
            "success": false,
            "message": null,
            "pageSize": 100,
            "pageNum": 1,
            "lctreMthodNm": "\ub300\uba74",
            "lctrmInfo": "\uacf5\ub30012\ud638\uad00",
            "lctreLnggeSctcd": null,
            "crseNo": "ARCH0681-004",
            "estblUnivNm": "\uacf5\uacfc\ub300\ud559",
            "estblDprtnNm": "\uac74\ucd95\ud559\ubd80 \uac74\ucd95\ud559\uc804\uacf5",
            "estblYear": "2022",
            "estblDprtnCd": "160I02",
            "estblSmstrSctnm": "1\ud559\uae30",
            "estblSmstrSctcd": "CMBS001400001",
            "estblGrade": "5",
            "sbjetSctnm": "\uc804\uacf5",
            "sbjetNm": "\uac74\ucd95\ub514\uc790\uc7787",
            "sbjetDvnno": "004",
            "sbjetCd": "ARCH0681",
            "gubun": null,
            "pckgeRqstPssblYn": "Y",
            "pckgeRqstCnt": "9",
            "name": null,
            "rmrk": null,
            "appcrCnt": "10",
            "attlcPrscpCnt": "10",
            "lssnsTimeInfo": "\uc6d4 10A,10B,11A<br/>\uc6d4 11B,12A,12B<br/>\uc6d4 7A,7B,8A<br/>\uc6d4 8B,9A,9B<br/>\ubaa9 10A,10B,11A<br/>\ubaa9 11B,12A,12B<br/>\ubaa9 7A,7B,8A<br/>\ubaa9 8B,9A,9B",
            "lssnsRealTimeInfo": "\uc6d4 15:00 ~ 16:30<br/>\uc6d4 16:30 ~ 18:00<br/>\uc6d4 18:00 ~ 19:30<br/>\uc6d4 19:30 ~ 21:00<br/>\ubaa9 15:00 ~ 16:30<br/>\ubaa9 16:30 ~ 18:00<br/>\ubaa9 18:00 ~ 19:30<br/>\ubaa9 19:30 ~ 21:00",
            "prctsTime": "12",
            "doPlan": "Kor",
            "thryTime": "0",
            "totalPrfssNm": "\uc815\uc9c0\uc601",
            "mngetEstblYn": "Y",
            "code": null,
            "crdit": "6",
            "expniSllbsYn": "N",
            "bldngSn": null,
            "bldngCd": null,
            "bldngNm": null,
            "lssnsLcttmUntcd": null,
            "sbjetSctcd2": null,
            "rmnmCd": "503-4",
            "isApi": null,
            "paging": false,
            "rowStatus": "R",
            "pageSort": null
        },
        {
            "rowIndex": 0,
            "success": false,
            "message": null,
            "pageSize": 100,
            "pageNum": 1,
            "lctreMthodNm": "\ub300\uba74",
            "lctrmInfo": "\uacf5\ub30012\ud638\uad00",
            "lctreLnggeSctcd": null,
            "crseNo": "ARCH0325-001",
            "estblUnivNm": "\uacf5\uacfc\ub300\ud559",
            "estblDprtnNm": "\uac74\ucd95\ud559\ubd80 \uac74\ucd95\ud559\uc804\uacf5",
            "estblYear": "2022",
            "estblDprtnCd": "160I02",
            "estblSmstrSctnm": "1\ud559\uae30",
            "estblSmstrSctcd": "CMBS001400001",
            "estblGrade": "2",
            "sbjetSctnm": "\uc804\uacf5",
            "sbjetNm": "\uac74\ucd95\ub514\uc790\uc7781",
            "sbjetDvnno": "001",
            "sbjetCd": "ARCH0325",
            "gubun": null,
            "pckgeRqstPssblYn": "Y",
            "pckgeRqstCnt": "10",
            "name": null,
            "rmrk": null,
            "appcrCnt": "10",
            "attlcPrscpCnt": "10",
            "lssnsTimeInfo": "\uc6d4 10A,10B,11A<br/>\uc6d4 11B,12A,12B<br/>\uc6d4 7A,7B,8A<br/>\uc6d4 8B,9A,9B<br/>\ubaa9 10A,10B,11A<br/>\ubaa9 11B,12A,12B<br/>\ubaa9 7A,7B,8A<br/>\ubaa9 8B,9A,9B",
            "lssnsRealTimeInfo": "\uc6d4 15:00 ~ 16:30<br/>\uc6d4 16:30 ~ 18:00<br/>\uc6d4 18:00 ~ 19:30<br/>\uc6d4 19:30 ~ 21:00<br/>\ubaa9 15:00 ~ 16:30<br/>\ubaa9 16:30 ~ 18:00<br/>\ubaa9 18:00 ~ 19:30<br/>\ubaa9 19:30 ~ 21:00",
            "prctsTime": "12",
            "doPlan": "Kor",
            "thryTime": "0",
            "totalPrfssNm": "\uc774\uc2b9\uc6b0",
            "mngetEstblYn": "Y",
            "code": null,
            "crdit": "6",
            "expniSllbsYn": "N",
            "bldngSn": null,
            "bldngCd": null,
            "bldngNm": null,
            "lssnsLcttmUntcd": null,
            "sbjetSctcd2": null,
            "rmnmCd": "504-1114",
            "isApi": null,
            "paging": false,
            "rowStatus": "R",
            "pageSort": null
        },
        {
            "rowIndex": 0,
            "success": false,
            "message": null,
            "pageSize": 100,
            "pageNum": 1,
            "lctreMthodNm": "\ub300\uba74",
            "lctrmInfo": "\uacf5\ub30012\ud638\uad00",
            "lctreLnggeSctcd": null,
            "crseNo": "ARCH0325-002",
            "estblUnivNm": "\uacf5\uacfc\ub300\ud559",
            "estblDprtnNm": "\uac74\ucd95\ud559\ubd80 \uac74\ucd95\ud559\uc804\uacf5",
            "estblYear": "2022",
            "estblDprtnCd": "160I02",
            "estblSmstrSctnm": "1\ud559\uae30",
            "estblSmstrSctcd": "CMBS001400001",
            "estblGrade": "2",
            "sbjetSctnm": "\uc804\uacf5",
            "sbjetNm": "\uac74\ucd95\ub514\uc790\uc7781",
            "sbjetDvnno": "002",
            "sbjetCd": "ARCH0325",
            "gubun": null,
            "pckgeRqstPssblYn": "Y",
            "pckgeRqstCnt": "7",
            "name": null,
            "rmrk": null,
            "appcrCnt": "9",
            "attlcPrscpCnt": "10",
            "lssnsTimeInfo": "\uc6d4 10A,10B,11A<br/>\uc6d4 11B,12A,12B<br/>\uc6d4 7A,7B,8A<br/>\uc6d4 8B,9A,9B<br/>\ubaa9 10A,10B,11A<br/>\ubaa9 11B,12A,12B<br/>\ubaa9 7A,7B,8A<br/>\ubaa9 8B,9A,9B",
            "lssnsRealTimeInfo": "\uc6d4 15:00 ~ 16:30<br/>\uc6d4 16:30 ~ 18:00<br/>\uc6d4 18:00 ~ 19:30<br/>\uc6d4 19:30 ~ 21:00<br/>\ubaa9 15:00 ~ 16:30<br/>\ubaa9 16:30 ~ 18:00<br/>\ubaa9 18:00 ~ 19:30<br/>\ubaa9 19:30 ~ 21:00",
            "prctsTime": "12",
            "doPlan": "Kor",
            "thryTime": "0",
            "totalPrfssNm": "\ubb38\ucc3d\uc900",
            "mngetEstblYn": "Y",
            "code": null,
            "crdit": "6",
            "expniSllbsYn": "N",
            "bldngSn": null,
            "bldngCd": null,
            "bldngNm": null,
            "lssnsLcttmUntcd": null,
            "sbjetSctcd2": null,
            "rmnmCd": "504-2",
            "isApi": null,
            "paging": false,
            "rowStatus": "R",
            "pageSort": null
        },
        {
            "rowIndex": 0,
            "success": false,
            "message": null,
            "pageSize": 100,
            "pageNum": 1,
            "lctreMthodNm": "\ub300\uba74",
            "lctrmInfo": "\uacf5\ub30012\ud638\uad00",
            "lctreLnggeSctcd": null,
            "crseNo": "ARCH0325-003",
            "estblUnivNm": "\uacf5\uacfc\ub300\ud559",
            "estblDprtnNm": "\uac74\ucd95\ud559\ubd80 \uac74\ucd95\ud559\uc804\uacf5",
            "estblYear": "2022",
            "estblDprtnCd": "160I02",
            "estblSmstrSctnm": "1\ud559\uae30",
            "estblSmstrSctcd": "CMBS001400001",
            "estblGrade": "2",
            "sbjetSctnm": "\uc804\uacf5",
            "sbjetNm": "\uac74\ucd95\ub514\uc790\uc7781",
            "sbjetDvnno": "003",
            "sbjetCd": "ARCH0325",
            "gubun": null,
            "pckgeRqstPssblYn": "Y",
            "pckgeRqstCnt": "0",
            "name": null,
            "rmrk": null,
            "appcrCnt": "6",
            "attlcPrscpCnt": "10",
            "lssnsTimeInfo": "\uc6d4 10A,10B,11A<br/>\uc6d4 11B,12A,12B<br/>\uc6d4 7A,7B,8A<br/>\uc6d4 8B,9A,9B<br/>\ubaa9 10A,10B,11A<br/>\ubaa9 11B,12A,12B<br/>\ubaa9 7A,7B,8A<br/>\ubaa9 8B,9A,9B",
            "lssnsRealTimeInfo": "\uc6d4 15:00 ~ 16:30<br/>\uc6d4 16:30 ~ 18:00<br/>\uc6d4 18:00 ~ 19:30<br/>\uc6d4 19:30 ~ 21:00<br/>\ubaa9 15:00 ~ 16:30<br/>\ubaa9 16:30 ~ 18:00<br/>\ubaa9 18:00 ~ 19:30<br/>\ubaa9 19:30 ~ 21:00",
            "prctsTime": "12",
            "doPlan": "Kor",
            "thryTime": "0",
            "totalPrfssNm": "\uae08\ucc3d\uc601",
            "mngetEstblYn": "Y",
            "code": null,
            "crdit": "6",
            "expniSllbsYn": "N",
            "bldngSn": null,
            "bldngCd": null,
            "bldngNm": null,
            "lssnsLcttmUntcd": null,
            "sbjetSctcd2": null,
            "rmnmCd": "504-3",
            "isApi": null,
            "paging": false,
            "rowStatus": "R",
            "pageSort": null
        },
        {
            "rowIndex": 0,
            "success": false,
            "message": null,
            "pageSize": 100,
            "pageNum": 1,
            "lctreMthodNm": "\ub300\uba74",
            "lctrmInfo": "\uacf5\ub30012\ud638\uad00",
            "lctreLnggeSctcd": null,
            "crseNo": "ARCH0325-004",
            "estblUnivNm": "\uacf5\uacfc\ub300\ud559",
            "estblDprtnNm": "\uac74\ucd95\ud559\ubd80 \uac74\ucd95\ud559\uc804\uacf5",
            "estblYear": "2022",
            "estblDprtnCd": "160I02",
            "estblSmstrSctnm": "1\ud559\uae30",
            "estblSmstrSctcd": "CMBS001400001",
            "estblGrade": "2",
            "sbjetSctnm": "\uc804\uacf5",
            "sbjetNm": "\uac74\ucd95\ub514\uc790\uc7781",
            "sbjetDvnno": "004",
            "sbjetCd": "ARCH0325",
            "gubun": null,
            "pckgeRqstPssblYn": "Y",
            "pckgeRqstCnt": "12",
            "name": null,
            "rmrk": null,
            "appcrCnt": "8",
            "attlcPrscpCnt": "10",
            "lssnsTimeInfo": "\uc6d4 10A,10B,11A<br/>\uc6d4 11B,12A,12B<br/>\uc6d4 7A,7B,8A<br/>\uc6d4 8B,9A,9B<br/>\ubaa9 10A,10B,11A<br/>\ubaa9 11B,12A,12B<br/>\ubaa9 7A,7B,8A<br/>\ubaa9 8B,9A,9B",
            "lssnsRealTimeInfo": "\uc6d4 15:00 ~ 16:30<br/>\uc6d4 16:30 ~ 18:00<br/>\uc6d4 18:00 ~ 19:30<br/>\uc6d4 19:30 ~ 21:00<br/>\ubaa9 15:00 ~ 16:30<br/>\ubaa9 16:30 ~ 18:00<br/>\ubaa9 18:00 ~ 19:30<br/>\ubaa9 19:30 ~ 21:00",
            "prctsTime": "12",
            "doPlan": "Kor",
            "thryTime": "0",
            "totalPrfssNm": "\uc815\uc0c1\uacbd",
            "mngetEstblYn": "Y",
            "code": null,
            "crdit": "6",
            "expniSllbsYn": "N",
            "bldngSn": null,
            "bldngCd": null,
            "bldngNm": null,
            "lssnsLcttmUntcd": null,
            "sbjetSctcd2": null,
            "rmnmCd": "504-4",
            "isApi": null,
            "paging": false,
            "rowStatus": "R",
            "pageSort": null
        },
        {
            "rowIndex": 0,
            "success": false,
            "message": null,
            "pageSize": 100,
            "pageNum": 1,
            "lctreMthodNm": "\ub300\uba74",
            "lctrmInfo": "\uacf5\ub3002\ud638\uad00",
            "lctreLnggeSctcd": null,
            "crseNo": "ARCH0423-001",
            "estblUnivNm": "\uacf5\uacfc\ub300\ud559",
            "estblDprtnNm": "\uac74\ucd95\ud559\ubd80 \uac74\ucd95\ud559\uc804\uacf5",
            "estblYear": "2022",
            "estblDprtnCd": "160I02",
            "estblSmstrSctnm": "1\ud559\uae30",
            "estblSmstrSctcd": "CMBS001400001",
            "estblGrade": "3",
            "sbjetSctnm": "\uc804\uacf5",
            "sbjetNm": "\uadfc\ub300\uac74\ucd95\uc0ac",
            "sbjetDvnno": "001",
            "sbjetCd": "ARCH0423",
            "gubun": null,
            "pckgeRqstPssblYn": "Y",
            "pckgeRqstCnt": "45",
            "name": null,
            "rmrk": null,
            "appcrCnt": "50",
            "attlcPrscpCnt": "50",
            "lssnsTimeInfo": "\ud654 10A,10B<br/>\ud654 8A,8B<br/>\ud654 9A,9B",
            "lssnsRealTimeInfo": "\ud654 18:00 ~ 19:00<br/>\ud654 16:00 ~ 17:00<br/>\ud654 17:00 ~ 18:00",
            "prctsTime": "0",
            "doPlan": "Kor",
            "thryTime": "3",
            "totalPrfssNm": "\uae40\ud6c8",
            "mngetEstblYn": "Y",
            "code": null,
            "crdit": "3",
            "expniSllbsYn": "N",
            "bldngSn": null,
            "bldngCd": null,
            "bldngNm": null,
            "lssnsLcttmUntcd": null,
            "sbjetSctcd2": null,
            "rmnmCd": "310",
            "isApi": null,
            "paging": false,
            "rowStatus": "R",
            "pageSort": null
        },
        {
            "rowIndex": 0,
            "success": false,
            "message": null,
            "pageSize": 100,
            "pageNum": 1,
            "lctreMthodNm": "\ub300\uba74",
            "lctrmInfo": "\uacf5\ub3002\ud638\uad00",
            "lctreLnggeSctcd": null,
            "crseNo": "ARCH0523-001",
            "estblUnivNm": "\uacf5\uacfc\ub300\ud559",
            "estblDprtnNm": "\uac74\ucd95\ud559\ubd80 \uac74\ucd95\ud559\uc804\uacf5",
            "estblYear": "2022",
            "estblDprtnCd": "160I02",
            "estblSmstrSctnm": "1\ud559\uae30",
            "estblSmstrSctcd": "CMBS001400001",
            "estblGrade": "5",
            "sbjetSctnm": "\uc804\uacf5",
            "sbjetNm": "\uc870\uacbd\uacc4\ud68d\ubc0f\uc124\uacc4",
            "sbjetDvnno": "001",
            "sbjetCd": "ARCH0523",
            "gubun": null,
            "pckgeRqstPssblYn": "Y",
            "pckgeRqstCnt": "9",
            "name": null,
            "rmrk": null,
            "appcrCnt": "10",
            "attlcPrscpCnt": "15",
            "lssnsTimeInfo": "\uae08 5B,6A,6B<br/>\uae08 7A,7B,8A",
            "lssnsRealTimeInfo": "\uae08 13:30 ~ 15:00<br/>\uae08 15:00 ~ 16:30",
            "prctsTime": "0",
            "doPlan": "Kor",
            "thryTime": "3",
            "totalPrfssNm": "\uc774\uc2ac\uae30",
            "mngetEstblYn": "Y",
            "code": null,
            "crdit": "3",
            "expniSllbsYn": "N",
            "bldngSn": null,
            "bldngCd": null,
            "bldngNm": null,
            "lssnsLcttmUntcd": null,
            "sbjetSctcd2": null,
            "rmnmCd": "310",
            "isApi": null,
            "paging": false,
            "rowStatus": "R",
            "pageSort": null
        },
        {
            "rowIndex": 0,
            "success": false,
            "message": null,
            "pageSize": 100,
            "pageNum": 1,
            "lctreMthodNm": "\ub300\uba74",
            "lctrmInfo": "\uacf5\ub3002\ud638\uad00",
            "lctreLnggeSctcd": null,
            "crseNo": "ARCH0551-001",
            "estblUnivNm": "\uacf5\uacfc\ub300\ud559",
            "estblDprtnNm": "\uac74\ucd95\ud559\ubd80 \uac74\ucd95\ud559\uc804\uacf5",
            "estblYear": "2022",
            "estblDprtnCd": "160I02",
            "estblSmstrSctnm": "1\ud559\uae30",
            "estblSmstrSctcd": "CMBS001400001",
            "estblGrade": "3",
            "sbjetSctnm": "\uc804\uacf5",
            "sbjetNm": "\uac74\ucd95\ubc95\uaddc",
            "sbjetDvnno": "001",
            "sbjetCd": "ARCH0551",
            "gubun": null,
            "pckgeRqstPssblYn": "Y",
            "pckgeRqstCnt": "37",
            "name": null,
            "rmrk": null,
            "appcrCnt": "44",
            "attlcPrscpCnt": "50",
            "lssnsTimeInfo": "\uae08 1A,1B,2A<br/>\uae08 2B,3A,3B",
            "lssnsRealTimeInfo": "\uae08 09:00 ~ 10:30<br/>\uae08 10:30 ~ 12:00",
            "prctsTime": "0",
            "doPlan": "Kor",
            "thryTime": "3",
            "totalPrfssNm": "\ubc15\uc601\ud64d",
            "mngetEstblYn": "Y",
            "code": null,
            "crdit": "3",
            "expniSllbsYn": "N",
            "bldngSn": null,
            "bldngCd": null,
            "bldngNm": null,
            "lssnsLcttmUntcd": null,
            "sbjetSctcd2": null,
            "rmnmCd": "326",
            "isApi": null,
            "paging": false,
            "rowStatus": "R",
            "pageSort": null
        },
        {
            "rowIndex": 0,
            "success": false,
            "message": null,
            "pageSize": 100,
            "pageNum": 1,
            "lctreMthodNm": "\ub300\uba74",
            "lctrmInfo": "\uacf5\ub30012\ud638\uad00",
            "lctreLnggeSctcd": null,
            "crseNo": "ARCH0681-002",
            "estblUnivNm": "\uacf5\uacfc\ub300\ud559",
            "estblDprtnNm": "\uac74\ucd95\ud559\ubd80 \uac74\ucd95\ud559\uc804\uacf5",
            "estblYear": "2022",
            "estblDprtnCd": "160I02",
            "estblSmstrSctnm": "1\ud559\uae30",
            "estblSmstrSctcd": "CMBS001400001",
            "estblGrade": "5",
            "sbjetSctnm": "\uc804\uacf5",
            "sbjetNm": "\uac74\ucd95\ub514\uc790\uc7787",
            "sbjetDvnno": "002",
            "sbjetCd": "ARCH0681",
            "gubun": null,
            "pckgeRqstPssblYn": "Y",
            "pckgeRqstCnt": "7",
            "name": null,
            "rmrk": null,
            "appcrCnt": "9",
            "attlcPrscpCnt": "10",
            "lssnsTimeInfo": "\uc6d4 10A,10B,11A<br/>\uc6d4 11B,12A,12B<br/>\uc6d4 7A,7B,8A<br/>\uc6d4 8B,9A,9B<br/>\ubaa9 10A,10B,11A<br/>\ubaa9 11B,12A,12B<br/>\ubaa9 7A,7B,8A<br/>\ubaa9 8B,9A,9B",
            "lssnsRealTimeInfo": "\uc6d4 15:00 ~ 16:30<br/>\uc6d4 16:30 ~ 18:00<br/>\uc6d4 18:00 ~ 19:30<br/>\uc6d4 19:30 ~ 21:00<br/>\ubaa9 15:00 ~ 16:30<br/>\ubaa9 16:30 ~ 18:00<br/>\ubaa9 18:00 ~ 19:30<br/>\ubaa9 19:30 ~ 21:00",
            "prctsTime": "12",
            "doPlan": "Kor",
            "thryTime": "0",
            "totalPrfssNm": "\ubc15\ucc2c\uc775",
            "mngetEstblYn": "Y",
            "code": null,
            "crdit": "6",
            "expniSllbsYn": "N",
            "bldngSn": null,
            "bldngCd": null,
            "bldngNm": null,
            "lssnsLcttmUntcd": null,
            "sbjetSctcd2": null,
            "rmnmCd": "503-2",
            "isApi": null,
            "paging": false,
            "rowStatus": "R",
            "pageSort": null
        },
        {
            "rowIndex": 0,
            "success": false,
            "message": null,
            "pageSize": 100,
            "pageNum": 1,
            "lctreMthodNm": "\ub300\uba74",
            "lctrmInfo": "\uacf5\ub30012\ud638\uad00",
            "lctreLnggeSctcd": null,
            "crseNo": "ARCH0681-003",
            "estblUnivNm": "\uacf5\uacfc\ub300\ud559",
            "estblDprtnNm": "\uac74\ucd95\ud559\ubd80 \uac74\ucd95\ud559\uc804\uacf5",
            "estblYear": "2022",
            "estblDprtnCd": "160I02",
            "estblSmstrSctnm": "1\ud559\uae30",
            "estblSmstrSctcd": "CMBS001400001",
            "estblGrade": "5",
            "sbjetSctnm": "\uc804\uacf5",
            "sbjetNm": "\uac74\ucd95\ub514\uc790\uc7787",
            "sbjetDvnno": "003",
            "sbjetCd": "ARCH0681",
            "gubun": null,
            "pckgeRqstPssblYn": "Y",
            "pckgeRqstCnt": "14",
            "name": null,
            "rmrk": null,
            "appcrCnt": "13",
            "attlcPrscpCnt": "10",
            "lssnsTimeInfo": "\uc6d4 10A,10B,11A<br/>\uc6d4 11B,12A,12B<br/>\uc6d4 7A,7B,8A<br/>\uc6d4 8B,9A,9B<br/>\ubaa9 10A,10B,11A<br/>\ubaa9 11B,12A,12B<br/>\ubaa9 7A,7B,8A<br/>\ubaa9 8B,9A,9B",
            "lssnsRealTimeInfo": "\uc6d4 15:00 ~ 16:30<br/>\uc6d4 16:30 ~ 18:00<br/>\uc6d4 18:00 ~ 19:30<br/>\uc6d4 19:30 ~ 21:00<br/>\ubaa9 15:00 ~ 16:30<br/>\ubaa9 16:30 ~ 18:00<br/>\ubaa9 18:00 ~ 19:30<br/>\ubaa9 19:30 ~ 21:00",
            "prctsTime": "12",
            "doPlan": "Kor",
            "thryTime": "0",
            "totalPrfssNm": "\uc6b0\uc9c0\ud604",
            "mngetEstblYn": "Y",
            "code": null,
            "crdit": "6",
            "expniSllbsYn": "N",
            "bldngSn": null,
            "bldngCd": null,
            "bldngNm": null,
            "lssnsLcttmUntcd": null,
            "sbjetSctcd2": null,
            "rmnmCd": "503-3",
            "isApi": null,
            "paging": false,
            "rowStatus": "R",
            "pageSort": null
        },
        {
            "rowIndex": 0,
            "success": false,
            "message": null,
            "pageSize": 100,
            "pageNum": 1,
            "lctreMthodNm": "\ub300\uba74",
            "lctrmInfo": "\uacf5\ub3002\ud638\uad00",
            "lctreLnggeSctcd": null,
            "crseNo": "ARCH0407-001",
            "estblUnivNm": "\uacf5\uacfc\ub300\ud559",
            "estblDprtnNm": "\uac74\ucd95\ud559\ubd80 \uac74\ucd95\ud559\uc804\uacf5",
            "estblYear": "2022",
            "estblDprtnCd": "160I02",
            "estblSmstrSctnm": "1\ud559\uae30",
            "estblSmstrSctcd": "CMBS001400001",
            "estblGrade": "4",
            "sbjetSctnm": "\uc804\uacf5",
            "sbjetNm": "\uac74\ubb3c\uc2dc\uc2a4\ud15c\uacc4\ud68d1",
            "sbjetDvnno": "001",
            "sbjetCd": "ARCH0407",
            "gubun": null,
            "pckgeRqstPssblYn": "Y",
            "pckgeRqstCnt": "39",
            "name": null,
            "rmrk": "\uac15\uc0ac\ucc44\uc6a9",
            "appcrCnt": "41",
            "attlcPrscpCnt": "50",
            "lssnsTimeInfo": "\uae08 1A,1B,2A<br/>\uae08 2B,3A,3B",
            "lssnsRealTimeInfo": "\uae08 09:00 ~ 10:30<br/>\uae08 10:30 ~ 12:00",
            "prctsTime": "0",
            "doPlan": "Kor",
            "thryTime": "3",
            "totalPrfssNm": "\uc774\ud61c\uacbd",
            "mngetEstblYn": "Y",
            "code": null,
            "crdit": "3",
            "expniSllbsYn": "N",
            "bldngSn": null,
            "bldngCd": null,
            "bldngNm": null,
            "lssnsLcttmUntcd": null,
            "sbjetSctcd2": null,
            "rmnmCd": "102",
            "isApi": null,
            "paging": false,
            "rowStatus": "R",
            "pageSort": null
        },
        {
            "rowIndex": 0,
            "success": false,
            "message": null,
            "pageSize": 100,
            "pageNum": 1,
            "lctreMthodNm": "\ub300\uba74",
            "lctrmInfo": "\uacf5\ub30012\ud638\uad00",
            "lctreLnggeSctcd": null,
            "crseNo": "ARCH0455-002",
            "estblUnivNm": "\uacf5\uacfc\ub300\ud559",
            "estblDprtnNm": "\uac74\ucd95\ud559\ubd80 \uac74\ucd95\ud559\uc804\uacf5",
            "estblYear": "2022",
            "estblDprtnCd": "160I02",
            "estblSmstrSctnm": "1\ud559\uae30",
            "estblSmstrSctcd": "CMBS001400001",
            "estblGrade": "3",
            "sbjetSctnm": "\uc804\uacf5",
            "sbjetNm": "\uac74\ucd95\ub514\uc790\uc7783",
            "sbjetDvnno": "002",
            "sbjetCd": "ARCH0455",
            "gubun": null,
            "pckgeRqstPssblYn": "Y",
            "pckgeRqstCnt": "10",
            "name": null,
            "rmrk": null,
            "appcrCnt": "11",
            "attlcPrscpCnt": "10",
            "lssnsTimeInfo": "\uc6d4 10A,10B,11A<br/>\uc6d4 11B,12A,12B<br/>\uc6d4 7A,7B,8A<br/>\uc6d4 8B,9A,9B<br/>\uc218 10A,10B,11A<br/>\uc218 11B,12A,12B<br/>\uc218 7A,7B,8A<br/>\uc218 8B,9A,9B",
            "lssnsRealTimeInfo": "\uc6d4 15:00 ~ 16:30<br/>\uc6d4 16:30 ~ 18:00<br/>\uc6d4 18:00 ~ 19:30<br/>\uc6d4 19:30 ~ 21:00<br/>\uc218 15:00 ~ 16:30<br/>\uc218 16:30 ~ 18:00<br/>\uc218 18:00 ~ 19:30<br/>\uc218 19:30 ~ 21:00",
            "prctsTime": "12",
            "doPlan": "Kor",
            "thryTime": "0",
            "totalPrfssNm": "\uc724\ucca0\uc7ac",
            "mngetEstblYn": "Y",
            "code": null,
            "crdit": "6",
            "expniSllbsYn": "N",
            "bldngSn": null,
            "bldngCd": null,
            "bldngNm": null,
            "lssnsLcttmUntcd": null,
            "sbjetSctcd2": null,
            "rmnmCd": "508-2",
            "isApi": null,
            "paging": false,
            "rowStatus": "R",
            "pageSort": null
        },
        {
            "rowIndex": 0,
            "success": false,
            "message": null,
            "pageSize": 100,
            "pageNum": 1,
            "lctreMthodNm": "\ub300\uba74",
            "lctrmInfo": "\uacf5\ub3006\ud638\uad00",
            "lctreLnggeSctcd": null,
            "crseNo": "CLTR0211-021",
            "estblUnivNm": "\uacf5\uacfc\ub300\ud559",
            "estblDprtnNm": "\uac74\ucd95\ud559\ubd80 \uac74\ucd95\ud559\uc804\uacf5",
            "estblYear": "2022",
            "estblDprtnCd": "160I02",
            "estblSmstrSctnm": "1\ud559\uae30",
            "estblSmstrSctcd": "CMBS001400001",
            "estblGrade": "1",
            "sbjetSctnm": "\uad50\uc591",
            "sbjetNm": "\uc218\ud559 I",
            "sbjetDvnno": "021",
            "sbjetCd": "CLTR0211",
            "gubun": null,
            "pckgeRqstPssblYn": "N",
            "pckgeRqstCnt": "0",
            "name": null,
            "rmrk": null,
            "appcrCnt": "37",
            "attlcPrscpCnt": "65",
            "lssnsTimeInfo": "\uc6d4 7A,7B,8A<br/>\uae08 7A,7B,8A",
            "lssnsRealTimeInfo": "\uc6d4 15:00 ~ 16:30<br/>\uae08 15:00 ~ 16:30",
            "prctsTime": "0",
            "doPlan": "Kor",
            "thryTime": "3",
            "totalPrfssNm": "\uae40\uba85\uc625",
            "mngetEstblYn": "Y",
            "code": null,
            "crdit": "3",
            "expniSllbsYn": "N",
            "bldngSn": null,
            "bldngCd": null,
            "bldngNm": null,
            "lssnsLcttmUntcd": null,
            "sbjetSctcd2": null,
            "rmnmCd": "102",
            "isApi": null,
            "paging": false,
            "rowStatus": "R",
            "pageSort": null
        },
        {
            "rowIndex": 0,
            "success": false,
            "message": null,
            "pageSize": 100,
            "pageNum": 1,
            "lctreMthodNm": "\ub300\uba74",
            "lctrmInfo": "\uacf5\ub3002\ud638\uad00",
            "lctreLnggeSctcd": null,
            "crseNo": "ARCH0227-001",
            "estblUnivNm": "\uacf5\uacfc\ub300\ud559",
            "estblDprtnNm": "\uac74\ucd95\ud559\ubd80 \uac74\ucd95\ud559\uc804\uacf5",
            "estblYear": "2022",
            "estblDprtnCd": "160I02",
            "estblSmstrSctnm": "1\ud559\uae30",
            "estblSmstrSctcd": "CMBS001400001",
            "estblGrade": "2",
            "sbjetSctnm": "\uc804\uacf5",
            "sbjetNm": "\uac74\ucd95\uacfc \ud14c\ud06c\ub180\ub85c\uc9c0",
            "sbjetDvnno": "001",
            "sbjetCd": "ARCH0227",
            "gubun": null,
            "pckgeRqstPssblYn": "Y",
            "pckgeRqstCnt": "31",
            "name": null,
            "rmrk": null,
            "appcrCnt": "35",
            "attlcPrscpCnt": "40",
            "lssnsTimeInfo": "\ud654 10A,10B<br/>\ud654 8A,8B<br/>\ud654 9A,9B",
            "lssnsRealTimeInfo": "\ud654 18:00 ~ 19:00<br/>\ud654 16:00 ~ 17:00<br/>\ud654 17:00 ~ 18:00",
            "prctsTime": "0",
            "doPlan": "Kor",
            "thryTime": "3",
            "totalPrfssNm": "\ucd94\uc2b9\uc5f0",
            "mngetEstblYn": "Y",
            "code": null,
            "crdit": "3",
            "expniSllbsYn": "N",
            "bldngSn": null,
            "bldngCd": null,
            "bldngNm": null,
            "lssnsLcttmUntcd": null,
            "sbjetSctcd2": null,
            "rmnmCd": "326",
            "isApi": null,
            "paging": false,
            "rowStatus": "R",
            "pageSort": null
        },
        {
            "rowIndex": 0,
            "success": false,
            "message": null,
            "pageSize": 100,
            "pageNum": 1,
            "lctreMthodNm": "\ub300\uba74",
            "lctrmInfo": "\uacf5\ub30012\ud638\uad00",
            "lctreLnggeSctcd": null,
            "crseNo": "ARCH0402-001",
            "estblUnivNm": "\uacf5\uacfc\ub300\ud559",
            "estblDprtnNm": "\uac74\ucd95\ud559\ubd80 \uac74\ucd95\ud559\uc804\uacf5",
            "estblYear": "2022",
            "estblDprtnCd": "160I02",
            "estblSmstrSctnm": "1\ud559\uae30",
            "estblSmstrSctcd": "CMBS001400001",
            "estblGrade": "3",
            "sbjetSctnm": "\uc804\uacf5",
            "sbjetNm": "\uac74\ucd95\uad6c\uc870\ub514\uc790\uc7782",
            "sbjetDvnno": "001",
            "sbjetCd": "ARCH0402",
            "gubun": null,
            "pckgeRqstPssblYn": "Y",
            "pckgeRqstCnt": "43",
            "name": null,
            "rmrk": null,
            "appcrCnt": "51",
            "attlcPrscpCnt": "50",
            "lssnsTimeInfo": "\uae08 5B,6A,6B<br/>\uae08 7A,7B,8A",
            "lssnsRealTimeInfo": "\uae08 13:30 ~ 15:00<br/>\uae08 15:00 ~ 16:30",
            "prctsTime": "0",
            "doPlan": "Kor",
            "thryTime": "3",
            "totalPrfssNm": "\ucc44\uc6d0\ud0c1",
            "mngetEstblYn": "Y",
            "code": null,
            "crdit": "3",
            "expniSllbsYn": "N",
            "bldngSn": null,
            "bldngCd": null,
            "bldngNm": null,
            "lssnsLcttmUntcd": null,
            "sbjetSctcd2": null,
            "rmnmCd": "114",
            "isApi": null,
            "paging": false,
            "rowStatus": "R",
            "pageSort": null
        },
        {
            "rowIndex": 0,
            "success": false,
            "message": null,
            "pageSize": 100,
            "pageNum": 1,
            "lctreMthodNm": "\ub300\uba74",
            "lctrmInfo": "\uacf5\ub3002\ud638\uad00",
            "lctreLnggeSctcd": null,
            "crseNo": "ARCH0453-001",
            "estblUnivNm": "\uacf5\uacfc\ub300\ud559",
            "estblDprtnNm": "\uac74\ucd95\ud559\ubd80 \uac74\ucd95\ud559\uc804\uacf5",
            "estblYear": "2022",
            "estblDprtnCd": "160I02",
            "estblSmstrSctnm": "1\ud559\uae30",
            "estblSmstrSctcd": "CMBS001400001",
            "estblGrade": "3",
            "sbjetSctnm": "\uc804\uacf5",
            "sbjetNm": "\uc8fc\uac70\ub2e8\uc9c0\uacc4\ud68d",
            "sbjetDvnno": "001",
            "sbjetCd": "ARCH0453",
            "gubun": null,
            "pckgeRqstPssblYn": "Y",
            "pckgeRqstCnt": "30",
            "name": null,
            "rmrk": null,
            "appcrCnt": "24",
            "attlcPrscpCnt": "30",
            "lssnsTimeInfo": "\uc6d4 2B,3A,3B<br/>\uc218 2B,3A,3B",
            "lssnsRealTimeInfo": "\uc6d4 10:30 ~ 12:00<br/>\uc218 10:30 ~ 12:00",
            "prctsTime": "0",
            "doPlan": "Kor",
            "thryTime": "3",
            "totalPrfssNm": "\uc724\ucca0\uc7ac",
            "mngetEstblYn": "Y",
            "code": null,
            "crdit": "3",
            "expniSllbsYn": "N",
            "bldngSn": null,
            "bldngCd": null,
            "bldngNm": null,
            "lssnsLcttmUntcd": null,
            "sbjetSctcd2": null,
            "rmnmCd": "310",
            "isApi": null,
            "paging": false,
            "rowStatus": "R",
            "pageSort": null
        },
        {
            "rowIndex": 0,
            "success": false,
            "message": null,
            "pageSize": 100,
            "pageNum": 1,
            "lctreMthodNm": "\ub300\uba74",
            "lctrmInfo": "\uacf5\ub3002\ud638\uad00",
            "lctreLnggeSctcd": null,
            "crseNo": "ARCH0421-001",
            "estblUnivNm": "\uacf5\uacfc\ub300\ud559",
            "estblDprtnNm": "\uac74\ucd95\ud559\ubd80 \uac74\ucd95\ud559\uc804\uacf5",
            "estblYear": "2022",
            "estblDprtnCd": "160I02",
            "estblSmstrSctnm": "1\ud559\uae30",
            "estblSmstrSctcd": "CMBS001400001",
            "estblGrade": "4",
            "sbjetSctnm": "\uc804\uacf5",
            "sbjetNm": "\ud604\ub300\uac74\ucd95\uc0ac",
            "sbjetDvnno": "001",
            "sbjetCd": "ARCH0421",
            "gubun": null,
            "pckgeRqstPssblYn": "Y",
            "pckgeRqstCnt": "14",
            "name": null,
            "rmrk": null,
            "appcrCnt": "10",
            "attlcPrscpCnt": "15",
            "lssnsTimeInfo": "\ud654 5A,5B<br/>\ud654 6A,6B<br/>\ud654 7A,7B",
            "lssnsRealTimeInfo": "\ud654 13:00 ~ 14:00<br/>\ud654 14:00 ~ 15:00<br/>\ud654 15:00 ~ 16:00",
            "prctsTime": "0",
            "doPlan": "Kor",
            "thryTime": "3",
            "totalPrfssNm": "\uae40\ud6c8",
            "mngetEstblYn": "Y",
            "code": null,
            "crdit": "3",
            "expniSllbsYn": "Y",
            "bldngSn": null,
            "bldngCd": null,
            "bldngNm": null,
            "lssnsLcttmUntcd": null,
            "sbjetSctcd2": null,
            "rmnmCd": "326",
            "isApi": null,
            "paging": false,
            "rowStatus": "R",
            "pageSort": null
        },
        {
            "rowIndex": 0,
            "success": false,
            "message": null,
            "pageSize": 100,
            "pageNum": 1,
            "lctreMthodNm": "\ub300\uba74",
            "lctrmInfo": "\uacf5\ub30012\ud638\uad00",
            "lctreLnggeSctcd": null,
            "crseNo": "ARCH0543-003",
            "estblUnivNm": "\uacf5\uacfc\ub300\ud559",
            "estblDprtnNm": "\uac74\ucd95\ud559\ubd80 \uac74\ucd95\ud559\uc804\uacf5",
            "estblYear": "2022",
            "estblDprtnCd": "160I02",
            "estblSmstrSctnm": "1\ud559\uae30",
            "estblSmstrSctcd": "CMBS001400001",
            "estblGrade": "4",
            "sbjetSctnm": "\uc804\uacf5",
            "sbjetNm": "\uac74\ucd95\ub514\uc790\uc7785",
            "sbjetDvnno": "003",
            "sbjetCd": "ARCH0543",
            "gubun": null,
            "pckgeRqstPssblYn": "Y",
            "pckgeRqstCnt": "14",
            "name": null,
            "rmrk": null,
            "appcrCnt": "11",
            "attlcPrscpCnt": "10",
            "lssnsTimeInfo": "\uc6d4 10A,10B,11A<br/>\uc6d4 11B,12A,12B<br/>\uc6d4 7A,7B,8A<br/>\uc6d4 8B,9A,9B<br/>\ubaa9 10A,10B,11A<br/>\ubaa9 11B,12A,12B<br/>\ubaa9 7A,7B,8A<br/>\ubaa9 8B,9A,9B",
            "lssnsRealTimeInfo": "\uc6d4 15:00 ~ 16:30<br/>\uc6d4 16:30 ~ 18:00<br/>\uc6d4 18:00 ~ 19:30<br/>\uc6d4 19:30 ~ 21:00<br/>\ubaa9 15:00 ~ 16:30<br/>\ubaa9 16:30 ~ 18:00<br/>\ubaa9 18:00 ~ 19:30<br/>\ubaa9 19:30 ~ 21:00",
            "prctsTime": "12",
            "doPlan": "Kor",
            "thryTime": "0",
            "totalPrfssNm": "\uc774\uc815\uc12d",
            "mngetEstblYn": "Y",
            "code": null,
            "crdit": "6",
            "expniSllbsYn": "N",
            "bldngSn": null,
            "bldngCd": null,
            "bldngNm": null,
            "lssnsLcttmUntcd": null,
            "sbjetSctcd2": null,
            "rmnmCd": "506-3",
            "isApi": null,
            "paging": false,
            "rowStatus": "R",
            "pageSort": null
        },
        {
            "rowIndex": 0,
            "success": false,
            "message": null,
            "pageSize": 100,
            "pageNum": 1,
            "lctreMthodNm": "\ub300\uba74",
            "lctrmInfo": "\uacf5\ub3006\ud638\uad00",
            "lctreLnggeSctcd": null,
            "crseNo": "CLTR0101-006",
            "estblUnivNm": "\uacf5\uacfc\ub300\ud559",
            "estblDprtnNm": "\uac74\ucd95\ud559\ubd80 \uac74\ucd95\ud559\uc804\uacf5",
            "estblYear": "2022",
            "estblDprtnCd": "160I02",
            "estblSmstrSctnm": "1\ud559\uae30",
            "estblSmstrSctcd": "CMBS001400001",
            "estblGrade": "1",
            "sbjetSctnm": "\uad50\uc591",
            "sbjetNm": "\uc778\uac04\uacfc\uc790\uc5f0",
            "sbjetDvnno": "006",
            "sbjetCd": "CLTR0101",
            "gubun": null,
            "pckgeRqstPssblYn": "N",
            "pckgeRqstCnt": "0",
            "name": null,
            "rmrk": null,
            "appcrCnt": "66",
            "attlcPrscpCnt": "70",
            "lssnsTimeInfo": "\ud654 5B,6A,6B<br/>\ubaa9 5B,6A,6B",
            "lssnsRealTimeInfo": "\ud654 13:30 ~ 15:00<br/>\ubaa9 13:30 ~ 15:00",
            "prctsTime": "0",
            "doPlan": "Kor",
            "thryTime": "3",
            "totalPrfssNm": "\ucd5c\uc7ac\uc6b0",
            "mngetEstblYn": "Y",
            "code": null,
            "crdit": "3",
            "expniSllbsYn": "N",
            "bldngSn": null,
            "bldngCd": null,
            "bldngNm": null,
            "lssnsLcttmUntcd": null,
            "sbjetSctcd2": null,
            "rmnmCd": "102",
            "isApi": null,
            "paging": false,
            "rowStatus": "R",
            "pageSort": null
        },
        {
            "rowIndex": 0,
            "success": false,
            "message": null,
            "pageSize": 100,
            "pageNum": 1,
            "lctreMthodNm": "\ub300\uba74",
            "lctrmInfo": "\uacf5\ub3002\ud638\uad00",
            "lctreLnggeSctcd": null,
            "crseNo": "ARCH0226-001",
            "estblUnivNm": "\uacf5\uacfc\ub300\ud559",
            "estblDprtnNm": "\uac74\ucd95\ud559\ubd80 \uac74\ucd95\ud559\uc804\uacf5",
            "estblYear": "2022",
            "estblDprtnCd": "160I02",
            "estblSmstrSctnm": "1\ud559\uae30",
            "estblSmstrSctcd": "CMBS001400001",
            "estblGrade": "1",
            "sbjetSctnm": "\uc804\uacf5",
            "sbjetNm": "\uac74\ucd95\ubb38\ud654\uc640 \uacf5\uac04",
            "sbjetDvnno": "001",
            "sbjetCd": "ARCH0226",
            "gubun": null,
            "pckgeRqstPssblYn": "N",
            "pckgeRqstCnt": "0",
            "name": null,
            "rmrk": null,
            "appcrCnt": "53",
            "attlcPrscpCnt": "60",
            "lssnsTimeInfo": "\ud654 2B,3A,3B<br/>\ubaa9 2B,3A,3B",
            "lssnsRealTimeInfo": "\ud654 10:30 ~ 12:00<br/>\ubaa9 10:30 ~ 12:00",
            "prctsTime": "0",
            "doPlan": "Kor",
            "thryTime": "3",
            "totalPrfssNm": "\uc815\ud615\ubd09",
            "mngetEstblYn": "Y",
            "code": null,
            "crdit": "3",
            "expniSllbsYn": "N",
            "bldngSn": null,
            "bldngCd": null,
            "bldngNm": null,
            "lssnsLcttmUntcd": null,
            "sbjetSctcd2": null,
            "rmnmCd": "310",
            "isApi": null,
            "paging": false,
            "rowStatus": "R",
            "pageSort": null
        },
        {
            "rowIndex": 0,
            "success": false,
            "message": null,
            "pageSize": 100,
            "pageNum": 1,
            "lctreMthodNm": "\ub300\uba74",
            "lctrmInfo": "\uacf5\ub3002A\ud638\uad00",
            "lctreLnggeSctcd": null,
            "crseNo": "ARCH0267-001",
            "estblUnivNm": "\uacf5\uacfc\ub300\ud559",
            "estblDprtnNm": "\uac74\ucd95\ud559\ubd80 \uac74\ucd95\ud559\uc804\uacf5",
            "estblYear": "2022",
            "estblDprtnCd": "160I02",
            "estblSmstrSctnm": "1\ud559\uae30",
            "estblSmstrSctcd": "CMBS001400001",
            "estblGrade": "1",
            "sbjetSctnm": "\uc804\uacf5",
            "sbjetNm": "\uac74\ucd95\ud45c\ud604\ubc0f\uc81c\ub3c4",
            "sbjetDvnno": "001",
            "sbjetCd": "ARCH0267",
            "gubun": null,
            "pckgeRqstPssblYn": "N",
            "pckgeRqstCnt": "0",
            "name": null,
            "rmrk": null,
            "appcrCnt": "14",
            "attlcPrscpCnt": "10",
            "lssnsTimeInfo": "\uc6d4 1A,1B,2A<br/>\uc6d4 2B,3A,3B<br/>\uc218 1A,1B,2A<br/>\uc218 2B,3A,3B",
            "lssnsRealTimeInfo": "\uc6d4 09:00 ~ 10:30<br/>\uc6d4 10:30 ~ 12:00<br/>\uc218 09:00 ~ 10:30<br/>\uc218 10:30 ~ 12:00",
            "prctsTime": "6",
            "doPlan": "Kor",
            "thryTime": "0",
            "totalPrfssNm": "\ucd94\uc2b9\uc5f0",
            "mngetEstblYn": "Y",
            "code": null,
            "crdit": "3",
            "expniSllbsYn": "Y",
            "bldngSn": null,
            "bldngCd": null,
            "bldngNm": null,
            "lssnsLcttmUntcd": null,
            "sbjetSctcd2": null,
            "rmnmCd": "203",
            "isApi": null,
            "paging": false,
            "rowStatus": "R",
            "pageSort": null
        },
        {
            "rowIndex": 0,
            "success": false,
            "message": null,
            "pageSize": 100,
            "pageNum": 1,
            "lctreMthodNm": "\ub300\uba74",
            "lctrmInfo": "\uacf5\ub3002\ud638\uad00",
            "lctreLnggeSctcd": null,
            "crseNo": "ARCH0342-001",
            "estblUnivNm": "\uacf5\uacfc\ub300\ud559",
            "estblDprtnNm": "\uac74\ucd95\ud559\ubd80 \uac74\ucd95\ud559\uc804\uacf5",
            "estblYear": "2022",
            "estblDprtnCd": "160I02",
            "estblSmstrSctnm": "1\ud559\uae30",
            "estblSmstrSctcd": "CMBS001400001",
            "estblGrade": "2",
            "sbjetSctnm": "\uc804\uacf5",
            "sbjetNm": "\uac74\ucd95\uacc4\ud68d",
            "sbjetDvnno": "001",
            "sbjetCd": "ARCH0342",
            "gubun": null,
            "pckgeRqstPssblYn": "Y",
            "pckgeRqstCnt": "28",
            "name": null,
            "rmrk": null,
            "appcrCnt": "31",
            "attlcPrscpCnt": "45",
            "lssnsTimeInfo": "\ud654 2A,2B<br/>\ud654 3A,3B<br/>\ud654 4A,4B",
            "lssnsRealTimeInfo": "\ud654 10:00 ~ 11:00<br/>\ud654 11:00 ~ 12:00<br/>\ud654 12:00 ~ 13:00",
            "prctsTime": "0",
            "doPlan": "Kor",
            "thryTime": "3",
            "totalPrfssNm": "\uc774\uadfc\ud0dd",
            "mngetEstblYn": "Y",
            "code": null,
            "crdit": "3",
            "expniSllbsYn": "Y",
            "bldngSn": null,
            "bldngCd": null,
            "bldngNm": null,
            "lssnsLcttmUntcd": null,
            "sbjetSctcd2": null,
            "rmnmCd": "326",
            "isApi": null,
            "paging": false,
            "rowStatus": "R",
            "pageSort": null
        },
        {
            "rowIndex": 0,
            "success": false,
            "message": null,
            "pageSize": 100,
            "pageNum": 1,
            "lctreMthodNm": "\ub300\uba74",
            "lctrmInfo": "\uacf5\ub30012\ud638\uad00",
            "lctreLnggeSctcd": null,
            "crseNo": "ARCH0543-004",
            "estblUnivNm": "\uacf5\uacfc\ub300\ud559",
            "estblDprtnNm": "\uac74\ucd95\ud559\ubd80 \uac74\ucd95\ud559\uc804\uacf5",
            "estblYear": "2022",
            "estblDprtnCd": "160I02",
            "estblSmstrSctnm": "1\ud559\uae30",
            "estblSmstrSctcd": "CMBS001400001",
            "estblGrade": "4",
            "sbjetSctnm": "\uc804\uacf5",
            "sbjetNm": "\uac74\ucd95\ub514\uc790\uc7785",
            "sbjetDvnno": "004",
            "sbjetCd": "ARCH0543",
            "gubun": null,
            "pckgeRqstPssblYn": "Y",
            "pckgeRqstCnt": "6",
            "name": null,
            "rmrk": null,
            "appcrCnt": "9",
            "attlcPrscpCnt": "10",
            "lssnsTimeInfo": "\uc6d4 10A,10B,11A<br/>\uc6d4 11B,12A,12B<br/>\uc6d4 7A,7B,8A<br/>\uc6d4 8B,9A,9B<br/>\ubaa9 10A,10B,11A<br/>\ubaa9 11B,12A,12B<br/>\ubaa9 7A,7B,8A<br/>\ubaa9 8B,9A,9B",
            "lssnsRealTimeInfo": "\uc6d4 15:00 ~ 16:30<br/>\uc6d4 16:30 ~ 18:00<br/>\uc6d4 18:00 ~ 19:30<br/>\uc6d4 19:30 ~ 21:00<br/>\ubaa9 15:00 ~ 16:30<br/>\ubaa9 16:30 ~ 18:00<br/>\ubaa9 18:00 ~ 19:30<br/>\ubaa9 19:30 ~ 21:00",
            "prctsTime": "12",
            "doPlan": "Kor",
            "thryTime": "0",
            "totalPrfssNm": "\uc774\uc724\uc9c0",
            "mngetEstblYn": "Y",
            "code": null,
            "crdit": "6",
            "expniSllbsYn": "N",
            "bldngSn": null,
            "bldngCd": null,
            "bldngNm": null,
            "lssnsLcttmUntcd": null,
            "sbjetSctcd2": null,
            "rmnmCd": "506-4",
            "isApi": null,
            "paging": false,
            "rowStatus": "R",
            "pageSort": null
        },
        {
            "rowIndex": 0,
            "success": false,
            "message": null,
            "pageSize": 100,
            "pageNum": 1,
            "lctreMthodNm": "\ub300\uba74",
            "lctrmInfo": "\uacf5\ub30012\ud638\uad00",
            "lctreLnggeSctcd": null,
            "crseNo": "ARCH0681-001",
            "estblUnivNm": "\uacf5\uacfc\ub300\ud559",
            "estblDprtnNm": "\uac74\ucd95\ud559\ubd80 \uac74\ucd95\ud559\uc804\uacf5",
            "estblYear": "2022",
            "estblDprtnCd": "160I02",
            "estblSmstrSctnm": "1\ud559\uae30",
            "estblSmstrSctcd": "CMBS001400001",
            "estblGrade": "5",
            "sbjetSctnm": "\uc804\uacf5",
            "sbjetNm": "\uac74\ucd95\ub514\uc790\uc7787",
            "sbjetDvnno": "001",
            "sbjetCd": "ARCH0681",
            "gubun": null,
            "pckgeRqstPssblYn": "Y",
            "pckgeRqstCnt": "13",
            "name": null,
            "rmrk": null,
            "appcrCnt": "12",
            "attlcPrscpCnt": "10",
            "lssnsTimeInfo": "\uc6d4 10A,10B,11A<br/>\uc6d4 11B,12A,12B<br/>\uc6d4 7A,7B,8A<br/>\uc6d4 8B,9A,9B<br/>\ubaa9 10A,10B,11A<br/>\ubaa9 11B,12A,12B<br/>\ubaa9 7A,7B,8A<br/>\ubaa9 8B,9A,9B",
            "lssnsRealTimeInfo": "\uc6d4 15:00 ~ 16:30<br/>\uc6d4 16:30 ~ 18:00<br/>\uc6d4 18:00 ~ 19:30<br/>\uc6d4 19:30 ~ 21:00<br/>\ubaa9 15:00 ~ 16:30<br/>\ubaa9 16:30 ~ 18:00<br/>\ubaa9 18:00 ~ 19:30<br/>\ubaa9 19:30 ~ 21:00",
            "prctsTime": "12",
            "doPlan": "Kor",
            "thryTime": "0",
            "totalPrfssNm": "\uae40\ud6c8",
            "mngetEstblYn": "Y",
            "code": null,
            "crdit": "6",
            "expniSllbsYn": "N",
            "bldngSn": null,
            "bldngCd": null,
            "bldngNm": null,
            "lssnsLcttmUntcd": null,
            "sbjetSctcd2": null,
            "rmnmCd": "503-1",
            "isApi": null,
            "paging": false,
            "rowStatus": "R",
            "pageSort": null
        }
    ],
    "statusCode": 200
}