{
    "timestamp": "2022-04-28T23:14:24.385",
    "success": true,
    "code": null,
    "msg": null,
    "data": [
        {
            "rowIndex": 0,
            "success": false,
            "message": null,
            "pageSize": 100,
            "pageNum": 1,
            "lctreMthodNm": "\ub300\uba74",
            "lctrmInfo": "\uacf5\ub3006\ud638\uad00",
            "lctreLnggeSctcd": null,
            "crseNo": "MECH0521-001",
            "estblUnivNm": "\uacf5\uacfc\ub300\ud559",
            "estblDprtnNm": "\uae30\uacc4\uacf5\ud559\ubd80 \uae30\uacc4\uacf5\ud559\uc804\uacf5",
            "estblYear": "2022",
            "estblDprtnCd": "160101",
            "estblSmstrSctnm": "1\ud559\uae30",
            "estblSmstrSctcd": "CMBS001400001",
            "estblGrade": "4",
            "sbjetSctnm": "\uacf5\ud559\uc804\uacf5",
            "sbjetNm": "\ub0b4\uc5f0\uae30\uad00",
            "sbjetDvnno": "001",
            "sbjetCd": "MECH0521",
            "gubun": null,
            "pckgeRqstPssblYn": "Y",
            "pckgeRqstCnt": "8",
            "name": null,
            "rmrk": null,
            "appcrCnt": "7",
            "attlcPrscpCnt": "50",
            "lssnsTimeInfo": "\ud654 7A,7B,8A<br/>\ubaa9 7A,7B,8A",
            "lssnsRealTimeInfo": "\ud654 15:00 ~ 16:30<br/>\ubaa9 15:00 ~ 16:30",
            "prctsTime": "0",
            "doPlan": "Kor",
            "thryTime": "3",
            "totalPrfssNm": "\ud64d\uc815\uad6c",
            "mngetEstblYn": "Y",
            "code": null,
            "crdit": "3",
            "expniSllbsYn": "Y",
            "bldngSn": null,
            "bldngCd": null,
            "bldngNm": null,
            "lssnsLcttmUntcd": null,
            "sbjetSctcd2": null,
            "rmnmCd": "314",
            "isApi": null,
            "paging": false,
            "rowStatus": "R",
            "pageSort": null
        },
        {
            "rowIndex": 0,
            "success": false,
            "message": null,
            "pageSize": 100,
            "pageNum": 1,
            "lctreMthodNm": "\ube44\ub300\uba74",
            "lctrmInfo": "\uacf5\ub3003\ud638\uad00",
            "lctreLnggeSctcd": null,
            "crseNo": "MECH0542-001",
            "estblUnivNm": "\uacf5\uacfc\ub300\ud559",
            "estblDprtnNm": "\uae30\uacc4\uacf5\ud559\ubd80 \uae30\uacc4\uacf5\ud559\uc804\uacf5",
            "estblYear": "2022",
            "estblDprtnCd": "160101",
            "estblSmstrSctnm": "1\ud559\uae30",
            "estblSmstrSctcd": "CMBS001400001",
            "estblGrade": "4",
            "sbjetSctnm": "\uacf5\ud559\uc804\uacf5",
            "sbjetNm": "\uc878\uc5c5\uacfc\uc81c 1",
            "sbjetDvnno": "001",
            "sbjetCd": "MECH0542",
            "gubun": null,
            "pckgeRqstPssblYn": "Y",
            "pckgeRqstCnt": "110",
            "name": null,
            "rmrk": null,
            "appcrCnt": "113",
            "attlcPrscpCnt": "150",
            "lssnsTimeInfo": "\uc6d4 1A,1B<br/>\uc6d4 2A,2B<br/>\uc6d4 3A,3B<br/>\uc6d4 4A,4B",
            "lssnsRealTimeInfo": "\uc6d4 09:00 ~ 10:00<br/>\uc6d4 10:00 ~ 11:00<br/>\uc6d4 11:00 ~ 12:00<br/>\uc6d4 12:00 ~ 13:00",
            "prctsTime": "2",
            "doPlan": "Kor",
            "thryTime": "2",
            "totalPrfssNm": "\ud64d\uc815\uad6c",
            "mngetEstblYn": "Y",
            "code": null,
            "crdit": "3",
            "expniSllbsYn": "Y",
            "bldngSn": null,
            "bldngCd": null,
            "bldngNm": null,
            "lssnsLcttmUntcd": null,
            "sbjetSctcd2": null,
            "rmnmCd": "504",
            "isApi": null,
            "paging": false,
            "rowStatus": "R",
            "pageSort": null
        },
        {
            "rowIndex": 0,
            "success": false,
            "message": null,
            "pageSize": 100,
            "pageNum": 1,
            "lctreMthodNm": "\ub300\uba74",
            "lctrmInfo": "\uacf5\ub30012\ud638\uad00",
            "lctreLnggeSctcd": null,
            "crseNo": "MECH0427-001",
            "estblUnivNm": "\uacf5\uacfc\ub300\ud559",
            "estblDprtnNm": "\uae30\uacc4\uacf5\ud559\ubd80 \uae30\uacc4\uacf5\ud559\uc804\uacf5",
            "estblYear": "2022",
            "estblDprtnCd": "160101",
            "estblSmstrSctnm": "1\ud559\uae30",
            "estblSmstrSctcd": "CMBS001400001",
            "estblGrade": "4",
            "sbjetSctnm": "\uacf5\ud559\uc804\uacf5",
            "sbjetNm": "\uc804\uc0b0\uc5f4\uc720\uccb4\uacf5\ud559",
            "sbjetDvnno": "001",
            "sbjetCd": "MECH0427",
            "gubun": null,
            "pckgeRqstPssblYn": "Y",
            "pckgeRqstCnt": "38",
            "name": null,
            "rmrk": null,
            "appcrCnt": "37",
            "attlcPrscpCnt": "50",
            "lssnsTimeInfo": "\uc218 1A,1B<br/>\uc218 2A,2B<br/>\uc218 3A,3B",
            "lssnsRealTimeInfo": "\uc218 09:00 ~ 10:00<br/>\uc218 10:00 ~ 11:00<br/>\uc218 11:00 ~ 12:00",
            "prctsTime": "0",
            "doPlan": "Kor",
            "thryTime": "3",
            "totalPrfssNm": "\ubc15\uc77c\uc11d",
            "mngetEstblYn": "Y",
            "code": null,
            "crdit": "3",
            "expniSllbsYn": "Y",
            "bldngSn": null,
            "bldngCd": null,
            "bldngNm": null,
            "lssnsLcttmUntcd": null,
            "sbjetSctcd2": null,
            "rmnmCd": "413",
            "isApi": null,
            "paging": false,
            "rowStatus": "R",
            "pageSort": null
        },
        {
            "rowIndex": 0,
            "success": false,
            "message": null,
            "pageSize": 100,
            "pageNum": 1,
            "lctreMthodNm": "\ub300\uba74",
            "lctrmInfo": "KNU\uae00\ub85c\ubc8c\ud504\ub77c\uc790",
            "lctreLnggeSctcd": null,
            "crseNo": "MECH0542-002",
            "estblUnivNm": "\uacf5\uacfc\ub300\ud559",
            "estblDprtnNm": "\uae30\uacc4\uacf5\ud559\ubd80 \uae30\uacc4\uacf5\ud559\uc804\uacf5",
            "estblYear": "2022",
            "estblDprtnCd": "160101",
            "estblSmstrSctnm": "1\ud559\uae30",
            "estblSmstrSctcd": "CMBS001400001",
            "estblGrade": "4",
            "sbjetSctnm": "\uacf5\ud559\uc804\uacf5",
            "sbjetNm": "\uc878\uc5c5\uacfc\uc81c 1",
            "sbjetDvnno": "002",
            "sbjetCd": "MECH0542",
            "gubun": null,
            "pckgeRqstPssblYn": "Y",
            "pckgeRqstCnt": "27",
            "name": null,
            "rmrk": "HuStar\ub85c\ubd07\ud2b8\ub799\uad50\uacfc\ubaa9",
            "appcrCnt": "27",
            "attlcPrscpCnt": "100",
            "lssnsTimeInfo": "\uae08 10A,10B<br/>\uae08 11A,11B<br/>\uae08 8A,8B<br/>\uae08 9A,9B",
            "lssnsRealTimeInfo": "\uae08 18:00 ~ 19:00<br/>\uae08 19:00 ~ 20:00<br/>\uae08 16:00 ~ 17:00<br/>\uae08 17:00 ~ 18:00",
            "prctsTime": "2",
            "doPlan": "Kor",
            "thryTime": "2",
            "totalPrfssNm": "\uc870\ub300\uc131",
            "mngetEstblYn": "Y",
            "code": null,
            "crdit": "3",
            "expniSllbsYn": "Y",
            "bldngSn": null,
            "bldngCd": null,
            "bldngNm": null,
            "lssnsLcttmUntcd": null,
            "sbjetSctcd2": null,
            "rmnmCd": "608",
            "isApi": null,
            "paging": false,
            "rowStatus": "R",
            "pageSort": null
        }
    ],
    "statusCode": 200
}